{"t2m": [17.272491455078125, 17.23443603515625, 15.907073974609375, 15.27496337890625, 20.965850830078125, 23.31939697265625, 24.822906494140625, 23.41558837890625, 19.01568603515625, 16.2762451171875, 14.502288818359375, 15.47003173828125, 21.370849609375, 24.833526611328125, 25.71685791015625, 23.0728759765625, 19.319671630859375, 17.78179931640625, 16.534759521484375, 13.762847900390625, 21.054473876953125, 24.468414306640625, 24.767120361328125, 20.546356201171875], "wnd": [14.870587348937988, 10.767196655273438, 17.224742889404297, 21.053369522094727, 7.9623188972473145, 10.928741455078125, 9.71769905090332, 10.167523384094238, 12.62913703918457, 5.930768013000488, 11.764337539672852, 17.289669036865234, 17.697017669677734, 6.065779685974121, 11.8931303024292, 7.390810012817383, 7.554221153259277, 6.391900539398193, 3.2974374294281006, 10.700940132141113, 13.17700481414795, 6.482846260070801, 13.273862838745117, 6.7524824142456055], "dir": [356.973876953125, 352.6156005859375, 4.2849273681640625, 4.792144775390625, 358.63079833984375, 190.12893676757812, 182.94705200195312, 197.62918090820312, 285.9529724121094, 300.133056640625, 16.278610229492188, 6.5330963134765625, 23.22223663330078, 117.57707214355469, 184.19651794433594, 171.1385498046875, 306.3160095214844, 155.65545654296875, 87.8747787475586, 344.4600830078125, 34.47026443481445, 160.34384155273438, 206.42898559570312, 24.60467529296875], "psl": [816.1935424804688, 816.9483032226562, 815.6259155273438, 815.514892578125, 816.7254638671875, 816.4124755859375, 814.4042358398438, 814.4364013671875, 816.7704467773438, 817.1133422851562, 816.2962646484375, 816.4888916015625, 817.56396484375, 816.7787475585938, 814.7823486328125, 814.9201049804688, 816.5591430664062, 817.8358764648438, 816.9332275390625, 816.7423706054688, 817.6900634765625, 816.82666015625, 814.8989868164062, 815.8016357421875], "pre": [2.7395875453948975, 0.8764753937721252, 0.0, 0.0, 0.0, 0.0, 0.0, 0.0, 0.1812422275543213, 0.0, 0.0, 0.0, 0.0, 0.0, 0.0, 0.0, 0.0, 0.03397822380065918, 0.08247613906860352, 0.0, 0.0, 0.0, 0.0, 0.14493489265441895], "sw": [0.0, 0.0, 0.0, 0.0, 595.1500854492188, 1050.53515625, 858.5438232421875, 158.46044921875, 0.0, 0.0, 0.0, 0.0, 596.9712524414062, 1053.7960205078125, 854.392822265625, 9.999999717180685e-10, 0.0, 0.0, 0.0, 0.0, 595.9118041992188, 1050.69775390625, 847.788818359375, 15.175796508789062], "rh": [87.48788452148438, 78.13211822509766, 73.0279769897461, 64.777587890625, 49.837772369384766, 47.11241912841797, 43.181331634521484, 52.80876922607422, 68.56710052490234, 73.84668731689453, 68.85426330566406, 54.36104965209961, 42.478912353515625, 32.085105895996094, 35.89540100097656, 43.00385665893555, 60.920684814453125, 67.51094818115234, 74.12224578857422, 64.98136901855469, 43.814964294433594, 36.12168884277344, 41.356449127197266, 63.6683349609375]}