{"t2m": [15.193511962890625, 13.290313720703125, 11.74298095703125, 11.0433349609375, 17.77349853515625, 22.108367919921875, 24.23486328125, 19.71429443359375, 15.974884033203125, 14.359527587890625, 11.763214111328125, 10.941864013671875, 17.93524169921875, 22.186859130859375, 24.170928955078125, 21.304443359375, 16.07611083984375, 15.05865478515625, 12.981781005859375, 11.3775634765625, 17.865264892578125, 22.102447509765625, 22.605499267578125, 18.22076416015625], "wnd": [8.153254508972168, 10.255125045776367, 11.806724548339844, 17.247304916381836, 12.833574295043945, 2.353869915008545, 13.405346870422363, 13.126753807067871, 14.275713920593262, 10.779719352722168, 13.569643020629883, 14.541616439819336, 13.330427169799805, 3.50353741645813, 12.633148193359375, 12.208427429199219, 20.165315628051758, 16.93528938293457, 12.70594310760498, 16.665088653564453, 11.702594757080078, 5.21696138381958, 16.554441452026367, 5.197479724884033], "dir": [313.7509460449219, 308.63311767578125, 319.95416259765625, 330.53106689453125, 345.71368408203125, 309.933349609375, 188.56512451171875, 348.0094299316406, 289.9713134765625, 273.51983642578125, 344.2505798339844, 344.3411560058594, 351.73992919921875, 3.1872406005859375, 190.64210510253906, 144.12518310546875, 320.1756591796875, 319.706787109375, 317.44097900390625, 335.8035888671875, 358.6451416015625, 358.25103759765625, 215.90744018554688, 266.52410888671875], "psl": [787.744384765625, 788.3687744140625, 787.1539306640625, 787.3076782226562, 788.3092041015625, 787.878662109375, 785.8160400390625, 786.6339111328125, 788.0328979492188, 788.4871826171875, 787.8138427734375, 788.1905517578125, 789.2156982421875, 788.4827880859375, 786.44580078125, 786.8036499023438, 788.2320556640625, 789.0079956054688, 788.180419921875, 788.2431030273438, 789.2066650390625, 788.362060546875, 786.3401489257812, 787.4195556640625], "pre": [5.5518598556518555, 0.2357015609741211, 0.0, 0.0, 0.0, 0.0, 0.0, 0.2073453664779663, 0.0, 0.0, 0.0, 0.0, 0.0, 0.0, 0.0, 0.0, 0.0, 0.0, 0.0, 0.0, 0.0, 0.0, 0.0, 1.8260821104049683], "sw": [0.0, 0.0, 0.0, 0.0, 618.1372680664062, 1073.0225830078125, 864.8345947265625, 4.346538066864014, 0.0, 0.0, 0.0, 0.0, 610.96875, 1066.0323486328125, 838.4150390625, 9.999999717180685e-10, 0.0, 0.0, 0.0, 0.0, 611.7490234375, 1064.8870849609375, 154.35403442382812, 3.4066884517669678], "rh": [94.86131286621094, 92.80282592773438, 88.41830444335938, 83.91242980957031, 55.651180267333984, 35.61909866333008, 33.148441314697266, 57.189083099365234, 74.9758071899414, 76.71641540527344, 76.80404663085938, 77.82455444335938, 51.54829025268555, 36.09914016723633, 31.66900634765625, 43.9627799987793, 74.06694793701172, 69.46649932861328, 69.6181869506836, 72.54145050048828, 52.498931884765625, 38.451499938964844, 40.22423553466797, 68.81265258789062]}