{"t2m": [16.259185791015625, 15.70477294921875, 14.520294189453125, 13.730987548828125, 18.074859619140625, 22.257171630859375, 23.925140380859375, 21.65216064453125, 18.628173828125, 17.14227294921875, 15.69158935546875, 14.784637451171875, 18.04364013671875, 22.213531494140625, 23.932586669921875, 20.585418701171875, 19.349578857421875, 17.31591796875, 15.7862548828125, 14.89727783203125, 17.75390625, 22.1241455078125, 23.353424072265625, 19.2156982421875], "wnd": [4.573601722717285, 5.605792999267578, 5.9963274002075195, 7.6470866203308105, 4.830436706542969, 5.333502292633057, 13.45676326751709, 18.1961669921875, 3.384445905685425, 7.0590500831604, 1.6902873516082764, 8.483670234680176, 3.419217824935913, 5.612990379333496, 12.328665733337402, 13.853397369384766, 5.192218780517578, 4.510091781616211, 3.9303975105285645, 1.495471715927124, 2.8135406970977783, 5.366959095001221, 11.49464225769043, 10.417725563049316], "dir": [336.834228515625, 248.98406982421875, 338.5340270996094, 335.08935546875, 323.0467834472656, 178.57781982421875, 173.72608947753906, 119.26660919189453, 46.36640930175781, 290.918212890625, 221.5139617919922, 332.9483642578125, 308.17626953125, 175.50808715820312, 174.0483856201172, 111.66661071777344, 266.00531005859375, 240.81248474121094, 243.37599182128906, 31.929668426513672, 291.16790771484375, 171.93894958496094, 162.25277709960938, 122.36344146728516], "psl": [786.3551025390625, 787.0716552734375, 785.7611694335938, 785.8345336914062, 786.944580078125, 786.5752563476562, 784.6677856445312, 785.3466186523438, 786.48046875, 787.1931762695312, 786.3453979492188, 786.7445068359375, 787.8557739257812, 787.185302734375, 785.2215576171875, 785.6185913085938, 786.8689575195312, 787.6925048828125, 786.883544921875, 786.8368530273438, 787.8577880859375, 787.0928955078125, 785.0427856445312, 786.04443359375], "pre": [5.530141830444336, 0.0038890838623046875, 0.0, 0.0, 0.0, 0.0, 0.0, 0.0, 0.0, 0.0, 0.0, 0.0, 0.0, 0.0, 0.0, 0.0, 0.0, 0.0, 0.0, 0.0, 0.0, 0.0, 0.0, 0.971083402633667], "sw": [0.0, 0.0, 0.0, 0.0, 615.404296875, 1068.399169921875, 876.3450927734375, 166.0659942626953, 0.0, 0.0, 0.0, 0.0, 605.7764282226562, 1063.5062255859375, 867.1493530273438, 56.661521911621094, 0.0, 0.0, 0.0, 0.0, 598.81396484375, 1061.5499267578125, 348.5757751464844, 31.8759765625], "rh": [83.23342895507812, 82.59556579589844, 78.94039916992188, 68.08940887451172, 44.705570220947266, 33.70323944091797, 31.69148826599121, 43.833072662353516, 56.60676956176758, 61.82518005371094, 65.2507553100586, 58.42042541503906, 43.62788391113281, 32.870479583740234, 31.289857864379883, 54.7381706237793, 54.08892059326172, 53.67558670043945, 59.17255783081055, 58.71969985961914, 45.231353759765625, 33.16481399536133, 34.75188446044922, 59.207733154296875]}