{"t2m": [15.981170654296875, 15.247406005859375, 14.2999267578125, 13.12255859375, 18.01275634765625, 22.52294921875, 24.573089599609375, 22.352630615234375, 18.688934326171875, 17.256439208984375, 15.755828857421875, 14.150177001953125, 17.98260498046875, 22.545928955078125, 24.395111083984375, 21.471282958984375, 18.779388427734375, 17.0303955078125, 15.4674072265625, 14.54132080078125, 17.702728271484375, 22.425323486328125, 23.468231201171875, 19.959320068359375], "wnd": [4.47175407409668, 7.507829189300537, 6.871481895446777, 9.304086685180664, 6.285003662109375, 4.094008922576904, 13.830402374267578, 18.329872131347656, 12.585726737976074, 6.532812595367432, 2.945258140563965, 11.129647254943848, 7.455621719360352, 3.157576560974121, 11.70547866821289, 13.625673294067383, 10.689831733703613, 7.781243324279785, 5.782747268676758, 6.406107425689697, 4.029360771179199, 2.649709939956665, 8.00611686706543, 10.441882133483887], "dir": [339.250244140625, 312.3872985839844, 335.894287109375, 334.23773193359375, 329.8183898925781, 205.14419555664062, 159.77149963378906, 127.44481658935547, 280.3861083984375, 272.7364196777344, 304.695556640625, 342.00250244140625, 339.05426025390625, 182.83203125, 162.94497680664062, 133.46673583984375, 304.2911376953125, 314.6253662109375, 321.810302734375, 328.8138122558594, 334.7275695800781, 160.25576782226562, 173.08041381835938, 138.2955780029297], "psl": [787.8588256835938, 788.5800170898438, 787.2837524414062, 787.359375, 788.4257202148438, 788.013916015625, 785.97607421875, 786.693603515625, 788.0323486328125, 788.6643676757812, 787.8447875976562, 788.2737426757812, 789.3431396484375, 788.6278686523438, 786.558349609375, 787.0194702148438, 788.3025512695312, 789.177490234375, 788.3736572265625, 788.3446044921875, 789.3582763671875, 788.5044555664062, 786.5005493164062, 787.4805297851562], "pre": [6.492564678192139, 0.3468647003173828, 0.0, 0.0, 0.0, 0.0, 0.0, 0.0, 0.0, 0.0, 0.0, 0.0, 0.0, 0.0, 0.0, 0.0, 0.0, 0.0, 0.0, 0.0, 0.0, 0.0, 0.04812955856323242, 0.8322290182113647], "sw": [0.0, 0.0, 0.0, 0.0, 621.0205078125, 1071.623291015625, 873.0064697265625, 165.44302368164062, 0.0, 0.0, 0.0, 0.0, 613.6990966796875, 1065.026123046875, 395.3865661621094, 21.470401763916016, 0.0, 0.0, 0.0, 0.0, 614.428955078125, 1066.279296875, 148.4667205810547, 21.952926635742188], "rh": [86.26404571533203, 84.5404052734375, 78.68570709228516, 71.29707336425781, 46.78964614868164, 30.511014938354492, 28.51513671875, 38.50053024291992, 60.948394775390625, 60.08777618408203, 61.883018493652344, 60.754913330078125, 45.62728500366211, 28.913902282714844, 28.691070556640625, 47.77099609375, 57.768280029296875, 56.534523010253906, 59.03413772583008, 56.87495040893555, 45.471519470214844, 32.05669403076172, 33.48796844482422, 54.19366455078125]}