{"t2m": [26.109130859375, 28.816131591796875, 27.59869384765625, 24.85748291015625, 23.88922119140625, 23.776397705078125, 23.328521728515625, 22.761138916015625, 24.8876953125, 24.40789794921875, 24.094757080078125, 23.761566162109375, 23.05975341796875, 22.80999755859375, 22.83172607421875, 21.947998046875, 24.846038818359375, 28.247039794921875, 28.847442626953125, 25.995208740234375, 24.178924560546875, 23.69622802734375, 23.698089599609375, 23.649383544921875], "wnd": [5.918994903564453, 9.08421802520752, 13.83120346069336, 7.4343366622924805, 4.215242385864258, 4.410871505737305, 5.977236270904541, 9.636665344238281, 11.29404067993164, 16.664154052734375, 16.183591842651367, 5.833301067352295, 15.109102249145508, 9.01118278503418, 2.4514338970184326, 8.792098999023438, 6.591462135314941, 6.564291477203369, 14.600324630737305, 8.444110870361328, 9.241661071777344, 5.889986991882324, 2.9101366996765137, 7.564772605895996], "dir": [312.6048583984375, 336.40374755859375, 48.59996795654297, 186.16427612304688, 192.49215698242188, 278.8616943359375, 232.7200927734375, 280.7102966308594, 287.8469543457031, 287.85272216796875, 231.0225372314453, 208.70269775390625, 128.44320678710938, 142.39926147460938, 85.54749298095703, 262.96234130859375, 286.139892578125, 46.8101806640625, 48.41048812866211, 301.94549560546875, 268.016357421875, 221.5773468017578, 329.2851257324219, 254.18923950195312], "psl": [994.196044921875, 992.8004760742188, 990.9229125976562, 991.4945068359375, 992.0123291015625, 991.4517822265625, 990.2207641601562, 990.2445068359375, 990.968017578125, 990.7640380859375, 988.7245483398438, 988.4805297851562, 989.8741455078125, 990.8566284179688, 988.691162109375, 988.7068481445312, 989.9019775390625, 988.87890625, 987.0482788085938, 987.7056884765625, 988.982666015625, 989.8783569335938, 988.4475708007812, 989.3088989257812], "pre": [0.0, 1.1634845638122262e-33, 3.0934481620788574, 9.608004570007324, 2.839224338531494, 0.0405120849609375, 0.8759493231773376, 1.1744372844696045, 0.4914586544036865, 0.10696947574615479, 1.6568410396575928, 4.178311347961426, 4.280656814575195, 17.607933044433594, 7.464405059814453, 0.06329154968261719, 0.022329330444335938, 0.0, 0.7349281311035156, 10.391769409179688, 0.8018150329589844, 1.4313468933105469, 0.5556907653808594, 0.0], "sw": [607.1613159179688, 997.6135864257812, 699.0639038085938, 9.999999717180685e-10, 0.0, 0.0, 0.0, 9.999999717180685e-10, 62.40489959716797, 130.12538146972656, 138.02297973632812, 9.999999717180685e-10, 0.0, 0.0, 0.0, 9.999999717180685e-10, 382.26690673828125, 961.8731079101562, 237.62991333007812, 22.59260368347168, 0.0, 0.0, 0.0, 9.999999717180685e-10], "rh": [72.90938568115234, 65.6349868774414, 80.70584106445312, 92.54888916015625, 95.46215057373047, 94.6120376586914, 95.90580749511719, 94.52751922607422, 85.13822174072266, 88.19145202636719, 90.59403228759766, 94.32295989990234, 96.74137878417969, 98.12745666503906, 96.82596588134766, 100.41761779785156, 90.00225830078125, 77.05646514892578, 75.7490234375, 93.9145736694336, 96.7413101196289, 95.91615295410156, 95.45767211914062, 95.83882904052734]}