{"t2m": [22.400299072265625, 26.653717041015625, 28.224365234375, 24.71234130859375, 20.572967529296875, 20.46099853515625, 18.994964599609375, 18.373016357421875, 22.569122314453125, 26.79315185546875, 28.53900146484375, 24.099761962890625, 20.777435302734375, 19.401824951171875, 19.277496337890625, 19.521484375, 22.389373779296875, 26.658660888671875, 27.887237548828125, 22.611572265625, 19.9716796875, 20.576141357421875, 20.555145263671875, 18.75311279296875], "wnd": [7.4810333251953125, 15.140203475952148, 11.547760009765625, 11.706551551818848, 8.585183143615723, 2.1260974407196045, 3.420928478240967, 4.792331695556641, 3.0222928524017334, 14.947668075561523, 10.629607200622559, 8.92672348022461, 11.957372665405273, 5.170531272888184, 1.9128361940383911, 3.7262439727783203, 3.175421953201294, 12.478277206420898, 12.15854263305664, 23.300445556640625, 5.4396491050720215, 6.541477203369141, 5.320254802703857, 5.138998031616211], "dir": [146.45773315429688, 151.91665649414062, 145.5128173828125, 146.41058349609375, 128.7820587158203, 336.9176025390625, 269.5459289550781, 336.29815673828125, 166.05291748046875, 145.72686767578125, 112.68019104003906, 161.7301025390625, 133.54464721679688, 162.9875030517578, 195.02145385742188, 200.76515197753906, 214.75308227539062, 144.99253845214844, 122.33869934082031, 177.46676635742188, 212.6851806640625, 48.65740203857422, 255.89064025878906, 153.47821044921875], "psl": [890.9398193359375, 888.906005859375, 886.6990356445312, 888.2162475585938, 889.9287719726562, 890.03564453125, 888.5049438476562, 888.2129516601562, 889.1363525390625, 887.5499877929688, 885.0360107421875, 886.5036010742188, 888.4620971679688, 889.56787109375, 888.3521118164062, 888.40185546875, 889.1503295898438, 887.7687377929688, 885.86865234375, 887.378662109375, 889.8881225585938, 890.9609985351562, 888.82958984375, 889.52880859375], "pre": [0.0, 1.128277457859588e-27, 3.0560123624274135e-18, 0.11264501512050629, 0.2176886349916458, 0.0, 0.0, 0.0, 0.0, 0.0, 0.003063187003135681, 3.4562995433807373, 0.14161083102226257, 3.5341858863830566, 2.3551957607269287, 0.0017085075378417969, 0.0, 0.0, 0.015809059143066406, 0.9831671714782715, 6.508874416351318, 12.557260513305664, 0.0024890899658203125, 0.0], "sw": [618.2738647460938, 1023.8411254882812, 526.5402221679688, 9.999999717180685e-10, 0.0, 0.0, 0.0, 0.0, 624.3856201171875, 1022.5532836914062, 800.52294921875, 11.790671348571777, 0.0, 0.0, 0.0, 0.0, 607.561767578125, 1018.2288818359375, 825.7504272460938, 9.999999717180685e-10, 0.0, 0.0, 0.0, 0.0], "rh": [68.89652252197266, 51.70412826538086, 46.48896026611328, 57.724647521972656, 80.44155883789062, 78.39642333984375, 86.8210678100586, 84.31624603271484, 68.66378784179688, 51.98239517211914, 46.10586929321289, 66.26570129394531, 83.98601531982422, 95.65951538085938, 95.07075500488281, 91.21600341796875, 76.19660949707031, 55.58592224121094, 49.34492492675781, 74.70509338378906, 93.21209716796875, 79.4001693725586, 77.43114471435547, 83.07249450683594]}