{"t2m": [17.064971923828125, 21.478851318359375, 18.639190673828125, 15.701934814453125, 15.973114013671875, 13.48583984375, 12.1083984375, 12.163787841796875, 17.4691162109375, 20.289886474609375, 16.448333740234375, 14.89813232421875, 14.23272705078125, 14.50762939453125, 13.69482421875, 13.48419189453125, 16.296630859375, 18.50238037109375, 19.56634521484375, 16.046112060546875, 14.2379150390625, 13.66552734375, 12.55010986328125, 12.077117919921875], "wnd": [15.56367301940918, 7.817595481872559, 16.58966064453125, 3.062230110168457, 5.497915267944336, 5.405540466308594, 8.109204292297363, 13.556035041809082, 11.820640563964844, 7.727468967437744, 1.635117769241333, 8.910744667053223, 2.1147279739379883, 5.216827392578125, 20.35152816772461, 16.84540557861328, 16.434988021850586, 23.56833839416504, 25.78795051574707, 21.470382690429688, 24.294479370117188, 20.074398040771484, 20.273283004760742, 17.399534225463867], "dir": [350.0532531738281, 3.42083740234375, 188.00311279296875, 204.1046600341797, 23.157470703125, 3.0873031616210938, 336.6387023925781, 317.53790283203125, 354.9931640625, 45.7430419921875, 244.2438201904297, 348.03204345703125, 195.66171264648438, 214.31578063964844, 175.37985229492188, 187.24655151367188, 162.0997314453125, 175.98976135253906, 176.15057373046875, 163.88516235351562, 201.57669067382812, 196.27218627929688, 155.96099853515625, 159.4820556640625], "psl": [777.9617919921875, 776.7594604492188, 775.1925659179688, 775.8733520507812, 776.9188232421875, 776.9993896484375, 775.4464111328125, 775.3201293945312, 776.1748657226562, 775.2451782226562, 774.0148315429688, 774.3218994140625, 775.6585693359375, 776.2246704101562, 774.8721313476562, 775.06298828125, 776.2022094726562, 775.6441650390625, 774.0631103515625, 774.6771850585938, 776.18408203125, 776.8303833007812, 775.873779296875, 776.3992309570312], "pre": [0.0, 7.904444377563428e-37, 3.4767091274261475, 3.961909532546997, 0.842094898223877, 0.0, 0.0, 0.0, 0.0, 0.05633354187011719, 11.769918441772461, 19.387557983398438, 6.354619979858398, 2.9328079223632812, 3.0224456787109375, 0.000164031982421875, 0.0045261383056640625, 0.09708786010742188, 0.11133575439453125, 0.07495498657226562, 5.0701446533203125, 1.9395503997802734, 2.7352371215820312, 0.862030029296875], "sw": [519.81201171875, 1034.4293212890625, 684.3463745117188, 55.80282974243164, 0.0, 0.0, 0.0, 0.0, 636.9810180664062, 1051.66015625, 178.73182678222656, 23.651132583618164, 0.0, 0.0, 0.0, 0.0, 627.6561279296875, 1043.526123046875, 869.6633911132812, 148.87294006347656, 0.0, 0.0, 0.0, 0.0], "rh": [67.47616577148438, 50.42905807495117, 73.64889526367188, 90.48685455322266, 83.74673461914062, 89.30799865722656, 90.07090759277344, 82.16532135009766, 68.1948471069336, 58.98728942871094, 89.29537963867188, 96.04735565185547, 97.6953125, 90.67809295654297, 88.5196304321289, 88.68709564208984, 80.48152160644531, 73.16262817382812, 68.23827362060547, 91.3195571899414, 88.45777893066406, 90.71912384033203, 99.48137664794922, 98.34364318847656]}