{"t2m": [25.090240478515625, 29.917510986328125, 29.84405517578125, 21.981781005859375, 19.880767822265625, 19.68341064453125, 19.869384765625, 19.62689208984375, 21.8782958984375, 26.593292236328125, 28.37261962890625, 20.211273193359375, 19.45989990234375, 19.829864501953125, 19.956512451171875, 18.518157958984375, 22.192962646484375, 26.26983642578125, 23.190582275390625, 20.220947265625, 20.026153564453125, 20.44879150390625, 20.3963623046875, 19.864349365234375], "wnd": [6.329743385314941, 10.300728797912598, 15.626721382141113, 22.139131546020508, 1.0216282606124878, 1.7200020551681519, 3.674006462097168, 2.5826523303985596, 4.418844699859619, 6.4300007820129395, 6.812192440032959, 3.1770291328430176, 2.1039390563964844, 11.37094783782959, 4.286314487457275, 4.951315402984619, 3.4373550415039062, 4.363545894622803, 10.20877742767334, 12.800460815429688, 11.309090614318848, 5.591241836547852, 7.070633411407471, 2.7011680603027344], "dir": [60.87156677246094, 63.081268310546875, 209.03515625, 32.91413497924805, 241.3856964111328, 236.3607940673828, 167.99066162109375, 304.56951904296875, 200.76422119140625, 223.91017150878906, 282.74444580078125, 352.0389709472656, 177.7919158935547, 18.315811157226562, 347.302490234375, 183.1127471923828, 207.25555419921875, 205.78302001953125, 352.5845642089844, 44.85619354248047, 23.073806762695312, 356.177978515625, 51.06797409057617, 216.80050659179688], "psl": [885.8892822265625, 883.7053833007812, 881.1585693359375, 883.4461059570312, 885.23095703125, 885.7341918945312, 884.2093505859375, 883.9347534179688, 884.925048828125, 883.0731811523438, 880.588134765625, 882.668212890625, 884.1207275390625, 885.00244140625, 884.0216674804688, 883.7899169921875, 884.6640014648438, 883.3884887695312, 882.2488403320312, 883.61962890625, 885.3831176757812, 886.1109619140625, 884.6581420898438, 885.1480712890625], "pre": [0.0, 0.0, 5.913429368660248e-35, 2.74717116355896, 10.048937797546387, 5.7697296142578125e-05, 0.0, 0.0, 0.0, 0.0, 0.6327404975891113, 16.161235809326172, 11.620363235473633, 3.337749481201172, 0.40271759033203125, 0.027408599853515625, 0.0, 0.0, 11.731058120727539, 8.784339904785156, 4.460269927978516, 0.7867240905761719, 0.0174713134765625, 0.0], "sw": [609.3709106445312, 1023.6906127929688, 203.149169921875, 0.14595358073711395, 0.0, 0.0, 0.0, 0.0, 612.1796875, 1021.190673828125, 739.8421630859375, 9.999999717180685e-10, 0.0, 0.0, 0.0, 0.0, 604.4398803710938, 901.9258422851562, 619.8624267578125, 5.121384143829346, 0.0, 0.0, 0.0, 0.0], "rh": [54.237892150878906, 37.34989929199219, 39.51042175292969, 79.47518157958984, 94.03565216064453, 96.69659423828125, 93.43192291259766, 89.8591537475586, 79.35183715820312, 56.4852409362793, 52.063785552978516, 93.30878448486328, 97.53334045410156, 93.38451385498047, 89.92559814453125, 96.29357147216797, 78.9093017578125, 60.46905517578125, 78.47867584228516, 92.14838409423828, 92.3977279663086, 89.85966491699219, 76.59629821777344, 83.23145294189453]}