{"t2m": [20.733428955078125, 24.201385498046875, 25.33868408203125, 18.261138916015625, 17.447052001953125, 16.94635009765625, 16.560546875, 15.645599365234375, 17.86572265625, 20.853759765625, 22.576385498046875, 19.233489990234375, 17.563690185546875, 16.650665283203125, 16.955291748046875, 17.33355712890625, 20.503387451171875, 22.3492431640625, 22.327789306640625, 19.438201904296875, 17.350982666015625, 16.8924560546875, 16.686431884765625, 16.286651611328125], "wnd": [8.156496047973633, 9.482094764709473, 5.861996173858643, 13.307282447814941, 15.827059745788574, 2.3049681186676025, 2.907623052597046, 6.299264430999756, 5.202271938323975, 9.412735939025879, 10.466194152832031, 10.62704849243164, 13.1516695022583, 12.121485710144043, 3.948202610015869, 5.446593284606934, 5.79830265045166, 7.808139324188232, 11.317957878112793, 7.384443283081055, 5.99473762512207, 5.3129801750183105, 14.510611534118652, 13.042957305908203], "dir": [170.45281982421875, 215.58529663085938, 264.58154296875, 87.61875915527344, 104.93128967285156, 172.65806579589844, 7.209678649902344, 64.41000366210938, 234.29562377929688, 219.1957550048828, 268.19482421875, 222.00595092773438, 89.85475158691406, 157.8561553955078, 41.93767166137695, 26.232826232910156, 162.35377502441406, 166.3240966796875, 193.30291748046875, 227.63218688964844, 92.52730560302734, 176.3555908203125, 90.27236938476562, 79.05731201171875], "psl": [833.6853637695312, 832.404296875, 830.1880493164062, 831.6168823242188, 832.4840087890625, 833.2156372070312, 831.3875122070312, 831.2703247070312, 832.3236694335938, 831.4597778320312, 829.4168701171875, 829.7236938476562, 831.12255859375, 832.370361328125, 831.733642578125, 831.2352294921875, 832.0917358398438, 831.7429809570312, 830.2315673828125, 831.039306640625, 832.912841796875, 833.53759765625, 832.2627563476562, 832.7349243164062], "pre": [0.0, 2.8598880459862437e-19, 0.34011155366897583, 7.632560729980469, 11.349882125854492, 0.9633302688598633, 0.4802255630493164, 0.0, 0.0, 0.9091300964355469, 3.2808313369750977, 3.122086524963379, 20.037376403808594, 11.93259048461914, 12.455322265625, 1.8906631469726562, 0.0, 0.0053501129150390625, 1.249135971069336, 5.577823638916016, 3.4539413452148438, 1.3431739807128906, 1.2023773193359375, 0.3893013000488281], "sw": [554.644287109375, 1024.5992431640625, 847.8251342773438, 9.999999717180685e-10, 0.0, 0.0, 0.0, 0.0, 313.3568115234375, 510.4226379394531, 767.0909423828125, 23.9674072265625, 0.0, 0.0, 0.0, 0.0, 609.4539184570312, 1024.85107421875, 514.9421997070312, 1.8391393423080444, 0.0, 0.0, 0.0, 0.0], "rh": [68.56338500976562, 56.050228118896484, 57.03807067871094, 91.68396759033203, 94.7079086303711, 99.72726440429688, 96.86701965332031, 89.67762756347656, 91.26056671142578, 81.11609649658203, 73.04021453857422, 89.66329193115234, 92.8326416015625, 100.15330505371094, 92.61601257324219, 83.56364440917969, 71.02264404296875, 64.26641845703125, 67.87129211425781, 85.6434097290039, 90.40369415283203, 92.07608795166016, 90.52155303955078, 87.17330932617188]}