{"t2m": [14.370697021484375, 15.1165771484375, 14.783935546875, 14.12432861328125, 14.7552490234375, 14.83184814453125, 14.820343017578125, 14.441558837890625, 16.45172119140625, 15.858062744140625, 15.821929931640625, 15.001556396484375, 14.502044677734375, 14.6856689453125, 14.862030029296875, 15.0045166015625, 15.813934326171875, 16.927734375, 16.44378662109375, 16.173828125, 15.44647216796875, 15.02410888671875, 16.434173583984375, 16.114471435546875], "wnd": [10.197072982788086, 14.286816596984863, 12.077873229980469, 8.561924934387207, 8.847051620483398, 11.699753761291504, 13.5800199508667, 9.129846572875977, 21.01053237915039, 14.26921558380127, 11.339139938354492, 8.092151641845703, 0.878165602684021, 4.501285552978516, 3.5881474018096924, 3.441779136657715, 5.8677754402160645, 10.454585075378418, 7.706734657287598, 8.116194725036621, 4.0803961753845215, 4.454823017120361, 35.671875, 33.81585693359375], "dir": [14.294509887695312, 28.388286590576172, 359.819580078125, 303.66375732421875, 277.36309814453125, 287.5975341796875, 261.208251953125, 285.12322998046875, 287.6077880859375, 325.65179443359375, 319.32049560546875, 117.93441009521484, 16.19689178466797, 95.3962173461914, 286.711669921875, 273.060546875, 4.894630432128906, 48.96290588378906, 13.709930419921875, 19.021011352539062, 16.905059814453125, 82.0421371459961, 215.345458984375, 207.26925659179688], "psl": [799.9458618164062, 799.34619140625, 797.9869384765625, 797.9652099609375, 798.3119506835938, 797.9662475585938, 796.4523315429688, 796.4383544921875, 797.219482421875, 797.094970703125, 795.880126953125, 795.7977294921875, 796.4730224609375, 797.271240234375, 795.537353515625, 795.75537109375, 796.9564208984375, 796.6571044921875, 795.6102294921875, 795.8573608398438, 796.7259521484375, 797.3865356445312, 795.3192138671875, 795.7048950195312], "pre": [1.3980702446431126e-12, 0.6118183135986328, 1.5621123313903809, 0.8861387968063354, 1.844235897064209, 0.0, 4.1484832763671875e-05, 0.0, 0.031244277954101562, 0.0754469633102417, 4.084527969360352, 4.395633220672607, 0.08724498748779297, 0.21445226669311523, 3.4739174842834473, 0.39934635162353516, 0.11443328857421875, 1.3600997924804688, 10.199942588806152, 2.0378150939941406, 0.5718278884887695, 0.22065067291259766, 0.3644256591796875, 0.6227912902832031], "sw": [180.14303588867188, 227.35426330566406, 210.23077392578125, 9.999999717180685e-10, 0.0, 0.0, 0.0, 9.999999717180685e-10, 261.5703430175781, 338.04132080078125, 465.8218994140625, 31.243383407592773, 0.0, 0.0, 0.0, 9.999999717180685e-10, 86.24848175048828, 211.28321838378906, 189.1898193359375, 9.999999717180685e-10, 0.0, 0.0, 0.0, 9.999999717180685e-10], "rh": [96.47358703613281, 98.85869598388672, 99.37040710449219, 99.814208984375, 91.01422119140625, 89.81961822509766, 88.35404205322266, 92.63440704345703, 83.12866973876953, 98.2040786743164, 97.46520233154297, 97.22098541259766, 99.90516662597656, 98.32266235351562, 95.75682067871094, 93.14323425292969, 89.4452133178711, 99.69090270996094, 99.97846984863281, 100.06990051269531, 99.98518371582031, 97.54934692382812, 73.45792388916016, 62.11582565307617]}