{"t2m": [19.4307861328125, 23.42913818359375, 21.191864013671875, 16.77886962890625, 16.175994873046875, 14.0924072265625, 13.248046875, 12.814727783203125, 18.4423828125, 21.132568359375, 19.899322509765625, 16.4862060546875, 17.091033935546875, 15.5125732421875, 14.5634765625, 14.351287841796875, 17.38995361328125, 19.05145263671875, 16.683013916015625, 15.73260498046875, 14.94378662109375, 14.79144287109375, 13.9337158203125, 14.1904296875], "wnd": [12.854605674743652, 9.260210037231445, 6.739391326904297, 7.857201099395752, 1.255445122718811, 0.3388136625289917, 3.769163131713867, 5.47081995010376, 8.090414047241211, 8.610217094421387, 14.808830261230469, 15.84385871887207, 6.992241382598877, 8.97762680053711, 11.08841323852539, 4.8589606285095215, 5.0438947677612305, 13.842877388000488, 19.298683166503906, 8.40263843536377, 7.881962299346924, 9.328155517578125, 6.933648109436035, 2.2061967849731445], "dir": [34.87564468383789, 41.53938293457031, 226.9619598388672, 91.45720672607422, 33.78795623779297, 310.8392639160156, 14.890922546386719, 51.86479568481445, 60.826438903808594, 153.53636169433594, 168.02001953125, 27.90401840209961, 56.72243118286133, 155.098388671875, 224.23951721191406, 195.6007080078125, 139.2576141357422, 182.77090454101562, 195.45150756835938, 220.70591735839844, 166.50660705566406, 208.55931091308594, 138.696044921875, 357.5354919433594], "psl": [797.32373046875, 795.9830322265625, 794.6116943359375, 795.466552734375, 796.3643188476562, 796.63134765625, 795.2391967773438, 794.81787109375, 795.6356201171875, 794.8876342773438, 793.5421142578125, 794.1383666992188, 795.0200805664062, 795.9398193359375, 795.0431518554688, 795.1436157226562, 796.0928955078125, 795.4986572265625, 794.2592163085938, 794.658203125, 796.4646606445312, 797.0498657226562, 796.1199951171875, 796.3836669921875], "pre": [0.0, 0.0, 0.6193315982818604, 6.477517127990723, 2.029552459716797, 0.0, 0.004194974899291992, 0.0, 0.0, 0.3783860206604004, 3.955350160598755, 5.294701099395752, 0.32127904891967773, 0.06775140762329102, 7.244781494140625, 7.283533096313477, 0.05044269561767578, 1.2328157424926758, 1.20977783203125, 3.533447265625, 26.828845977783203, 14.21401596069336, 1.6805381774902344, 0.17888259887695312], "sw": [609.4049072265625, 1047.480224609375, 653.3325805664062, 10.367366790771484, 0.0, 0.0, 0.0, 0.0, 639.8468017578125, 1048.119384765625, 634.3892211914062, 15.456937789916992, 0.0, 0.0, 0.0, 0.0, 631.1737670898438, 443.6229553222656, 69.438720703125, 9.999999717180685e-10, 0.0, 0.0, 0.0, 0.0], "rh": [61.395687103271484, 44.60906219482422, 61.12639236450195, 87.38581085205078, 89.29434967041016, 99.33808135986328, 95.46652221679688, 90.2055892944336, 70.4492416381836, 61.43803024291992, 71.18086242675781, 87.95099639892578, 82.7304458618164, 94.59879302978516, 98.47759246826172, 97.59687042236328, 80.84663391113281, 72.48283386230469, 87.58853912353516, 95.79073333740234, 99.9733657836914, 97.69327545166016, 94.84376525878906, 87.15478515625]}