{"t2m": [19.1480712890625, 22.75689697265625, 20.332855224609375, 15.82269287109375, 15.41455078125, 13.62030029296875, 12.04705810546875, 12.786651611328125, 16.944976806640625, 20.160888671875, 19.296905517578125, 15.1817626953125, 16.244476318359375, 14.9176025390625, 14.102630615234375, 13.89361572265625, 16.66143798828125, 19.22796630859375, 18.035369873046875, 15.244903564453125, 14.74005126953125, 14.4376220703125, 13.660888671875, 13.033294677734375], "wnd": [13.921501159667969, 10.101106643676758, 3.2770848274230957, 12.22583293914795, 5.3117594718933105, 2.880664110183716, 8.409750938415527, 5.392948627471924, 8.233564376831055, 7.21657133102417, 14.482513427734375, 11.101888656616211, 9.696975708007812, 10.706084251403809, 9.8113431930542, 8.101871490478516, 6.690275192260742, 16.10367774963379, 20.285903930664062, 8.184412956237793, 11.228889465332031, 10.072233200073242, 10.965130805969238, 2.7199747562408447], "dir": [50.90275573730469, 68.99186706542969, 119.5634536743164, 103.79383850097656, 83.69444274902344, 107.54574584960938, 350.9410400390625, 27.32453155517578, 55.510467529296875, 150.3473663330078, 157.74557495117188, 67.82694244384766, 49.1381721496582, 156.59609985351562, 221.23387145996094, 157.98419189453125, 117.51017761230469, 165.09288024902344, 150.01223754882812, 167.5024871826172, 213.32061767578125, 177.39231872558594, 127.49404907226562, 36.34192657470703], "psl": [789.4494018554688, 788.2510375976562, 786.7781982421875, 787.626708984375, 788.4458618164062, 788.7266235351562, 787.2868041992188, 786.8820190429688, 787.8521118164062, 787.132568359375, 785.775390625, 786.3370361328125, 787.1370239257812, 788.0667724609375, 787.1285400390625, 787.2227172851562, 788.2221069335938, 787.5997924804688, 786.33544921875, 786.7510375976562, 788.4922485351562, 789.132080078125, 788.158447265625, 788.4715576171875], "pre": [0.0, 0.0, 1.4545363187789917, 4.745599269866943, 0.865692138671875, 0.0, 0.015738725662231445, 0.012375473976135254, 0.00020712614059448242, 0.9311032295227051, 5.330081939697266, 5.243350982666016, 1.7570760250091553, 0.40225768089294434, 9.307966232299805, 6.021801948547363, 0.1905994415283203, 1.1373748779296875, 2.0170211791992188, 5.5354766845703125, 15.680822372436523, 4.938102722167969, 0.7585201263427734, 0.12488937377929688], "sw": [599.6817626953125, 1047.6678466796875, 170.8942413330078, 4.257169246673584, 0.0, 0.0, 0.0, 0.0, 456.0961608886719, 867.7642211914062, 549.4655151367188, 9.999999717180685e-10, 0.0, 0.0, 0.0, 0.0, 631.8590698242188, 903.4690551757812, 399.154052734375, 9.999999717180685e-10, 0.0, 0.0, 0.0, 0.0], "rh": [59.684913635253906, 46.6487922668457, 63.29227828979492, 93.31354522705078, 92.94599914550781, 99.23530578613281, 98.95294189453125, 86.22472381591797, 75.07795715332031, 64.65064239501953, 73.00825500488281, 96.6023941040039, 87.19670867919922, 97.15567016601562, 99.3177490234375, 99.69589233398438, 83.29251098632812, 72.50806427001953, 78.63571166992188, 96.6263198852539, 99.02400970458984, 99.60575103759766, 99.47513580322266, 90.2195053100586]}