{"t2m": [22.963043212890625, 27.39617919921875, 27.06634521484375, 18.9541015625, 18.6092529296875, 18.5198974609375, 16.890777587890625, 16.273956298828125, 21.3499755859375, 24.815093994140625, 25.654937744140625, 19.025177001953125, 18.329986572265625, 18.093414306640625, 17.796661376953125, 18.157958984375, 22.088226318359375, 24.9486083984375, 23.927947998046875, 18.644195556640625, 18.559478759765625, 18.491302490234375, 17.564056396484375, 17.92315673828125], "wnd": [9.69778060913086, 7.073078155517578, 5.845284461975098, 20.736886978149414, 5.854239463806152, 9.632820129394531, 2.963561534881592, 7.114004135131836, 4.389691352844238, 9.09256362915039, 3.991356611251831, 13.915900230407715, 6.916163444519043, 3.0792806148529053, 4.865750312805176, 8.943336486816406, 5.564930438995361, 6.381810665130615, 7.243260860443115, 7.507354259490967, 7.461150169372559, 4.683755874633789, 10.282853126525879, 8.009452819824219], "dir": [99.58341217041016, 138.17105102539062, 337.60888671875, 53.677146911621094, 84.0965347290039, 270.0069580078125, 294.67828369140625, 27.809356689453125, 178.27920532226562, 223.8828582763672, 276.8699951171875, 185.7222900390625, 314.8531799316406, 178.48782348632812, 19.891357421875, 12.4263916015625, 80.01359558105469, 168.84632873535156, 213.1812744140625, 15.014381408691406, 349.235107421875, 1.8813705444335938, 73.31378173828125, 349.52093505859375], "psl": [860.5086669921875, 858.5869750976562, 856.376708984375, 858.611328125, 859.7222900390625, 860.0906982421875, 858.4564208984375, 858.202392578125, 859.023193359375, 857.7491455078125, 855.7683715820312, 856.7379150390625, 858.1288452148438, 859.4979858398438, 858.5928344726562, 858.1968994140625, 858.9473266601562, 858.1373291015625, 856.5647583007812, 857.8970336914062, 859.7927856445312, 860.43994140625, 859.4994506835938, 859.7351684570312], "pre": [0.0, 0.0, 1.336482048034668, 2.9053192138671875, 9.016818046569824, 0.5255374908447266, 0.0, 0.0, 0.0, 0.00013780593872070312, 2.0227489471435547, 9.549653053283691, 11.477887153625488, 6.450431823730469, 6.322031021118164, 1.5568695068359375, 7.05718994140625e-05, 0.0, 1.9838428497314453, 14.988035202026367, 9.848897933959961, 3.420114517211914, 3.3320388793945312, 0.42595672607421875], "sw": [616.5797729492188, 1028.53369140625, 645.0034790039062, 1.5805342197418213, 0.0, 0.0, 0.0, 0.0, 615.1143798828125, 1027.333740234375, 773.0877685546875, 41.35517501831055, 0.0, 0.0, 0.0, 0.0, 608.175048828125, 884.6094360351562, 164.20314025878906, 9.999999717180685e-10, 0.0, 0.0, 0.0, 0.0], "rh": [59.03216552734375, 42.6533203125, 48.93975067138672, 92.19066619873047, 95.13285827636719, 97.1728286743164, 98.54922485351562, 93.37129974365234, 72.77183532714844, 61.897216796875, 60.74840545654297, 96.56381225585938, 96.46766662597656, 98.35982513427734, 97.25631713867188, 89.88264465332031, 69.9337158203125, 57.07757568359375, 64.08683013916016, 95.70771026611328, 96.68153381347656, 91.9607925415039, 92.45996856689453, 83.0457763671875]}