{"t2m": [16.275146484375, 20.439697265625, 17.65283203125, 14.556365966796875, 15.167449951171875, 13.01507568359375, 11.686309814453125, 11.889617919921875, 16.462249755859375, 19.33868408203125, 16.63739013671875, 14.5250244140625, 13.606353759765625, 13.743499755859375, 13.216217041015625, 12.391357421875, 15.545196533203125, 17.27447509765625, 18.4349365234375, 15.150054931640625, 13.4683837890625, 12.940216064453125, 12.274383544921875, 11.513275146484375], "wnd": [18.82197380065918, 9.44240665435791, 9.505204200744629, 2.3575642108917236, 7.120981216430664, 7.107507705688477, 9.732413291931152, 15.150249481201172, 13.14228630065918, 9.445240020751953, 5.989924430847168, 11.98513412475586, 4.075803279876709, 6.722475528717041, 25.83983039855957, 19.298885345458984, 17.968189239501953, 23.35258674621582, 27.59262466430664, 21.87801742553711, 23.7299747467041, 21.128936767578125, 17.922103881835938, 17.140287399291992], "dir": [1.7802734375, 24.766098022460938, 143.1188201904297, 336.1330261230469, 1.1931304931640625, 10.3411865234375, 344.830810546875, 335.6401672363281, 355.79449462890625, 61.136680603027344, 151.1594696044922, 350.9875793457031, 182.99462890625, 196.4591827392578, 187.54534912109375, 194.3629150390625, 166.37921142578125, 176.2354278564453, 182.5074920654297, 166.46548461914062, 201.77972412109375, 200.40618896484375, 160.430908203125, 161.97215270996094], "psl": [766.9847412109375, 766.0017700195312, 764.54345703125, 765.0007934570312, 765.9844360351562, 766.0335083007812, 764.4461669921875, 764.3309326171875, 765.2538452148438, 764.431640625, 763.1936645507812, 763.3802490234375, 764.69091796875, 765.2871704101562, 763.7904663085938, 764.056396484375, 765.2410278320312, 764.8076782226562, 763.1962280273438, 763.7411499023438, 765.3055419921875, 765.8657836914062, 764.8297729492188, 765.34814453125], "pre": [0.0, 7.920187081060777e-28, 3.894470453262329, 4.766800403594971, 0.4825330376625061, 0.0, 0.0, 0.0, 0.0, 0.06924915313720703, 6.804156303405762, 13.539387702941895, 5.734838962554932, 3.2432994842529297, 2.3919057846069336, 0.00634002685546875, 0.003215789794921875, 0.12594985961914062, 0.2501201629638672, 0.0, 4.364295959472656, 2.7754554748535156, 6.343358993530273, 1.4955215454101562], "sw": [526.8358764648438, 1024.6480712890625, 136.88734436035156, 12.060858726501465, 0.0, 0.0, 0.0, 0.0, 523.4949951171875, 1055.5223388671875, 67.27754974365234, 19.040300369262695, 0.0, 0.0, 0.0, 0.0, 629.9246826171875, 1049.3294677734375, 873.546142578125, 55.71664047241211, 0.0, 0.0, 0.0, 0.0], "rh": [68.87410736083984, 52.74537658691406, 74.88937377929688, 94.84359741210938, 84.76048278808594, 89.62605285644531, 87.6637954711914, 81.43448638916016, 69.48651885986328, 61.14133071899414, 86.16304016113281, 93.7904052734375, 98.75873565673828, 91.02792358398438, 84.88679504394531, 89.92818450927734, 81.6123275756836, 77.0721664428711, 70.54292297363281, 92.55488586425781, 89.57994079589844, 91.60216522216797, 99.72726440429688, 99.5811996459961]}