{"t2m": [14.41986083984375, 16.589080810546875, 13.231475830078125, 12.69775390625, 12.491668701171875, 11.17071533203125, 9.768585205078125, 8.811767578125, 13.246673583984375, 13.507720947265625, 14.135162353515625, 12.167205810546875, 12.42120361328125, 11.998046875, 12.146270751953125, 11.51214599609375, 14.02642822265625, 14.774932861328125, 14.60308837890625, 12.689239501953125, 12.52899169921875, 10.559661865234375, 10.805694580078125, 9.59649658203125], "wnd": [24.069501876831055, 18.896472930908203, 28.389225006103516, 19.51555633544922, 13.131040573120117, 14.928646087646484, 9.163786888122559, 8.00247573852539, 5.342213153839111, 10.255990982055664, 19.29337501525879, 12.206503868103027, 10.769013404846191, 11.744600296020508, 11.838367462158203, 1.7328920364379883, 11.230061531066895, 11.97673511505127, 15.325817108154297, 14.146732330322266, 13.750508308410645, 20.200347900390625, 13.503311157226562, 6.539778709411621], "dir": [49.15214538574219, 28.364795684814453, 67.6483154296875, 62.54267120361328, 31.474834442138672, 38.16379928588867, 35.46697235107422, 68.14544677734375, 115.1527328491211, 121.31233215332031, 76.40857696533203, 65.04383087158203, 55.931034088134766, 110.05015563964844, 126.41433715820312, 167.87005615234375, 114.09000396728516, 96.55261993408203, 81.38949584960938, 66.1568603515625, 162.01242065429688, 189.32102966308594, 204.3443603515625, 194.44729614257812], "psl": [750.681884765625, 750.2114868164062, 748.7556762695312, 748.8783569335938, 749.6708374023438, 749.440185546875, 748.218017578125, 748.11181640625, 749.1796264648438, 749.0730590820312, 747.567138671875, 747.8570556640625, 748.5802612304688, 749.3309326171875, 748.281005859375, 748.3797607421875, 749.481201171875, 749.2413940429688, 748.0413818359375, 748.423828125, 749.6710815429688, 750.530029296875, 749.0009155273438, 749.65234375], "pre": [0.0, 8.802611026532852e-19, 0.07786048203706741, 0.12363636493682861, 0.27333539724349976, 0.015876565128564835, 1.6987323760986328e-06, 0.0, 0.0, 2.095921039581299, 2.9893746376037598, 0.0234452486038208, 0.6378759145736694, 7.149886608123779, 2.7875518798828125, 0.24678421020507812, 0.15999174118041992, 1.7341313362121582, 1.4984169006347656, 0.10552310943603516, 3.76637601852417, 8.970094680786133, 0.33006858825683594, 0.0], "sw": [649.5675048828125, 1062.5992431640625, 189.75645446777344, 19.49712371826172, 0.0, 0.0, 0.0, 0.0, 360.359375, 201.18698120117188, 864.4225463867188, 10.135169982910156, 0.0, 0.0, 0.0, 0.0, 648.6317138671875, 1055.3160400390625, 858.2366333007812, 6.917295932769775, 0.0, 0.0, 0.0, 0.0], "rh": [77.76416015625, 67.32176208496094, 96.9394302368164, 98.33805084228516, 98.92779541015625, 95.91586303710938, 96.62030029296875, 97.70346069335938, 90.23096466064453, 94.89697265625, 91.77422332763672, 97.30989074707031, 99.26069641113281, 99.50737762451172, 99.63957214355469, 99.69950866699219, 88.23074340820312, 86.7864761352539, 88.97662353515625, 98.41680908203125, 99.3224868774414, 99.26355743408203, 87.59780883789062, 88.90116119384766]}