{"t2m": [22.94293212890625, 27.557830810546875, 30.34942626953125, 22.671966552734375, 19.414398193359375, 19.41400146484375, 18.256866455078125, 19.3638916015625, 21.348297119140625, 25.5130615234375, 26.9549560546875, 19.824371337890625, 19.312286376953125, 19.35528564453125, 19.059478759765625, 18.920074462890625, 21.998870849609375, 25.769561767578125, 25.595794677734375, 23.587066650390625, 20.19207763671875, 19.154541015625, 19.00439453125, 18.739532470703125], "wnd": [5.073907852172852, 1.0683889389038086, 3.7117953300476074, 7.829787731170654, 7.628538608551025, 4.238011360168457, 3.2227537631988525, 1.0704333782196045, 3.0326876640319824, 7.292178630828857, 8.663342475891113, 14.75532341003418, 11.400127410888672, 6.445930480957031, 5.739950180053711, 0.8094959259033203, 4.306175231933594, 2.63470196723938, 6.234618186950684, 3.373105525970459, 6.337162494659424, 5.486176490783691, 4.23697566986084, 1.3191814422607422], "dir": [87.95411682128906, 268.3905944824219, 257.9893798828125, 173.00144958496094, 86.8118667602539, 308.111572265625, 15.636711120605469, 228.08718872070312, 33.34038162231445, 309.95819091796875, 235.275146484375, 101.47361755371094, 86.07621002197266, 32.8118896484375, 31.472270965576172, 52.74451446533203, 58.89735412597656, 95.03053283691406, 186.9179229736328, 142.819091796875, 105.7803955078125, 69.57711791992188, 38.463897705078125, 219.61636352539062], "psl": [884.7279663085938, 882.7757568359375, 879.75830078125, 881.7080688476562, 884.0490112304688, 884.0999755859375, 882.60595703125, 882.4539184570312, 883.4598388671875, 881.886474609375, 879.3629760742188, 880.8529663085938, 882.3440551757812, 883.44384765625, 882.507568359375, 882.2957153320312, 883.2308349609375, 882.03125, 880.42333984375, 881.5057983398438, 883.623779296875, 884.4996948242188, 883.2405395507812, 883.7882690429688], "pre": [0.0, 0.0, 0.0, 3.5580897331237793, 14.297401428222656, 0.7472820281982422, 0.0, 0.0016994476318359375, 0.00016498565673828125, 0.0, 0.8176708221435547, 16.472566604614258, 7.385293006896973, 0.6731204986572266, 1.2045879364013672, 0.0, 0.001007080078125, 0.00045013427734375, 1.4478569030761719, 0.21161651611328125, 0.06310653686523438, 1.4545173645019531, 0.5628776550292969, 0.2612895965576172], "sw": [609.1912841796875, 1021.9493408203125, 592.8455810546875, 30.00252914428711, 0.0, 0.0, 0.0, 0.0, 606.5945434570312, 1008.8758544921875, 472.37127685546875, 9.999999717180685e-10, 0.0, 0.0, 0.0, 0.0, 598.1661987304688, 821.1622314453125, 205.01852416992188, 26.66274642944336, 0.0, 0.0, 0.0, 0.0], "rh": [66.57577514648438, 48.525634765625, 38.81397247314453, 78.13822937011719, 97.22709655761719, 97.62847900390625, 99.53006744384766, 92.74913024902344, 83.16667938232422, 62.33576965332031, 57.75934982299805, 97.47175598144531, 98.51238250732422, 98.64891052246094, 97.93516540527344, 98.39447784423828, 78.55225372314453, 60.61052703857422, 62.29631805419922, 69.16043853759766, 92.43010711669922, 96.29439544677734, 97.2046127319336, 90.59632110595703]}