{"t2m": [16.202117919921875, 15.6610107421875, 15.24237060546875, 14.59759521484375, 14.118316650390625, 14.484771728515625, 13.870025634765625, 12.332916259765625, 15.4429931640625, 15.677398681640625, 15.646331787109375, 14.985382080078125, 14.96905517578125, 14.845489501953125, 13.98590087890625, 15.131561279296875, 18.27703857421875, 16.749908447265625, 16.440887451171875, 15.619171142578125, 16.110687255859375, 16.055816650390625, 16.1336669921875, 15.574676513671875], "wnd": [11.699379920959473, 11.819424629211426, 11.555306434631348, 7.678757190704346, 1.6962132453918457, 4.124862194061279, 1.2232990264892578, 0.4264885485172272, 3.5785205364227295, 13.774694442749023, 7.534373760223389, 5.444050312042236, 2.931457042694092, 1.8541406393051147, 5.045382976531982, 7.312360763549805, 1.8869898319244385, 8.182318687438965, 11.82702922821045, 6.626285552978516, 7.42463493347168, 7.378602981567383, 26.901945114135742, 25.52402687072754], "dir": [7.147315979003906, 6.404426574707031, 12.446884155273438, 31.19110107421875, 209.87469482421875, 266.2948913574219, 326.0581970214844, 211.19552612304688, 349.8315734863281, 4.188270568847656, 28.394908905029297, 50.8585319519043, 357.586669921875, 7.8970184326171875, 194.89840698242188, 215.80604553222656, 278.5963134765625, 11.224288940429688, 2.8044891357421875, 353.4888916015625, 192.3214874267578, 199.46786499023438, 178.16476440429688, 182.25851440429688], "psl": [806.2583618164062, 805.7714233398438, 804.3135986328125, 804.3978881835938, 804.7988891601562, 804.5958862304688, 803.2554931640625, 803.1113891601562, 804.0022583007812, 803.6917724609375, 802.1782836914062, 802.075439453125, 802.8584594726562, 803.5968017578125, 802.0833740234375, 801.8766479492188, 803.0401611328125, 802.9000244140625, 802.0166625976562, 802.2747802734375, 803.070556640625, 803.2592163085938, 801.8968505859375, 802.3909301757812], "pre": [9.45190259669565e-25, 0.07517516613006592, 1.2810697555541992, 0.9054340124130249, 0.040842413902282715, 0.0, 0.002425849437713623, 0.003910422325134277, 0.11581647396087646, 2.575942039489746, 1.1966127157211304, 2.432565689086914, 0.34905409812927246, 0.1076357364654541, 0.00012445449829101562, 5.245208740234375e-06, 0.0, 0.5987565517425537, 2.691409111022949, 1.525212049484253, 3.447127342224121, 1.1660223007202148, 0.5618953704833984, 0.0022869110107421875], "sw": [642.211669921875, 245.37225341796875, 212.77499389648438, 2.7504816202394977e-09, 0.0, 0.0, 0.0, 9.999999717180685e-10, 325.2541809082031, 248.47015380859375, 189.01815795898438, 6.684237003326416, 0.0, 0.0, 0.0, 9.999999717180685e-10, 527.067626953125, 234.17237854003906, 119.52361297607422, 9.999999717180685e-10, 0.0, 0.0, 0.0, 0.0], "rh": [87.29737091064453, 98.81033325195312, 99.6124267578125, 99.93709564208984, 97.50885009765625, 94.66921997070312, 97.84315490722656, 96.69942474365234, 92.27399444580078, 99.65733337402344, 99.37393951416016, 100.01371002197266, 99.9994125366211, 99.98355102539062, 100.13152313232422, 88.98572540283203, 78.1774673461914, 99.55132293701172, 99.91146087646484, 100.06625366210938, 94.64478302001953, 89.66804504394531, 78.24032592773438, 73.27943420410156]}