{"t2m": [26.278839111328125, 28.935943603515625, 26.8568115234375, 25.0174560546875, 24.307830810546875, 23.964080810546875, 23.480621337890625, 23.126708984375, 25.35052490234375, 26.639739990234375, 24.9483642578125, 23.35284423828125, 22.893218994140625, 22.9083251953125, 22.800567626953125, 22.639617919921875, 25.471832275390625, 28.474945068359375, 29.348236083984375, 26.84320068359375, 24.77557373046875, 24.4100341796875, 23.3499755859375, 23.782257080078125], "wnd": [9.57543659210205, 12.073494911193848, 9.5519380569458, 5.570300579071045, 9.486201286315918, 4.92672872543335, 11.363938331604004, 14.561211585998535, 20.431392669677734, 30.62911605834961, 24.271516799926758, 10.816384315490723, 4.977080821990967, 2.8206615447998047, 4.444700241088867, 10.108888626098633, 5.381468296051025, 9.567559242248535, 24.372224807739258, 7.154565811157227, 12.363526344299316, 11.461699485778809, 8.861186981201172, 5.981584072113037], "dir": [301.4417724609375, 325.9437255859375, 24.392578125, 197.21670532226562, 255.93807983398438, 296.9689025878906, 271.2883605957031, 283.6337890625, 290.3369140625, 290.5226135253906, 268.39190673828125, 151.41587829589844, 290.0497741699219, 143.7520294189453, 308.03143310546875, 290.1011657714844, 298.7703857421875, 60.94099807739258, 79.82202911376953, 102.92416381835938, 296.55633544921875, 267.2060852050781, 314.01873779296875, 262.1169128417969], "psl": [995.3995971679688, 993.9667358398438, 992.3135986328125, 992.70947265625, 993.1991577148438, 992.96826171875, 991.17138671875, 991.2242431640625, 992.0077514648438, 991.3898315429688, 989.8041381835938, 990.1173706054688, 991.2777099609375, 992.2555541992188, 990.028564453125, 989.715087890625, 991.2574462890625, 990.2223510742188, 987.6769409179688, 988.4093017578125, 990.224365234375, 991.0398559570312, 989.6636962890625, 990.71337890625], "pre": [0.0, 0.0, 4.713607311248779, 12.820082664489746, 4.422280311584473, 6.766989827156067e-05, 1.0401761531829834, 0.5897541046142578, 0.26938486099243164, 0.019991397857666016, 0.15822410583496094, 0.8227083683013916, 14.482386589050293, 2.9104509353637695, 5.160362243652344, 0.42233848571777344, 0.17869949340820312, 0.0, 0.0, 0.0, 0.0, 0.0, 0.03568267822265625, 0.0], "sw": [609.8995971679688, 955.7518310546875, 104.9422836303711, 0.0036615191493183374, 0.0, 0.0, 0.0, 9.999999717180685e-10, 323.51043701171875, 544.5777587890625, 172.0005645751953, 9.999999717180685e-10, 0.0, 0.0, 0.0, 9.999999717180685e-10, 589.1083984375, 956.2996215820312, 189.41458129882812, 17.044748306274414, 0.0, 0.0, 0.0, 9.999999717180685e-10], "rh": [73.69091033935547, 65.86099243164062, 82.36009216308594, 93.29176330566406, 91.42552185058594, 93.90254974365234, 95.75890350341797, 94.14371490478516, 84.76765441894531, 79.1346435546875, 83.57524108886719, 95.05575561523438, 98.34579467773438, 99.03755950927734, 97.39844512939453, 96.83018493652344, 87.56488800048828, 71.62948608398438, 71.10955047607422, 85.89746856689453, 94.32024383544922, 89.27114868164062, 95.35387420654297, 95.14987182617188]}