{"t2m": [17.830657958984375, 22.38494873046875, 20.679168701171875, 16.738555908203125, 16.07464599609375, 13.677215576171875, 12.332275390625, 11.85302734375, 16.559539794921875, 20.847259521484375, 17.45294189453125, 15.1051025390625, 14.710052490234375, 14.925201416015625, 14.000396728515625, 13.59967041015625, 16.90203857421875, 19.311737060546875, 20.050506591796875, 16.38446044921875, 14.65350341796875, 14.021820068359375, 13.3499755859375, 13.184661865234375], "wnd": [14.739978790283203, 5.50806188583374, 13.75818920135498, 3.3627521991729736, 12.133801460266113, 8.198339462280273, 9.388158798217773, 12.517449378967285, 14.384020805358887, 3.8738255500793457, 12.365791320800781, 7.604319095611572, 2.1577258110046387, 1.514750361442566, 13.732061386108398, 11.537315368652344, 13.85035514831543, 21.713462829589844, 22.6010799407959, 15.06899642944336, 24.63854217529297, 17.28753662109375, 21.698211669921875, 14.317742347717285], "dir": [342.51043701171875, 349.49530029296875, 216.07913208007812, 164.94674682617188, 11.839019775390625, 11.926651000976562, 11.626571655273438, 325.5291442871094, 340.15484619140625, 89.1048355102539, 125.92236328125, 20.977462768554688, 305.2389221191406, 224.47332763671875, 176.11871337890625, 178.15444946289062, 164.31497192382812, 183.12185668945312, 182.10263061523438, 153.23822021484375, 204.7368621826172, 206.2152099609375, 157.62655639648438, 165.68637084960938], "psl": [785.998779296875, 784.6522827148438, 783.072265625, 783.8889770507812, 784.9458618164062, 785.0989990234375, 783.562744140625, 783.4093627929688, 784.27734375, 783.277099609375, 782.1528930664062, 782.49462890625, 783.7579956054688, 784.3464965820312, 783.2725830078125, 783.371826171875, 784.3532104492188, 783.709228515625, 782.2101440429688, 782.8843994140625, 784.4417114257812, 785.0597534179688, 784.0623168945312, 784.6038818359375], "pre": [0.0, 0.0, 3.193753242492676, 3.959303140640259, 0.4128384590148926, 0.0, 0.0, 0.0, 0.0, 0.004786968231201172, 4.500451564788818, 7.852662086486816, 11.509084701538086, 1.4288597106933594, 4.696264266967773, 0.0180206298828125, 0.002994537353515625, 0.27491188049316406, 0.7034816741943359, 1.402872085571289, 4.72484016418457, 1.7919731140136719, 1.0312747955322266, 1.2522239685058594], "sw": [569.0924682617188, 1038.8717041015625, 723.2349243164062, 45.80464172363281, 0.0, 0.0, 0.0, 0.0, 160.2635955810547, 1050.0294189453125, 392.597412109375, 9.999999717180685e-10, 0.0, 0.0, 0.0, 0.0, 626.2930908203125, 907.6448364257812, 701.72607421875, 28.148420333862305, 0.0, 0.0, 0.0, 0.0], "rh": [67.28071594238281, 50.253997802734375, 64.76161193847656, 83.75484466552734, 79.03446197509766, 89.06663513183594, 91.8468017578125, 89.26737976074219, 73.29119110107422, 57.550025939941406, 86.439453125, 95.89181518554688, 97.70869445800781, 94.56784057617188, 95.92636108398438, 94.3432388305664, 79.15958404541016, 69.52400207519531, 68.15204620361328, 87.8484878540039, 91.5643539428711, 94.6858139038086, 94.97259521484375, 90.61922454833984]}