{"t2m": [16.447784423828125, 16.72479248046875, 15.820526123046875, 14.14398193359375, 13.562896728515625, 13.64019775390625, 13.94940185546875, 13.424560546875, 14.281494140625, 17.624237060546875, 15.68341064453125, 15.022064208984375, 14.681640625, 14.388519287109375, 13.013824462890625, 13.898101806640625, 18.20672607421875, 21.364410400390625, 16.49932861328125, 15.38885498046875, 15.7650146484375, 15.8033447265625, 14.617462158203125, 13.651336669921875], "wnd": [14.525080680847168, 15.3363676071167, 20.55362892150879, 13.581267356872559, 8.57008171081543, 7.607823371887207, 4.163608551025391, 7.708909034729004, 2.5509700775146484, 19.2437744140625, 11.241122245788574, 8.31589412689209, 3.2122366428375244, 1.0770515203475952, 2.1116394996643066, 9.918595314025879, 17.264039993286133, 15.21953296661377, 13.684288024902344, 10.89476490020752, 11.226996421813965, 13.91760540008545, 24.97260093688965, 23.80880355834961], "dir": [354.2898864746094, 6.3264923095703125, 8.953193664550781, 355.78826904296875, 338.85302734375, 335.96990966796875, 334.5600891113281, 2.9449462890625, 12.571968078613281, 353.58612060546875, 7.93017578125, 6.6179351806640625, 322.39312744140625, 6.192558288574219, 244.4896240234375, 171.960205078125, 181.65936279296875, 184.79649353027344, 8.322769165039062, 13.710464477539062, 175.1549072265625, 170.49867248535156, 166.53384399414062, 159.5722198486328], "psl": [788.3396606445312, 787.8605346679688, 786.3920288085938, 786.587158203125, 787.0839233398438, 786.9662475585938, 785.5906372070312, 785.44580078125, 786.3591918945312, 785.7334594726562, 784.5380249023438, 784.4896240234375, 785.1947631835938, 785.9502563476562, 784.5543212890625, 784.4576416015625, 785.5816650390625, 784.9041137695312, 784.3361206054688, 784.6090698242188, 785.7586669921875, 785.9893188476562, 785.0291137695312, 785.5095825195312], "pre": [1.2752111792522595e-27, 0.00011973056825809181, 0.001404404523782432, 0.045590780675411224, 0.019755803048610687, 0.022147316485643387, 0.003242362290620804, 0.0375213660299778, 0.0025374889373779297, 0.21952305734157562, 0.359192430973053, 1.0775893926620483, 0.25661587715148926, 7.736682891845703e-05, 0.0, 0.10428968071937561, 0.0006360709667205811, 0.3970620632171631, 8.854222297668457, 4.6383585929870605, 5.968883514404297, 1.760836124420166, 0.8107872009277344, 0.030718326568603516], "sw": [645.8515625, 719.9716796875, 374.9789733886719, 9.862616252576117e-07, 0.0, 0.0, 0.0, 9.999999717180685e-10, 95.93260955810547, 1035.0372314453125, 442.2936706542969, 9.524513244628906, 0.0, 0.0, 0.0, 0.0, 625.517578125, 904.9579467773438, 100.62301635742188, 25.13640594482422, 0.0, 0.0, 0.0, 0.0], "rh": [76.67317962646484, 82.1780776977539, 87.06709289550781, 97.29212188720703, 95.21507263183594, 95.19651794433594, 88.50439453125, 94.55218505859375, 89.94888305664062, 80.61691284179688, 91.05201721191406, 93.50079345703125, 96.42588806152344, 95.42135620117188, 96.94702911376953, 90.17948913574219, 70.53883361816406, 55.37154006958008, 93.85877990722656, 99.38658142089844, 88.7959213256836, 85.45358276367188, 82.95384979248047, 80.34322357177734]}