{"t2m": [21.8408203125, 23.1739501953125, 21.9664306640625, 20.445465087890625, 19.466949462890625, 20.491943359375, 20.225982666015625, 20.01385498046875, 22.216949462890625, 20.725341796875, 20.0115966796875, 20.633453369140625, 20.276947021484375, 20.296051025390625, 19.11376953125, 18.124267578125, 21.77972412109375, 23.4444580078125, 22.120635986328125, 21.530609130859375, 21.108612060546875, 20.164093017578125, 20.359649658203125, 20.132049560546875], "wnd": [7.845593452453613, 11.371238708496094, 12.565778732299805, 5.5134077072143555, 6.50824499130249, 5.696535110473633, 6.394339084625244, 5.112491607666016, 5.293703079223633, 8.648009300231934, 4.836377143859863, 4.158522129058838, 2.973083257675171, 3.172360897064209, 1.6773316860198975, 5.033176898956299, 4.545416355133057, 8.137816429138184, 4.784722805023193, 7.030799865722656, 7.5280327796936035, 3.189985990524292, 2.4196269512176514, 6.264920711517334], "dir": [13.842796325683594, 12.139923095703125, 41.796653747558594, 61.55958557128906, 230.97634887695312, 245.94326782226562, 260.0740966796875, 255.4975128173828, 287.71771240234375, 283.49688720703125, 306.2909240722656, 218.4854278564453, 109.30814361572266, 133.43751525878906, 74.41504669189453, 224.8213653564453, 304.13922119140625, 20.494102478027344, 2.9231796264648438, 258.3209533691406, 231.64930725097656, 59.03884506225586, 255.51588439941406, 253.42860412597656], "psl": [918.466064453125, 917.6168212890625, 915.9229125976562, 916.1395263671875, 916.4329833984375, 916.1453247070312, 914.8807983398438, 914.908935546875, 915.5557250976562, 915.4684448242188, 913.6976318359375, 913.3200073242188, 914.1402587890625, 915.1506958007812, 913.2931518554688, 913.189697265625, 914.2747802734375, 913.8284912109375, 912.8245849609375, 913.1782836914062, 913.8767700195312, 914.5402221679688, 913.2111206054688, 914.038818359375], "pre": [4.214290878413892e-33, 1.2658652849495411e-05, 5.315133094787598, 8.696020126342773, 0.7529057860374451, 0.0, 0.29049646854400635, 0.0006856918334960938, 0.42988675832748413, 0.5915005207061768, 1.8000164031982422, 7.8355512619018555, 0.27557945251464844, 9.908452033996582, 0.32881927490234375, 0.0041484832763671875, 0.0, 0.4722328186035156, 13.591262817382812, 4.595462799072266, 1.285573959350586, 2.128398895263672, 0.3539237976074219, 0.10469818115234375], "sw": [616.3473510742188, 1006.3991088867188, 623.52001953125, 54.761878967285156, 0.0, 0.0, 0.0, 9.999999717180685e-10, 617.5133666992188, 205.91136169433594, 48.71709060668945, 6.441216468811035, 0.0, 0.0, 0.0, 9.999999717180685e-10, 336.3243713378906, 598.1024169921875, 431.30462646484375, 21.476064682006836, 0.0, 0.0, 0.0, 9.999999717180685e-10], "rh": [80.48072814941406, 80.6812744140625, 95.27059173583984, 100.33694458007812, 96.10917663574219, 89.15044403076172, 90.23245239257812, 89.3719253540039, 80.6524887084961, 92.22669982910156, 99.740234375, 94.2959213256836, 97.40546417236328, 97.05975341796875, 91.79179382324219, 93.30147552490234, 88.27179718017578, 90.54423522949219, 97.75132751464844, 96.73712158203125, 92.9789047241211, 97.76148986816406, 92.41500854492188, 97.40093994140625]}