{"t2m": [17.43212890625, 21.687042236328125, 19.565765380859375, 15.8868408203125, 14.934173583984375, 13.72662353515625, 12.13262939453125, 11.421875, 16.776763916015625, 20.4793701171875, 16.842803955078125, 14.542022705078125, 14.29071044921875, 14.435150146484375, 13.530487060546875, 13.16510009765625, 16.53485107421875, 19.21405029296875, 20.163330078125, 16.280303955078125, 14.592071533203125, 14.164703369140625, 12.803009033203125, 12.33856201171875], "wnd": [9.171603202819824, 3.605708599090576, 7.834897041320801, 3.1755716800689697, 5.175933837890625, 1.7038267850875854, 8.834892272949219, 9.752795219421387, 8.986542701721191, 8.620580673217773, 12.681432723999023, 2.0157790184020996, 4.745762825012207, 6.051205635070801, 11.97990608215332, 3.4983553886413574, 15.375015258789062, 21.64427947998047, 22.838314056396484, 19.292478561401367, 10.71127700805664, 16.0168399810791, 17.90199089050293, 15.855542182922363], "dir": [351.7352600097656, 41.947139739990234, 28.746932983398438, 203.43136596679688, 288.7375183105469, 356.1043395996094, 342.5059509277344, 318.36016845703125, 347.72430419921875, 23.189537048339844, 336.85198974609375, 214.15367126464844, 157.84176635742188, 160.96722412109375, 124.89335632324219, 165.84225463867188, 140.8750762939453, 155.63641357421875, 155.58251953125, 144.7703399658203, 172.62705993652344, 174.7197265625, 142.64044189453125, 142.2335205078125], "psl": [777.4829711914062, 776.216064453125, 774.79150390625, 775.4329833984375, 776.4589233398438, 776.4647827148438, 775.0049438476562, 774.8856201171875, 775.7583618164062, 774.693115234375, 773.7059936523438, 773.91796875, 775.1640014648438, 775.7029418945312, 774.3650512695312, 774.5758056640625, 775.6101684570312, 774.9520263671875, 773.4216918945312, 774.0013427734375, 775.6871337890625, 776.205322265625, 775.263427734375, 775.8170166015625], "pre": [0.0, 2.0515009517715322e-38, 2.331317901611328, 6.434830665588379, 0.641563892364502, 0.0, 0.0, 0.0, 0.0, 0.1142740249633789, 3.7419488430023193, 13.7750244140625, 10.045089721679688, 2.737203598022461, 2.374713897705078, 0.0001354217529296875, 0.00145721435546875, 0.12683868408203125, 0.0035400390625, 0.010866165161132812, 1.372182846069336, 2.2224559783935547, 1.352071762084961, 0.1325702667236328], "sw": [524.300048828125, 956.7530517578125, 124.59008026123047, 7.954660892486572, 0.0, 0.0, 0.0, 0.0, 296.5748291015625, 1051.2252197265625, 199.9216766357422, 9.999999717180685e-10, 0.0, 0.0, 0.0, 0.0, 628.2788696289062, 1044.5994873046875, 870.9342041015625, 16.392702102661133, 0.0, 0.0, 0.0, 0.0], "rh": [65.50527954101562, 50.318695068359375, 64.25071716308594, 87.5859375, 87.15782928466797, 86.98206329345703, 88.70641326904297, 86.3787612915039, 69.89156341552734, 59.149436950683594, 84.04597473144531, 97.01299285888672, 97.26053619384766, 91.34120178222656, 94.04207611083984, 93.04947662353516, 79.50782012939453, 67.94734191894531, 64.26616668701172, 87.2894515991211, 86.7459716796875, 86.46768188476562, 96.0302505493164, 96.51576232910156]}