{"t2m": [14.767120361328125, 16.242401123046875, 15.760101318359375, 12.366943359375, 11.60406494140625, 11.43316650390625, 11.0125732421875, 10.98187255859375, 13.773651123046875, 16.6888427734375, 14.441925048828125, 13.796905517578125, 13.52740478515625, 12.8201904296875, 12.595489501953125, 12.22869873046875, 14.279510498046875, 17.24676513671875, 16.140472412109375, 13.267059326171875, 12.8487548828125, 12.4603271484375, 11.13525390625, 10.315216064453125], "wnd": [18.039060592651367, 21.131895065307617, 29.87926483154297, 23.45574951171875, 20.165794372558594, 17.427959442138672, 13.034154891967773, 16.025480270385742, 18.041683197021484, 22.260683059692383, 25.033403396606445, 19.991497039794922, 3.62223744392395, 3.577014207839966, 12.666123390197754, 16.604413986206055, 22.249284744262695, 25.61147117614746, 9.330314636230469, 14.588085174560547, 11.159093856811523, 21.62299919128418, 26.62764549255371, 27.232711791992188], "dir": [349.87164306640625, 356.61004638671875, 354.15277099609375, 349.5856018066406, 339.318115234375, 335.9024963378906, 324.12628173828125, 323.052490234375, 328.12786865234375, 349.2069091796875, 346.189697265625, 348.4856262207031, 25.718597412109375, 71.15213775634766, 171.33694458007812, 189.03628540039062, 191.50155639648438, 185.80491638183594, 150.7592010498047, 166.33590698242188, 151.30697631835938, 178.14596557617188, 189.93177795410156, 198.49795532226562], "psl": [751.8877563476562, 751.3049926757812, 749.7293701171875, 750.0619506835938, 750.605224609375, 750.425537109375, 749.2447509765625, 748.9846801757812, 749.8464965820312, 749.431884765625, 748.2281494140625, 748.252197265625, 749.1282958984375, 749.874755859375, 748.5848999023438, 748.769775390625, 749.8640747070312, 749.430419921875, 748.4649047851562, 748.9312744140625, 749.9923706054688, 750.2792358398438, 749.3425903320312, 749.67041015625], "pre": [0.0, 4.9347798708623166e-17, 5.985183015866369e-09, 0.010061497800052166, 0.009605498053133488, 0.00012635253369808197, 4.6566128730773926e-08, 1.2908130884170532e-06, 3.91155481338501e-08, 0.0025859021116048098, 0.000747844111174345, 0.0030341835226863623, 0.12906989455223083, 0.06981884688138962, 0.3945159912109375, 1.4156126976013184, 1.1694698333740234, 0.2523895502090454, 5.448544025421143, 9.041452407836914, 4.43328857421875, 5.134239673614502, 1.1365251541137695, 0.0025701522827148438], "sw": [654.4610595703125, 1007.0714721679688, 822.501708984375, 22.79959487915039, 0.0, 0.0, 0.0, 0.0, 200.28396606445312, 1060.1668701171875, 869.3150634765625, 210.52854919433594, 0.0, 0.0, 0.0, 0.0, 584.1288452148438, 909.71337890625, 146.71461486816406, 9.999999717180685e-10, 0.0, 0.0, 0.0, 0.0], "rh": [74.04185485839844, 72.51555633544922, 76.41822814941406, 95.12702941894531, 97.7989730834961, 97.22662353515625, 94.42121124267578, 93.87693786621094, 83.73577880859375, 72.11604309082031, 88.20018768310547, 89.36634063720703, 90.43946075439453, 94.28807067871094, 97.06938934326172, 94.9912109375, 84.97547149658203, 70.0418930053711, 78.44725036621094, 98.79316711425781, 99.3897476196289, 99.06797790527344, 95.88530731201172, 93.08861541748047]}