{"t2m": [19.94586181640625, 23.298614501953125, 21.07464599609375, 18.188812255859375, 16.39691162109375, 15.311920166015625, 14.4447021484375, 13.835906982421875, 19.3087158203125, 21.128143310546875, 22.851776123046875, 18.419891357421875, 17.37548828125, 15.648101806640625, 15.871673583984375, 15.777618408203125, 19.364959716796875, 21.523193359375, 20.9661865234375, 17.637786865234375, 15.953399658203125, 16.0792236328125, 16.139251708984375, 15.067596435546875], "wnd": [9.001640319824219, 11.053365707397461, 10.003228187561035, 22.28170394897461, 9.576889991760254, 2.4280436038970947, 4.710261821746826, 5.848005294799805, 6.485446453094482, 10.363924980163574, 18.924463272094727, 23.65414047241211, 13.11064338684082, 13.932343482971191, 6.695363521575928, 2.952857494354248, 16.216930389404297, 17.821754455566406, 20.502256393432617, 11.129347801208496, 4.800933837890625, 16.832143783569336, 9.933000564575195, 9.350398063659668], "dir": [120.48727416992188, 100.21076965332031, 112.69232177734375, 106.47498321533203, 129.2215576171875, 105.68409729003906, 9.318283081054688, 83.28680419921875, 156.52877807617188, 113.27030944824219, 116.01183319091797, 113.2633056640625, 126.135009765625, 191.80865478515625, 127.953857421875, 352.4194641113281, 128.38987731933594, 137.58377075195312, 144.64453125, 162.82701110839844, 127.72138214111328, 115.74050903320312, 108.30961608886719, 99.63247680664062], "psl": [812.4425048828125, 811.210205078125, 809.6531372070312, 810.2752075195312, 811.46435546875, 811.604248046875, 810.2132568359375, 809.9617309570312, 810.8115844726562, 810.0890502929688, 808.1520385742188, 808.8361206054688, 810.111083984375, 811.205810546875, 810.0830688476562, 809.9769287109375, 810.9268188476562, 810.3709106445312, 808.9866943359375, 809.810791015625, 811.6417846679688, 812.2924194335938, 810.8177490234375, 811.2496337890625], "pre": [0.0, 0.0, 4.242396831512451, 6.9431610107421875, 1.3806363344192505, 0.006952464580535889, 0.0, 0.0, 0.0, 1.5027227401733398, 0.2698531746864319, 5.628567218780518, 0.0, 0.55103600025177, 6.168427467346191, 1.49562406539917, 0.0, 0.0, 0.8058280944824219, 2.790207862854004, 5.896126747131348, 1.7670106887817383, 0.00301361083984375, 0.0], "sw": [625.654296875, 1044.1756591796875, 64.88087463378906, 2.719200372695923, 0.0, 0.0, 0.0, 0.0, 634.4583129882812, 417.64764404296875, 824.6962280273438, 102.88792419433594, 0.0, 0.0, 0.0, 0.0, 626.7852783203125, 1037.3846435546875, 379.49334716796875, 9.999999717180685e-10, 0.0, 0.0, 0.0, 0.0], "rh": [62.589542388916016, 51.11016082763672, 67.8160400390625, 80.40119171142578, 89.46002960205078, 92.94667053222656, 90.56092834472656, 89.56722259521484, 71.02857208251953, 64.2020263671875, 55.21258544921875, 82.75035858154297, 86.45161437988281, 97.64137268066406, 93.4148941040039, 94.15381622314453, 71.65850067138672, 62.2260627746582, 67.14767456054688, 87.0603256225586, 97.38567352294922, 82.1751937866211, 72.20280456542969, 72.02169036865234]}