{"t2m": [24.237457275390625, 28.80499267578125, 31.63226318359375, 23.817108154296875, 20.51513671875, 20.640167236328125, 19.70599365234375, 20.47393798828125, 22.382537841796875, 27.02020263671875, 29.543792724609375, 20.75390625, 19.960205078125, 20.52008056640625, 20.5106201171875, 19.259613037109375, 22.88336181640625, 27.124664306640625, 27.490203857421875, 23.640167236328125, 21.948699951171875, 20.62725830078125, 20.737579345703125, 20.126739501953125], "wnd": [3.2407066822052, 3.912482738494873, 4.386112213134766, 9.439446449279785, 6.6750569343566895, 9.352193832397461, 3.1573245525360107, 2.035092353820801, 1.3634727001190186, 2.197903633117676, 2.3666651248931885, 6.246603012084961, 4.603784084320068, 4.684777736663818, 3.2188782691955566, 3.535184144973755, 0.9542112946510315, 2.6362802982330322, 8.017671585083008, 6.19132137298584, 7.707098007202148, 1.883872151374817, 2.6310181617736816, 2.4607315063476562], "dir": [219.8578643798828, 258.042236328125, 174.68011474609375, 149.29562377929688, 189.64495849609375, 317.82476806640625, 335.36187744140625, 339.93548583984375, 118.47650909423828, 351.78057861328125, 142.3789520263672, 94.74633026123047, 203.13275146484375, 357.8537902832031, 323.39715576171875, 284.634765625, 137.84762573242188, 161.815185546875, 226.3132781982422, 107.87249755859375, 68.42169952392578, 35.18122863769531, 282.235107421875, 204.57220458984375], "psl": [901.280517578125, 899.05810546875, 895.9548950195312, 898.3616943359375, 900.6461181640625, 900.9636840820312, 899.3484497070312, 899.170166015625, 900.1795043945312, 898.30126953125, 895.4428100585938, 897.63037109375, 899.210205078125, 900.1917724609375, 899.2676391601562, 898.9745483398438, 899.8837280273438, 898.4491577148438, 896.6939086914062, 898.1806030273438, 900.251220703125, 901.3660888671875, 899.951416015625, 900.490234375], "pre": [0.0, 0.0, 0.0, 4.175586700439453, 19.30805206298828, 0.23504161834716797, 0.0, 0.10023784637451172, 0.0028352737426757812, 0.0, 0.011038780212402344, 12.146763801574707, 6.501703262329102, 5.420930862426758, 0.30791664123535156, 0.0, 0.0, 0.0, 0.11335372924804688, 1.5928268432617188, 0.015073776245117188, 1.1630477905273438, 0.32489776611328125, 0.1433238983154297], "sw": [607.6680297851562, 1017.5668334960938, 617.5770874023438, 9.765395164489746, 0.0, 0.0, 0.0, 0.0, 605.1360473632812, 1010.9956665039062, 747.7944946289062, 7.130259037017822, 0.0, 0.0, 0.0, 0.0, 596.2974243164062, 853.9522705078125, 441.9956970214844, 1.424666404724121, 0.0, 0.0, 0.0, 0.0], "rh": [64.86030578613281, 47.91857147216797, 38.225833892822266, 76.77442169189453, 94.85801696777344, 94.21820831298828, 96.01012420654297, 91.51737976074219, 81.93103790283203, 57.25413513183594, 47.323463439941406, 94.08702087402344, 97.45443725585938, 96.048583984375, 92.5712661743164, 94.39230346679688, 77.24098205566406, 58.344154357910156, 57.80679702758789, 81.30964660644531, 84.294921875, 93.9029312133789, 82.19953155517578, 88.41767883300781]}