{"t2m": [23.076080322265625, 25.772857666015625, 26.401611328125, 18.75421142578125, 17.940704345703125, 18.03997802734375, 16.27789306640625, 15.808135986328125, 19.83929443359375, 23.362213134765625, 24.281097412109375, 19.22149658203125, 18.2877197265625, 17.022247314453125, 17.546173095703125, 18.018585205078125, 21.4248046875, 23.150848388671875, 23.916534423828125, 17.722930908203125, 18.3280029296875, 18.27484130859375, 17.139892578125, 16.640228271484375], "wnd": [2.221247434616089, 12.24035358428955, 4.10736083984375, 17.11302947998047, 8.193607330322266, 2.777761459350586, 2.9389610290527344, 5.911991119384766, 6.313683032989502, 9.844744682312012, 8.89210033416748, 12.299480438232422, 7.245639324188232, 12.063416481018066, 3.065534830093384, 7.623015403747559, 5.55808687210083, 6.106707572937012, 12.77375316619873, 5.799996852874756, 9.894920349121094, 5.6558942794799805, 8.64980411529541, 10.938838958740234], "dir": [71.82992553710938, 205.85073852539062, 256.8221740722656, 55.399959564208984, 101.59469604492188, 289.0067138671875, 158.51112365722656, 25.070663452148438, 197.27069091796875, 204.93984985351562, 215.98724365234375, 160.69256591796875, 15.784889221191406, 173.703857421875, 322.35308837890625, 25.22313690185547, 79.3216781616211, 225.39022827148438, 202.082763671875, 91.55563354492188, 284.42010498046875, 334.0484924316406, 55.262428283691406, 2.1085357666015625], "psl": [845.7047119140625, 844.2578125, 842.0474243164062, 844.130615234375, 844.929931640625, 845.3779907226562, 843.7198486328125, 843.512451171875, 844.4380493164062, 843.2870483398438, 841.40478515625, 842.0426635742188, 843.6578369140625, 844.9129638671875, 843.945068359375, 843.4946899414062, 844.297119140625, 843.7837524414062, 842.0850219726562, 843.2232666015625, 845.1654663085938, 845.7064208984375, 844.8245239257812, 845.20263671875], "pre": [0.0, 1.8446412096897315e-35, 0.9193214178085327, 16.405996322631836, 7.869447708129883, 0.16152095794677734, 0.0, 0.0, 0.0, 0.0, 1.3707008361816406, 4.228346824645996, 12.243158340454102, 13.455759048461914, 8.092185974121094, 1.4604530334472656, 0.0, 0.008174896240234375, 0.17874526977539062, 5.779777526855469, 4.063129425048828, 2.3384933471679688, 1.981292724609375, 1.323028564453125], "sw": [579.2070922851562, 1026.091064453125, 801.4100341796875, 0.7794138789176941, 0.0, 0.0, 0.0, 0.0, 612.2650756835938, 1028.9080810546875, 746.250244140625, 29.851238250732422, 0.0, 0.0, 0.0, 0.0, 533.4013061523438, 859.6686401367188, 617.1268310546875, 7.2328715324401855, 0.0, 0.0, 0.0, 0.0], "rh": [53.93849182128906, 49.19538879394531, 51.919334411621094, 89.78433227539062, 95.76997375488281, 94.7308349609375, 99.5894775390625, 93.03280639648438, 79.14073181152344, 65.82872772216797, 65.29434204101562, 91.1418228149414, 93.41180419921875, 100.06172943115234, 93.47334289550781, 85.12700653076172, 66.29988861083984, 64.01065063476562, 60.06252670288086, 96.89411926269531, 88.62478637695312, 84.89167785644531, 92.40673828125, 89.25445556640625]}