{"t2m": [14.880889892578125, 15.636749267578125, 15.123748779296875, 14.77935791015625, 15.021240234375, 15.056396484375, 14.96856689453125, 14.757537841796875, 15.866943359375, 16.059295654296875, 16.2557373046875, 15.215301513671875, 14.996978759765625, 14.95904541015625, 15.017181396484375, 15.355987548828125, 16.041717529296875, 16.924468994140625, 16.9051513671875, 16.15234375, 15.821624755859375, 15.490753173828125, 16.86529541015625, 16.50738525390625], "wnd": [9.562429428100586, 13.199726104736328, 10.514716148376465, 5.937499046325684, 9.094090461730957, 11.624305725097656, 16.194778442382812, 15.125016212463379, 20.838733673095703, 15.576764106750488, 14.124429702758789, 7.312281608581543, 2.5312306880950928, 2.1366095542907715, 3.6485254764556885, 2.6151881217956543, 3.3456223011016846, 8.093854904174805, 8.990174293518066, 8.352489471435547, 2.883235454559326, 4.684538841247559, 25.086585998535156, 19.750286102294922], "dir": [12.502220153808594, 19.55902099609375, 13.393646240234375, 283.63360595703125, 252.84039306640625, 277.3511047363281, 260.66455078125, 267.91998291015625, 272.75079345703125, 323.8954772949219, 294.30865478515625, 87.4573974609375, 34.37465286254883, 79.1208267211914, 280.34710693359375, 246.7947235107422, 335.2721252441406, 36.92058563232422, 12.615776062011719, 329.3586730957031, 51.478240966796875, 110.93819427490234, 196.4990997314453, 195.3929443359375], "psl": [807.1609497070312, 806.52197265625, 805.222412109375, 805.1651000976562, 805.5092163085938, 805.23486328125, 803.6774291992188, 803.6525268554688, 804.50927734375, 804.301025390625, 802.972412109375, 803.0032958984375, 803.674072265625, 804.4458618164062, 802.8173217773438, 802.924072265625, 804.0888061523438, 803.7723999023438, 802.7306518554688, 803.0401000976562, 803.920166015625, 804.5067749023438, 802.379638671875, 803.0303344726562], "pre": [4.4898651718186175e-14, 0.6967206597328186, 1.9248676300048828, 3.268448829650879, 0.20885539054870605, 0.0, 7.033348083496094e-05, 9.298324584960938e-06, 0.0015103816986083984, 0.5686061382293701, 1.583677053451538, 5.528164863586426, 0.3869318962097168, 0.23558282852172852, 2.412105083465576, 2.177764892578125, 0.8105573654174805, 1.0977191925048828, 4.582180976867676, 2.0921335220336914, 2.610004425048828, 1.214491844177246, 1.0671262741088867, 0.14681529998779297], "sw": [148.03817749023438, 189.32467651367188, 96.2362060546875, 9.281935691833496, 0.0, 0.0, 0.0, 9.999999717180685e-10, 224.25621032714844, 272.7341003417969, 377.3153381347656, 2.8488240242004395, 0.0, 0.0, 0.0, 9.999999717180685e-10, 68.9202651977539, 242.201904296875, 134.098388671875, 1.3790153019499485e-08, 0.0, 0.0, 0.0, 9.999999717180685e-10], "rh": [95.83939361572266, 99.13184356689453, 99.51549530029297, 95.80805206298828, 90.64912414550781, 90.60497283935547, 89.94801330566406, 91.60706329345703, 88.02235412597656, 98.90266418457031, 95.29510498046875, 99.94226837158203, 99.90608978271484, 99.92871856689453, 96.9755859375, 93.66985321044922, 88.61338806152344, 99.61502838134766, 99.88175201416016, 100.0176773071289, 100.01884460449219, 96.58599853515625, 73.46037292480469, 63.579566955566406]}