{"t2m": [15.947662353515625, 18.221038818359375, 16.981964111328125, 14.372772216796875, 12.36151123046875, 11.361114501953125, 11.65545654296875, 11.82281494140625, 13.00262451171875, 15.39996337890625, 16.117889404296875, 14.244293212890625, 13.213897705078125, 13.187225341796875, 12.1055908203125, 12.037139892578125, 14.5338134765625, 14.590728759765625, 14.904510498046875, 13.93890380859375, 13.01416015625, 12.498077392578125, 11.987945556640625, 10.843109130859375], "wnd": [17.792747497558594, 16.0700740814209, 23.730487823486328, 20.281831741333008, 13.706870079040527, 10.12007999420166, 7.2218170166015625, 9.021286964416504, 5.144547462463379, 9.455007553100586, 20.267648696899414, 19.45130729675293, 5.4024763107299805, 2.7704405784606934, 6.219000339508057, 2.9620275497436523, 3.330340623855591, 18.846887588500977, 27.576419830322266, 23.389511108398438, 8.439813613891602, 4.326829433441162, 12.076534271240234, 5.315868854522705], "dir": [64.33396911621094, 38.9238395690918, 81.61016845703125, 25.741546630859375, 32.41259002685547, 16.9210205078125, 20.999710083007812, 9.557167053222656, 338.42926025390625, 55.26618576049805, 111.72344207763672, 118.1942367553711, 161.4757080078125, 148.65277099609375, 204.9759521484375, 284.8455810546875, 252.1404571533203, 100.8836669921875, 104.37277221679688, 98.61895751953125, 165.78854370117188, 62.92809295654297, 224.55699157714844, 75.27863311767578], "psl": [749.1763916015625, 748.4087524414062, 746.9329833984375, 747.364990234375, 748.1746826171875, 748.00341796875, 746.8584594726562, 746.5234375, 747.5479125976562, 747.193359375, 745.641357421875, 745.7050170898438, 746.794189453125, 747.5242309570312, 746.4073486328125, 746.6314086914062, 747.6492919921875, 747.280517578125, 746.0933837890625, 746.381591796875, 747.6345825195312, 748.2588500976562, 746.7918701171875, 747.44873046875], "pre": [6.22990339223938e-30, 2.6994124006914166e-24, 7.863894779802649e-07, 0.6762865781784058, 0.020965635776519775, 0.0, 0.0, 0.0016944408416748047, 0.000942721962928772, 0.9191838502883911, 0.23602280020713806, 1.0079724788665771, 0.27766966819763184, 0.17265212535858154, 4.958486557006836, 0.865210771560669, 0.0853271484375, 2.7758491039276123, 0.7908172607421875, 0.5311489105224609, 2.4348530769348145, 10.971025466918945, 0.5026893615722656, 0.005886077880859375], "sw": [660.1248168945312, 1063.886962890625, 865.39892578125, 7.268808841705322, 0.0, 0.0, 0.0, 9.999999717180685e-10, 448.08514404296875, 201.8595428466797, 857.484375, 33.80833435058594, 0.0, 0.0, 0.0, 9.999999717180685e-10, 497.00335693359375, 136.09036254882812, 274.1396789550781, 6.794221878051758, 0.0, 0.0, 0.0, 9.999999717180685e-10], "rh": [63.69942855834961, 57.65624237060547, 70.45112609863281, 84.43006134033203, 90.08460998535156, 93.73143005371094, 94.8626937866211, 95.4390640258789, 90.6793212890625, 78.19769287109375, 77.11414337158203, 82.7348861694336, 91.27112579345703, 87.22931671142578, 97.3028564453125, 95.1590347290039, 78.9636459350586, 82.95194244384766, 80.75279235839844, 84.03449249267578, 92.31122589111328, 91.17095184326172, 83.9239501953125, 88.1030044555664]}