{"t2m": [17.7144775390625, 19.251800537109375, 16.368743896484375, 16.38018798828125, 16.228271484375, 14.8431396484375, 15.09332275390625, 15.9293212890625, 16.926666259765625, 17.407928466796875, 17.24908447265625, 16.362213134765625, 16.217041015625, 15.929412841796875, 15.91522216796875, 15.42584228515625, 17.373748779296875, 17.0528564453125, 16.692474365234375, 16.057403564453125, 16.4388427734375, 16.405975341796875, 16.084381103515625, 14.90740966796875], "wnd": [8.109137535095215, 9.41907024383545, 11.540386199951172, 8.140068054199219, 1.5866260528564453, 8.516645431518555, 4.56705379486084, 5.053774356842041, 7.11106014251709, 11.070503234863281, 13.440872192382812, 6.780773162841797, 5.616299629211426, 4.4291558265686035, 5.614899635314941, 3.701751708984375, 7.3287224769592285, 9.249841690063477, 10.404129028320312, 4.508683681488037, 2.8374619483947754, 4.0452165603637695, 4.288178443908691, 5.220686912536621], "dir": [75.36430358886719, 73.770751953125, 98.49092102050781, 137.15199279785156, 146.29774475097656, 254.93019104003906, 262.6871337890625, 183.78695678710938, 111.97796630859375, 89.74472045898438, 90.82713317871094, 71.47975158691406, 307.5882568359375, 129.4404754638672, 110.91844940185547, 255.67184448242188, 70.29772186279297, 94.3205337524414, 65.47723388671875, 132.8516845703125, 75.91351318359375, 213.1981201171875, 183.5517578125, 206.11740112304688], "psl": [835.8290405273438, 834.8013916015625, 833.8019409179688, 833.560302734375, 834.2648315429688, 833.8089599609375, 832.3348388671875, 832.4092407226562, 833.6475219726562, 833.6235961914062, 832.0687255859375, 832.19189453125, 832.9258422851562, 833.968994140625, 832.720703125, 832.7835693359375, 834.0377197265625, 833.9308471679688, 832.7142944335938, 833.1242065429688, 834.18212890625, 834.702392578125, 833.0069580078125, 833.7536010742188], "pre": [0.0, 0.5775789618492126, 12.929635047912598, 4.795845031738281, 1.9063591957092285, 1.5729846954345703, 0.0, 0.0, 0.010227203369140625, 3.004897117614746, 11.150848388671875, 4.502524375915527, 1.0524282455444336, 12.025915145874023, 16.033321380615234, 6.710378646850586, 0.47634315490722656, 7.957958221435547, 5.516765594482422, 2.7564315795898438, 1.8018531799316406, 5.402790069580078, 0.4705352783203125, 0.0], "sw": [641.843017578125, 1036.7889404296875, 49.47642135620117, 9.999999717180685e-10, 0.0, 0.0, 0.0, 9.999999717180685e-10, 135.14634704589844, 253.65643310546875, 113.18787384033203, 6.893331050872803, 0.0, 0.0, 0.0, 9.999999717180685e-10, 260.68682861328125, 239.6515350341797, 138.9180908203125, 57.187957763671875, 0.0, 0.0, 0.0, 9.999999717180685e-10], "rh": [87.80103302001953, 86.75068664550781, 100.06745910644531, 100.16120910644531, 100.08802795410156, 88.87726593017578, 83.20223236083984, 92.17877197265625, 99.84854888916016, 100.07182312011719, 100.12094116210938, 100.14447021484375, 99.33729553222656, 100.21417236328125, 100.2468490600586, 98.87728118896484, 100.26004028320312, 100.2302017211914, 100.0728988647461, 99.16533660888672, 96.68038177490234, 90.57839965820312, 80.4490737915039, 77.34196472167969]}