{"t2m": [16.718841552734375, 16.284454345703125, 16.382232666015625, 15.546600341796875, 14.6904296875, 14.885406494140625, 15.047149658203125, 14.946258544921875, 16.560333251953125, 16.25958251953125, 16.382293701171875, 15.79022216796875, 15.8883056640625, 15.50054931640625, 13.539764404296875, 14.56573486328125, 17.92352294921875, 17.441436767578125, 17.123199462890625, 16.53265380859375, 16.815155029296875, 16.51922607421875, 16.104736328125, 14.551239013671875], "wnd": [10.941864013671875, 13.267160415649414, 9.793086051940918, 5.330227375030518, 2.056633949279785, 6.706951141357422, 2.7492947578430176, 2.136272668838501, 3.1428558826446533, 9.857438087463379, 8.252442359924316, 3.8017444610595703, 2.733119249343872, 3.5238184928894043, 4.445189476013184, 0.6608173251152039, 4.623082637786865, 10.469294548034668, 9.724206924438477, 4.218896865844727, 7.307719707489014, 3.8045589923858643, 1.2105712890625, 2.764510154724121], "dir": [32.04035949707031, 29.304786682128906, 30.25341033935547, 62.2811279296875, 336.355224609375, 201.30300903320312, 294.5946044921875, 183.58157348632812, 1.0632476806640625, 17.122756958007812, 27.402095794677734, 0.27555084228515625, 290.13336181640625, 332.85784912109375, 161.25790405273438, 81.74079895019531, 34.919132232666016, 25.24262237548828, 10.598098754882812, 17.890518188476562, 205.97821044921875, 145.10189819335938, 174.80593872070312, 237.4084930419922], "psl": [822.53515625, 822.0198974609375, 820.4338989257812, 820.5635375976562, 821.0223999023438, 820.7714233398438, 819.46240234375, 819.26611328125, 820.1581420898438, 819.863037109375, 818.2752075195312, 818.124755859375, 818.9279174804688, 819.7343139648438, 818.1572875976562, 818.0639038085938, 819.0845947265625, 818.9517822265625, 818.1387329101562, 818.3675537109375, 819.0493774414062, 819.367431640625, 818.2230224609375, 818.7615356445312], "pre": [3.31261183029769e-26, 0.7504621148109436, 0.8234364986419678, 1.4943761825561523, 1.612929105758667, 6.222724914550781e-05, 0.0, 0.0, 0.19373703002929688, 3.250795841217041, 1.7498295307159424, 2.6597464084625244, 1.755115032196045, 0.3370218276977539, 0.0014638900756835938, 0.03946971893310547, 0.14284896850585938, 0.18941259384155273, 4.372574329376221, 2.3553929328918457, 5.489105701446533, 3.912067413330078, 3.6177425384521484, 0.265289306640625], "sw": [603.3161010742188, 160.27609252929688, 321.17083740234375, 9.999999717180685e-10, 0.0, 0.0, 0.0, 9.999999717180685e-10, 192.9232940673828, 254.70272827148438, 84.67138671875, 6.3413615226745605, 0.0, 0.0, 0.0, 0.0, 578.20654296875, 227.9210662841797, 80.33041381835938, 9.999999717180685e-10, 0.0, 0.0, 0.0, 0.0], "rh": [89.01105499267578, 99.62647247314453, 99.65003204345703, 99.9762954711914, 100.75405883789062, 92.38023376464844, 92.81636810302734, 94.2325210571289, 86.0387191772461, 99.76121520996094, 99.93033599853516, 100.02205657958984, 97.99560546875, 100.0189437866211, 97.67028045654297, 89.19862365722656, 86.71173095703125, 99.44093322753906, 100.04302215576172, 100.13719940185547, 94.10391235351562, 95.48931884765625, 94.52681732177734, 98.1552505493164]}