{"t2m": [16.339263916015625, 19.94732666015625, 19.485260009765625, 16.1197509765625, 13.746917724609375, 12.36334228515625, 12.108978271484375, 10.376129150390625, 15.70941162109375, 17.268646240234375, 14.97686767578125, 13.88409423828125, 13.51092529296875, 13.59881591796875, 13.248321533203125, 12.7701416015625, 15.559295654296875, 17.65374755859375, 17.28204345703125, 14.663665771484375, 13.691131591796875, 13.26885986328125, 12.229248046875, 11.978790283203125], "wnd": [17.074636459350586, 18.03925132751465, 22.97909164428711, 25.90362548828125, 17.02506446838379, 10.196549415588379, 9.626331329345703, 9.304795265197754, 13.316648483276367, 9.080296516418457, 5.912508010864258, 12.131819725036621, 5.930147171020508, 4.001491069793701, 13.626691818237305, 8.439355850219727, 15.62417221069336, 20.570154190063477, 17.67742156982422, 10.064245223999023, 14.50953197479248, 18.22103500366211, 20.05284309387207, 13.360769271850586], "dir": [5.367225646972656, 17.07616424560547, 21.606185913085938, 22.57422637939453, 20.53514862060547, 6.491355895996094, 10.529884338378906, 24.647010803222656, 25.49932861328125, 162.04443359375, 319.52001953125, 352.1846923828125, 318.8649597167969, 274.64715576171875, 164.58421325683594, 207.80618286132812, 193.27572631835938, 195.30210876464844, 214.667236328125, 224.59884643554688, 198.8309326171875, 171.07931518554688, 177.91378784179688, 177.3770751953125], "psl": [763.0948486328125, 762.1812744140625, 760.4258422851562, 761.0628662109375, 762.0829467773438, 762.0125122070312, 760.8570556640625, 760.5287475585938, 761.43603515625, 760.946533203125, 759.6649780273438, 759.7957763671875, 760.811767578125, 761.5328369140625, 760.3226318359375, 760.5855712890625, 761.5971069335938, 761.06494140625, 759.8392944335938, 760.261474609375, 761.7515869140625, 762.253662109375, 761.3126831054688, 761.599853515625], "pre": [8.631998540240873e-39, 0.0, 0.6066036820411682, 4.567244052886963, 0.0, 0.0, 0.0, 0.0, 0.0008544921875, 1.2906478643417358, 4.577467441558838, 12.43994140625, 4.919406890869141, 0.4941368103027344, 0.3056983947753906, 3.236666679382324, 0.7573337554931641, 0.44133949279785156, 1.3787460327148438, 1.6938581466674805, 5.233514785766602, 10.058815002441406, 3.1680240631103516, 0.00220489501953125], "sw": [648.8836059570312, 1060.1192626953125, 369.8969421386719, 112.30989837646484, 0.0, 0.0, 0.0, 0.0, 651.4671630859375, 373.3675842285156, 103.70135498046875, 11.65211009979248, 0.0, 0.0, 0.0, 0.0, 636.7684326171875, 1049.3157958984375, 814.9917602539062, 19.075639724731445, 0.0, 0.0, 0.0, 0.0], "rh": [70.5895004272461, 53.56879425048828, 63.43918991088867, 78.72354888916016, 88.41625213623047, 96.17640686035156, 95.56088256835938, 98.63803100585938, 78.8650894165039, 73.08873748779297, 88.0899658203125, 97.53079223632812, 98.3443374633789, 96.29275512695312, 93.97270202636719, 98.42962646484375, 81.53943634033203, 71.66300964355469, 77.93359375, 93.49797058105469, 96.01543426513672, 94.02083587646484, 86.88028717041016, 82.13886260986328]}