{"t2m": [19.114654541015625, 22.76025390625, 19.606292724609375, 16.0169677734375, 15.492919921875, 14.108123779296875, 12.926361083984375, 13.825103759765625, 18.545684814453125, 19.86761474609375, 19.14447021484375, 15.021697998046875, 16.0284423828125, 15.6641845703125, 14.11871337890625, 13.9769287109375, 16.36981201171875, 19.97186279296875, 17.462066650390625, 15.9241943359375, 14.54095458984375, 14.2469482421875, 13.73486328125, 13.670074462890625], "wnd": [13.72360897064209, 14.405898094177246, 10.27460765838623, 5.623943328857422, 2.1469779014587402, 2.6117961406707764, 6.631861209869385, 6.89917516708374, 14.085899353027344, 5.3907270431518555, 7.587836265563965, 2.40494966506958, 1.5753116607666016, 5.7749457359313965, 11.459588050842285, 5.63552713394165, 6.293965816497803, 20.008617401123047, 6.56149959564209, 7.31264066696167, 11.781946182250977, 11.22299861907959, 7.014337539672852, 1.5110478401184082], "dir": [20.149261474609375, 19.612457275390625, 140.32684326171875, 210.31088256835938, 303.000732421875, 236.8153839111328, 21.190391540527344, 30.630565643310547, 44.90583038330078, 143.85646057128906, 172.78823852539062, 186.74069213867188, 282.912841796875, 200.984375, 213.26710510253906, 224.10446166992188, 181.3604736328125, 174.67794799804688, 164.86172485351562, 228.10513305664062, 203.8899383544922, 165.41650390625, 156.41555786132812, 178.5110626220703], "psl": [788.0767211914062, 786.8875732421875, 785.6107788085938, 786.2457885742188, 787.1209106445312, 787.3187255859375, 785.9080200195312, 785.616455078125, 786.325927734375, 785.87646484375, 784.427001953125, 785.0702514648438, 785.892333984375, 786.7118530273438, 785.7642211914062, 785.912109375, 786.9134521484375, 786.1456909179688, 784.974853515625, 785.4216918945312, 787.2306518554688, 787.6604614257812, 786.8843994140625, 787.1119384765625], "pre": [1.7607858450661666e-34, 5.678062453641379e-35, 0.848816454410553, 13.09295654296875, 4.230863094329834, 0.0, 0.0, 0.0, 0.00115966796875, 0.6913108825683594, 3.285536050796509, 17.21709442138672, 2.652989387512207, 0.0757589340209961, 3.6892824172973633, 12.52550983428955, 0.4594612121582031, 1.6096305847167969, 4.276645660400391, 9.784954071044922, 12.935506820678711, 13.282588958740234, 5.620296478271484, 0.045444488525390625], "sw": [630.3275756835938, 1050.9459228515625, 145.43482971191406, 9.999999717180685e-10, 0.0, 0.0, 0.0, 0.0, 644.3543701171875, 451.2492980957031, 707.1539916992188, 9.999999717180685e-10, 0.0, 0.0, 0.0, 0.0, 345.9273681640625, 884.6283569335938, 146.1798858642578, 29.433414459228516, 0.0, 0.0, 0.0, 0.0], "rh": [62.1274299621582, 46.26039505004883, 66.1495361328125, 91.46556091308594, 90.50814819335938, 91.61156463623047, 92.85982513427734, 86.34738159179688, 69.31792449951172, 63.703453063964844, 72.70404052734375, 96.53101348876953, 86.30176544189453, 86.86714935302734, 99.65900421142578, 98.5662612915039, 83.4695816040039, 62.99609375, 80.70418548583984, 94.1116714477539, 99.88703155517578, 98.37088775634766, 90.9449462890625, 84.56974792480469]}