{"t2m": [21.917633056640625, 26.083160400390625, 27.202056884765625, 23.12835693359375, 20.585662841796875, 19.803009033203125, 18.289794921875, 17.583465576171875, 21.957916259765625, 26.2265625, 26.906280517578125, 22.99700927734375, 20.8841552734375, 18.719390869140625, 18.38397216796875, 18.852508544921875, 21.5718994140625, 25.960540771484375, 26.67315673828125, 21.517730712890625, 19.0623779296875, 19.107391357421875, 20.07904052734375, 19.0687255859375], "wnd": [7.624054908752441, 15.825199127197266, 22.561607360839844, 24.75056266784668, 14.023608207702637, 3.909538745880127, 3.225584030151367, 6.3185930252075195, 5.462716579437256, 17.2897891998291, 15.217813491821289, 14.193045616149902, 18.653406143188477, 6.157495498657227, 2.351806640625, 3.1363372802734375, 2.5102553367614746, 13.939132690429688, 17.70075798034668, 25.035192489624023, 3.6540474891662598, 4.442702770233154, 3.449916362762451, 2.391108512878418], "dir": [128.99197387695312, 141.80499267578125, 141.9322509765625, 158.44137573242188, 121.54788208007812, 115.65348815917969, 284.8545227050781, 324.1961669921875, 124.98413848876953, 141.78250122070312, 112.3962173461914, 149.18017578125, 135.8328399658203, 158.16921997070312, 209.62921142578125, 201.07757568359375, 194.09396362304688, 136.72303771972656, 120.9831771850586, 163.42721557617188, 168.96612548828125, 24.53624725341797, 283.3708190917969, 335.02044677734375], "psl": [880.2952270507812, 878.4617309570312, 876.3244018554688, 877.7224731445312, 879.2588500976562, 879.452392578125, 877.877197265625, 877.65625, 878.5769653320312, 877.095947265625, 874.708740234375, 876.0354614257812, 877.8095092773438, 878.947021484375, 877.8308715820312, 877.8256225585938, 878.62646484375, 877.3087768554688, 875.4898681640625, 876.8545532226562, 879.3142700195312, 880.45166015625, 878.299560546875, 878.929443359375], "pre": [0.0, 1.0229450449711022e-35, 1.0914279020977106e-20, 0.0480816587805748, 2.5915094738593325e-05, 7.071139407344162e-08, 8.708047971595079e-08, 0.0, 0.0, 0.0, 0.6779353618621826, 4.992616653442383, 0.025813274085521698, 5.592772960662842, 3.174132823944092, 0.30507612228393555, 0.0, 0.0, 1.0708770751953125, 0.555877685546875, 9.975634574890137, 5.385288238525391, 0.4129314422607422, 0.0], "sw": [620.1626586914062, 1026.3125, 392.60174560546875, 5.960196495056152, 0.0, 0.0, 0.0, 0.0, 625.3408203125, 1025.941650390625, 192.1333770751953, 6.71940279006958, 0.0, 0.0, 0.0, 0.0, 611.7233276367188, 1020.9827880859375, 378.9851379394531, 9.999999717180685e-10, 0.0, 0.0, 0.0, 0.0], "rh": [67.7992172241211, 51.25322341918945, 48.68798828125, 63.42822265625, 76.94471740722656, 79.99172973632812, 88.45720672607422, 88.36978912353516, 69.28138732910156, 51.344459533691406, 50.99571990966797, 70.51416778564453, 79.75227355957031, 95.68233489990234, 97.39111328125, 91.93792724609375, 77.51508331298828, 55.66630554199219, 53.2374382019043, 77.84927368164062, 95.435302734375, 91.30437469482422, 75.23260498046875, 71.92231750488281]}