{"t2m": [19.060638427734375, 22.998687744140625, 20.049224853515625, 16.75653076171875, 16.554931640625, 14.565399169921875, 14.017120361328125, 13.387115478515625, 18.22589111328125, 20.446502685546875, 19.98065185546875, 15.86993408203125, 16.675994873046875, 15.50164794921875, 14.388427734375, 14.375640869140625, 16.611175537109375, 19.34686279296875, 17.76080322265625, 15.8675537109375, 14.682403564453125, 14.613006591796875, 13.92584228515625, 14.287689208984375], "wnd": [13.29507064819336, 12.428766250610352, 12.362983703613281, 5.5966949462890625, 3.3106911182403564, 1.5994850397109985, 6.684160232543945, 6.559300422668457, 8.395273208618164, 8.969751358032227, 18.518064498901367, 14.472397804260254, 6.214256286621094, 9.28800106048584, 17.49131965637207, 6.734100818634033, 3.229468822479248, 22.952781677246094, 22.978416442871094, 11.824345588684082, 11.516318321228027, 14.5027494430542, 10.172798156738281, 0.20364464819431305], "dir": [24.3416748046875, 34.528587341308594, 217.050537109375, 85.00482940673828, 50.22838592529297, 251.90777587890625, 18.53802490234375, 45.90156936645508, 49.68438720703125, 171.3383026123047, 179.89755249023438, 33.062801361083984, 35.96400833129883, 182.5267791748047, 221.81475830078125, 204.27996826171875, 178.55624389648438, 200.08953857421875, 207.58770751953125, 199.0491943359375, 189.7557830810547, 209.23641967773438, 164.099365234375, 331.95721435546875], "psl": [792.6683349609375, 791.4010009765625, 790.1931762695312, 790.8325805664062, 791.7357177734375, 791.9029541015625, 790.5331420898438, 790.14208984375, 790.96435546875, 790.338623046875, 788.90234375, 789.5841674804688, 790.40380859375, 791.2678833007812, 790.363037109375, 790.486083984375, 791.4647827148438, 790.8351440429688, 789.5516967773438, 789.9963989257812, 791.8328857421875, 792.2896728515625, 791.4542236328125, 791.7061157226562], "pre": [0.0, 0.0, 0.7936248779296875, 5.568676948547363, 2.583794116973877, 0.0, 1.3947486877441406e-05, 0.0, 0.00018644332885742188, 0.4964113235473633, 3.0246806144714355, 11.24342155456543, 1.868690013885498, 0.06442546844482422, 6.6078619956970215, 8.47198486328125, 0.05212974548339844, 0.48360443115234375, 0.9909248352050781, 3.6642017364501953, 27.170921325683594, 10.216987609863281, 2.2754249572753906, 0.17812347412109375], "sw": [614.9428100585938, 1048.7689208984375, 102.0092544555664, 4.300927639007568, 0.0, 0.0, 0.0, 0.0, 641.6644287109375, 1049.0435791015625, 732.6632690429688, 9.999999717180685e-10, 0.0, 0.0, 0.0, 0.0, 632.9403686523438, 670.9949951171875, 199.88487243652344, 3.2799506187438965, 0.0, 0.0, 0.0, 0.0], "rh": [62.1004638671875, 43.97343826293945, 64.0461654663086, 84.775634765625, 80.1978988647461, 93.416748046875, 87.45509338378906, 85.93382263183594, 69.82941436767578, 60.623775482177734, 67.75829315185547, 91.08448028564453, 83.69327545166016, 92.96337890625, 98.23712921142578, 96.93421936035156, 82.57908630371094, 68.33378601074219, 78.98307800292969, 94.19981384277344, 99.62488555908203, 97.61312103271484, 91.72276306152344, 81.41289520263672]}