{"t2m": [18.35125732421875, 21.05633544921875, 17.99755859375, 15.55987548828125, 15.90289306640625, 13.542755126953125, 12.505126953125, 11.76556396484375, 17.17889404296875, 18.895263671875, 19.955169677734375, 16.170562744140625, 15.855316162109375, 15.3348388671875, 14.65716552734375, 14.36676025390625, 15.984466552734375, 19.50677490234375, 19.486175537109375, 16.34979248046875, 14.47943115234375, 14.327484130859375, 13.27734375, 14.08953857421875], "wnd": [3.124110698699951, 5.8552069664001465, 26.880491256713867, 13.232952117919922, 1.1097971200942993, 6.509878635406494, 1.7338671684265137, 2.629406213760376, 3.9197213649749756, 11.8976411819458, 20.102550506591797, 20.651357650756836, 12.272911071777344, 9.910144805908203, 8.347838401794434, 7.450141429901123, 6.927855968475342, 15.481637954711914, 22.2288875579834, 20.823883056640625, 13.274539947509766, 12.526029586791992, 11.70089340209961, 10.202841758728027], "dir": [107.43516540527344, 104.57013702392578, 93.7320327758789, 117.19449615478516, 318.1907958984375, 291.65216064453125, 351.932861328125, 357.5345458984375, 142.88104248046875, 133.70184326171875, 110.3330078125, 102.25054931640625, 122.93355560302734, 138.27114868164062, 123.58171081542969, 114.42108154296875, 116.24905395507812, 142.57644653320312, 112.05953979492188, 104.23104858398438, 125.60249328613281, 170.246337890625, 79.86418914794922, 70.44610595703125], "psl": [784.8555297851562, 783.805419921875, 782.3995971679688, 783.0986938476562, 783.8524780273438, 783.9263916015625, 782.6613159179688, 782.348876953125, 783.1961059570312, 782.78662109375, 781.0433349609375, 781.6447143554688, 782.5577392578125, 783.3804931640625, 782.3795166015625, 782.5744018554688, 783.6073608398438, 782.9176025390625, 781.5616455078125, 782.1392822265625, 783.9227294921875, 784.6682739257812, 783.4724731445312, 783.7714233398438], "pre": [2.9114128525127744e-24, 2.774090546406771e-19, 2.8931243419647217, 5.571507930755615, 1.5604362487792969, 0.0, 0.0, 0.0, 0.0, 0.530125617980957, 1.1003389358520508, 0.0, 0.0379030704498291, 0.04662728309631348, 1.3510220050811768, 3.9567980766296387, 0.03212785720825195, 1.2698173522949219, 0.9591054916381836, 0.023224830627441406, 8.554620742797852, 12.306755065917969, 3.5168514251708984, 0.07124137878417969], "sw": [633.441650390625, 1051.0440673828125, 208.71681213378906, 9.999999717180685e-10, 0.0, 0.0, 0.0, 0.0, 646.876708984375, 1051.978515625, 762.9810791015625, 41.45939254760742, 0.0, 0.0, 0.0, 0.0, 156.28660583496094, 1046.8162841796875, 854.83203125, 48.66663360595703, 0.0, 0.0, 0.0, 0.0], "rh": [59.60535430908203, 56.44469451904297, 78.26618194580078, 89.82233428955078, 80.77143096923828, 91.76181030273438, 92.9002456665039, 92.61651611328125, 71.02921295166016, 69.96896362304688, 65.76302337646484, 81.48905181884766, 81.11154174804688, 85.64240264892578, 91.28236389160156, 92.69560241699219, 80.55522155761719, 66.40852355957031, 68.650146484375, 81.1117935180664, 92.8012466430664, 89.86398315429688, 87.42726135253906, 72.4964828491211]}