{"t2m": [22.916900634765625, 26.68524169921875, 24.448577880859375, 18.957550048828125, 18.53350830078125, 18.3175048828125, 17.5709228515625, 16.366729736328125, 20.997222900390625, 24.199859619140625, 23.95684814453125, 20.165191650390625, 19.018218994140625, 17.63189697265625, 17.126983642578125, 17.496856689453125, 21.684051513671875, 23.635955810546875, 22.3248291015625, 18.214874267578125, 17.542205810546875, 18.1787109375, 18.02264404296875, 18.180206298828125], "wnd": [6.273543357849121, 10.055908203125, 15.292115211486816, 9.329379081726074, 3.7277626991271973, 0.3320317268371582, 5.007133483886719, 8.666226387023926, 2.88818621635437, 7.837582111358643, 5.6644182205200195, 12.995927810668945, 1.2008640766143799, 5.106747627258301, 5.065107345581055, 5.841070175170898, 9.19475269317627, 8.577797889709473, 8.290135383605957, 13.941670417785645, 3.164844036102295, 8.880172729492188, 4.890284538269043, 6.57821798324585], "dir": [79.2407455444336, 225.2626953125, 152.295166015625, 78.93782043457031, 110.04788208007812, 110.48758697509766, 39.92865753173828, 22.53722381591797, 292.5546875, 222.464111328125, 221.87759399414062, 187.5343017578125, 188.876708984375, 188.6403350830078, 295.53289794921875, 1.1128997802734375, 72.81057739257812, 222.4052276611328, 153.34190368652344, 229.6351318359375, 19.957618713378906, 58.43769073486328, 327.9636535644531, 32.01894760131836], "psl": [845.5496215820312, 843.7025146484375, 842.2737426757812, 843.8685302734375, 844.6785278320312, 844.986572265625, 843.6373291015625, 843.1958618164062, 843.9970092773438, 842.859619140625, 841.263916015625, 841.9453125, 843.0770874023438, 844.5136108398438, 843.5330200195312, 843.393310546875, 844.0765380859375, 843.288818359375, 842.01220703125, 842.902099609375, 844.9495239257812, 845.4710083007812, 844.370849609375, 844.6634521484375], "pre": [0.0, 0.0, 0.5694652199745178, 13.161441802978516, 8.783331871032715, 0.023166656494140625, 0.0, 0.0, 0.0, 0.0, 3.0563740730285645, 4.825779914855957, 4.052635192871094, 3.385591506958008, 18.07655906677246, 0.7996921539306641, 0.07076644897460938, 0.5243110656738281, 4.693021774291992, 5.762483596801758, 38.37897491455078, 8.513992309570312, 0.15362548828125, 6.866455078125e-05], "sw": [606.6343383789062, 1034.76708984375, 152.35971069335938, 6.656893730163574, 0.0, 0.0, 0.0, 0.0, 624.23974609375, 1032.9124755859375, 724.6796875, 11.977487564086914, 0.0, 0.0, 0.0, 0.0, 616.365234375, 981.523193359375, 770.521484375, 9.999999717180685e-10, 0.0, 0.0, 0.0, 0.0], "rh": [52.642154693603516, 41.87148666381836, 55.68461990356445, 89.09034729003906, 89.40373229980469, 91.28385925292969, 92.8270034790039, 85.83474731445312, 66.46754455566406, 56.85468292236328, 63.29246139526367, 82.04241180419922, 88.63491821289062, 98.29641723632812, 97.40003204345703, 90.5645751953125, 68.81407165527344, 63.11858367919922, 73.96415710449219, 99.17020416259766, 96.48355865478516, 89.96009063720703, 86.37711334228516, 76.16671752929688]}