{"t2m": [20.6806640625, 23.896759033203125, 22.350189208984375, 18.581298828125, 17.208648681640625, 15.7884521484375, 14.443695068359375, 13.816650390625, 19.596282958984375, 21.327880859375, 20.576812744140625, 18.09027099609375, 17.47943115234375, 15.872802734375, 15.57562255859375, 14.611328125, 19.4827880859375, 21.568695068359375, 21.3646240234375, 17.464111328125, 16.220794677734375, 16.55474853515625, 16.176483154296875, 14.97686767578125], "wnd": [8.259515762329102, 9.659804344177246, 6.486710548400879, 12.214755058288574, 13.180135726928711, 4.676710605621338, 4.6837358474731445, 7.630617618560791, 3.0622053146362305, 8.392568588256836, 5.831672668457031, 19.483715057373047, 11.198539733886719, 16.326032638549805, 2.4808828830718994, 5.638737678527832, 13.334038734436035, 15.285306930541992, 14.01482105255127, 11.020245552062988, 2.8554675579071045, 11.104238510131836, 5.865298271179199, 6.831411838531494], "dir": [93.84357452392578, 64.2901840209961, 117.47396850585938, 92.59133911132812, 129.79608154296875, 139.66867065429688, 47.46220397949219, 124.10160827636719, 137.31341552734375, 109.5517349243164, 331.6667785644531, 137.61643981933594, 132.5621337890625, 170.2569580078125, 102.66650390625, 357.50286865234375, 135.99667358398438, 141.07437133789062, 153.19338989257812, 189.2274932861328, 249.6835479736328, 125.9878921508789, 109.95821380615234, 105.07382202148438], "psl": [813.9658813476562, 812.677001953125, 811.078369140625, 811.9617309570312, 812.9998168945312, 813.2207641601562, 811.8412475585938, 811.5275268554688, 812.3679809570312, 811.674560546875, 810.1055297851562, 810.4095458984375, 811.6095581054688, 812.7523193359375, 811.6976318359375, 811.5904541015625, 812.515625, 811.9010009765625, 810.4954833984375, 811.3970336914062, 813.1434936523438, 813.8163452148438, 812.4615478515625, 812.8179931640625], "pre": [0.0, 0.0, 0.708113431930542, 6.051313400268555, 3.1697843074798584, 0.050347089767456055, 0.0, 0.0, 0.0, 0.4612593650817871, 1.624040126800537, 3.7820560932159424, 0.003320932388305664, 3.4354124069213867, 7.8570876121521, 1.953256607055664, 0.0, 0.0, 1.191849708557129, 4.120476722717285, 3.1663570404052734, 1.3250312805175781, 0.04981231689453125, 0.0], "sw": [624.8050537109375, 1044.229248046875, 791.1849365234375, 9.31949234008789, 0.0, 0.0, 0.0, 0.0, 633.9224243164062, 583.8173217773438, 188.48304748535156, 79.21961975097656, 0.0, 0.0, 0.0, 0.0, 625.2781982421875, 709.5264892578125, 638.2361450195312, 9.999999717180685e-10, 0.0, 0.0, 0.0, 0.0], "rh": [57.25425338745117, 45.82225036621094, 59.53167724609375, 80.9366683959961, 85.09617614746094, 92.67620086669922, 93.73832702636719, 92.55522155761719, 66.68999481201172, 63.60776901245117, 68.2953872680664, 86.38756561279297, 86.21146392822266, 95.7417221069336, 96.36065673828125, 99.32708740234375, 70.72796630859375, 62.20013427734375, 66.85599517822266, 89.37454223632812, 95.51988220214844, 84.27288818359375, 76.57382202148438, 74.50799560546875]}