{"t2m": [18.776092529296875, 20.850067138671875, 18.935638427734375, 16.45904541015625, 14.831329345703125, 14.496429443359375, 13.634552001953125, 13.36236572265625, 17.09881591796875, 17.23370361328125, 17.04144287109375, 16.1387939453125, 15.188812255859375, 14.719970703125, 14.44317626953125, 14.622772216796875, 17.12567138671875, 18.101531982421875, 18.253021240234375, 16.28887939453125, 15.062652587890625, 14.455291748046875, 13.091094970703125, 13.45013427734375], "wnd": [12.16016674041748, 17.70756721496582, 10.112997055053711, 3.1817221641540527, 7.787182331085205, 8.080860137939453, 2.2698726654052734, 2.5641000270843506, 9.807677268981934, 4.295505046844482, 6.805675029754639, 7.10837984085083, 4.350678443908691, 2.784567356109619, 4.465028285980225, 3.7490453720092773, 8.444164276123047, 12.264071464538574, 13.971755027770996, 11.423093795776367, 2.3059298992156982, 15.502604484558105, 8.338223457336426, 5.272107124328613], "dir": [51.740074157714844, 53.343536376953125, 45.05009841918945, 113.35504150390625, 173.21795654296875, 223.07350158691406, 326.49114990234375, 68.44422912597656, 207.30264282226562, 73.44579315185547, 61.24101257324219, 51.2354850769043, 106.6585922241211, 181.1954345703125, 353.8503723144531, 352.8581848144531, 217.53175354003906, 37.410186767578125, 49.62200164794922, 66.18736267089844, 225.78094482421875, 165.7586669921875, 151.46002197265625, 68.285888671875], "psl": [795.8799438476562, 794.998779296875, 793.5733642578125, 794.2274780273438, 795.0239868164062, 795.0145263671875, 793.6961059570312, 793.3861694335938, 794.3218994140625, 794.0368041992188, 792.4735717773438, 792.80908203125, 793.813232421875, 794.5560302734375, 793.48291015625, 793.5362548828125, 794.5742797851562, 794.2938232421875, 792.8687744140625, 793.3545532226562, 795.0050048828125, 795.8633422851562, 794.2117919921875, 794.88232421875], "pre": [6.953242979979742e-38, 2.8575997197869916e-24, 4.397684097290039, 3.141082286834717, 1.100316047668457, 0.22715836763381958, 0.18235552310943604, 0.0, 0.0, 4.247078895568848, 17.800090789794922, 7.529974937438965, 0.16867733001708984, 1.0937023162841797, 2.607234001159668, 1.9862604141235352, 0.04300498962402344, 3.739665985107422, 6.304534912109375, 6.888859748840332, 10.888986587524414, 10.448184967041016, 1.4549827575683594, 0.0], "sw": [636.2575073242188, 1052.088134765625, 145.46810913085938, 0.717444121837616, 0.0, 0.0, 0.0, 0.0, 641.4661865234375, 63.49814224243164, 45.606178283691406, 9.478731155395508, 0.0, 0.0, 0.0, 0.0, 632.5050048828125, 899.6317749023438, 256.1646728515625, 5.150284290313721, 0.0, 0.0, 0.0, 0.0], "rh": [61.80976104736328, 54.76664352416992, 75.93525695800781, 86.67671203613281, 99.10578918457031, 99.17121887207031, 99.67552185058594, 88.24423217773438, 78.97185516357422, 83.94807434082031, 87.76900482177734, 89.52071380615234, 95.08692932128906, 98.33325958251953, 96.9181900024414, 95.00283813476562, 84.00773620605469, 79.98963165283203, 79.61255645751953, 89.1240234375, 96.31928253173828, 96.47714233398438, 85.6871337890625, 78.88157653808594]}