{"t2m": [15.74444580078125, 19.454803466796875, 18.10015869140625, 15.178741455078125, 13.960113525390625, 13.003570556640625, 11.6612548828125, 10.4566650390625, 15.74615478515625, 18.631805419921875, 14.93206787109375, 14.207794189453125, 13.070098876953125, 13.068511962890625, 12.054473876953125, 10.544830322265625, 15.089447021484375, 17.981719970703125, 18.827972412109375, 15.609466552734375, 13.74481201171875, 13.46856689453125, 11.878326416015625, 11.281890869140625], "wnd": [8.958685874938965, 3.86777400970459, 7.200924873352051, 3.837496519088745, 6.440517902374268, 3.342999219894409, 4.099640369415283, 9.65744686126709, 4.621662616729736, 9.650701522827148, 5.828625679016113, 3.9111499786376953, 4.103705883026123, 7.582946300506592, 8.259268760681152, 6.1528520584106445, 14.952742576599121, 29.171310424804688, 30.1956787109375, 10.70045280456543, 4.39183235168457, 16.859146118164062, 17.763687133789062, 13.303160667419434], "dir": [12.142074584960938, 60.06634521484375, 322.1349182128906, 304.456298828125, 216.32496643066406, 159.3655548095703, 289.4737548828125, 292.25848388671875, 358.80865478515625, 55.48204040527344, 347.28216552734375, 206.060302734375, 110.31212615966797, 123.41246795654297, 73.48820495605469, 326.42626953125, 131.0471954345703, 142.39511108398438, 145.23019409179688, 146.62893676757812, 125.24319458007812, 160.1934814453125, 125.8703842163086, 131.52540588378906], "psl": [757.6534423828125, 756.7020874023438, 755.1936645507812, 755.6168823242188, 756.65478515625, 756.5972900390625, 755.1129760742188, 755.0010375976562, 755.9212646484375, 755.055908203125, 753.97021484375, 754.01904296875, 755.2128295898438, 755.74755859375, 754.382080078125, 754.5445556640625, 755.6370849609375, 754.8859252929688, 753.42138671875, 754.2023315429688, 755.5697631835938, 756.048095703125, 754.998779296875, 755.6478881835938], "pre": [0.0, 8.798172775678092e-24, 2.3719940185546875, 5.178544521331787, 1.5954372882843018, 2.852175384759903e-09, 0.0, 0.0, 9.89530235528946e-10, 0.019639968872070312, 3.9379048347473145, 10.18228816986084, 9.44521427154541, 1.7786903381347656, 3.01153564453125, 0.05614280700683594, 0.106719970703125, 0.15064620971679688, 0.001399993896484375, 0.3339681625366211, 1.1911430358886719, 2.206033706665039, 1.4610614776611328, 0.035198211669921875], "sw": [528.224853515625, 945.2112426757812, 760.2750854492188, 11.780318260192871, 0.0, 0.0, 0.0, 0.0, 640.9806518554688, 1058.737548828125, 61.986576080322266, 18.4240665435791, 0.0, 0.0, 0.0, 0.0, 440.1820983886719, 1052.7850341796875, 804.80615234375, 17.186561584472656, 0.0, 0.0, 0.0, 0.0], "rh": [69.3623275756836, 54.11561584472656, 68.2175064086914, 83.25643157958984, 85.36136627197266, 84.63386535644531, 80.42753601074219, 82.90287780761719, 70.31856536865234, 60.94120788574219, 86.62602996826172, 89.17813110351562, 97.57316589355469, 88.12614440917969, 99.64405059814453, 95.47441101074219, 80.97003936767578, 67.48853302001953, 62.13442611694336, 80.74983215332031, 86.69393920898438, 83.19091796875, 96.58855438232422, 97.03546142578125]}