{"t2m": [24.274932861328125, 26.96240234375, 27.736572265625, 19.24542236328125, 18.743499755859375, 18.89453125, 17.08050537109375, 16.7872314453125, 20.549835205078125, 24.322509765625, 25.004058837890625, 18.8177490234375, 18.31884765625, 17.7391357421875, 18.21197509765625, 18.663360595703125, 22.24810791015625, 24.350616455078125, 24.592498779296875, 19.093292236328125, 19.150787353515625, 19.220062255859375, 18.000640869140625, 17.51031494140625], "wnd": [9.712654113769531, 10.144875526428223, 9.421426773071289, 17.000822067260742, 10.37505054473877, 5.833628177642822, 3.48225474357605, 8.075849533081055, 5.012277603149414, 9.766921997070312, 8.847768783569336, 21.128549575805664, 6.0022783279418945, 5.055099964141846, 6.477743148803711, 8.347389221191406, 5.851819038391113, 8.34048080444336, 10.00670051574707, 6.859522819519043, 6.8509416580200195, 5.697249412536621, 10.755813598632812, 12.74702262878418], "dir": [81.85986328125, 216.44180297851562, 269.02105712890625, 46.314693450927734, 107.15015411376953, 265.99359130859375, 248.4515380859375, 38.410804748535156, 207.0754852294922, 206.2236785888672, 259.6246643066406, 142.99240112304688, 40.989097595214844, 136.54696655273438, 13.040603637695312, 32.731056213378906, 77.5267333984375, 212.53778076171875, 225.6490936279297, 86.08300018310547, 326.2471923828125, 1.7343597412109375, 54.84050369262695, 10.166984558105469], "psl": [860.5476684570312, 858.9893798828125, 856.4625244140625, 858.977294921875, 859.9093627929688, 860.3507080078125, 858.6681518554688, 858.4306030273438, 859.3856811523438, 858.096923828125, 856.0189819335938, 856.9993896484375, 858.5674438476562, 859.83251953125, 858.8621215820312, 858.3558349609375, 859.140625, 858.497802734375, 856.8025512695312, 858.1175537109375, 860.007080078125, 860.6173706054688, 859.6824340820312, 860.0474853515625], "pre": [0.0, 0.0, 0.19302283227443695, 11.12481689453125, 8.6343355178833, 0.6770267486572266, 0.0, 0.0, 0.0, 0.0, 1.478041648864746, 6.569333076477051, 23.142471313476562, 17.104772567749023, 6.811929702758789, 1.11553955078125, 0.0, 0.21497726440429688, 0.6488990783691406, 9.053121566772461, 2.011119842529297, 1.4503059387207031, 1.5320587158203125, 0.6485748291015625], "sw": [588.0270385742188, 1025.5177001953125, 306.6156005859375, 9.999999717180685e-10, 0.0, 0.0, 0.0, 0.0, 610.4074096679688, 1026.4970703125, 181.58729553222656, 6.224891662597656, 0.0, 0.0, 0.0, 0.0, 499.41912841796875, 730.8423461914062, 360.28460693359375, 9.999999717180685e-10, 0.0, 0.0, 0.0, 0.0], "rh": [51.96295928955078, 45.937232971191406, 47.02374267578125, 91.69574737548828, 94.23567962646484, 92.84056091308594, 100.19458770751953, 94.01116180419922, 80.49681854248047, 64.70854949951172, 62.564170837402344, 98.1278076171875, 97.37847137451172, 99.37483215332031, 95.29597473144531, 86.0635986328125, 66.41923522949219, 61.741859436035156, 61.423194885253906, 92.87830352783203, 90.05655670166016, 84.90340423583984, 91.10220336914062, 86.79312133789062]}