{"t2m": [13.463714599609375, 15.9039306640625, 13.677001953125, 12.12603759765625, 10.486846923828125, 10.616790771484375, 10.368804931640625, 10.615570068359375, 11.211883544921875, 12.40472412109375, 12.23211669921875, 11.29949951171875, 11.193115234375, 11.566925048828125, 10.66754150390625, 10.772247314453125, 11.9903564453125, 11.6680908203125, 11.817840576171875, 11.466766357421875, 11.1868896484375, 10.70074462890625, 10.432281494140625, 8.897369384765625], "wnd": [18.76653289794922, 14.198413848876953, 22.306676864624023, 11.553712844848633, 10.868428230285645, 6.8274078369140625, 8.596415519714355, 9.417191505432129, 7.2780327796936035, 9.581491470336914, 23.920820236206055, 26.870344161987305, 12.992976188659668, 10.978870391845703, 12.191901206970215, 9.235169410705566, 3.373601198196411, 23.061386108398438, 25.319339752197266, 21.96276092529297, 15.322952270507812, 10.166614532470703, 2.6615805625915527, 5.751247882843018], "dir": [89.78504180908203, 67.87721252441406, 100.12039947509766, 47.94609451293945, 23.450546264648438, 39.916465759277344, 5.663948059082031, 21.033897399902344, 343.76904296875, 89.87810516357422, 113.020263671875, 110.94914245605469, 129.6271209716797, 115.553466796875, 129.00949096679688, 146.6031036376953, 110.48113250732422, 113.06576538085938, 108.86153411865234, 106.98797607421875, 138.1214599609375, 128.8654327392578, 308.45867919921875, 114.4754867553711], "psl": [728.560791015625, 727.9765625, 726.5979614257812, 726.780517578125, 727.4344482421875, 727.223388671875, 726.083251953125, 725.7963256835938, 726.8033447265625, 726.7017822265625, 725.2245483398438, 725.0945434570312, 726.1406860351562, 726.796875, 725.578369140625, 725.8367919921875, 726.9992065429688, 726.781494140625, 725.6842041015625, 725.898193359375, 726.9058837890625, 727.4642333984375, 726.2313232421875, 726.7111206054688], "pre": [9.006176245130098e-29, 2.6001411198058608e-20, 0.01272656675428152, 2.096717119216919, 0.13029611110687256, 0.0, 1.8537044525146484e-05, 0.023782551288604736, 0.000900566577911377, 2.9209160804748535, 1.7298513650894165, 0.14589428901672363, 0.04779052734375, 0.0337977409362793, 1.6083481311798096, 1.6504955291748047, 1.6603002548217773, 2.1405420303344727, 1.098799705505371, 2.542056083679199, 2.1647300720214844, 4.758152008056641, 1.4007740020751953, 0.07497787475585938], "sw": [665.7525634765625, 1063.5184326171875, 866.0518798828125, 0.8468473553657532, 0.0, 0.0, 0.0, 9.999999717180685e-10, 255.22909545898438, 95.92752838134766, 289.5204162597656, 47.964717864990234, 0.0, 0.0, 0.0, 9.999999717180685e-10, 122.34264373779297, 122.67044830322266, 148.99563598632812, 9.999999717180685e-10, 0.0, 0.0, 0.0, 9.999999717180685e-10], "rh": [73.60973358154297, 65.09563446044922, 89.02619934082031, 96.07368469238281, 97.90909576416016, 95.15741729736328, 99.23965454101562, 98.18517303466797, 98.32536315917969, 93.22604370117188, 95.37117767333984, 96.8790512084961, 95.89291381835938, 90.9517593383789, 99.58415222167969, 96.63916778564453, 91.29364013671875, 95.1631851196289, 94.41888427734375, 95.6126708984375, 94.18014526367188, 95.6268081665039, 95.05132293701172, 92.15567016601562]}