{"t2m": [21.6483154296875, 22.93084716796875, 20.77960205078125, 20.236419677734375, 19.665618896484375, 20.241668701171875, 19.790313720703125, 19.867828369140625, 21.91680908203125, 21.321197509765625, 19.8753662109375, 20.386505126953125, 19.888092041015625, 19.96807861328125, 19.12103271484375, 18.104095458984375, 21.420318603515625, 23.130096435546875, 22.166412353515625, 21.24383544921875, 21.098236083984375, 20.28326416015625, 20.208526611328125, 19.92547607421875], "wnd": [7.63106632232666, 11.707396507263184, 11.028658866882324, 4.211296558380127, 5.268304824829102, 7.711245059967041, 8.767651557922363, 8.941617012023926, 10.15929126739502, 15.459405899047852, 10.139544486999512, 5.37642240524292, 3.4823644161224365, 3.4839682579040527, 2.925987482070923, 5.563000202178955, 6.571969032287598, 7.36553955078125, 5.975878715515137, 8.133820533752441, 7.91366720199585, 4.475048065185547, 1.1246397495269775, 8.203038215637207], "dir": [359.8219299316406, 5.055023193359375, 45.007320404052734, 84.92684936523438, 252.78199768066406, 267.16473388671875, 286.09521484375, 277.89691162109375, 297.2169189453125, 293.47161865234375, 305.39703369140625, 261.7498779296875, 105.33297729492188, 148.64801025390625, 129.74246215820312, 245.43795776367188, 311.14044189453125, 21.444000244140625, 321.38140869140625, 273.68743896484375, 249.59523010253906, 105.1351089477539, 100.11040496826172, 265.45263671875], "psl": [915.087646484375, 914.2520141601562, 912.6560668945312, 912.7437744140625, 913.0848388671875, 912.7302856445312, 911.4823608398438, 911.4935302734375, 912.1693725585938, 911.9661865234375, 910.3103637695312, 909.9743041992188, 910.833740234375, 911.8146362304688, 909.9085083007812, 909.7732543945312, 910.9124755859375, 910.5046997070312, 909.4313354492188, 909.77197265625, 910.50732421875, 911.1729125976562, 909.8905639648438, 910.619873046875], "pre": [8.158564341398944e-27, 2.255686922580935e-05, 6.8913044929504395, 11.875519752502441, 0.8843997716903687, 0.0, 0.4346209764480591, 0.007924795150756836, 0.509885311126709, 1.868347406387329, 1.5607218742370605, 5.870851516723633, 0.3319368362426758, 33.04218292236328, 1.9760589599609375, 0.00057220458984375, 0.0047779083251953125, 0.11567306518554688, 13.004053115844727, 3.8816184997558594, 0.945281982421875, 2.7767410278320312, 0.15164947509765625, 0.07770919799804688], "sw": [620.4003295898438, 1010.2388305664062, 170.93215942382812, 8.6016206741333, 0.0, 0.0, 0.0, 9.999999717180685e-10, 618.5444946289062, 817.91357421875, 107.9866943359375, 9.999999717180685e-10, 0.0, 0.0, 0.0, 9.999999717180685e-10, 315.3988037109375, 555.6085205078125, 452.15069580078125, 27.700254440307617, 0.0, 0.0, 0.0, 9.999999717180685e-10], "rh": [80.73308563232422, 81.09838104248047, 100.17761993408203, 99.29784393310547, 97.452880859375, 89.6412582397461, 92.38713073730469, 89.1895980834961, 83.22824096679688, 91.29661560058594, 100.16758728027344, 94.93147277832031, 99.03599548339844, 97.58458709716797, 91.06700134277344, 93.66252136230469, 90.74227905273438, 90.19095611572266, 96.86871337890625, 97.3782730102539, 92.57010650634766, 96.43087768554688, 92.95446014404297, 98.1014633178711]}