{"t2m": [19.042022705078125, 18.586456298828125, 18.487762451171875, 17.9156494140625, 16.32635498046875, 17.763946533203125, 17.190704345703125, 17.08306884765625, 18.847137451171875, 17.59893798828125, 17.869537353515625, 17.44384765625, 18.26666259765625, 17.5174560546875, 16.347198486328125, 15.7315673828125, 18.76361083984375, 19.723388671875, 19.1798095703125, 18.296630859375, 18.420928955078125, 18.403594970703125, 17.740020751953125, 16.870697021484375], "wnd": [11.124768257141113, 14.178767204284668, 16.36273765563965, 6.899609565734863, 5.5634446144104, 4.455048084259033, 8.197243690490723, 2.89878511428833, 5.668551921844482, 11.261438369750977, 7.90006685256958, 2.3708114624023438, 0.6902003884315491, 3.4834330081939697, 3.860321283340454, 4.186764240264893, 3.4993011951446533, 6.048349380493164, 10.726465225219727, 5.722851276397705, 3.952662229537964, 4.380438327789307, 5.136266708374023, 3.3929853439331055], "dir": [352.25140380859375, 14.108009338378906, 11.433647155761719, 18.210159301757812, 216.01226806640625, 267.56231689453125, 240.69383239746094, 294.8179626464844, 299.53570556640625, 340.69940185546875, 349.089111328125, 325.927001953125, 223.42327880859375, 297.456298828125, 151.2512969970703, 222.53387451171875, 306.558837890625, 7.283454895019531, 339.05035400390625, 273.9501953125, 188.97860717773438, 79.23289489746094, 45.415496826171875, 247.59837341308594], "psl": [863.580078125, 862.9266967773438, 861.2357788085938, 861.4541625976562, 861.7952880859375, 861.5826416015625, 860.2608642578125, 860.2279052734375, 860.9902954101562, 860.7799072265625, 859.0843505859375, 858.8886108398438, 859.6180419921875, 860.512939453125, 858.8291625976562, 858.7197875976562, 859.8102416992188, 859.5875244140625, 858.645263671875, 858.9556884765625, 859.6155395507812, 860.0687255859375, 858.845947265625, 859.455810546875], "pre": [9.307739776195586e-27, 0.7439652681350708, 4.556275367736816, 4.946067810058594, 1.2968947887420654, 5.289912223815918e-07, 0.09575066715478897, 7.677823305130005e-05, 0.06411956995725632, 1.229846477508545, 0.11607354879379272, 6.758508682250977, 6.207060813903809, 1.0839176177978516, 0.2905406951904297, 0.0064373016357421875, 0.0009775161743164062, 0.11058807373046875, 7.75052547454834, 4.051485061645508, 2.9318103790283203, 1.8920326232910156, 0.6980323791503906, 0.6046600341796875], "sw": [627.9097900390625, 283.5313720703125, 152.90774536132812, 18.100950241088867, 0.0, 0.0, 0.0, 9.999999717180685e-10, 628.1969604492188, 219.37359619140625, 110.4879150390625, 3.4838273525238037, 0.0, 0.0, 0.0, 9.999999717180685e-10, 269.2516174316406, 448.42425537109375, 88.93743896484375, 14.055411338806152, 0.0, 0.0, 0.0, 9.999999717180685e-10], "rh": [81.2515640258789, 97.16653442382812, 99.96717834472656, 100.09906005859375, 97.53538513183594, 90.56190490722656, 93.12154388427734, 91.71277618408203, 84.78199005126953, 99.7128677368164, 99.64848327636719, 100.1402587890625, 97.0112533569336, 100.12151336669922, 95.13446807861328, 92.49832153320312, 90.45826721191406, 95.43850708007812, 100.22154998779297, 100.16474914550781, 97.28858947753906, 96.85279083251953, 95.08689880371094, 100.09680938720703]}