{"t2m": [19.969451904296875, 22.864593505859375, 20.138702392578125, 17.284759521484375, 17.04510498046875, 14.929046630859375, 14.02593994140625, 13.9169921875, 18.99346923828125, 20.50140380859375, 20.430633544921875, 18.455657958984375, 16.773406982421875, 15.373138427734375, 14.907806396484375, 15.24688720703125, 19.21502685546875, 21.492950439453125, 20.48968505859375, 16.670501708984375, 15.535491943359375, 16.01708984375, 15.582611083984375, 14.5185546875], "wnd": [12.310962677001953, 13.069619178771973, 3.370239734649658, 18.261877059936523, 5.728533744812012, 5.5559539794921875, 10.618653297424316, 11.912860870361328, 1.777964472770691, 1.008382797241211, 10.161130905151367, 17.839946746826172, 13.306161880493164, 11.922160148620605, 5.731772422790527, 6.371912002563477, 12.405417442321777, 18.726730346679688, 12.247842788696289, 5.430335998535156, 4.473841667175293, 12.262810707092285, 6.179410934448242, 11.557356834411621], "dir": [72.72189331054688, 77.16912078857422, 265.8445129394531, 58.8378791809082, 122.82588958740234, 62.583065032958984, 69.36432647705078, 64.96798706054688, 194.67657470703125, 83.46724700927734, 111.43291473388672, 113.72105407714844, 103.96062469482422, 202.11378479003906, 231.3791961669922, 20.306129455566406, 148.1091766357422, 164.75070190429688, 179.11996459960938, 133.82896423339844, 298.31634521484375, 130.93255615234375, 155.25827026367188, 79.79735565185547], "psl": [804.537109375, 803.3462524414062, 801.9686889648438, 802.6048583984375, 803.547607421875, 803.726806640625, 802.3488159179688, 801.9675903320312, 802.879638671875, 802.28173828125, 800.650634765625, 801.0317993164062, 802.11328125, 803.1835327148438, 802.2123413085938, 802.1207885742188, 803.0468139648438, 802.4536743164062, 801.0834350585938, 801.827880859375, 803.6425170898438, 804.2901000976562, 802.9983520507812, 803.3763427734375], "pre": [0.0, 0.0, 3.2652463912963867, 7.331479072570801, 3.4819743633270264, 0.03601479530334473, 0.0, 0.0, 0.0, 0.6579303741455078, 3.3428516387939453, 7.197306156158447, 0.04878807067871094, 0.5595276355743408, 6.560046195983887, 2.8756237030029297, 0.0001392364501953125, 0.0189666748046875, 3.170267105102539, 7.193635940551758, 5.125139236450195, 2.300872802734375, 0.06952857971191406, 0.0006008148193359375], "sw": [621.8663330078125, 1047.041748046875, 115.90836334228516, 8.661749839782715, 0.0, 0.0, 0.0, 0.0, 637.2338256835938, 520.4205932617188, 319.9120178222656, 29.84185028076172, 0.0, 0.0, 0.0, 0.0, 628.1742553710938, 838.9576416015625, 411.2908630371094, 6.451364994049072, 0.0, 0.0, 0.0, 0.0], "rh": [57.75433349609375, 48.587989807128906, 68.40505981445312, 87.36412811279297, 85.14130401611328, 95.02603912353516, 94.65657806396484, 87.81344604492188, 67.37403106689453, 65.69405364990234, 69.97087860107422, 80.74156951904297, 87.36729431152344, 98.55816650390625, 99.702392578125, 95.63373565673828, 69.75862121582031, 57.61918258666992, 68.87689971923828, 91.09426879882812, 98.27622985839844, 84.13356018066406, 77.29547119140625, 80.45936584472656]}