{"t2m": [24.635345458984375, 26.115509033203125, 24.512237548828125, 22.47015380859375, 22.779205322265625, 22.3460693359375, 22.463348388671875, 21.710968017578125, 24.22052001953125, 22.63641357421875, 22.20709228515625, 22.4305419921875, 22.162872314453125, 21.659271240234375, 19.628875732421875, 19.64007568359375, 23.054412841796875, 25.710296630859375, 25.471099853515625, 23.2542724609375, 22.41632080078125, 22.295562744140625, 22.221588134765625, 21.847564697265625], "wnd": [6.800936222076416, 12.086383819580078, 8.82227611541748, 2.6895687580108643, 4.425586223602295, 5.94063138961792, 2.3973491191864014, 0.8891851902008057, 4.484927654266357, 2.627450466156006, 5.814095973968506, 5.727407932281494, 5.257829666137695, 2.3376305103302, 1.4739381074905396, 2.7851600646972656, 7.050836563110352, 8.691732406616211, 2.7378294467926025, 6.873000144958496, 2.9932756423950195, 2.1010043621063232, 7.919546127319336, 3.9862165451049805], "dir": [39.59940719604492, 46.1948356628418, 13.408248901367188, 270.0050048828125, 207.138916015625, 301.53082275390625, 144.08006286621094, 153.0972900390625, 344.12237548828125, 256.7451477050781, 152.64324951171875, 179.1668701171875, 138.24391174316406, 108.5068359375, 288.60711669921875, 265.0429992675781, 332.8885803222656, 61.84730529785156, 342.5872802734375, 313.71795654296875, 276.6749267578125, 238.82229614257812, 303.780517578125, 208.34921264648438], "psl": [956.0530395507812, 954.9910278320312, 953.1306762695312, 953.711669921875, 953.934814453125, 953.6478271484375, 952.3414916992188, 952.4237670898438, 953.0399780273438, 952.7861938476562, 950.8616333007812, 950.5179443359375, 951.5589599609375, 952.7045288085938, 950.8486938476562, 950.9073486328125, 951.87646484375, 951.0789794921875, 950.0861206054688, 950.54052734375, 951.26806640625, 951.993896484375, 950.5642700195312, 951.4898681640625], "pre": [0.0, 1.3562929779452272e-17, 4.020718097686768, 15.069015502929688, 1.193906307220459, 0.0, 0.0, 0.21082201600074768, 0.12010246515274048, 0.6101461052894592, 2.571183204650879, 1.546705722808838, 0.11593341827392578, 0.0011239051818847656, 0.004243373870849609, 0.0, 0.0, 0.05209922790527344, 7.075126647949219, 7.5445637702941895, 2.5859150886535645, 1.4067745208740234, 0.9412193298339844, 0.05758953094482422], "sw": [590.3800048828125, 874.3359985351562, 79.95387268066406, 9.999999717180685e-10, 0.0, 0.0, 0.0, 9.999999717180685e-10, 608.737548828125, 139.45335388183594, 47.19826889038086, 5.71956205368042, 0.0, 0.0, 0.0, 9.999999717180685e-10, 322.0266418457031, 868.310791015625, 315.28564453125, 30.957965850830078, 0.0, 0.0, 0.0, 9.999999717180685e-10], "rh": [71.13247680664062, 72.86652374267578, 84.88555145263672, 93.722900390625, 88.6130142211914, 86.5723876953125, 78.50566864013672, 84.21086120605469, 79.4041519165039, 90.63497924804688, 94.80915069580078, 93.96588134765625, 93.64056396484375, 98.50988006591797, 99.36821746826172, 93.30445098876953, 89.61189270019531, 85.13710021972656, 84.10786437988281, 96.31300354003906, 96.8390884399414, 94.4278793334961, 90.98601531982422, 92.15819549560547]}