{"t2m": [21.089569091796875, 22.190277099609375, 20.81915283203125, 19.174163818359375, 18.52191162109375, 19.938323974609375, 18.130218505859375, 19.041290283203125, 21.00115966796875, 19.55950927734375, 19.814910888671875, 19.619720458984375, 19.61669921875, 19.16778564453125, 17.89385986328125, 17.321685791015625, 20.42254638671875, 22.08282470703125, 21.345306396484375, 20.264984130859375, 20.211761474609375, 19.811004638671875, 20.1470947265625, 19.30792236328125], "wnd": [8.34719467163086, 12.168855667114258, 8.471070289611816, 3.794102191925049, 5.695183277130127, 5.166863441467285, 0.5085587501525879, 2.031254768371582, 4.480044841766357, 3.043032169342041, 1.8868751525878906, 4.1249213218688965, 2.3410704135894775, 2.8992223739624023, 6.812828063964844, 5.306389808654785, 4.570380210876465, 6.321859836578369, 5.314621925354004, 4.737769603729248, 2.4814772605895996, 3.2525739669799805, 3.05393123626709, 1.4977277517318726], "dir": [31.16982650756836, 32.6297492980957, 32.13847351074219, 126.7813949584961, 234.2147674560547, 292.3700256347656, 23.84881591796875, 194.54779052734375, 39.020721435546875, 3.888916015625, 194.85885620117188, 154.30264282226562, 137.89500427246094, 132.0565643310547, 191.2403564453125, 258.8400573730469, 5.779747009277344, 21.633132934570312, 2.7368316650390625, 295.80194091796875, 268.0802001953125, 235.3463134765625, 210.09344482421875, 314.32354736328125], "psl": [901.3082885742188, 900.51123046875, 898.814208984375, 899.0996704101562, 899.385009765625, 899.0672607421875, 897.832275390625, 897.729736328125, 898.4469604492188, 898.2662353515625, 896.3976440429688, 896.2190551757812, 897.0806884765625, 898.00634765625, 896.20654296875, 896.2483520507812, 897.2692260742188, 896.8956298828125, 896.0225219726562, 896.306640625, 896.8786010742188, 897.536865234375, 896.2572021484375, 897.0331420898438], "pre": [0.0, 7.630295506544371e-09, 5.7777581214904785, 21.553958892822266, 0.3196229934692383, 0.0, 0.0, 0.0013661384582519531, 0.06108999252319336, 1.4077582359313965, 3.3663525581359863, 3.7215023040771484, 0.004302978515625, 0.0026884078979492188, 2.288818359375e-05, 0.003204345703125, 0.0, 1.605978012084961, 9.911746978759766, 4.14231014251709, 3.1866893768310547, 1.7510929107666016, 1.8095340728759766, 0.20073986053466797], "sw": [582.1166381835938, 617.9885864257812, 185.7375946044922, 87.18768310546875, 0.0, 0.0, 0.0, 9.999999717180685e-10, 618.8202514648438, 83.16120910644531, 50.00905227661133, 8.36444091796875, 0.0, 0.0, 0.0, 9.999999717180685e-10, 285.5250244140625, 891.4127197265625, 422.3039245605469, 11.948491096496582, 0.0, 0.0, 0.0, 0.0], "rh": [78.27935791015625, 81.76971435546875, 94.34042358398438, 100.28697204589844, 93.80286407470703, 83.56130981445312, 86.05908966064453, 86.74644470214844, 85.2772445678711, 98.81596374511719, 97.081787109375, 97.70553588867188, 96.30184173583984, 100.35150146484375, 89.3517074584961, 91.82920837402344, 90.16015625, 94.82991790771484, 95.93611145019531, 98.30728912353516, 96.5689468383789, 96.32029724121094, 92.75395202636719, 96.81645965576172]}