{"t2m": [17.881805419921875, 21.946136474609375, 19.1343994140625, 15.229522705078125, 16.577301025390625, 14.38525390625, 13.04290771484375, 13.101043701171875, 17.418853759765625, 20.23602294921875, 18.940582275390625, 15.9410400390625, 14.72222900390625, 14.837554931640625, 13.739013671875, 13.73443603515625, 16.52862548828125, 18.250274658203125, 19.4656982421875, 16.293853759765625, 14.25189208984375, 13.575897216796875, 12.69500732421875, 12.332122802734375], "wnd": [22.108552932739258, 7.695993900299072, 3.037381410598755, 2.7096362113952637, 11.225306510925293, 4.1691203117370605, 12.331953048706055, 18.79448127746582, 16.404911041259766, 9.645670890808105, 15.696768760681152, 14.889219284057617, 4.196732997894287, 3.9383862018585205, 21.589767456054688, 16.273853302001953, 13.88586711883545, 21.050437927246094, 25.90902328491211, 20.665138244628906, 24.319427490234375, 18.31630516052246, 22.07615852355957, 13.427045822143555], "dir": [3.6272811889648438, 25.02764892578125, 146.82472229003906, 134.54928588867188, 13.131019592285156, 30.757354736328125, 1.9211959838867188, 342.55548095703125, 357.5380859375, 165.96160888671875, 199.5911865234375, 343.91156005859375, 322.922119140625, 258.71966552734375, 207.981201171875, 207.57675170898438, 176.15493774414062, 188.23870849609375, 189.31826782226562, 181.42791748046875, 219.1040802001953, 221.8223114013672, 159.6966552734375, 170.90545654296875], "psl": [783.937744140625, 782.8068237304688, 781.3709106445312, 782.00537109375, 782.8651733398438, 783.1038208007812, 781.4400024414062, 781.2564697265625, 782.1670532226562, 781.3877563476562, 780.0078125, 780.175048828125, 781.6631469726562, 782.3351440429688, 781.230712890625, 781.3300170898438, 782.4152221679688, 781.9611206054688, 780.298828125, 780.8817749023438, 782.62890625, 783.162841796875, 782.1619262695312, 782.7404174804688], "pre": [0.0, 5.605193857299268e-41, 2.3951728343963623, 8.037614822387695, 0.11083436012268066, 0.0, 0.0, 0.0, 0.0, 0.026421546936035156, 3.1042139530181885, 9.548395156860352, 11.555906295776367, 3.642038345336914, 4.647857666015625, 0.6263942718505859, 0.007358551025390625, 0.6519718170166016, 1.124746322631836, 3.9236011505126953, 6.849025726318359, 4.664463043212891, 4.675262451171875, 2.13275146484375], "sw": [550.1238403320312, 1011.1856079101562, 83.02716827392578, 34.07241439819336, 0.0, 0.0, 0.0, 0.0, 239.44100952148438, 903.4093627929688, 731.6181030273438, 25.309343338012695, 0.0, 0.0, 0.0, 0.0, 625.015869140625, 956.7933349609375, 864.4160766601562, 186.6509552001953, 0.0, 0.0, 0.0, 0.0], "rh": [63.649147033691406, 48.006431579589844, 69.60633087158203, 95.0489501953125, 80.80772399902344, 89.4283447265625, 87.763916015625, 80.26778411865234, 67.29986572265625, 60.04928207397461, 80.2026138305664, 90.49493408203125, 95.84442138671875, 92.06341552734375, 92.59574890136719, 90.68292236328125, 78.53392791748047, 76.32207489013672, 71.1938705444336, 93.02821350097656, 93.64982604980469, 94.423583984375, 99.52112579345703, 98.42611694335938]}