{"t2m": [23.668487548828125, 26.726104736328125, 25.918060302734375, 18.440185546875, 18.00592041015625, 18.268798828125, 15.9202880859375, 15.612579345703125, 20.6219482421875, 23.808197021484375, 23.755828857421875, 18.538238525390625, 18.1151123046875, 17.265655517578125, 17.554046630859375, 17.780670166015625, 21.45977783203125, 23.92498779296875, 23.81402587890625, 17.93994140625, 18.360107421875, 18.111328125, 17.153411865234375, 16.9718017578125], "wnd": [12.672124862670898, 8.394856452941895, 3.127419948577881, 12.782902717590332, 8.40939998626709, 4.49621057510376, 4.992481708526611, 6.419590473175049, 5.653823375701904, 10.995320320129395, 5.473384380340576, 14.878023147583008, 4.15131950378418, 7.118525505065918, 3.0089077949523926, 9.473370552062988, 3.9416134357452393, 7.52728271484375, 11.5089750289917, 6.289336204528809, 8.109163284301758, 6.380740165710449, 9.739428520202637, 9.79272174835205], "dir": [71.76333618164062, 192.25137329101562, 319.23046875, 48.538028717041016, 107.23272705078125, 281.1996154785156, 28.658950805664062, 28.54977035522461, 198.7183837890625, 213.7909393310547, 244.98475646972656, 157.37411499023438, 316.98468017578125, 173.80654907226562, 358.5558166503906, 23.52104949951172, 75.21324920654297, 189.96670532226562, 220.1276397705078, 53.941368103027344, 321.59674072265625, 349.290771484375, 87.66034698486328, 353.74176025390625], "psl": [851.12109375, 849.4692993164062, 847.4591674804688, 849.598876953125, 850.3895263671875, 850.8464965820312, 849.196044921875, 848.97314453125, 849.8019409179688, 848.6235961914062, 846.5800170898438, 847.488037109375, 849.053955078125, 850.2935180664062, 849.3756103515625, 848.9520874023438, 849.7220458984375, 849.0633544921875, 847.4152221679688, 848.7301635742188, 850.5619506835938, 851.1521606445312, 850.2439575195312, 850.562744140625], "pre": [0.0, 0.0, 0.876323401927948, 9.652432441711426, 6.280963897705078, 0.592259407043457, 0.0, 0.0, 0.0, 0.0, 2.433342933654785, 5.327422142028809, 14.142401695251465, 8.648189544677734, 5.658412933349609, 1.1771411895751953, 0.01171875, 0.2379131317138672, 2.692129135131836, 16.412202835083008, 5.386188507080078, 2.8317794799804688, 4.1902618408203125, 0.5981407165527344], "sw": [605.9243774414062, 1027.0537109375, 183.31307983398438, 9.999999717180685e-10, 0.0, 0.0, 0.0, 0.0, 612.6214599609375, 1028.7928466796875, 200.88880920410156, 9.999999717180685e-10, 0.0, 0.0, 0.0, 0.0, 342.6432800292969, 745.1021728515625, 470.4237060546875, 3.417389154434204, 0.0, 0.0, 0.0, 0.0], "rh": [53.25935363769531, 45.55561065673828, 51.69139099121094, 93.18977355957031, 96.44921112060547, 93.72639465332031, 99.08653259277344, 92.34135437011719, 75.22510528564453, 66.32331848144531, 67.521484375, 97.13045501708984, 96.78035736083984, 99.66818237304688, 97.5082015991211, 89.03282165527344, 68.78478240966797, 61.59905242919922, 65.2881088256836, 97.14091491699219, 94.75749206542969, 89.73345184326172, 91.72994232177734, 87.8534164428711]}