{"t2m": [18.57293701171875, 22.04730224609375, 20.5716552734375, 17.48284912109375, 16.00201416015625, 15.395111083984375, 14.1646728515625, 13.644287109375, 17.743743896484375, 21.22576904296875, 20.496856689453125, 17.675079345703125, 16.6343994140625, 15.642059326171875, 15.343902587890625, 15.040374755859375, 17.642181396484375, 21.330291748046875, 21.7427978515625, 17.591278076171875, 15.543365478515625, 15.439178466796875, 14.721099853515625, 14.350341796875], "wnd": [11.111001968383789, 19.269731521606445, 19.70509147644043, 16.771068572998047, 15.24642276763916, 7.765801906585693, 2.783870220184326, 3.9972081184387207, 11.067748069763184, 18.48537254333496, 17.089975357055664, 21.18828582763672, 15.562382698059082, 14.030974388122559, 7.4600830078125, 5.623927593231201, 9.404754638671875, 18.97011375427246, 23.020082473754883, 16.6299991607666, 14.822423934936523, 13.973105430603027, 3.4683737754821777, 2.1744680404663086], "dir": [129.66561889648438, 118.0765380859375, 95.07013702392578, 119.12316131591797, 127.48951721191406, 110.5264663696289, 32.289581298828125, 148.9978790283203, 124.79297637939453, 123.27871704101562, 100.08727264404297, 122.98446655273438, 128.5686798095703, 133.30892944335938, 134.1602783203125, 136.40769958496094, 129.7049560546875, 127.48435974121094, 127.89083862304688, 83.19802856445312, 99.8426742553711, 113.143310546875, 139.43896484375, 140.03292846679688], "psl": [813.2037353515625, 812.0025634765625, 810.53173828125, 811.3635864257812, 812.2438354492188, 812.3611450195312, 811.01123046875, 810.710693359375, 811.5823974609375, 810.7918090820312, 809.3314819335938, 809.838623046875, 810.8903198242188, 811.77490234375, 810.7574462890625, 810.8048706054688, 811.8605346679688, 811.08349609375, 809.4981079101562, 810.3280639648438, 812.1032104492188, 813.1333618164062, 811.5878295898438, 812.1541137695312], "pre": [0.0, 0.0, 1.8680721521377563, 4.649625778198242, 0.6694895029067993, 0.02401292324066162, 0.00821077823638916, 0.0, 0.0, 0.0, 0.38082456588745117, 1.9437098503112793, 1.2941536903381348, 1.2210693359375, 5.313687801361084, 7.1252522468566895, 0.006226539611816406, 0.0, 1.2106895446777344, 8.75049114227295, 21.228605270385742, 8.47545051574707, 1.1274681091308594, 0.0], "sw": [623.1830444335938, 1045.045166015625, 102.98334503173828, 9.999999717180685e-10, 0.0, 0.0, 0.0, 0.0, 637.7584228515625, 1045.10400390625, 840.4085083007812, 14.628687858581543, 0.0, 0.0, 0.0, 0.0, 628.9656372070312, 1038.369140625, 769.8984985351562, 9.999999717180685e-10, 0.0, 0.0, 0.0, 0.0], "rh": [67.95820617675781, 57.22877502441406, 71.29177856445312, 86.63490295410156, 94.57662963867188, 98.52831268310547, 97.71651458740234, 93.39793395996094, 77.79662322998047, 62.695796966552734, 72.17719268798828, 88.46696472167969, 94.6895980834961, 99.30746459960938, 98.83966064453125, 98.95145416259766, 84.53102111816406, 61.702392578125, 65.11087036132812, 87.36490631103516, 99.75860595703125, 99.68544006347656, 89.14759826660156, 81.81067657470703]}