{"t2m": [23.907928466796875, 25.72430419921875, 24.236175537109375, 23.09368896484375, 21.849609375, 22.478759765625, 22.17987060546875, 21.9312744140625, 23.669952392578125, 22.852874755859375, 22.305816650390625, 22.332183837890625, 21.57830810546875, 21.760650634765625, 20.217864990234375, 19.968963623046875, 23.606658935546875, 25.861572265625, 25.413482666015625, 23.55078125, 22.831085205078125, 22.322296142578125, 22.19805908203125, 22.035430908203125], "wnd": [7.178350448608398, 10.18630599975586, 13.536436080932617, 3.8242175579071045, 6.363888740539551, 5.200955390930176, 3.6311087608337402, 5.419006824493408, 4.663947582244873, 9.687210083007812, 5.225586414337158, 6.609138488769531, 4.880867004394531, 3.865431308746338, 3.0925393104553223, 5.633479118347168, 5.619607448577881, 9.418837547302246, 2.897624969482422, 5.536964416503906, 8.477962493896484, 0.21939609944820404, 6.5576677322387695, 4.257891654968262], "dir": [26.779685974121094, 19.664337158203125, 58.973777770996094, 109.4067611694336, 236.19937133789062, 254.875732421875, 259.37579345703125, 256.1388244628906, 321.4852294921875, 271.5216064453125, 241.97218322753906, 194.6239471435547, 110.09886932373047, 153.21978759765625, 311.40606689453125, 235.08482360839844, 330.7656555175781, 18.800079345703125, 339.25787353515625, 276.36541748046875, 240.16053771972656, 101.77410888671875, 247.5803680419922, 249.2526092529297], "psl": [952.683349609375, 951.6525268554688, 949.884765625, 950.1844482421875, 950.50537109375, 950.15966796875, 948.9767456054688, 948.9580688476562, 949.610107421875, 949.4755249023438, 947.6766357421875, 947.180908203125, 948.1905517578125, 949.2521362304688, 947.3200073242188, 947.2860107421875, 948.3165893554688, 947.6565551757812, 946.5656127929688, 947.000244140625, 947.7664184570312, 948.553466796875, 947.1130981445312, 948.06103515625], "pre": [0.0, 1.7296030926927664e-11, 4.0106987953186035, 8.008027076721191, 1.4151861667633057, 0.0, 0.26720958948135376, 0.013111472129821777, 0.20062851905822754, 0.02342092990875244, 1.2527797222137451, 2.9997384548187256, 0.43969202041625977, 1.1186285018920898, 0.29503440856933594, 0.012202262878417969, 0.0, 0.044257164001464844, 9.136622428894043, 4.746849060058594, 0.8837547302246094, 1.5324029922485352, 0.15459537506103516, 0.05842399597167969], "sw": [609.2283935546875, 1001.5317993164062, 602.64208984375, 159.6735076904297, 0.0, 0.0, 0.0, 9.999999717180685e-10, 202.4110565185547, 108.34071350097656, 48.00369644165039, 0.9602076411247253, 0.0, 0.0, 0.0, 9.999999717180685e-10, 331.9664306640625, 999.6085205078125, 452.5559387207031, 13.226316452026367, 0.0, 0.0, 0.0, 9.999999717180685e-10], "rh": [76.36456298828125, 72.00682067871094, 89.33572387695312, 93.5691146850586, 92.51048278808594, 86.8044662475586, 85.75851440429688, 83.58084869384766, 79.56676483154297, 85.62097930908203, 92.26399993896484, 90.62686920166016, 96.92485046386719, 95.94390869140625, 93.55883026123047, 96.05703735351562, 85.42585754394531, 82.4796371459961, 85.02588653564453, 94.94207000732422, 91.18838500976562, 93.33052062988281, 90.90486145019531, 94.27197265625]}