{"t2m": [23.94757080078125, 28.111328125, 28.389984130859375, 19.620269775390625, 19.22210693359375, 19.2396240234375, 17.830780029296875, 17.369964599609375, 21.837371826171875, 25.374114990234375, 25.984039306640625, 20.653228759765625, 19.11224365234375, 18.80316162109375, 18.18865966796875, 18.143310546875, 22.322723388671875, 24.26007080078125, 24.430419921875, 18.88165283203125, 18.38092041015625, 18.832977294921875, 18.054290771484375, 18.359039306640625], "wnd": [5.728100299835205, 9.014505386352539, 8.894009590148926, 20.354045867919922, 2.756243944168091, 6.386587142944336, 2.5034215450286865, 5.450564384460449, 2.436647653579712, 8.990647315979004, 8.919328689575195, 12.203880310058594, 4.010065078735352, 5.859253406524658, 5.129433631896973, 8.162553787231445, 8.580772399902344, 4.64921760559082, 11.53929328918457, 8.063508033752441, 10.369258880615234, 7.2101945877075195, 9.45613956451416, 6.483654975891113], "dir": [29.27336883544922, 239.73703002929688, 172.56497192382812, 44.11138153076172, 337.92205810546875, 241.5660858154297, 73.10307312011719, 48.00822067260742, 19.57952117919922, 229.03494262695312, 235.19967651367188, 195.54315185546875, 284.7281494140625, 274.614013671875, 15.750396728515625, 55.74094009399414, 29.38919448852539, 263.65838623046875, 197.87918090820312, 156.97853088378906, 64.64619445800781, 30.325382232666016, 349.1568603515625, 69.63053894042969], "psl": [869.9736938476562, 867.8866577148438, 865.5333862304688, 868.3009643554688, 869.0970458984375, 869.5578002929688, 868.0661010742188, 867.7135009765625, 868.5667724609375, 867.2089233398438, 865.1085815429688, 866.2499389648438, 867.6203002929688, 869.005615234375, 868.0226440429688, 867.7906494140625, 868.4855346679688, 867.5646362304688, 866.1249389648438, 867.5863037109375, 869.5254516601562, 870.0062255859375, 868.8510131835938, 869.220458984375], "pre": [0.0, 0.0, 0.6098102331161499, 7.672280311584473, 18.56027603149414, 0.06502723693847656, 0.0, 0.0, 0.0, 0.010919570922851562, 1.3443098068237305, 9.791637420654297, 3.0913867950439453, 6.590282440185547, 7.250070571899414, 1.001983642578125, 0.0, 0.011472702026367188, 2.6398849487304688, 9.491044998168945, 10.602039337158203, 1.435455322265625, 1.2063713073730469, 0.0034332275390625], "sw": [618.5086059570312, 1027.98486328125, 332.7153015136719, 9.999999717180685e-10, 0.0, 0.0, 0.0, 0.0, 617.7844848632812, 1026.4197998046875, 787.5557861328125, 6.267302513122559, 0.0, 0.0, 0.0, 0.0, 608.5234375, 595.9931030273438, 370.90228271484375, 9.999999717180685e-10, 0.0, 0.0, 0.0, 0.0], "rh": [54.22250747680664, 41.5062255859375, 45.71480941772461, 92.16419219970703, 96.66073608398438, 94.96670532226562, 98.45735168457031, 97.41210174560547, 69.4175033569336, 60.338443756103516, 60.8093147277832, 87.62592315673828, 96.70159912109375, 99.20801544189453, 97.8334732055664, 93.99188995361328, 72.55667114257812, 64.66932678222656, 66.64155578613281, 95.94651794433594, 97.06793975830078, 93.74357604980469, 96.1661148071289, 89.03141021728516]}