{"t2m": [16.2900390625, 20.34716796875, 18.679779052734375, 14.836883544921875, 14.316558837890625, 13.31414794921875, 11.80291748046875, 10.88330078125, 16.509063720703125, 19.477020263671875, 17.059326171875, 14.515716552734375, 13.586334228515625, 13.857269287109375, 13.345947265625, 11.530548095703125, 16.160614013671875, 18.46270751953125, 19.415191650390625, 15.84149169921875, 14.29443359375, 13.79107666015625, 12.530242919921875, 11.830535888671875], "wnd": [11.515925407409668, 4.687404155731201, 6.499249458312988, 4.2259931564331055, 8.210655212402344, 1.5466134548187256, 5.116621971130371, 10.227871894836426, 7.657601833343506, 7.3497419357299805, 10.072981834411621, 3.3300764560699463, 2.9566636085510254, 7.9974045753479, 10.438811302185059, 3.2916760444641113, 21.79315185546875, 27.820703506469727, 29.94662857055664, 23.403472900390625, 24.885128021240234, 22.115819931030273, 18.845924377441406, 18.392086029052734], "dir": [0.055877685546875, 16.38580322265625, 350.78790283203125, 222.3996124267578, 264.34527587890625, 121.47142791748047, 312.533203125, 301.17303466796875, 347.4344482421875, 32.8513298034668, 351.31646728515625, 289.7545166015625, 129.40960693359375, 135.6290283203125, 142.5616912841797, 332.34844970703125, 145.165283203125, 154.77670288085938, 157.87948608398438, 152.95648193359375, 184.15509033203125, 176.96124267578125, 138.05136108398438, 147.13882446289062], "psl": [766.964111328125, 765.880615234375, 764.39013671875, 764.9243774414062, 765.9327392578125, 765.9024047851562, 764.4176635742188, 764.3123168945312, 765.1974487304688, 764.2630615234375, 763.1404418945312, 763.337890625, 764.5576782226562, 765.065185546875, 763.57275390625, 763.9081420898438, 764.90673828125, 764.3135986328125, 762.791015625, 763.3018188476562, 764.8269653320312, 765.4345092773438, 764.4442138671875, 765.0111083984375], "pre": [0.0, 7.336375724046921e-29, 3.091831684112549, 9.142383575439453, 0.847264289855957, 0.0, 0.0, 0.0, 0.0, 5.14984130859375e-05, 3.837507724761963, 9.729671478271484, 10.501474380493164, 2.7223777770996094, 2.6006717681884766, 0.018625259399414062, 0.0, 0.0, 0.0, 0.0, 1.6172237396240234, 2.3058700561523438, 3.106405258178711, 0.10280609130859375], "sw": [523.0797729492188, 967.4531860351562, 185.12884521484375, 9.999999717180685e-10, 0.0, 0.0, 0.0, 0.0, 639.1919555664062, 1056.0565185546875, 289.1008605957031, 14.954277992248535, 0.0, 0.0, 0.0, 0.0, 630.41064453125, 1049.949951171875, 871.4644165039062, 8.349742889404297, 0.0, 0.0, 0.0, 0.0], "rh": [68.86628723144531, 52.86205291748047, 66.79629516601562, 90.28905487060547, 84.68069458007812, 84.97926330566406, 82.76240539550781, 82.2830581665039, 69.53629302978516, 59.058467864990234, 78.9866714477539, 91.1824951171875, 98.2087631225586, 88.04147338867188, 88.53984832763672, 93.51451110839844, 77.92186737060547, 67.61978912353516, 62.236000061035156, 82.71600341796875, 82.6361083984375, 84.34993743896484, 95.90116882324219, 97.14471435546875]}