{"t2m": [16.208221435546875, 17.441192626953125, 15.031097412109375, 14.615631103515625, 14.435577392578125, 13.51806640625, 12.774688720703125, 13.772735595703125, 16.328460693359375, 16.4423828125, 15.839263916015625, 14.46051025390625, 14.416656494140625, 14.41656494140625, 14.426910400390625, 13.917816162109375, 16.55340576171875, 16.481414794921875, 16.5826416015625, 14.311859130859375, 14.9200439453125, 14.201263427734375, 13.00433349609375, 12.715606689453125], "wnd": [16.612842559814453, 14.432177543640137, 21.523868560791016, 15.976750373840332, 11.589371681213379, 6.751229763031006, 4.417232990264893, 2.5489954948425293, 6.973040580749512, 15.589827537536621, 14.146077156066895, 11.455160140991211, 8.09797477722168, 8.610856056213379, 2.637045383453369, 2.496123790740967, 12.139527320861816, 16.472606658935547, 13.7542142868042, 11.919994354248047, 1.2573490142822266, 14.127243995666504, 10.220439910888672, 10.425904273986816], "dir": [64.90715026855469, 67.66494750976562, 65.22803497314453, 56.8369026184082, 76.15074920654297, 281.19012451171875, 303.24395751953125, 222.87901306152344, 147.65155029296875, 58.171730041503906, 50.93246841430664, 58.2095832824707, 73.53572082519531, 43.37235641479492, 9.022354125976562, 314.35498046875, 62.091705322265625, 68.50528717041016, 60.58462905883789, 48.5442008972168, 218.87374877929688, 223.70928955078125, 269.34796142578125, 271.5809326171875], "psl": [797.582763671875, 796.7496948242188, 795.4673461914062, 795.5127563476562, 796.248046875, 796.2131958007812, 794.719482421875, 794.70263671875, 795.8023681640625, 795.5848999023438, 794.0928955078125, 794.3259887695312, 795.1765747070312, 795.9609375, 794.7581787109375, 794.9249267578125, 795.9835815429688, 795.765380859375, 794.5588989257812, 795.0223388671875, 796.1502075195312, 797.07666015625, 795.3247680664062, 796.0161743164062], "pre": [0.0, 0.0027134353294968605, 0.07780308276414871, 0.41023287177085876, 0.12809932231903076, 0.2670833468437195, 0.0, 0.0, 0.02012212947010994, 3.0057945251464844, 0.956209659576416, 1.0776185989379883, 5.164221286773682, 10.508426666259766, 5.800470352172852, 0.7389583587646484, 0.5875763893127441, 2.0775146484375, 0.00103759765625, 0.00463104248046875, 6.165121555328369, 4.46467399597168, 0.2741546630859375, 0.0], "sw": [646.3112182617188, 1047.4796142578125, 127.08061981201172, 2.243094058940187e-05, 0.0, 0.0, 0.0, 9.999999717180685e-10, 299.49383544921875, 710.8455810546875, 483.94781494140625, 9.999999717180685e-10, 0.0, 0.0, 0.0, 0.0, 365.9980163574219, 1042.1209716796875, 845.5247192382812, 11.344266891479492, 0.0, 0.0, 0.0, 0.0], "rh": [82.70496368408203, 79.1336669921875, 97.59068298339844, 99.35650634765625, 99.52900695800781, 99.70470428466797, 89.66926574707031, 93.99696350097656, 86.06598663330078, 96.35259246826172, 92.4301986694336, 99.8177490234375, 99.97976684570312, 99.59010314941406, 97.94577026367188, 97.39863586425781, 90.32788848876953, 91.13524627685547, 87.258056640625, 98.26514434814453, 95.34239959716797, 90.1673583984375, 88.3977279663086, 82.87367248535156]}