{"t2m": [19.48455810546875, 18.2994384765625, 18.617095947265625, 17.22943115234375, 15.975128173828125, 16.637451171875, 16.963043212890625, 15.051422119140625, 19.587005615234375, 18.222930908203125, 19.16265869140625, 17.680572509765625, 15.620513916015625, 17.036468505859375, 15.604248046875, 16.361968994140625, 19.03765869140625, 19.449127197265625, 18.504486083984375, 18.02886962890625, 18.099273681640625, 17.377532958984375, 17.2034912109375, 16.96136474609375], "wnd": [10.617785453796387, 9.812369346618652, 9.449967384338379, 3.9028823375701904, 3.745567798614502, 4.617918491363525, 2.773562431335449, 6.629126071929932, 10.34555721282959, 10.825636863708496, 13.79379940032959, 6.014837741851807, 3.961134672164917, 2.642343282699585, 4.214901447296143, 4.299943447113037, 2.777899742126465, 11.839494705200195, 5.569174289703369, 4.4642157554626465, 3.7914907932281494, 3.0429251194000244, 2.750251054763794, 1.1551718711853027], "dir": [48.917911529541016, 57.590518951416016, 26.91771697998047, 6.298576354980469, 291.4483642578125, 324.0797424316406, 295.7920227050781, 330.26690673828125, 23.846221923828125, 322.56787109375, 332.32073974609375, 3.9228134155273438, 11.273933410644531, 204.8971710205078, 172.0775146484375, 307.9952697753906, 284.1560974121094, 70.7559585571289, 61.05284118652344, 13.262138366699219, 286.6895751953125, 314.45635986328125, 265.8380126953125, 152.68722534179688], "psl": [859.9884643554688, 859.4581909179688, 857.7056274414062, 858.0047607421875, 858.264404296875, 858.051025390625, 856.6685791015625, 856.5072021484375, 857.27783203125, 857.1175537109375, 855.333251953125, 855.244140625, 856.014404296875, 856.830078125, 855.3456420898438, 855.2745361328125, 856.2980346679688, 855.9642944335938, 855.2318115234375, 855.4925537109375, 855.9584350585938, 856.5833740234375, 855.4810791015625, 856.0482177734375], "pre": [0.0, 0.650795042514801, 8.761950492858887, 18.60958480834961, 1.9932632446289062, 0.0, 0.0, 0.0, 0.005764007568359375, 1.8587675094604492, 1.1762361526489258, 2.460818290710449, 0.5191888809204102, 0.0, 0.0, 0.005664825439453125, 0.013143539428710938, 3.4332275390625e-05, 7.668216705322266, 2.099001884460449, 4.540306091308594, 0.35987281799316406, 0.5347557067871094, 0.1117095947265625], "sw": [621.0593872070312, 272.4468688964844, 221.7470703125, 9.999999717180685e-10, 0.0, 0.0, 0.0, 0.0, 625.4193725585938, 99.6515121459961, 114.59273529052734, 7.0723395347595215, 0.0, 0.0, 0.0, 0.0, 357.8341064453125, 274.29058837890625, 131.80169677734375, 3.3479020595550537, 0.0, 0.0, 0.0, 0.0], "rh": [77.10977172851562, 97.20552825927734, 98.99994659423828, 100.19872283935547, 92.79192352294922, 86.72203063964844, 85.25492858886719, 84.60436248779297, 86.1574478149414, 92.0804443359375, 88.33845520019531, 99.21143341064453, 94.71057891845703, 93.44918823242188, 86.45208740234375, 91.97770690917969, 84.57545471191406, 98.85843658447266, 100.36550903320312, 100.23786926269531, 94.45156860351562, 97.43109130859375, 95.76907348632812, 94.86302185058594]}