{"t2m": [17.14532470703125, 19.3477783203125, 19.060546875, 15.761962890625, 14.150634765625, 12.88470458984375, 12.8447265625, 12.531585693359375, 14.053619384765625, 18.54473876953125, 15.46014404296875, 14.288726806640625, 13.653106689453125, 14.180419921875, 13.14630126953125, 13.073883056640625, 15.48553466796875, 15.965301513671875, 15.7694091796875, 14.504058837890625, 14.208953857421875, 13.479583740234375, 12.649078369140625, 12.2239990234375], "wnd": [11.554373741149902, 17.314903259277344, 19.003292083740234, 17.527475357055664, 13.460527420043945, 8.860602378845215, 12.067822456359863, 12.399239540100098, 15.2907075881958, 12.437041282653809, 10.543350219726562, 12.16145133972168, 2.2314257621765137, 5.82844877243042, 10.572840690612793, 8.468274116516113, 14.12589168548584, 14.955047607421875, 12.015769958496094, 14.731754302978516, 9.869850158691406, 15.194770812988281, 13.433561325073242, 9.608142852783203], "dir": [68.10794830322266, 66.58354187011719, 32.11470031738281, 15.696693420410156, 359.5459899902344, 337.547119140625, 314.9439392089844, 337.27899169921875, 330.4810791015625, 356.1878662109375, 34.54251480102539, 84.98499298095703, 201.03274536132812, 105.76163482666016, 120.03952026367188, 216.7295684814453, 200.18954467773438, 121.16377258300781, 151.30422973632812, 141.4467010498047, 156.83279418945312, 181.66864013671875, 201.29193115234375, 213.094482421875], "psl": [765.7257080078125, 764.8414916992188, 763.3552856445312, 763.9411010742188, 764.5811767578125, 764.4403076171875, 763.1896362304688, 763.0140380859375, 763.91259765625, 763.195556640625, 762.1928100585938, 762.3363037109375, 763.0662231445312, 763.8111572265625, 762.60498046875, 762.8998413085938, 763.9421997070312, 763.6343994140625, 762.45849609375, 762.7380981445312, 763.9517822265625, 764.57958984375, 763.6328735351562, 764.0775146484375], "pre": [4.988622532996349e-39, 4.613020323097842e-19, 0.8898611068725586, 2.0008113384246826, 0.0003097090229857713, 0.0, 2.9917224310338497e-05, 6.563495844602585e-07, 2.257293090224266e-07, 0.11227170377969742, 12.883596420288086, 13.130311965942383, 2.5582971572875977, 0.025634765625, 0.23079776763916016, 2.786776542663574, 0.2488384246826172, 3.040996551513672, 1.8959016799926758, 1.8999977111816406, 1.312037467956543, 4.684591293334961, 0.9083061218261719, 0.4004955291748047], "sw": [654.1887817382812, 1050.585693359375, 679.41748046875, 189.4918975830078, 0.0, 0.0, 0.0, 9.999999717180685e-10, 461.5093688964844, 699.4593505859375, 45.74402618408203, 9.999999717180685e-10, 0.0, 0.0, 0.0, 9.999999717180685e-10, 638.3944091796875, 213.08604431152344, 91.09465789794922, 9.999999717180685e-10, 0.0, 0.0, 0.0, 0.0], "rh": [61.24931716918945, 53.314842224121094, 63.72514343261719, 75.791259765625, 84.19817352294922, 92.6754150390625, 92.40259552001953, 93.98695373535156, 87.79295349121094, 64.92474365234375, 86.95426940917969, 93.59600067138672, 95.70414733886719, 88.2510757446289, 96.46495056152344, 97.5726547241211, 82.70429229736328, 80.92955017089844, 82.48934936523438, 91.07184600830078, 85.60819244384766, 95.68058776855469, 93.67951202392578, 86.3318862915039]}