{"t2m": [23.35150146484375, 27.487457275390625, 28.9310302734375, 21.365509033203125, 19.651641845703125, 18.68829345703125, 17.4197998046875, 16.18096923828125, 22.4052734375, 25.868743896484375, 26.14605712890625, 19.268157958984375, 18.683502197265625, 18.5032958984375, 18.940216064453125, 18.152923583984375, 22.736907958984375, 24.70452880859375, 24.452056884765625, 18.745330810546875, 18.81591796875, 19.649139404296875, 18.928985595703125, 17.84136962890625], "wnd": [14.695653915405273, 16.07847785949707, 9.638565063476562, 13.422134399414062, 3.5937018394470215, 3.633040428161621, 4.6027421951293945, 5.634510517120361, 3.9584813117980957, 2.5916457176208496, 4.754663467407227, 4.07857084274292, 15.177165985107422, 8.787798881530762, 6.46844482421875, 3.0021533966064453, 9.857291221618652, 2.0815250873565674, 3.993048667907715, 11.373289108276367, 6.754455089569092, 7.390936851501465, 5.947134494781494, 6.0629777908325195], "dir": [77.0726089477539, 84.84420776367188, 53.666690826416016, 7.85113525390625, 279.7265930175781, 285.3186340332031, 81.89815521240234, 83.74301147460938, 89.1080093383789, 138.58395385742188, 48.52866744995117, 18.166778564453125, 201.8834686279297, 50.25645065307617, 35.63996887207031, 343.7998046875, 78.5454330444336, 213.15985107421875, 199.14004516601562, 296.17730712890625, 65.94139099121094, 92.14656066894531, 51.708126068115234, 60.22780990600586], "psl": [860.7044677734375, 858.9601440429688, 856.4136962890625, 858.3591918945312, 859.7918090820312, 860.2347412109375, 858.8178100585938, 858.5362548828125, 859.2698974609375, 857.80810546875, 855.8300170898438, 857.1602172851562, 858.6705322265625, 859.75537109375, 858.5831298828125, 858.4046630859375, 859.15869140625, 858.2642822265625, 856.8817749023438, 858.3536987304688, 860.0923461914062, 860.863037109375, 859.3594360351562, 859.7681274414062], "pre": [0.0, 0.0, 2.2064772418333703e-23, 6.1435546875, 1.987654447555542, 0.0, 0.0, 0.0, 0.0, 0.011867523193359375, 1.441218376159668, 9.711433410644531, 4.072234153747559, 10.596490859985352, 0.856541633605957, 0.15415096282958984, 0.0, 0.0, 1.8656339645385742, 15.382373809814453, 4.619100570678711, 0.14244461059570312, 0.0, 0.0], "sw": [622.136962890625, 1032.0504150390625, 666.568115234375, 25.285865783691406, 0.0, 0.0, 0.0, 0.0, 620.7578735351562, 1026.6824951171875, 703.5670776367188, 9.999999717180685e-10, 0.0, 0.0, 0.0, 0.0, 612.6361694335938, 813.91259765625, 457.8842468261719, 6.943348407745361, 0.0, 0.0, 0.0, 0.0], "rh": [56.143959045410156, 40.633121490478516, 37.232608795166016, 76.49903869628906, 85.35893249511719, 95.04570007324219, 94.19867706298828, 96.74633026123047, 65.44312286376953, 52.39586639404297, 52.39202880859375, 93.9531478881836, 96.07141876220703, 94.12761688232422, 87.47274017333984, 90.82056427001953, 67.35420227050781, 59.203922271728516, 61.64777755737305, 93.91809844970703, 93.56637573242188, 85.86781311035156, 82.39794158935547, 75.836181640625]}