{"t2m": [23.74505615234375, 27.4293212890625, 25.55224609375, 19.0791015625, 19.137237548828125, 18.71142578125, 18.43780517578125, 17.0196533203125, 21.234710693359375, 25.160186767578125, 24.762725830078125, 19.711334228515625, 18.93133544921875, 18.43463134765625, 17.6158447265625, 18.29095458984375, 22.56976318359375, 24.08868408203125, 22.169403076171875, 18.3460693359375, 18.20684814453125, 18.91339111328125, 17.85418701171875, 18.594573974609375], "wnd": [6.260908603668213, 11.536787033081055, 15.425063133239746, 15.965860366821289, 2.310509443283081, 6.094215393066406, 2.4862961769104004, 8.311196327209473, 5.038270473480225, 7.601247787475586, 6.592493534088135, 13.466303825378418, 3.6759209632873535, 3.8332417011260986, 5.07258939743042, 5.932865619659424, 5.165221214294434, 8.277749061584473, 8.095863342285156, 17.644628524780273, 5.342767715454102, 8.315393447875977, 14.767243385314941, 3.6027817726135254], "dir": [91.01872253417969, 238.96463012695312, 139.36260986328125, 67.48863220214844, 347.34893798828125, 273.3750305175781, 299.81298828125, 60.25925827026367, 287.51373291015625, 221.5054473876953, 202.75054931640625, 232.5077667236328, 282.48980712890625, 153.25665283203125, 319.4756774902344, 35.63522720336914, 32.180118560791016, 247.39398193359375, 170.93988037109375, 231.8931427001953, 80.07907104492188, 36.035377502441406, 317.6651306152344, 106.90107727050781], "psl": [858.5433349609375, 856.5646362304688, 855.040771484375, 856.9478759765625, 857.7259521484375, 858.0603637695312, 856.6810913085938, 856.3010864257812, 857.0761108398438, 855.7659301757812, 854.0418090820312, 855.15234375, 856.1536865234375, 857.6015014648438, 856.652587890625, 856.4432983398438, 857.0435180664062, 856.2127075195312, 854.9977416992188, 856.1004028320312, 858.0665893554688, 858.5125732421875, 857.4649047851562, 857.7579956054688], "pre": [0.0, 0.0, 0.7696713209152222, 8.729145050048828, 10.482101440429688, 0.01603412628173828, 0.08089303970336914, 0.019543170928955078, 0.0, 0.0, 2.4681968688964844, 4.81936502456665, 3.365171432495117, 3.8896312713623047, 9.628084182739258, 0.9657230377197266, 0.013498306274414062, 0.0, 1.589334487915039, 4.539175033569336, 16.11490249633789, 5.553199768066406, 0.3000373840332031, 0.002178192138671875], "sw": [610.4593505859375, 1031.8055419921875, 100.16889190673828, 1.3295481204986572, 0.0, 0.0, 0.0, 0.0, 620.3583984375, 1030.4056396484375, 191.15576171875, 50.59673309326172, 0.0, 0.0, 0.0, 0.0, 612.7286376953125, 628.0704345703125, 350.3666076660156, 9.999999717180685e-10, 0.0, 0.0, 0.0, 0.0], "rh": [50.729488372802734, 40.72077178955078, 53.78564453125, 92.09532928466797, 94.12208557128906, 95.42047882080078, 95.91584777832031, 86.50843811035156, 69.25222778320312, 53.497344970703125, 61.77534484863281, 91.4697265625, 93.38824462890625, 96.81546783447266, 97.29766082763672, 90.52592468261719, 67.50514221191406, 62.201698303222656, 74.8317642211914, 99.31710052490234, 96.08930969238281, 89.29657745361328, 92.21961212158203, 81.1656265258789]}