{"t2m": [21.814544677734375, 24.85601806640625, 25.580474853515625, 18.923492431640625, 17.307464599609375, 17.0557861328125, 15.243743896484375, 15.134033203125, 19.73443603515625, 22.848663330078125, 22.545135498046875, 18.637054443359375, 19.19793701171875, 16.517181396484375, 16.176910400390625, 16.688934326171875, 20.53118896484375, 22.443817138671875, 19.819366455078125, 17.67230224609375, 16.735382080078125, 17.38848876953125, 17.251739501953125, 17.23614501953125], "wnd": [3.3113033771514893, 11.201689720153809, 6.688683032989502, 8.491501808166504, 4.295389175415039, 5.166195392608643, 10.540477752685547, 9.409722328186035, 5.297840595245361, 8.067768096923828, 13.814826965332031, 4.785767078399658, 6.389486789703369, 5.646559715270996, 2.1113932132720947, 6.550195693969727, 7.040131092071533, 12.23989486694336, 14.804078102111816, 13.803491592407227, 5.82441520690918, 6.5253376960754395, 2.7082831859588623, 3.898075819015503], "dir": [203.39593505859375, 226.569580078125, 210.63858032226562, 94.20675659179688, 220.4713897705078, 72.32283020019531, 43.56635665893555, 21.077774047851562, 217.21994018554688, 236.0311737060547, 180.87542724609375, 56.431724548339844, 79.85067749023438, 211.78652954101562, 260.6375732421875, 334.7794189453125, 58.06053161621094, 214.60122680664062, 101.87889099121094, 230.39027404785156, 289.15765380859375, 84.38703918457031, 72.06907653808594, 23.67870330810547], "psl": [832.16162109375, 830.5552978515625, 828.4261474609375, 830.3428344726562, 831.1806030273438, 831.4929809570312, 830.095947265625, 829.6583862304688, 830.5628662109375, 829.5101318359375, 827.9112548828125, 828.6544799804688, 829.4953002929688, 831.0014038085938, 830.046142578125, 829.8722534179688, 830.691650390625, 829.9873657226562, 828.7450561523438, 829.425048828125, 831.3411865234375, 832.0064086914062, 830.9329833984375, 831.2273559570312], "pre": [0.0, 0.0, 0.3140754699707031, 12.0369291305542, 3.5977783203125, 0.19558095932006836, 0.0, 0.0, 0.0, 0.0, 1.550778865814209, 8.07381534576416, 11.584746360778809, 4.046791076660156, 11.283924102783203, 1.1581459045410156, 0.03919410705566406, 0.572296142578125, 5.878168106079102, 3.150602340698242, 36.88303756713867, 10.551231384277344, 0.5093841552734375, 0.05516815185546875], "sw": [611.0753173828125, 1036.1873779296875, 817.1325073242188, 14.828598022460938, 0.0, 0.0, 0.0, 0.0, 623.527099609375, 1034.6812744140625, 693.7742919921875, 9.999999717180685e-10, 0.0, 0.0, 0.0, 0.0, 470.29217529296875, 1009.3921508789062, 697.1195068359375, 9.999999717180685e-10, 0.0, 0.0, 0.0, 0.0], "rh": [56.954933166503906, 49.38270568847656, 48.61540222167969, 84.9505844116211, 99.35137939453125, 91.82488250732422, 96.62615966796875, 89.58062744140625, 72.95996856689453, 62.06707763671875, 67.2221908569336, 87.53837585449219, 83.25064849853516, 99.8277587890625, 98.78952026367188, 91.66472625732422, 70.9382095336914, 67.37216186523438, 85.16197204589844, 98.21752166748047, 98.65685272216797, 90.4735336303711, 84.92794799804688, 76.10514831542969]}