{"t2m": [21.620697021484375, 23.057861328125, 22.187591552734375, 20.688934326171875, 19.381256103515625, 18.68438720703125, 19.684478759765625, 17.906005859375, 19.26702880859375, 19.95343017578125, 20.326690673828125, 20.302398681640625, 18.73699951171875, 19.6575927734375, 19.058807373046875, 17.864898681640625, 20.69140625, 22.28875732421875, 21.641448974609375, 20.478759765625, 20.229644775390625, 19.814453125, 20.080078125, 19.69073486328125], "wnd": [9.727785110473633, 15.112149238586426, 12.367387771606445, 5.976103782653809, 4.23254919052124, 10.123926162719727, 10.24781608581543, 7.571147918701172, 11.906791687011719, 14.134222984313965, 11.020933151245117, 7.794162750244141, 8.893442153930664, 5.41822624206543, 7.845425128936768, 6.05383825302124, 5.529779434204102, 13.243556022644043, 9.13948917388916, 5.24354887008667, 7.380061626434326, 5.696578502655029, 3.5174739360809326, 5.173295021057129], "dir": [23.481918334960938, 48.29322052001953, 21.066688537597656, 37.17005157470703, 253.5100555419922, 276.07427978515625, 266.76361083984375, 256.52313232421875, 295.4522399902344, 306.47503662109375, 311.936279296875, 299.79949951171875, 254.46348571777344, 163.4368896484375, 155.68316650390625, 193.011474609375, 338.8852233886719, 21.813621520996094, 41.59489440917969, 344.1221923828125, 269.2804260253906, 281.54827880859375, 284.15283203125, 6.2281036376953125], "psl": [914.1165771484375, 913.2152099609375, 911.5595092773438, 911.885498046875, 912.2550048828125, 912.0010986328125, 910.466796875, 910.4654541015625, 911.3742065429688, 911.1172485351562, 909.2941284179688, 908.8668212890625, 909.6504516601562, 910.665771484375, 908.8545532226562, 909.0914306640625, 910.2630615234375, 909.5394287109375, 908.795654296875, 909.07666015625, 909.5530395507812, 910.34033203125, 909.226318359375, 909.953125], "pre": [0.0, 6.788540840574342e-10, 5.268138408660889, 12.505877494812012, 2.503432512283325, 0.0, 0.0, 1.6823410987854004e-05, 0.4887602925300598, 3.0562727451324463, 6.268158912658691, 2.4201159477233887, 0.33925437927246094, 1.0455245971679688, 0.25098133087158203, 0.0, 3.814697265625e-05, 0.0, 5.728361129760742, 16.37847328186035, 10.206024169921875, 0.23235130310058594, 0.2484607696533203, 0.14302635192871094], "sw": [618.366455078125, 851.23193359375, 187.27066040039062, 17.296464920043945, 0.0, 0.0, 0.0, 9.999999717180685e-10, 29.509313583374023, 170.54562377929688, 56.60153579711914, 9.999999717180685e-10, 0.0, 0.0, 0.0, 0.0, 399.26776123046875, 280.6708679199219, 78.89689636230469, 9.999999717180685e-10, 0.0, 0.0, 0.0, 0.0], "rh": [81.60765838623047, 84.7390365600586, 89.23180389404297, 100.38481903076172, 96.1998519897461, 89.0936508178711, 85.71414947509766, 92.11589813232422, 96.73201751708984, 98.61339569091797, 96.42230224609375, 97.30741119384766, 93.5183334350586, 98.40450286865234, 95.96549224853516, 91.43390655517578, 95.77129364013672, 94.1951904296875, 95.52422332763672, 100.4952392578125, 96.04289245605469, 97.13729858398438, 97.58380126953125, 98.79528045654297]}