{"t2m": [17.028167724609375, 20.332855224609375, 20.695098876953125, 16.423583984375, 14.420989990234375, 12.62066650390625, 11.540191650390625, 11.212066650390625, 16.645843505859375, 17.88232421875, 16.23516845703125, 14.85516357421875, 14.08990478515625, 14.182525634765625, 13.59698486328125, 13.344268798828125, 15.656097412109375, 18.655853271484375, 18.913909912109375, 15.24517822265625, 14.202423095703125, 13.458709716796875, 12.172088623046875, 12.07550048828125], "wnd": [10.826977729797363, 17.313352584838867, 24.23722267150879, 23.391910552978516, 15.514610290527344, 6.808966636657715, 8.565688133239746, 6.764510631561279, 4.754706859588623, 7.665163516998291, 9.129067420959473, 11.51904010772705, 1.4063456058502197, 2.156263589859009, 13.203720092773438, 9.861359596252441, 14.937804222106934, 25.196613311767578, 18.634279251098633, 13.48325252532959, 15.62263011932373, 16.409353256225586, 22.94101905822754, 8.190713882446289], "dir": [27.987003326416016, 39.3719367980957, 44.074642181396484, 25.107810974121094, 24.221717834472656, 22.52630615234375, 325.92864990234375, 299.0430908203125, 39.884727478027344, 176.23492431640625, 28.214096069335938, 63.025604248046875, 96.71839141845703, 123.73694610595703, 187.28587341308594, 182.23672485351562, 182.54632568359375, 182.37142944335938, 190.18035888671875, 197.216064453125, 185.22586059570312, 163.92840576171875, 178.06756591796875, 174.46096801757812], "psl": [769.5555419921875, 768.5285034179688, 766.6889038085938, 767.5527954101562, 768.4483642578125, 768.4142456054688, 767.2051391601562, 766.8233032226562, 767.6736450195312, 767.1578369140625, 765.94970703125, 766.090576171875, 767.0885009765625, 767.8480224609375, 766.6517944335938, 766.8665771484375, 767.983154296875, 767.2716674804688, 766.0530395507812, 766.6517944335938, 768.0867919921875, 768.5261840820312, 767.5164794921875, 768.1172485351562], "pre": [0.0, 0.0, 9.982587272267043e-19, 0.6508878469467163, 0.0, 0.0, 0.0, 0.0, 2.8073787689208984e-05, 1.40050208568573, 3.485940456390381, 12.823114395141602, 10.490416526794434, 0.045395851135253906, 0.2739715576171875, 3.381688117980957, 0.1607646942138672, 0.08454036712646484, 1.5734004974365234, 3.0774097442626953, 3.945484161376953, 7.511098861694336, 1.2551345825195312, 0.0], "sw": [635.1709594726562, 1046.9150390625, 862.7540283203125, 159.0194549560547, 0.0, 0.0, 0.0, 0.0, 647.3262329101562, 223.43930053710938, 164.00559997558594, 13.095402717590332, 0.0, 0.0, 0.0, 0.0, 619.4929809570312, 1041.6611328125, 856.9838256835938, 9.999999717180685e-10, 0.0, 0.0, 0.0, 0.0], "rh": [67.11891174316406, 54.6519889831543, 57.0597038269043, 75.11589813232422, 82.24932098388672, 90.58847045898438, 91.21800994873047, 87.58411407470703, 71.21784210205078, 69.07615661621094, 83.32331848144531, 91.97706604003906, 94.63594055175781, 92.75494384765625, 95.7114028930664, 94.54663848876953, 81.83547973632812, 65.7614974975586, 67.38236999511719, 90.76276397705078, 95.81350708007812, 95.59237670898438, 95.11576080322266, 89.98893737792969]}