{"t2m": [21.058319091796875, 21.77203369140625, 20.801177978515625, 19.606201171875, 18.081756591796875, 19.42449951171875, 19.05010986328125, 18.969696044921875, 21.055389404296875, 19.013458251953125, 19.30755615234375, 19.270263671875, 19.6920166015625, 19.065704345703125, 18.029205322265625, 17.01739501953125, 20.464385986328125, 22.871246337890625, 20.661712646484375, 20.0206298828125, 19.9466552734375, 19.3865966796875, 19.54638671875, 18.830718994140625], "wnd": [8.985809326171875, 11.976892471313477, 13.989970207214355, 6.6172404289245605, 4.922713279724121, 3.1935007572174072, 5.795407295227051, 1.3320327997207642, 2.715275526046753, 3.929654598236084, 5.588388442993164, 2.330505609512329, 1.9725953340530396, 1.0937910079956055, 1.7131967544555664, 4.920502662658691, 2.993062973022461, 5.627935886383057, 6.869192123413086, 5.251735687255859, 4.21852445602417, 3.709134101867676, 0.43588289618492126, 4.640080451965332], "dir": [12.806465148925781, 19.44731903076172, 28.880428314208984, 21.38274383544922, 218.97682189941406, 237.68475341796875, 235.6241455078125, 249.2316436767578, 262.36907958984375, 327.76904296875, 350.1796569824219, 173.96551513671875, 101.77879333496094, 205.43890380859375, 150.501953125, 219.71630859375, 261.90704345703125, 19.72148895263672, 348.2878723144531, 251.90420532226562, 208.5565948486328, 49.343265533447266, 22.99681854248047, 242.75912475585938], "psl": [897.1944580078125, 896.4293212890625, 894.7388305664062, 894.9513549804688, 895.3145141601562, 895.04296875, 893.7986450195312, 893.77197265625, 894.4374389648438, 894.3650512695312, 892.570068359375, 892.2977905273438, 892.97265625, 893.9879150390625, 892.1974487304688, 892.1300048828125, 893.2044677734375, 892.7884521484375, 891.9492797851562, 892.2561645507812, 892.9099731445312, 893.4315795898438, 892.170654296875, 892.9458618164062], "pre": [5.023833046268871e-32, 0.2845630347728729, 4.3593854904174805, 6.254410743713379, 0.5450955033302307, 3.107637166976929e-05, 0.09627402573823929, 0.0, 0.20918452739715576, 1.4426476955413818, 0.8893090486526489, 8.00490665435791, 2.1087751388549805, 1.6284732818603516, 0.06071662902832031, 0.019025802612304688, 0.0011129379272460938, 0.00038242340087890625, 10.526474952697754, 5.405413627624512, 2.5840816497802734, 1.9428892135620117, 0.7199268341064453, 0.2898674011230469], "sw": [619.7722778320312, 1007.7588500976562, 346.0985107421875, 26.91465950012207, 0.0, 0.0, 0.0, 9.999999717180685e-10, 621.4551391601562, 137.60284423828125, 81.06748962402344, 4.2774224281311035, 0.0, 0.0, 0.0, 9.999999717180685e-10, 277.3310546875, 698.0890502929688, 134.06072998046875, 7.610624313354492, 0.0, 0.0, 0.0, 9.999999717180685e-10], "rh": [79.4993667602539, 85.92646789550781, 94.46033477783203, 100.30300903320312, 97.70530700683594, 88.79619598388672, 90.67633819580078, 90.69490051269531, 79.69676971435547, 98.57019805908203, 100.24310302734375, 96.05175018310547, 95.09017181396484, 98.11669921875, 92.3003921508789, 92.40547180175781, 87.96980285644531, 84.87626647949219, 99.90176391601562, 99.7655258178711, 95.96087646484375, 98.43934631347656, 90.94808197021484, 99.65188598632812]}