{"t2m": [19.177337646484375, 22.703704833984375, 19.318267822265625, 16.333740234375, 15.205413818359375, 14.0020751953125, 12.630096435546875, 13.760711669921875, 18.28857421875, 19.505462646484375, 19.327789306640625, 15.4254150390625, 15.80694580078125, 15.562164306640625, 14.496368408203125, 13.963958740234375, 16.839508056640625, 18.73577880859375, 17.693634033203125, 16.957000732421875, 14.412872314453125, 14.078125, 13.835418701171875, 14.014251708984375], "wnd": [8.637547492980957, 9.102564811706543, 11.613754272460938, 6.911752700805664, 3.741818904876709, 1.627745270729065, 4.334832668304443, 2.742140054702759, 13.753081321716309, 6.14611291885376, 4.558669567108154, 0.5188214182853699, 1.768593192100525, 4.822792053222656, 8.119511604309082, 3.470458507537842, 9.390281677246094, 14.392230987548828, 4.669604301452637, 5.587820053100586, 7.655281066894531, 21.040985107421875, 8.298943519592285, 6.355560779571533], "dir": [19.66956329345703, 20.433815002441406, 126.22203063964844, 159.64599609375, 255.05950927734375, 234.7490997314453, 18.227798461914062, 36.19279479980469, 52.15328598022461, 187.56651306152344, 179.67044067382812, 194.47409057617188, 205.94351196289062, 183.53005981445312, 174.1470947265625, 219.81300354003906, 158.03558349609375, 153.66253662109375, 239.12904357910156, 175.2806396484375, 201.51902770996094, 159.43771362304688, 132.31417846679688, 122.69593811035156], "psl": [787.4548950195312, 786.21337890625, 784.9779663085938, 785.573974609375, 786.512939453125, 786.7200927734375, 785.2919311523438, 785.012451171875, 785.7405395507812, 785.3037719726562, 783.8008422851562, 784.519775390625, 785.284912109375, 786.07763671875, 785.1211547851562, 785.3082275390625, 786.2615356445312, 785.6166381835938, 784.3222045898438, 784.7633666992188, 786.6148681640625, 787.1923217773438, 786.1949462890625, 786.4494018554688], "pre": [8.367985052430253e-30, 1.561147685051149e-23, 1.2676308155059814, 17.50105094909668, 2.9269351959228516, 0.0, 0.0, 0.0, 3.4332275390625e-05, 0.5783987045288086, 3.536776542663574, 10.529729843139648, 0.37845897674560547, 0.19692707061767578, 1.0844507217407227, 10.362751007080078, 0.1550426483154297, 1.1661300659179688, 5.845396041870117, 8.036161422729492, 9.57109260559082, 13.616329193115234, 3.473255157470703, 0.00632476806640625], "sw": [634.8858642578125, 838.4381713867188, 166.13987731933594, 28.281444549560547, 0.0, 0.0, 0.0, 0.0, 645.1149291992188, 300.74224853515625, 734.6428833007812, 9.999999717180685e-10, 0.0, 0.0, 0.0, 0.0, 633.1012573242188, 267.96844482421875, 594.7338256835938, 44.97023010253906, 0.0, 0.0, 0.0, 0.0], "rh": [59.599517822265625, 47.2393913269043, 69.53502655029297, 87.34929656982422, 93.89468383789062, 95.6944351196289, 95.03775024414062, 88.72772216796875, 69.98088073730469, 65.52371978759766, 72.01160430908203, 90.791259765625, 86.62508392333984, 85.6700668334961, 93.81800842285156, 98.84950256347656, 79.35079193115234, 69.45848083496094, 80.69457244873047, 83.14920043945312, 98.06670379638672, 93.74254608154297, 85.52509307861328, 74.88099670410156]}