{"t2m": [21.101837158203125, 25.215911865234375, 26.85418701171875, 19.82525634765625, 17.342041015625, 17.3502197265625, 16.8211669921875, 15.1221923828125, 19.586822509765625, 23.04071044921875, 23.041748046875, 18.55908203125, 17.62139892578125, 17.49090576171875, 16.599151611328125, 16.19403076171875, 20.524078369140625, 23.069671630859375, 21.545074462890625, 17.757080078125, 17.238494873046875, 16.528411865234375, 16.69488525390625, 16.929351806640625], "wnd": [5.372241497039795, 14.162495613098145, 8.246182441711426, 9.083542823791504, 6.007667541503906, 2.0693275928497314, 4.997243881225586, 4.229213714599609, 9.361295700073242, 7.514579772949219, 7.5557403564453125, 6.635693550109863, 3.9814889430999756, 4.799639701843262, 7.4735260009765625, 3.0636231899261475, 0.540061354637146, 5.066038131713867, 3.6023929119110107, 6.603947639465332, 8.052821159362793, 14.52330207824707, 2.617591381072998, 2.997032642364502], "dir": [19.181381225585938, 57.07222366333008, 64.0687026977539, 120.86570739746094, 297.2799072265625, 256.4225158691406, 19.513275146484375, 139.90672302246094, 338.0940856933594, 8.38262939453125, 143.78973388671875, 345.7958068847656, 143.7432098388672, 69.74141693115234, 340.6589660644531, 12.647048950195312, 292.11798095703125, 159.44183349609375, 33.604774475097656, 271.9816589355469, 26.49102783203125, 139.3120574951172, 31.613662719726562, 255.139892578125], "psl": [833.5013427734375, 832.182373046875, 829.798095703125, 831.2377319335938, 832.695068359375, 832.9195556640625, 831.5398559570312, 831.1195068359375, 832.1288452148438, 831.041015625, 829.2435302734375, 829.9506225585938, 831.5006103515625, 832.2937622070312, 831.2302856445312, 831.1463012695312, 831.9988403320312, 831.2825927734375, 830.0264282226562, 831.2186889648438, 832.6928100585938, 833.5421142578125, 832.0040893554688, 832.4650268554688], "pre": [0.0, 0.0014814332826063037, 0.0, 2.7155535221099854, 1.2800266742706299, 0.0, 0.0, 0.0, 0.0, 0.30208420753479004, 5.94736909866333, 3.0899758338928223, 3.413987636566162, 1.222212553024292, 0.0174105167388916, 0.00038313865661621094, 0.0, 1.2004966735839844, 6.610409736633301, 10.181463241577148, 3.227207660675049, 0.26175785064697266, 0.5787696838378906, 0.0], "sw": [626.869873046875, 1037.02490234375, 846.1240234375, 20.729759216308594, 0.0, 0.0, 0.0, 0.0, 625.1845092773438, 975.2990112304688, 631.2058715820312, 45.47935104370117, 0.0, 0.0, 0.0, 0.0, 610.7984008789062, 971.1100463867188, 174.70521545410156, 10.834959030151367, 0.0, 0.0, 0.0, 0.0], "rh": [62.88037109375, 47.07481384277344, 40.09328079223633, 78.37837982177734, 98.33839416503906, 94.77970886230469, 96.9948959350586, 97.94705200195312, 78.6887435913086, 62.01030731201172, 65.03382873535156, 89.50234985351562, 93.06761932373047, 92.52827453613281, 98.79735565185547, 99.69568634033203, 71.95706176757812, 58.726829528808594, 72.39060974121094, 97.07931518554688, 98.32096099853516, 80.54643249511719, 86.5739517211914, 77.62154388427734]}