{"t2m": [23.599853515625, 27.452423095703125, 28.6475830078125, 22.104461669921875, 18.809722900390625, 18.311676025390625, 18.309234619140625, 16.431060791015625, 20.816619873046875, 24.728607177734375, 25.93646240234375, 19.425872802734375, 18.11273193359375, 18.55279541015625, 18.497344970703125, 18.358001708984375, 21.740447998046875, 24.631134033203125, 24.2427978515625, 19.069122314453125, 18.899993896484375, 19.143829345703125, 18.88079833984375, 18.558441162109375], "wnd": [8.804510116577148, 11.601360321044922, 8.999813079833984, 8.650477409362793, 4.150575637817383, 5.780693531036377, 0.4084790050983429, 4.735240936279297, 7.102327823638916, 8.920374870300293, 1.7811915874481201, 4.735449314117432, 3.6266095638275146, 8.813928604125977, 8.584403991699219, 5.197542190551758, 2.2912368774414062, 5.810614109039307, 4.785274028778076, 3.779017448425293, 10.716047286987305, 11.092300415039062, 9.835824966430664, 7.075782299041748], "dir": [62.77496337890625, 79.85148620605469, 96.94579315185547, 95.95665740966797, 256.234619140625, 293.24371337890625, 90.19263458251953, 67.09209442138672, 269.26593017578125, 291.964111328125, 222.90184020996094, 344.07476806640625, 246.518310546875, 26.169708251953125, 4.860870361328125, 346.966552734375, 233.2488555908203, 264.20989990234375, 269.48651123046875, 286.91729736328125, 33.15784454345703, 110.474365234375, 15.175193786621094, 54.529090881347656], "psl": [858.3468017578125, 856.686279296875, 854.1671752929688, 856.0215454101562, 857.6076049804688, 858.0037231445312, 856.5833740234375, 856.207763671875, 857.1303100585938, 855.7620239257812, 853.6126708984375, 854.92919921875, 856.5859375, 857.3895263671875, 856.2605590820312, 856.12109375, 856.9495239257812, 856.0139770507812, 854.6337280273438, 856.112548828125, 857.7334594726562, 858.6895141601562, 856.9981079101562, 857.489990234375], "pre": [0.0, 0.0, 0.25753629207611084, 2.567434310913086, 3.2651586532592773, 0.0, 0.0, 0.0, 0.0, 0.6980204582214355, 2.32737398147583, 7.734452247619629, 6.507004261016846, 2.8324437141418457, 0.19687700271606445, 0.05210065841674805, 0.0, 0.03537559509277344, 2.1579437255859375, 9.243696212768555, 5.098419189453125, 0.3579587936401367, 0.005767822265625, 0.0], "sw": [621.7430419921875, 1030.2572021484375, 472.1002197265625, 40.94536209106445, 0.0, 0.0, 0.0, 0.0, 619.9060668945312, 1003.567626953125, 720.8773803710938, 9.999999717180685e-10, 0.0, 0.0, 0.0, 0.0, 612.71826171875, 1014.8631591796875, 595.129150390625, 14.394156455993652, 0.0, 0.0, 0.0, 0.0], "rh": [55.25467300415039, 42.992103576660156, 38.80280685424805, 72.32131958007812, 94.2519760131836, 96.66311645507812, 93.83321380615234, 97.51210021972656, 78.33392333984375, 60.96013641357422, 56.6082649230957, 92.47113037109375, 96.78490447998047, 94.20629119873047, 90.41928100585938, 91.43682861328125, 73.00857543945312, 61.25755310058594, 64.4749526977539, 90.43389892578125, 93.55248260498047, 78.38070678710938, 82.20709991455078, 75.76457214355469]}