{"t2m": [15.271240234375, 16.73370361328125, 16.066009521484375, 13.36053466796875, 12.304351806640625, 12.025787353515625, 12.68914794921875, 11.52685546875, 13.7901611328125, 17.51483154296875, 14.685211181640625, 14.47760009765625, 14.01995849609375, 12.32763671875, 13.239654541015625, 12.903167724609375, 14.840423583984375, 18.203643798828125, 16.760223388671875, 14.5888671875, 13.382049560546875, 13.221923828125, 12.05633544921875, 11.03289794921875], "wnd": [18.050334930419922, 20.954185485839844, 25.952392578125, 18.749351501464844, 14.458368301391602, 14.798039436340332, 14.378190994262695, 12.680726051330566, 16.81263542175293, 19.86224937438965, 21.705554962158203, 17.021303176879883, 5.377028942108154, 2.8908636569976807, 9.558173179626465, 15.696403503417969, 17.80562400817871, 21.431692123413086, 8.244359016418457, 16.313804626464844, 11.848051071166992, 16.84573745727539, 20.825490951538086, 21.79796600341797], "dir": [337.04119873046875, 349.8022155761719, 350.2212829589844, 352.63543701171875, 329.76458740234375, 331.39453125, 316.61785888671875, 323.5526123046875, 329.12689208984375, 340.19903564453125, 341.6256408691406, 344.28564453125, 323.08648681640625, 344.75433349609375, 154.33001708984375, 169.41281127929688, 182.68844604492188, 184.33334350585938, 123.28627014160156, 161.00448608398438, 163.71804809570312, 169.70240783691406, 181.32504272460938, 175.31968688964844], "psl": [763.1995849609375, 762.5736694335938, 761.1004638671875, 761.3987426757812, 761.95458984375, 761.7600708007812, 760.509033203125, 760.3079833984375, 761.1935424804688, 760.6544799804688, 759.5418701171875, 759.5087280273438, 760.3635864257812, 761.0907592773438, 759.853759765625, 759.9977416992188, 761.1154174804688, 760.5970458984375, 759.610595703125, 760.0352172851562, 761.22265625, 761.585205078125, 760.706787109375, 761.0289306640625], "pre": [1.401298464324817e-40, 1.2918127367811394e-07, 1.03082802525023e-05, 0.03293364495038986, 0.005426719784736633, 0.02322794497013092, 1.9080936908721924e-05, 0.0005660131573677063, 1.646578311920166e-06, 0.00436001643538475, 0.015985487028956413, 0.006479177623987198, 0.5445850491523743, 0.0, 0.2376401126384735, 1.8329490423202515, 0.16592490673065186, 0.4566086530685425, 6.158245086669922, 4.128403663635254, 3.8656959533691406, 3.734245777130127, 0.6229667663574219, 0.0017037391662597656], "sw": [652.292236328125, 1005.138427734375, 843.5588989257812, 9.85194206237793, 0.0, 0.0, 0.0, 9.999999717180685e-10, 227.27609252929688, 1055.9638671875, 528.0145263671875, 214.20872497558594, 0.0, 0.0, 0.0, 0.0, 308.4417724609375, 708.5535278320312, 429.81219482421875, 9.999999717180685e-10, 0.0, 0.0, 0.0, 0.0], "rh": [77.56230926513672, 74.97418212890625, 79.24860382080078, 92.94219207763672, 98.10086059570312, 97.78939056396484, 90.38760375976562, 96.28862762451172, 87.88617706298828, 72.52302551269531, 90.17606353759766, 89.84425354003906, 92.30300903320312, 99.39420318603516, 96.27943420410156, 94.64041900634766, 84.54412841796875, 67.55718994140625, 77.1956558227539, 90.39032745361328, 97.59367370605469, 97.74152374267578, 92.75753784179688, 92.65178680419922]}