{"t2m": [15.467376708984375, 19.0904541015625, 15.634857177734375, 14.682708740234375, 12.13702392578125, 10.396453857421875, 11.082122802734375, 9.657440185546875, 14.2430419921875, 15.19879150390625, 16.2862548828125, 14.040924072265625, 13.39666748046875, 12.778289794921875, 12.894866943359375, 12.400634765625, 14.71795654296875, 17.00537109375, 17.727081298828125, 15.6094970703125, 12.9637451171875, 12.147430419921875, 11.030426025390625, 12.0130615234375], "wnd": [7.655076026916504, 13.381564140319824, 10.899356842041016, 9.786855697631836, 15.397843360900879, 4.7466912269592285, 14.603856086730957, 7.012123107910156, 7.850175857543945, 3.83091139793396, 3.0225255489349365, 6.694265842437744, 7.852071762084961, 5.924163341522217, 18.069894790649414, 20.100679397583008, 18.246631622314453, 23.611387252807617, 22.26263999938965, 19.345674514770508, 17.135326385498047, 22.095808029174805, 22.77509880065918, 20.715808868408203], "dir": [336.810791015625, 338.5403747558594, 163.62789916992188, 325.1351623535156, 14.628387451171875, 261.29205322265625, 354.5430908203125, 22.683273315429688, 6.551910400390625, 237.3034210205078, 347.88885498046875, 219.61021423339844, 18.53766632080078, 5.407920837402344, 154.1015625, 147.678466796875, 166.94699096679688, 168.06954956054688, 168.9054718017578, 161.21328735351562, 176.78060913085938, 171.9451904296875, 146.368408203125, 149.01622009277344], "psl": [751.423583984375, 750.5238037109375, 748.99755859375, 749.4614868164062, 750.1292114257812, 750.355224609375, 749.0469360351562, 748.7976684570312, 749.80419921875, 749.5806274414062, 747.9212646484375, 748.1752319335938, 749.0728759765625, 749.7965087890625, 748.572998046875, 748.9304809570312, 749.93798828125, 749.4330444335938, 748.1007690429688, 748.55615234375, 750.0153198242188, 750.7420043945312, 749.7315673828125, 749.9552612304688], "pre": [5.566490699493443e-07, 8.151346264639869e-11, 7.931760311126709, 9.890027046203613, 0.5121612548828125, 0.0, 0.0, 0.0, 0.0, 0.8603354692459106, 2.857774257659912, 5.459903717041016, 0.011866569519042969, 0.6981186866760254, 2.6077632904052734, 0.8060412406921387, 0.06496477127075195, 0.01151275634765625, 0.000217437744140625, 0.11125421524047852, 4.0031843185424805, 7.734618186950684, 3.1021976470947266, 0.16253280639648438], "sw": [627.4072875976562, 1061.290283203125, 138.3364715576172, 34.972782135009766, 0.0, 0.0, 0.0, 0.0, 262.0525817871094, 212.47618103027344, 195.3228302001953, 22.3905086517334, 0.0, 0.0, 0.0, 0.0, 647.9506225585938, 1058.603515625, 866.9711303710938, 6.792599201202393, 0.0, 0.0, 0.0, 0.0], "rh": [69.35631561279297, 55.75453567504883, 84.42962646484375, 86.55730438232422, 92.52365112304688, 98.86298370361328, 96.39970397949219, 94.29830932617188, 81.23662567138672, 80.31639099121094, 76.67367553710938, 89.58793640136719, 92.26399993896484, 96.51593780517578, 86.65647888183594, 90.00894927978516, 78.33561706542969, 71.2444839477539, 67.32391357421875, 73.82363891601562, 93.5818099975586, 97.04918670654297, 88.0231704711914, 72.78422546386719]}