{"t2m": [17.8795166015625, 19.0107421875, 16.46240234375, 15.6676025390625, 13.381011962890625, 14.334228515625, 15.780426025390625, 12.84381103515625, 16.422882080078125, 16.64227294921875, 16.135589599609375, 14.561279296875, 14.240570068359375, 14.504547119140625, 14.614532470703125, 14.55126953125, 16.014190673828125, 16.12652587890625, 16.1832275390625, 15.210174560546875, 14.550994873046875, 14.5301513671875, 14.861236572265625, 12.89898681640625], "wnd": [13.335847854614258, 15.739694595336914, 18.738977432250977, 6.425651550292969, 5.489215850830078, 3.904919385910034, 1.6294993162155151, 2.4838294982910156, 17.47379493713379, 19.81941795349121, 14.251306533813477, 7.4229021072387695, 3.815220355987549, 3.6469149589538574, 9.967002868652344, 10.627386093139648, 8.7681303024292, 15.629807472229004, 10.443880081176758, 9.40654182434082, 5.4569010734558105, 5.930351734161377, 2.8145065307617188, 14.731707572937012], "dir": [63.0041618347168, 79.46942138671875, 137.12351989746094, 191.25662231445312, 194.10537719726562, 29.60507583618164, 128.64169311523438, 231.28524780273438, 165.0394744873047, 162.06939697265625, 105.0773696899414, 110.8067855834961, 255.00840759277344, 148.725830078125, 153.35833740234375, 154.080078125, 155.26190185546875, 108.81517791748047, 115.23750305175781, 102.83120727539062, 264.657470703125, 275.22784423828125, 264.75408935546875, 337.6698913574219], "psl": [810.43212890625, 809.5545043945312, 808.40869140625, 808.31298828125, 808.8192749023438, 808.4968872070312, 807.07958984375, 807.0198974609375, 807.9647827148438, 808.3314208984375, 806.9026489257812, 807.1888427734375, 807.997802734375, 808.7191162109375, 807.5577392578125, 807.6240844726562, 808.8555297851562, 808.6821899414062, 807.562744140625, 807.8851318359375, 808.8387451171875, 809.3414916992188, 807.511474609375, 808.435791015625], "pre": [1.4349296274686127e-38, 0.4885562062263489, 14.23819351196289, 5.629375457763672, 0.06476736068725586, 0.0, 0.0, 0.0, 0.0, 4.800654888153076, 7.389960289001465, 6.493393421173096, 0.00980520248413086, 9.32868766784668, 7.510259628295898, 10.044584274291992, 0.3323478698730469, 5.913032531738281, 7.6766510009765625, 1.994659423828125, 0.036479949951171875, 6.046501159667969, 1.4273834228515625, 0.0540313720703125], "sw": [649.6673583984375, 788.3031005859375, 119.7116470336914, 9.999999717180685e-10, 0.0, 0.0, 0.0, 9.999999717180685e-10, 112.90507507324219, 452.4985046386719, 142.8380584716797, 9.999999717180685e-10, 0.0, 0.0, 0.0, 9.999999717180685e-10, 244.28382873535156, 176.206298828125, 218.7943878173828, 2.2983968257904053, 0.0, 0.0, 0.0, 9.999999717180685e-10], "rh": [74.71054077148438, 82.4956283569336, 99.9676513671875, 100.07630920410156, 94.1160888671875, 77.00263214111328, 81.35393524169922, 85.20555114746094, 90.26657104492188, 97.62570190429688, 100.05178833007812, 99.99067687988281, 100.09269714355469, 100.08562469482422, 100.10183715820312, 100.11522674560547, 95.08952331542969, 100.06330108642578, 100.19811248779297, 100.0492935180664, 96.17000579833984, 93.73408508300781, 90.96031951904297, 91.56097412109375]}