{"t2m": [15.494049072265625, 15.6968994140625, 15.511444091796875, 14.634796142578125, 14.372711181640625, 14.474578857421875, 13.829833984375, 13.776580810546875, 14.480010986328125, 15.531158447265625, 15.254486083984375, 15.100830078125, 15.044769287109375, 14.88916015625, 14.84429931640625, 15.372344970703125, 17.753326416015625, 16.751922607421875, 16.5726318359375, 15.72222900390625, 15.706878662109375, 16.013427734375, 16.342010498046875, 15.504852294921875], "wnd": [12.355345726013184, 14.615177154541016, 10.541064262390137, 7.0996479988098145, 3.1679515838623047, 6.817145347595215, 9.663705825805664, 7.953460216522217, 9.013626098632812, 17.119176864624023, 6.6838507652282715, 6.788191318511963, 6.505188941955566, 3.3552677631378174, 2.7714269161224365, 0.1920977681875229, 4.958044528961182, 11.38203239440918, 15.930218696594238, 9.128886222839355, 4.5713090896606445, 4.171871662139893, 30.610553741455078, 18.011144638061523], "dir": [346.951904296875, 7.339286804199219, 14.141517639160156, 37.87978744506836, 268.682861328125, 249.44447326660156, 248.3624725341797, 260.259521484375, 272.75543212890625, 336.6711120605469, 310.72869873046875, 313.50860595703125, 283.48126220703125, 259.3207702636719, 148.76490783691406, 296.460693359375, 290.97900390625, 15.809089660644531, 348.3819274902344, 315.88873291015625, 159.21780395507812, 116.34751892089844, 183.70144653320312, 182.14935302734375], "psl": [807.3241577148438, 806.7823486328125, 805.3556518554688, 805.4481201171875, 805.7538452148438, 805.6021728515625, 804.1451416015625, 804.1268920898438, 805.03125, 804.707763671875, 803.2489624023438, 803.1035766601562, 803.844970703125, 804.6141357421875, 803.1322021484375, 803.1029663085938, 804.125732421875, 803.9051513671875, 802.9882202148438, 803.2847900390625, 804.0814208984375, 804.4742431640625, 802.90380859375, 803.5409545898438], "pre": [3.170706107693107e-16, 0.10362556576728821, 1.752145528793335, 2.388056755065918, 1.236680507659912, 0.0, 0.027651071548461914, 0.008718729019165039, 0.04249238967895508, 0.8250386714935303, 0.2098686695098877, 2.887456178665161, 1.3830249309539795, 0.015170574188232422, 0.0005197525024414062, 0.0, 0.1589059829711914, 3.6785144805908203, 10.392345428466797, 1.1571178436279297, 1.3543119430541992, 2.896458625793457, 0.8494853973388672, 0.39631175994873047], "sw": [214.26405334472656, 203.222900390625, 294.4212646484375, 24.945783615112305, 0.0, 0.0, 0.0, 9.999999717180685e-10, 132.3757781982422, 285.5669250488281, 143.11256408691406, 7.242995262145996, 0.0, 0.0, 0.0, 9.999999717180685e-10, 344.310302734375, 137.51025390625, 118.69318389892578, 9.94361616903916e-05, 0.0, 0.0, 0.0, 9.999999717180685e-10], "rh": [88.99574279785156, 98.16070556640625, 99.34342193603516, 99.45952606201172, 99.82649993896484, 96.1222915649414, 99.78905487060547, 99.80139923095703, 96.46068572998047, 99.04646301269531, 99.4471664428711, 99.8895263671875, 99.9130630493164, 99.9368667602539, 99.91992950439453, 88.30647277832031, 82.59861755371094, 99.80850982666016, 99.81758117675781, 99.99051666259766, 98.79167938232422, 93.17267608642578, 76.99130249023438, 75.87721252441406]}