{"t2m": [19.618743896484375, 23.18994140625, 21.154815673828125, 16.35296630859375, 16.12677001953125, 15.14776611328125, 13.911895751953125, 12.680328369140625, 18.11749267578125, 20.941619873046875, 19.320159912109375, 17.880859375, 16.552703857421875, 15.616058349609375, 14.89849853515625, 14.898101806640625, 16.698516845703125, 20.159454345703125, 16.563262939453125, 16.030792236328125, 15.443511962890625, 15.282745361328125, 14.262847900390625, 13.344757080078125], "wnd": [6.4774169921875, 8.802323341369629, 14.627337455749512, 7.792072772979736, 11.892268180847168, 9.170392990112305, 8.364954948425293, 8.256965637207031, 6.772630214691162, 9.331298828125, 13.25545883178711, 21.341093063354492, 8.062877655029297, 12.63576602935791, 3.171079397201538, 3.7674014568328857, 11.829930305480957, 12.366866111755371, 5.071192741394043, 8.50564193725586, 3.5684995651245117, 10.014039039611816, 9.532017707824707, 7.627945423126221], "dir": [94.5770492553711, 177.5463104248047, 137.39639282226562, 38.85447692871094, 121.39100646972656, 114.80581665039062, 102.73243713378906, 44.735721588134766, 109.9696044921875, 178.10377502441406, 95.62654113769531, 114.99757385253906, 119.93380737304688, 130.0755157470703, 215.89785766601562, 99.45806121826172, 111.058837890625, 152.3078155517578, 242.21275329589844, 237.26455688476562, 180.89617919921875, 119.48226165771484, 113.35903930664062, 62.015480041503906], "psl": [806.0783081054688, 804.7713012695312, 803.3013305664062, 804.2886962890625, 805.1355590820312, 805.4014892578125, 803.9893798828125, 803.6558837890625, 804.4689331054688, 803.7257690429688, 802.30615234375, 802.6947021484375, 803.729248046875, 804.7295532226562, 803.8099365234375, 803.8404541015625, 804.8339233398438, 804.1521606445312, 802.8931274414062, 803.49169921875, 805.2737426757812, 805.909423828125, 804.7357788085938, 805.0576782226562], "pre": [0.0, 0.0, 3.5133190155029297, 32.89594268798828, 8.959428787231445, 0.0, 0.0, 0.015165328979492188, 0.0, 0.404754638671875, 5.071245193481445, 0.8211021423339844, 0.06007575988769531, 0.0341033935546875, 6.507541656494141, 5.350856781005859, 0.037353515625, 1.1308708190917969, 6.691251754760742, 12.957733154296875, 20.566879272460938, 10.503337860107422, 0.6142120361328125, 0.00537109375], "sw": [619.0750732421875, 1046.029296875, 140.32748413085938, 4.241548538208008, 0.0, 0.0, 0.0, 0.0, 637.9862060546875, 632.4055786132812, 148.03445434570312, 9.999999717180685e-10, 0.0, 0.0, 0.0, 0.0, 129.2356414794922, 687.16015625, 93.66461181640625, 9.999999717180685e-10, 0.0, 0.0, 0.0, 0.0], "rh": [59.530120849609375, 48.71894836425781, 66.66185760498047, 94.32034301757812, 93.63279724121094, 96.67449951171875, 99.40631103515625, 99.21382904052734, 73.9145278930664, 65.13164520263672, 76.3973159790039, 82.59386444091797, 89.84449768066406, 95.72750091552734, 99.77747344970703, 97.89173126220703, 85.82909393310547, 68.5087890625, 91.6840591430664, 98.97431182861328, 99.53756713867188, 97.77059936523438, 91.11693572998047, 87.30586242675781]}