{"t2m": [22.062347412109375, 26.0400390625, 28.27606201171875, 24.755096435546875, 20.554779052734375, 20.0673828125, 19.304779052734375, 18.413970947265625, 22.552337646484375, 26.394927978515625, 28.77203369140625, 25.257659912109375, 20.793609619140625, 19.115631103515625, 19.119659423828125, 19.2806396484375, 22.094818115234375, 26.210601806640625, 28.0059814453125, 22.884307861328125, 19.59832763671875, 20.0103759765625, 20.303192138671875, 18.92132568359375], "wnd": [7.99997615814209, 15.672676086425781, 8.179396629333496, 6.813747406005859, 9.235395431518555, 3.6774802207946777, 5.644888401031494, 5.194032192230225, 4.686252117156982, 16.217182159423828, 16.69378089904785, 2.6191864013671875, 6.415343761444092, 5.0939459800720215, 3.529296398162842, 1.3407211303710938, 5.158792495727539, 11.290665626525879, 12.299650192260742, 22.69435691833496, 5.018299102783203, 6.85553503036499, 1.6892606019973755, 4.056735038757324], "dir": [176.04544067382812, 169.68313598632812, 21.043663024902344, 117.73477172851562, 161.59925842285156, 170.04812622070312, 340.641357421875, 354.977783203125, 244.2336883544922, 168.81463623046875, 151.80374145507812, 146.20506286621094, 179.36903381347656, 201.89028930664062, 313.7503662109375, 250.22625732421875, 223.3199462890625, 177.11199951171875, 155.37185668945312, 174.91375732421875, 249.41217041015625, 296.1199951171875, 306.58270263671875, 145.2293701171875], "psl": [892.921142578125, 890.9494018554688, 888.4954833984375, 889.96337890625, 891.71533203125, 891.945556640625, 890.4456176757812, 890.1558837890625, 891.02294921875, 889.484130859375, 886.9221801757812, 888.1553344726562, 890.3068237304688, 891.4584350585938, 890.2335205078125, 890.3658447265625, 891.099853515625, 889.7672119140625, 887.745361328125, 889.338623046875, 891.7747802734375, 892.77197265625, 890.8025512695312, 891.4229736328125], "pre": [0.0, 4.6190395483943283e-20, 3.4904745760400147e-10, 0.051757942885160446, 0.34810999035835266, 1.6391277313232422e-06, 0.0, 0.0, 0.0, 0.0, 0.006249970756471157, 1.3857741355895996, 1.1989059448242188, 2.7125167846679688, 0.6980319023132324, 0.0, 0.0, 0.0, 0.7700544595718384, 0.47192883491516113, 6.3540778160095215, 3.687892198562622, 0.17825603485107422, 0.0], "sw": [619.990234375, 1018.8623046875, 644.4318237304688, 9.999999717180685e-10, 0.0, 0.0, 0.0, 0.0, 624.2870483398438, 1020.9780883789062, 829.4639892578125, 50.353641510009766, 0.0, 0.0, 0.0, 0.0, 616.4296875, 1016.3761596679688, 819.4227294921875, 21.218835830688477, 0.0, 0.0, 0.0, 0.0], "rh": [71.73096466064453, 54.88773727416992, 45.2993049621582, 58.11678695678711, 81.12047576904297, 82.09701538085938, 83.17018127441406, 83.5414810180664, 69.12019348144531, 54.6018180847168, 44.9320068359375, 58.669368743896484, 85.50096893310547, 97.35063934326172, 93.74031066894531, 90.91035461425781, 77.31756591796875, 59.28968811035156, 50.00994110107422, 73.03217315673828, 96.4432144165039, 88.45220184326172, 78.23548889160156, 78.79373168945312]}