{"t2m": [24.165069580078125, 29.07989501953125, 31.61663818359375, 22.991424560546875, 20.4666748046875, 20.4337158203125, 19.943389892578125, 20.005157470703125, 22.177276611328125, 26.42578125, 29.293548583984375, 22.1177978515625, 20.2740478515625, 19.926300048828125, 19.88031005859375, 20.20501708984375, 23.4417724609375, 27.194671630859375, 28.191375732421875, 24.92816162109375, 22.053070068359375, 20.633270263671875, 19.927093505859375, 19.524017333984375], "wnd": [6.7489495277404785, 6.5366597175598145, 16.074609756469727, 3.527230739593506, 9.39763355255127, 6.43336820602417, 1.260860800743103, 6.123144149780273, 1.3821096420288086, 5.1919755935668945, 10.48486328125, 21.396188735961914, 4.243441104888916, 9.777207374572754, 11.216262817382812, 10.324066162109375, 5.908778190612793, 4.4285807609558105, 14.494417190551758, 7.306888103485107, 4.588253021240234, 3.4505951404571533, 10.125276565551758, 13.185333251953125], "dir": [61.057865142822266, 212.3563232421875, 253.88987731933594, 276.88140869140625, 134.13555908203125, 298.8926696777344, 187.4340362548828, 260.4171142578125, 144.0943145751953, 201.32069396972656, 245.0992889404297, 108.38190460205078, 147.81182861328125, 32.826297760009766, 26.970870971679688, 41.545166015625, 85.1221694946289, 73.72447204589844, 172.37904357910156, 202.1660614013672, 7.4607696533203125, 29.78851318359375, 33.10490417480469, 18.374679565429688], "psl": [898.9749755859375, 896.7970581054688, 893.7518920898438, 896.2838134765625, 898.4539184570312, 898.6109619140625, 896.8792114257812, 896.8563842773438, 897.8030395507812, 896.183349609375, 893.2554931640625, 894.3135375976562, 896.627685546875, 897.8379516601562, 896.9598999023438, 896.468017578125, 897.4329833984375, 896.17138671875, 894.47705078125, 895.57373046875, 897.7059326171875, 898.7156982421875, 897.6484985351562, 898.2066650390625], "pre": [0.0, 0.0, 0.0, 5.67012357711792, 4.960262298583984, 1.1814332008361816, 0.011197805404663086, 5.0067901611328125e-06, 6.67572021484375e-06, 0.0, 0.006565093994140625, 4.480959892272949, 17.50592803955078, 12.78398609161377, 0.40285682678222656, 0.5660305023193359, 0.0, 0.007171630859375, 0.7658481597900391, 0.5517196655273438, 0.5284652709960938, 1.84576416015625, 1.5544719696044922, 1.630685806274414], "sw": [600.3856201171875, 1017.9849853515625, 846.579345703125, 18.382585525512695, 0.0, 0.0, 0.0, 0.0, 599.5867309570312, 1011.6567993164062, 787.8248901367188, 10.321703910827637, 0.0, 0.0, 0.0, 0.0, 592.1719970703125, 862.9803466796875, 755.823486328125, 15.161018371582031, 0.0, 0.0, 0.0, 0.0], "rh": [61.79243850708008, 41.89563751220703, 36.272743225097656, 79.00653839111328, 94.42025756835938, 91.18382263183594, 95.30403900146484, 92.7486343383789, 79.42991638183594, 55.2398567199707, 47.00307083129883, 88.5971450805664, 96.39888000488281, 96.58525085449219, 96.03157806396484, 91.07894134521484, 71.6488265991211, 53.9304313659668, 48.74991989135742, 65.37798309326172, 78.20472717285156, 85.01911926269531, 92.96308898925781, 90.45118713378906]}