{"t2m": [22.50604248046875, 24.02783203125, 23.264923095703125, 21.05487060546875, 20.921875, 20.729461669921875, 19.414031982421875, 20.135650634765625, 22.448699951171875, 20.568359375, 20.780609130859375, 20.688995361328125, 20.620758056640625, 20.1517333984375, 18.911224365234375, 18.35467529296875, 21.329803466796875, 23.86090087890625, 22.97735595703125, 21.6136474609375, 21.025726318359375, 20.736785888671875, 21.073883056640625, 20.202880859375], "wnd": [7.519880294799805, 11.918524742126465, 9.684160232543945, 4.234900951385498, 4.0018086433410645, 4.822781085968018, 0.47687292098999023, 1.6133224964141846, 4.417196750640869, 3.1933672428131104, 3.0183191299438477, 5.453871726989746, 3.4631476402282715, 2.1158437728881836, 5.04578161239624, 3.390409469604492, 5.476430416107178, 8.365827560424805, 6.057059288024902, 5.069798469543457, 0.36045074462890625, 2.5573644638061523, 2.843351364135742, 2.09909725189209], "dir": [15.253410339355469, 25.0975341796875, 23.07757568359375, 183.98641967773438, 232.93003845214844, 318.79705810546875, 287.1792297363281, 114.6414566040039, 60.41492462158203, 0.1270751953125, 113.42952728271484, 149.16310119628906, 114.86145782470703, 106.80675506591797, 187.72116088867188, 269.12432861328125, 356.5651550292969, 4.921134948730469, 335.02008056640625, 287.53240966796875, 225.9736328125, 197.97836303710938, 285.796630859375, 264.5997314453125], "psl": [923.1163330078125, 922.18701171875, 920.3872680664062, 920.8101806640625, 921.110595703125, 920.7744750976562, 919.5703735351562, 919.509765625, 920.1318969726562, 919.9879760742188, 918.1235961914062, 917.8534545898438, 918.7318115234375, 919.7716674804688, 917.869873046875, 918.0010986328125, 918.9544677734375, 918.4168090820312, 917.5457153320312, 917.8540649414062, 918.5370483398438, 919.1995849609375, 917.8473510742188, 918.7193603515625], "pre": [0.0, 3.5376868101621994e-10, 3.975433588027954, 17.99376678466797, 1.3594615459442139, 0.0, 0.0, 0.033460378646850586, 0.27452921867370605, 0.3679931163787842, 1.8449532985687256, 2.4526119232177734, 0.07880640029907227, 0.00849008560180664, 0.0014224052429199219, 0.015048980712890625, 0.0, 0.7818527221679688, 10.06615924835205, 4.1755170822143555, 2.3234453201293945, 1.4653501510620117, 1.0389814376831055, 0.12312602996826172], "sw": [582.1051025390625, 918.6189575195312, 557.7584838867188, 198.2575225830078, 0.0, 0.0, 0.0, 9.999999717180685e-10, 614.9952392578125, 93.49815368652344, 67.11270141601562, 19.570920944213867, 0.0, 0.0, 0.0, 9.999999717180685e-10, 253.0038604736328, 945.722412109375, 399.49603271484375, 17.96216583251953, 0.0, 0.0, 0.0, 9.999999717180685e-10], "rh": [75.35506439208984, 75.76781463623047, 84.37106323242188, 94.59539794921875, 91.31375885009766, 86.55835723876953, 85.15868377685547, 85.79521179199219, 81.47638702392578, 96.7039566040039, 96.57474517822266, 95.23392486572266, 95.49742126464844, 99.87537384033203, 88.8310775756836, 91.48396301269531, 90.05119323730469, 89.46961975097656, 91.74149322509766, 95.60224151611328, 96.52261352539062, 95.33951568603516, 90.80699157714844, 94.9017562866211]}