{"t2m": [18.996978759765625, 22.177337646484375, 21.55963134765625, 15.24566650390625, 15.322998046875, 14.9307861328125, 13.567596435546875, 12.78424072265625, 17.058837890625, 19.386810302734375, 19.776641845703125, 17.002777099609375, 15.5201416015625, 15.020172119140625, 15.059783935546875, 14.93792724609375, 17.639892578125, 18.9859619140625, 19.839111328125, 17.2109375, 15.072235107421875, 14.693115234375, 13.838592529296875, 13.391357421875], "wnd": [9.729106903076172, 6.899284362792969, 5.742397308349609, 17.82040786743164, 12.051856994628906, 4.574015140533447, 2.8213655948638916, 6.440252304077148, 8.45042896270752, 7.3207011222839355, 10.719093322753906, 9.096105575561523, 19.140607833862305, 12.76272201538086, 8.206599235534668, 8.467472076416016, 5.596895694732666, 8.200749397277832, 14.707930564880371, 16.547555923461914, 6.480638027191162, 7.169183254241943, 13.706923484802246, 4.527826309204102], "dir": [182.0225067138672, 175.07945251464844, 244.86781311035156, 71.09335327148438, 95.54510498046875, 162.83758544921875, 262.28924560546875, 280.78985595703125, 177.06893920898438, 173.4955596923828, 228.1573486328125, 96.82821655273438, 40.15540313720703, 68.19610595703125, 267.37860107421875, 337.07757568359375, 117.79170227050781, 170.13023376464844, 200.90879821777344, 261.8995361328125, 235.17239379882812, 295.6686706542969, 126.82349395751953, 27.25312042236328], "psl": [795.8825073242188, 794.7667236328125, 792.9879760742188, 793.7832641601562, 794.7692260742188, 795.1814575195312, 793.4891967773438, 793.2535400390625, 794.238525390625, 793.60791015625, 791.8824462890625, 792.09130859375, 793.4364624023438, 794.3742065429688, 793.6766967773438, 793.4757080078125, 794.41015625, 794.15869140625, 792.615234375, 792.99951171875, 795.0201416015625, 795.4305419921875, 794.4137573242188, 794.9028930664062], "pre": [0.0, 7.757018768636548e-13, 2.493241786956787, 11.38346004486084, 2.8734705448150635, 0.011396408081054688, 0.0, 0.0, 0.0, 2.1795225143432617, 5.490659236907959, 6.91256046295166, 14.374521255493164, 7.647832870483398, 8.712791442871094, 0.5473384857177734, 0.0045986175537109375, 0.22311782836914062, 1.6220893859863281, 3.7838668823242188, 11.263076782226562, 5.317344665527344, 3.4018096923828125, 1.2620849609375], "sw": [558.2593994140625, 1013.5857543945312, 792.73779296875, 6.887900352478027, 0.0, 0.0, 0.0, 0.0, 627.1446533203125, 881.9422607421875, 715.6454467773438, 9.999999717180685e-10, 0.0, 0.0, 0.0, 0.0, 620.3651123046875, 1038.812255859375, 864.6203002929688, 11.654590606689453, 0.0, 0.0, 0.0, 0.0], "rh": [63.84564208984375, 52.049861907958984, 65.69609069824219, 99.44733428955078, 99.68122863769531, 99.72557067871094, 94.87184143066406, 89.17489624023438, 84.27924346923828, 76.78965759277344, 78.79684448242188, 92.93592834472656, 92.60179138183594, 94.92219543457031, 87.73519134521484, 85.64021301269531, 74.57548522949219, 69.25684356689453, 70.54662322998047, 84.01897430419922, 94.62517547607422, 89.05977630615234, 99.76703643798828, 96.95726013183594]}