{"t2m": [14.4351806640625, 15.878936767578125, 14.537872314453125, 12.879486083984375, 12.3450927734375, 10.880767822265625, 10.660888671875, 10.248260498046875, 13.043304443359375, 14.543609619140625, 14.17388916015625, 12.13037109375, 12.048248291015625, 11.707763671875, 11.7843017578125, 11.0972900390625, 13.81500244140625, 13.51507568359375, 13.88592529296875, 12.1380615234375, 12.057952880859375, 10.545257568359375, 9.42919921875, 8.79718017578125], "wnd": [19.256935119628906, 16.404926300048828, 19.628297805786133, 16.0346622467041, 4.857662200927734, 9.155710220336914, 7.710299491882324, 6.28562593460083, 6.395129203796387, 7.303074836730957, 14.671143531799316, 13.361825942993164, 8.445170402526855, 11.924317359924316, 10.180728912353516, 5.881627082824707, 10.332660675048828, 5.158039569854736, 3.0041306018829346, 11.692559242248535, 13.576993942260742, 21.659324645996094, 15.145787239074707, 8.040970802307129], "dir": [46.817169189453125, 23.621658325195312, 53.284034729003906, 48.92119598388672, 27.334774017333984, 34.6896858215332, 18.42578125, 34.36166000366211, 105.86054229736328, 128.91488647460938, 87.87294006347656, 80.6119155883789, 80.54017639160156, 125.20573425292969, 137.12901306152344, 164.56076049804688, 154.2274627685547, 140.0655517578125, 101.71751403808594, 77.94869232177734, 159.6530303955078, 172.31190490722656, 169.552978515625, 157.345703125], "psl": [743.99365234375, 743.5861206054688, 742.031982421875, 742.115234375, 743.0423583984375, 742.8067016601562, 741.58154296875, 741.4386596679688, 742.4886474609375, 742.3601684570312, 740.944091796875, 741.1370849609375, 741.9154663085938, 742.6536865234375, 741.5877075195312, 741.69287109375, 742.813232421875, 742.62646484375, 741.3947143554688, 741.7206420898438, 743.0120239257812, 743.67333984375, 742.2513427734375, 742.9346923828125], "pre": [0.0, 3.768329227555256e-18, 0.0007005761144682765, 0.13530270755290985, 0.5445572733879089, 0.042064934968948364, 0.006772637367248535, 0.0, 1.4901161193847656e-06, 3.8300623893737793, 2.971046209335327, 8.20159912109375e-05, 0.02651071548461914, 6.293248653411865, 2.4647364616394043, 0.3173675537109375, 0.19926977157592773, 4.42719030380249, 9.255121231079102, 5.3167829513549805, 3.7040529251098633, 12.252087593078613, 0.2451171875, 0.0], "sw": [651.1632690429688, 1064.5328369140625, 799.5402221679688, 23.933212280273438, 0.0, 0.0, 0.0, 0.0, 274.3651123046875, 977.9010620117188, 867.3802490234375, 62.32280731201172, 0.0, 0.0, 0.0, 0.0, 649.3518676757812, 284.3002014160156, 195.99671936035156, 5.240103721618652, 0.0, 0.0, 0.0, 0.0], "rh": [76.96028137207031, 72.53209686279297, 88.43055725097656, 95.79341125488281, 99.28854370117188, 99.10530090332031, 99.20205688476562, 99.31481170654297, 88.51582336425781, 89.21428680419922, 89.28990173339844, 94.31723022460938, 97.65284729003906, 98.5970687866211, 99.67040252685547, 99.74195861816406, 86.07145690917969, 95.20545196533203, 94.21492767333984, 99.61668395996094, 99.73955535888672, 99.65338897705078, 92.91863250732422, 91.18365478515625]}