{"t2m": [16.1810302734375, 16.277099609375, 15.919464111328125, 15.351837158203125, 14.78753662109375, 15.91180419921875, 15.532623291015625, 15.229736328125, 16.52783203125, 16.543487548828125, 16.95501708984375, 15.935455322265625, 15.911773681640625, 15.66632080078125, 15.14898681640625, 15.06195068359375, 17.280029296875, 17.439361572265625, 17.551666259765625, 16.7843017578125, 16.38995361328125, 16.715606689453125, 16.054229736328125, 16.31854248046875], "wnd": [10.147762298583984, 14.361363410949707, 13.608660697937012, 4.571001052856445, 6.81743049621582, 8.229279518127441, 15.420530319213867, 11.16756820678711, 15.00190258026123, 17.881610870361328, 12.932259559631348, 4.962666988372803, 5.229543685913086, 1.8289748430252075, 2.3378124237060547, 3.211893081665039, 4.523620128631592, 11.940058708190918, 13.333632469177246, 8.694864273071289, 2.2511208057403564, 11.065791130065918, 6.593986511230469, 10.796019554138184], "dir": [5.462669372558594, 11.767295837402344, 38.963741302490234, 342.33135986328125, 216.26174926757812, 254.3257293701172, 247.51727294921875, 257.6243896484375, 270.90618896484375, 333.4052734375, 302.66070556640625, 36.198387145996094, 17.50884246826172, 50.11747741699219, 178.04298400878906, 178.52801513671875, 94.52442169189453, 1.7971878051757812, 356.9953308105469, 325.89971923828125, 155.8827667236328, 118.19849395751953, 192.83523559570312, 178.51223754882812], "psl": [821.5380249023438, 820.9296264648438, 819.5200805664062, 819.5963134765625, 819.8712768554688, 819.666015625, 818.1068725585938, 818.193359375, 819.0335693359375, 818.6966552734375, 817.2684326171875, 817.1904907226562, 817.93359375, 818.7156372070312, 817.159423828125, 817.1369018554688, 818.223388671875, 817.9559326171875, 817.04296875, 817.2462768554688, 818.1207885742188, 818.7011108398438, 816.9812622070312, 817.3199462890625], "pre": [1.3851296852389079e-15, 0.935559868812561, 0.806113600730896, 0.15334659814834595, 0.03984957933425903, 0.0, 0.09177267551422119, 0.20635360479354858, 0.009845495223999023, 4.843753814697266, 2.4142446517944336, 5.8198041915893555, 8.935922622680664, 2.841249465942383, 0.6880741119384766, 0.0055980682373046875, 0.5016841888427734, 0.6902961730957031, 3.838876724243164, 1.8619890213012695, 1.7260265350341797, 5.249799728393555, 1.4286441802978516, 0.026638031005859375], "sw": [512.473876953125, 187.6365203857422, 327.4460144042969, 3.3562421798706055, 0.0, 0.0, 0.0, 9.999999717180685e-10, 150.39810180664062, 192.56826782226562, 195.4842987060547, 3.956907272338867, 0.0, 0.0, 0.0, 9.999999717180685e-10, 113.5675277709961, 177.5116729736328, 123.8698501586914, 2.870912174657292e-09, 0.0, 0.0, 0.0, 9.999999717180685e-10], "rh": [90.8115005493164, 99.49457550048828, 98.8634033203125, 99.59645080566406, 94.73123168945312, 89.35840606689453, 90.44124603271484, 93.55238342285156, 87.3916244506836, 99.6732177734375, 91.93180847167969, 100.0593032836914, 100.04859161376953, 100.02013397216797, 100.8143310546875, 91.3425064086914, 84.68201446533203, 99.75244903564453, 99.97514343261719, 100.11737060546875, 99.39462280273438, 91.94183349609375, 88.63307189941406, 72.99790954589844]}