{"t2m": [24.45245361328125, 28.473297119140625, 29.637603759765625, 22.984130859375, 20.35760498046875, 19.56060791015625, 18.8131103515625, 17.910919189453125, 21.602691650390625, 25.687347412109375, 27.27764892578125, 19.875152587890625, 19.473968505859375, 19.645050048828125, 19.099395751953125, 18.375885009765625, 23.01715087890625, 26.1685791015625, 24.393157958984375, 21.34814453125, 20.08929443359375, 19.433258056640625, 19.359375, 18.8125], "wnd": [6.213393211364746, 5.557697296142578, 10.470967292785645, 15.688871383666992, 4.2944159507751465, 5.896864891052246, 6.3339524269104, 3.155224084854126, 4.6509222984313965, 5.978194713592529, 7.623023986816406, 9.126527786254883, 5.180216312408447, 6.164177894592285, 9.800542831420898, 6.707265377044678, 3.9860503673553467, 3.8072612285614014, 7.744983673095703, 10.089850425720215, 7.3997416496276855, 7.7963409423828125, 7.289630889892578, 10.068432807922363], "dir": [65.27969360351562, 244.7815399169922, 206.0780792236328, 40.731197357177734, 95.12774658203125, 273.4071044921875, 3.0523300170898438, 352.7666320800781, 210.94342041015625, 252.2454376220703, 303.28533935546875, 105.44960021972656, 192.55569458007812, 54.851318359375, 5.5988616943359375, 346.477783203125, 357.24688720703125, 209.06918334960938, 146.59320068359375, 73.5788803100586, 14.364227294921875, 343.67279052734375, 341.0237121582031, 355.36517333984375], "psl": [881.8016357421875, 879.739013671875, 877.1475219726562, 879.4286499023438, 881.0755615234375, 881.459228515625, 879.9149169921875, 879.6475830078125, 880.6273193359375, 879.0328369140625, 876.55029296875, 878.17578125, 879.7578125, 880.8087768554688, 879.8136596679688, 879.5010986328125, 880.344482421875, 879.1802368164062, 877.7949829101562, 879.0228881835938, 881.0733642578125, 881.8982543945312, 880.4738159179688, 880.953125], "pre": [0.0, 0.0, 0.474926233291626, 4.228064060211182, 11.826423645019531, 0.4589061737060547, 0.0007600784301757812, 0.0, 0.0, 0.0, 0.6360082626342773, 23.36739730834961, 8.975432395935059, 16.10592269897461, 0.8203907012939453, 0.08836746215820312, 8.96453857421875e-05, 0.04614830017089844, 4.796482086181641, 4.236621856689453, 1.4337139129638672, 1.3205413818359375, 2.2333221435546875, 0.07763290405273438], "sw": [611.2745971679688, 1022.939208984375, 493.4850158691406, 9.999999717180685e-10, 0.0, 0.0, 0.0, 0.0, 611.4651489257812, 1021.6350708007812, 266.1607666015625, 4.372778415679932, 0.0, 0.0, 0.0, 0.0, 602.9658203125, 826.0647583007812, 71.66857147216797, 9.999999717180685e-10, 0.0, 0.0, 0.0, 0.0], "rh": [56.29314041137695, 43.253196716308594, 42.27710723876953, 73.17572021484375, 87.74540710449219, 95.80752563476562, 96.69010162353516, 98.20664978027344, 80.2955093383789, 61.70388412475586, 55.18873977661133, 94.56575775146484, 97.76353454589844, 93.38396453857422, 95.69163513183594, 96.36241149902344, 72.42229461669922, 58.22290802001953, 70.13019561767578, 85.80220031738281, 93.48196411132812, 94.82662963867188, 90.58747100830078, 90.07572174072266]}