{"t2m": [23.223907470703125, 24.749298095703125, 24.801239013671875, 22.58441162109375, 21.278717041015625, 21.396209716796875, 21.32843017578125, 20.786224365234375, 22.78216552734375, 21.41656494140625, 21.268096923828125, 22.2423095703125, 21.227691650390625, 21.11907958984375, 19.716064453125, 19.38665771484375, 21.660400390625, 24.82269287109375, 24.452667236328125, 22.425994873046875, 21.646484375, 21.41558837890625, 21.157196044921875, 21.24395751953125], "wnd": [9.341771125793457, 12.631739616394043, 17.046611785888672, 3.073729991912842, 6.547643661499023, 6.9541335105896, 3.591468334197998, 4.288078308105469, 7.0545220375061035, 10.354509353637695, 7.127196311950684, 6.031621932983398, 6.9584221839904785, 2.5901753902435303, 2.953986406326294, 3.5166983604431152, 8.731881141662598, 9.843184471130371, 6.020376205444336, 8.369722366333008, 8.194758415222168, 4.080328464508057, 6.502763748168945, 5.424891471862793], "dir": [20.758743286132812, 25.127487182617188, 45.631202697753906, 72.9413070678711, 221.5419921875, 258.4645080566406, 268.6528015136719, 291.39727783203125, 319.67828369140625, 283.7619323730469, 268.4488830566406, 256.697998046875, 120.13494873046875, 127.55554962158203, 187.32192993164062, 233.987060546875, 290.4374694824219, 9.090812683105469, 352.03857421875, 279.04547119140625, 251.924560546875, 249.72991943359375, 273.85894775390625, 275.6895751953125], "psl": [939.4279174804688, 938.4703979492188, 936.5284423828125, 936.9779663085938, 937.3446044921875, 937.011962890625, 935.7943725585938, 935.823974609375, 936.4148559570312, 936.2023315429688, 934.391357421875, 934.0278930664062, 935.0100708007812, 936.052001953125, 934.1253662109375, 934.1583862304688, 935.2196044921875, 934.5599365234375, 933.540771484375, 933.9732666015625, 934.719482421875, 935.3937377929688, 934.0515747070312, 934.9163818359375], "pre": [0.0, 1.2596777311607035e-21, 0.4136107563972473, 17.385318756103516, 4.304840564727783, 0.0, 0.005063056945800781, 0.18340206146240234, 0.45847415924072266, 0.30608081817626953, 1.9052810668945312, 2.426939010620117, 0.20706939697265625, 0.0819244384765625, 5.7220458984375e-06, 0.019369125366210938, 0.015764236450195312, 0.04573345184326172, 9.862686157226562, 5.041568756103516, 1.2594842910766602, 1.1988630294799805, 0.46721935272216797, 0.09231948852539062], "sw": [595.6907958984375, 984.9967041015625, 516.5816040039062, 141.60935974121094, 0.0, 0.0, 0.0, 9.999999717180685e-10, 365.9035339355469, 142.5780792236328, 59.57107162475586, 106.73783874511719, 0.0, 0.0, 0.0, 9.999999717180685e-10, 258.6459655761719, 1001.5393676757812, 440.50140380859375, 21.608192443847656, 0.0, 0.0, 0.0, 9.999999717180685e-10], "rh": [77.05787658691406, 75.61708068847656, 78.93010711669922, 93.14030456542969, 93.45694732666016, 91.13230895996094, 88.8510971069336, 90.86250305175781, 82.3046875, 93.24947357177734, 94.76535034179688, 90.49339294433594, 96.12044525146484, 98.31918334960938, 94.90349578857422, 99.55394744873047, 93.06951904296875, 86.58567810058594, 87.14552307128906, 98.30994415283203, 96.7655029296875, 96.40032958984375, 95.4388656616211, 95.817626953125]}