{"t2m": [16.511077880859375, 20.1922607421875, 20.709747314453125, 16.165435791015625, 13.91864013671875, 12.059661865234375, 11.32598876953125, 11.148284912109375, 16.281585693359375, 17.76416015625, 16.6395263671875, 14.403778076171875, 13.81475830078125, 14.043670654296875, 13.4349365234375, 13.413360595703125, 15.636016845703125, 18.471343994140625, 18.620330810546875, 15.15216064453125, 14.02471923828125, 13.455352783203125, 12.400543212890625, 12.10113525390625], "wnd": [8.976707458496094, 15.332097053527832, 23.08201789855957, 20.453155517578125, 10.025545120239258, 6.025299072265625, 7.9870781898498535, 6.966326713562012, 4.858470439910889, 9.691840171813965, 3.2128796577453613, 8.432733535766602, 0.7700086236000061, 3.926088809967041, 13.194902420043945, 10.16070556640625, 13.999143600463867, 23.025344848632812, 16.526321411132812, 11.900782585144043, 11.973321914672852, 13.958603858947754, 20.49782943725586, 9.680991172790527], "dir": [16.140243530273438, 46.22000503540039, 49.38235855102539, 30.77190399169922, 26.918701171875, 27.925567626953125, 324.5561218261719, 287.33599853515625, 47.66152572631836, 164.58981323242188, 56.646881103515625, 74.51649475097656, 216.03433227539062, 140.51385498046875, 186.97567749023438, 192.53610229492188, 181.98471069335938, 179.82904052734375, 192.72000122070312, 198.52755737304688, 180.70852661132812, 156.94102478027344, 175.9561767578125, 181.5386962890625], "psl": [766.9592895507812, 765.9195556640625, 763.9898681640625, 764.9600219726562, 765.7965698242188, 765.7796020507812, 764.5499877929688, 764.1710815429688, 765.072509765625, 764.57421875, 763.2966918945312, 763.5115356445312, 764.478759765625, 765.1969604492188, 764.0372924804688, 764.1682739257812, 765.3048706054688, 764.621826171875, 763.4283447265625, 763.97412109375, 765.4302978515625, 765.8670043945312, 764.8526611328125, 765.4226684570312], "pre": [0.0, 0.0, 3.365710024538186e-20, 1.6765223741531372, 0.0, 0.0, 0.0, 0.0, 0.0, 0.7787584662437439, 3.095977544784546, 18.663570404052734, 9.40449047088623, 0.08339405059814453, 0.5140132904052734, 2.9757747650146484, 0.2346658706665039, 0.17364883422851562, 1.4995794296264648, 3.085132598876953, 7.403142929077148, 10.735227584838867, 1.8934097290039062, 0.002094268798828125], "sw": [628.6375732421875, 1040.3955078125, 860.8214111328125, 136.41879272460938, 0.0, 0.0, 0.0, 0.0, 647.5613403320312, 341.2989196777344, 361.0278015136719, 12.430583000183105, 0.0, 0.0, 0.0, 0.0, 628.03857421875, 1049.3170166015625, 843.5859985351562, 0.5200197696685791, 0.0, 0.0, 0.0, 0.0], "rh": [70.2120132446289, 55.17404556274414, 56.917945861816406, 76.33863830566406, 84.98993682861328, 92.47958374023438, 88.99610900878906, 86.22575378417969, 72.5705795288086, 69.74823760986328, 80.50296020507812, 96.23177337646484, 95.87705993652344, 93.24317932128906, 95.96940612792969, 90.35771942138672, 81.39073181152344, 67.73100280761719, 68.31165313720703, 89.60348510742188, 96.12187194824219, 97.30133056640625, 95.71088409423828, 86.77252197265625]}