{"t2m": [13.53326416015625, 13.875244140625, 13.402923583984375, 12.63531494140625, 12.078460693359375, 10.362823486328125, 9.71490478515625, 9.13970947265625, 14.05657958984375, 13.93853759765625, 14.08428955078125, 12.51605224609375, 11.744110107421875, 11.79925537109375, 12.1453857421875, 12.034759521484375, 14.232666015625, 14.191070556640625, 13.730865478515625, 12.556182861328125, 11.60687255859375, 11.790679931640625, 11.18231201171875, 12.092437744140625], "wnd": [16.123979568481445, 12.301799774169922, 25.653566360473633, 17.30367660522461, 8.596989631652832, 7.527498722076416, 7.826150894165039, 5.761257648468018, 4.781262397766113, 16.34052085876465, 22.1141414642334, 19.851511001586914, 14.628005027770996, 11.345736503601074, 11.365443229675293, 7.363679885864258, 12.884517669677734, 20.359451293945312, 23.68125343322754, 20.816120147705078, 16.03199577331543, 4.038442611694336, 8.728200912475586, 6.476674556732178], "dir": [122.48816680908203, 124.7439956665039, 97.716064453125, 110.88813018798828, 122.36250305175781, 312.129150390625, 303.9940185546875, 89.1700668334961, 180.38250732421875, 103.63917541503906, 110.2276840209961, 111.99343872070312, 112.02052307128906, 131.47796630859375, 81.1192855834961, 42.22321319580078, 114.50911712646484, 108.66325378417969, 103.14669799804688, 109.08842468261719, 138.13230895996094, 182.64691162109375, 1.0640716552734375, 30.023540496826172], "psl": [749.0817260742188, 748.5220336914062, 747.1179809570312, 747.1363525390625, 747.8649291992188, 747.7382202148438, 746.4949340820312, 746.2874145507812, 747.3218994140625, 747.314697265625, 745.8630981445312, 746.0360717773438, 746.7941284179688, 747.4525756835938, 746.4678955078125, 746.6807250976562, 747.7483520507812, 747.4630737304688, 746.2561645507812, 746.5042114257812, 747.96923828125, 748.4913330078125, 747.5231323242188, 747.9258422851562], "pre": [3.7595693669345565e-08, 0.0025980202481150627, 0.5659353137016296, 0.2881813645362854, 0.4621105492115021, 0.00013375282287597656, 8.702278137207031e-06, 0.0, 0.0, 2.1173276901245117, 0.272045373916626, 0.076377272605896, 0.04054379463195801, 0.3328566551208496, 3.910961866378784, 1.8069229125976562, 0.14745879173278809, 2.0248618125915527, 0.3866863250732422, 0.03227567672729492, 2.3321361541748047, 3.090975761413574, 2.4521141052246094, 0.026660919189453125], "sw": [650.611328125, 934.9178466796875, 178.686279296875, 4.317457675933838, 0.0, 0.0, 0.0, 9.999999717180685e-10, 384.0243225097656, 676.052490234375, 867.5160522460938, 0.4744413197040558, 0.0, 0.0, 0.0, 0.0, 648.8068237304688, 1057.758056640625, 519.178955078125, 19.137720108032227, 0.0, 0.0, 0.0, 0.0], "rh": [85.0914535522461, 95.60368347167969, 97.55269622802734, 98.80879211425781, 99.18463134765625, 98.10851287841797, 92.73179626464844, 91.21017456054688, 83.1295166015625, 94.19881439208984, 93.1993408203125, 98.40077209472656, 98.65668487548828, 99.09595489501953, 94.0571060180664, 93.28783416748047, 82.32514953613281, 93.01792907714844, 96.85853576660156, 98.33790588378906, 99.17808532714844, 98.27938079833984, 86.67508697509766, 73.18214416503906]}