{"t2m": [24.66778564453125, 29.42266845703125, 32.759613037109375, 22.44024658203125, 20.43963623046875, 21.132904052734375, 21.120269775390625, 21.27960205078125, 23.578125, 27.504638671875, 30.257659912109375, 24.837677001953125, 21.0167236328125, 21.5543212890625, 21.090240478515625, 21.3619384765625, 23.876739501953125, 27.19195556640625, 28.44500732421875, 25.78179931640625, 24.136932373046875, 20.8660888671875, 20.467193603515625, 20.396881103515625], "wnd": [3.11152982711792, 3.793726682662964, 3.632126808166504, 15.333025932312012, 6.4582648277282715, 6.013950824737549, 3.2733426094055176, 0.7432013154029846, 1.66151762008667, 2.2922980785369873, 0.7387577295303345, 9.026365280151367, 5.513652801513672, 3.069171667098999, 2.4584028720855713, 0.7761259078979492, 4.452385425567627, 3.5658621788024902, 4.6241350173950195, 7.034766674041748, 2.839054584503174, 4.688261985778809, 2.818080425262451, 2.429593324661255], "dir": [329.89208984375, 270.6754150390625, 298.0538330078125, 66.05048370361328, 249.71249389648438, 48.78142166137695, 228.5732879638672, 196.67202758789062, 347.10235595703125, 348.2611999511719, 235.30413818359375, 67.07357025146484, 338.15118408203125, 8.524520874023438, 327.3948974609375, 122.86956787109375, 15.653778076171875, 68.15385437011719, 247.99114990234375, 224.59608459472656, 116.99627685546875, 338.2480773925781, 285.4591064453125, 305.05389404296875], "psl": [920.4310302734375, 917.9273681640625, 914.4666137695312, 917.3895874023438, 920.0701293945312, 919.666748046875, 918.244873046875, 918.1292114257812, 919.0858764648438, 917.2277221679688, 914.0682983398438, 915.2659301757812, 917.794677734375, 919.0477905273438, 918.1434326171875, 917.867919921875, 918.7814331054688, 917.3914184570312, 915.3792114257812, 916.4107055664062, 918.8541259765625, 920.0025634765625, 918.9642944335938, 919.549072265625], "pre": [0.0, 0.0, 0.0, 6.8148040771484375, 29.118499755859375, 18.99913215637207, 0.0, 0.06696701049804688, 0.016819000244140625, 0.0, 0.0, 3.123231887817383, 14.398937225341797, 0.09967041015625, 0.08932876586914062, 0.0, 0.07032394409179688, 0.002231597900390625, 0.5680465698242188, 0.0063037872314453125, 0.002231597900390625, 0.3387336730957031, 1.3668861389160156, 1.0019950866699219], "sw": [598.5327758789062, 1013.0126953125, 648.6004028320312, 0.40404197573661804, 0.0, 0.0, 0.0, 0.0, 595.8256225585938, 980.4978637695312, 705.0739135742188, 20.445125579833984, 0.0, 0.0, 0.0, 0.0, 579.8909912109375, 804.8536376953125, 754.8284912109375, 3.252854824066162, 0.0, 0.0, 0.0, 0.0], "rh": [63.51771545410156, 47.45024871826172, 33.86518478393555, 86.47364807128906, 98.91606903076172, 93.23831176757812, 92.05255889892578, 90.26708984375, 78.60986328125, 57.84922790527344, 46.60669708251953, 77.7183837890625, 97.0484619140625, 92.78459167480469, 94.55814361572266, 88.9347152709961, 78.7137451171875, 60.2327880859375, 56.8849983215332, 59.358673095703125, 74.61627960205078, 88.31149291992188, 94.49296569824219, 94.88029479980469]}