{"t2m": [14.57489013671875, 15.554962158203125, 13.974700927734375, 13.02252197265625, 12.726165771484375, 11.9959716796875, 10.622528076171875, 10.0321044921875, 15.027374267578125, 15.095306396484375, 14.722259521484375, 12.8897705078125, 12.34429931640625, 12.36968994140625, 12.298583984375, 12.438720703125, 15.0855712890625, 14.44866943359375, 13.84222412109375, 12.93731689453125, 11.95440673828125, 12.205657958984375, 11.584808349609375, 12.777679443359375], "wnd": [16.057397842407227, 14.094927787780762, 30.35947036743164, 21.799671173095703, 11.69624137878418, 2.6545212268829346, 6.480435848236084, 4.97257137298584, 4.104692459106445, 20.215848922729492, 26.378801345825195, 24.779438018798828, 17.20296287536621, 14.54399585723877, 13.301867485046387, 8.45622444152832, 13.485864639282227, 22.54607391357422, 25.937047958374023, 23.386199951171875, 19.352352142333984, 13.328826904296875, 9.619464874267578, 9.502437591552734], "dir": [96.9000244140625, 99.47830200195312, 96.03396606445312, 102.06478881835938, 107.07207489013672, 256.39080810546875, 309.0620422363281, 141.47531127929688, 143.81971740722656, 102.39079284667969, 100.75672912597656, 99.70270538330078, 104.25923156738281, 113.66691589355469, 95.79776763916016, 73.82786560058594, 110.89622497558594, 102.06085968017578, 103.7273941040039, 104.02400207519531, 113.77489471435547, 195.07781982421875, 9.272789001464844, 38.64274597167969], "psl": [758.832275390625, 758.21044921875, 756.78271484375, 756.850830078125, 757.679443359375, 757.5750122070312, 756.3421020507812, 756.047607421875, 757.0763549804688, 756.9710083007812, 755.5087280273438, 755.6663818359375, 756.5064697265625, 757.2150268554688, 756.1759643554688, 756.4146728515625, 757.4486694335938, 757.1878662109375, 755.9645385742188, 756.2349243164062, 757.705322265625, 758.3743896484375, 757.16650390625, 757.59619140625], "pre": [7.540980169408636e-15, 0.001146406284533441, 0.14073361456394196, 0.43434441089630127, 0.3721943497657776, 0.00016647577285766602, 8.386373519897461e-05, 0.0, 0.0015628635883331299, 1.5084961652755737, 0.008640646934509277, 0.008548378944396973, 0.005043208599090576, 1.2070906162261963, 2.949976921081543, 1.6523561477661133, 0.004669666290283203, 0.16640520095825195, 0.0063822269439697266, 0.13647174835205078, 2.936422824859619, 5.810864448547363, 3.0805206298828125, 0.034763336181640625], "sw": [648.5828247070312, 1058.2332763671875, 198.710205078125, 14.037088394165039, 0.0, 0.0, 0.0, 0.0, 396.9885559082031, 1058.753662109375, 861.2367553710938, 12.835033416748047, 0.0, 0.0, 0.0, 0.0, 645.8284912109375, 1055.4293212890625, 223.3875732421875, 8.20877456665039, 0.0, 0.0, 0.0, 0.0], "rh": [78.6590347290039, 83.2850112915039, 96.29408264160156, 98.04476928710938, 98.82731628417969, 98.51384735107422, 97.12298583984375, 93.73844909667969, 79.20455169677734, 89.8207778930664, 91.40689849853516, 97.44754791259766, 98.44352722167969, 98.99159240722656, 98.20640563964844, 96.07258605957031, 80.90174865722656, 92.04054260253906, 96.30855560302734, 97.85641479492188, 97.90542602539062, 98.15753936767578, 88.6736068725586, 72.8301773071289]}