{"t2m": [15.364044189453125, 14.378631591796875, 15.0570068359375, 13.032470703125, 12.69970703125, 13.23382568359375, 13.045318603515625, 12.63873291015625, 14.89678955078125, 14.332733154296875, 14.7379150390625, 13.687835693359375, 12.567718505859375, 12.00927734375, 11.4002685546875, 12.56591796875, 14.3045654296875, 16.379974365234375, 14.76611328125, 14.182708740234375, 14.25872802734375, 14.5107421875, 13.6761474609375, 13.4881591796875], "wnd": [12.245162010192871, 12.608009338378906, 14.128427505493164, 7.675932884216309, 3.257660388946533, 1.5957947969436646, 4.269907474517822, 7.552552700042725, 5.213364601135254, 6.502897262573242, 9.83453369140625, 9.688324928283691, 2.1345345973968506, 2.752013683319092, 7.278231143951416, 3.290203809738159, 6.515438079833984, 13.265262603759766, 11.912275314331055, 6.069201946258545, 2.710979700088501, 3.289929151535034, 3.654265880584717, 4.227705001831055], "dir": [48.12071990966797, 39.698143005371094, 44.492183685302734, 54.93090057373047, 22.238906860351562, 252.83982849121094, 296.53155517578125, 285.25909423828125, 267.3134765625, 308.9021301269531, 326.9483947753906, 7.5022735595703125, 192.41156005859375, 288.0622863769531, 245.60263061523438, 346.5599060058594, 353.4054870605469, 27.60256576538086, 48.480796813964844, 50.92069625854492, 215.9246368408203, 279.9786376953125, 23.499122619628906, 318.338134765625], "psl": [776.1006469726562, 775.726806640625, 774.1892700195312, 774.4511108398438, 774.7839965820312, 774.693115234375, 773.3411865234375, 773.1768188476562, 774.0208740234375, 773.8477172851562, 772.28369140625, 772.0985107421875, 772.836181640625, 773.4676513671875, 772.2160034179688, 772.115966796875, 773.1631469726562, 772.9176025390625, 772.1707153320312, 772.4320068359375, 773.2053833007812, 773.2791137695312, 772.3301391601562, 772.69970703125], "pre": [0.0, 0.0024719571229070425, 0.0008113954681903124, 0.1492842137813568, 0.02016928791999817, 6.705522537231445e-08, 0.0, 0.0, 0.0, 1.9839751720428467, 1.1909235715866089, 0.851739764213562, 0.036927223205566406, 0.004968166351318359, 0.0, 0.11660599708557129, 0.026974916458129883, 2.575622081756592, 6.98735237121582, 2.91512393951416, 0.44794368743896484, 1.6927533149719238, 0.15708684921264648, 0.47978830337524414], "sw": [643.9029541015625, 345.4939880371094, 321.26971435546875, 22.17979621887207, 0.0, 0.0, 0.0, 0.0, 641.9970092773438, 80.75617980957031, 92.04896545410156, 7.882212162017822, 0.0, 0.0, 0.0, 0.0, 71.251708984375, 194.90638732910156, 107.01337432861328, 7.195916987257078e-05, 0.0, 0.0, 0.0, 0.0], "rh": [79.95551300048828, 96.18108367919922, 91.6700210571289, 98.72801208496094, 98.83271789550781, 90.73990631103516, 92.6099624633789, 92.89389038085938, 86.54029083251953, 91.26793670654297, 89.54146575927734, 99.49713134765625, 97.01898193359375, 96.71231842041016, 94.89745330810547, 93.44009399414062, 86.67536926269531, 89.10682678222656, 99.03730010986328, 99.69900512695312, 96.84700775146484, 86.14157104492188, 93.50827026367188, 88.92760467529297]}