{"t2m": [15.60919189453125, 15.599456787109375, 15.78436279296875, 14.367919921875, 13.6513671875, 12.691986083984375, 13.341461181640625, 13.0555419921875, 14.783050537109375, 15.408935546875, 15.123046875, 14.417205810546875, 14.16986083984375, 14.101715087890625, 13.123748779296875, 14.6356201171875, 17.738861083984375, 16.503631591796875, 15.9161376953125, 15.0704345703125, 15.376068115234375, 15.593780517578125, 15.24859619140625, 14.783203125], "wnd": [9.476750373840332, 13.012848854064941, 9.74425220489502, 4.230757236480713, 5.470404624938965, 4.742556095123291, 3.4674177169799805, 1.7390414476394653, 3.773825168609619, 13.168846130371094, 10.333991050720215, 5.240397930145264, 5.490675926208496, 2.978201389312744, 8.598615646362305, 1.864505410194397, 4.240273475646973, 7.775402069091797, 11.41485595703125, 6.910961627960205, 3.046032428741455, 0.9768141508102417, 6.518826484680176, 2.0302913188934326], "dir": [352.81134033203125, 15.601150512695312, 18.86608123779297, 42.511470794677734, 290.29644775390625, 177.63925170898438, 262.79425048828125, 181.2344970703125, 294.3470458984375, 1.880615234375, 341.21435546875, 307.72369384765625, 264.9766845703125, 292.060546875, 128.53028869628906, 263.22625732421875, 211.81134033203125, 28.307830810546875, 11.253227233886719, 341.61468505859375, 155.7095947265625, 44.63166046142578, 144.87890625, 120.55671691894531], "psl": [792.8908081054688, 792.4335327148438, 790.8915405273438, 791.0616455078125, 791.479248046875, 791.399169921875, 790.0205688476562, 789.8103637695312, 790.75634765625, 790.3819580078125, 788.9500732421875, 788.8181762695312, 789.5868530273438, 790.3164672851562, 788.8460693359375, 788.76611328125, 789.7960205078125, 789.637939453125, 788.7892456054688, 789.0491333007812, 789.9227905273438, 790.122802734375, 788.9628295898438, 789.5435180664062], "pre": [6.062733294660458e-25, 0.0553455725312233, 0.33997613191604614, 0.30100175738334656, 0.38345566391944885, 0.0996684730052948, 0.0, 0.0, 0.010294824838638306, 2.551697015762329, 1.8846755027770996, 3.135481834411621, 4.509617805480957, 0.09911346435546875, 0.006568431854248047, 0.5501818656921387, 0.6372575759887695, 1.1012067794799805, 8.65774917602539, 6.053168773651123, 7.0179243087768555, 3.2780065536499023, 3.3931846618652344, 0.5198459625244141], "sw": [272.07025146484375, 463.851806640625, 681.5535278320312, 70.7619400024414, 0.0, 0.0, 0.0, 9.999999717180685e-10, 232.77227783203125, 267.67822265625, 167.81671142578125, 8.724872589111328, 0.0, 0.0, 0.0, 0.0, 545.1085815429688, 343.4559020996094, 82.26744079589844, 2.123744957671647e-09, 0.0, 0.0, 0.0, 0.0], "rh": [85.52903747558594, 95.44891357421875, 90.11308288574219, 92.7662124633789, 99.65008544921875, 99.21550750732422, 95.64772033691406, 98.28899383544922, 89.4685287475586, 99.54268646240234, 97.9629135131836, 99.91704559326172, 99.96823120117188, 99.93063354492188, 99.90750885009766, 87.55371856689453, 76.67156219482422, 99.33059692382812, 100.01657104492188, 100.0478744506836, 96.6867904663086, 89.65705108642578, 86.63383483886719, 81.44055938720703]}