{"t2m": [15.744293212890625, 18.73773193359375, 18.630859375, 14.14501953125, 11.7366943359375, 10.620819091796875, 9.273712158203125, 9.08203125, 13.81732177734375, 15.366607666015625, 15.034942626953125, 13.314178466796875, 12.876007080078125, 12.600982666015625, 11.7059326171875, 12.112060546875, 15.480224609375, 17.7432861328125, 18.2821044921875, 14.75152587890625, 13.1107177734375, 12.48248291015625, 11.744384765625, 12.02630615234375], "wnd": [18.062883377075195, 24.65300178527832, 25.646636962890625, 26.65467643737793, 18.424053192138672, 13.291638374328613, 7.6651530265808105, 8.897832870483398, 12.32612419128418, 3.62323260307312, 6.925382614135742, 7.586231231689453, 4.591594219207764, 4.093149662017822, 4.030978202819824, 3.9777119159698486, 22.93806266784668, 25.368600845336914, 19.853588104248047, 10.943013191223145, 5.956698417663574, 22.33462905883789, 29.780555725097656, 24.37533950805664], "dir": [357.023681640625, 358.1371154785156, 2.6389846801757812, 8.496940612792969, 13.608757019042969, 1.6676177978515625, 6.20318603515625, 17.158218383789062, 18.123802185058594, 261.7601318359375, 283.53558349609375, 189.27902221679688, 279.4150390625, 320.5210876464844, 278.51824951171875, 125.29025268554688, 194.0164337158203, 206.19668579101562, 212.179931640625, 18.61248779296875, 244.5068359375, 187.2078399658203, 181.31588745117188, 184.78839111328125], "psl": [746.0772705078125, 745.2093505859375, 743.5498657226562, 744.17724609375, 745.0588989257812, 745.0415649414062, 743.9053955078125, 743.5606079101562, 744.6207885742188, 744.3510131835938, 742.8711547851562, 742.9855346679688, 743.9556274414062, 744.6864013671875, 743.3157958984375, 743.6900634765625, 744.497802734375, 743.9285888671875, 742.8356323242188, 743.490478515625, 744.6699829101562, 745.234375, 744.06005859375, 744.3258056640625], "pre": [6.961259937092473e-19, 1.7106095067596612e-21, 1.6341468622727007e-08, 0.7579753994941711, 0.005682720337063074, 4.547473508864641e-12, 5.216861609369516e-09, 2.172328095184639e-08, 1.2326199794188142e-07, 1.5370360612869263, 7.744767189025879, 3.9060750007629395, 2.479376792907715, 1.0427026748657227, 1.2062644958496094, 0.385927677154541, 0.24166631698608398, 0.0, 0.0, 5.61870813369751, 1.7590298652648926, 4.462949752807617, 0.33614540100097656, 0.1488037109375], "sw": [653.8013305664062, 1066.157958984375, 725.3306274414062, 54.03757858276367, 0.0, 0.0, 0.0, 9.999999717180685e-10, 657.8756103515625, 269.3358459472656, 215.78558349609375, 20.23577880859375, 0.0, 0.0, 0.0, 0.0, 637.7491455078125, 1056.0283203125, 868.3569946289062, 125.67418670654297, 0.0, 0.0, 0.0, 0.0], "rh": [67.18921661376953, 56.224876403808594, 62.56245803833008, 85.74520111083984, 94.16554260253906, 97.60228729248047, 99.80013275146484, 97.19293975830078, 84.18327331542969, 78.5384750366211, 84.33421325683594, 93.916015625, 98.29348754882812, 95.7079086303711, 97.5826416015625, 92.56100463867188, 72.58147430419922, 64.62725067138672, 62.87772750854492, 84.89610290527344, 94.88905334472656, 88.79063415527344, 80.26666259765625, 70.41777038574219]}