{"t2m": [18.7310791015625, 22.187255859375, 19.000244140625, 15.728790283203125, 15.45867919921875, 13.158966064453125, 11.95318603515625, 13.67803955078125, 16.21722412109375, 19.570831298828125, 19.049224853515625, 14.95123291015625, 15.75030517578125, 14.490325927734375, 13.76019287109375, 13.600189208984375, 16.052337646484375, 18.45001220703125, 18.20196533203125, 14.983489990234375, 14.4002685546875, 14.0968017578125, 13.227874755859375, 12.91082763671875], "wnd": [13.29649829864502, 11.45079231262207, 5.4332275390625, 10.874430656433105, 7.8671393394470215, 3.835975170135498, 8.191679954528809, 3.7246930599212646, 8.006084442138672, 6.57747220993042, 15.062874794006348, 12.894253730773926, 9.560425758361816, 10.07101821899414, 10.918285369873047, 9.156033515930176, 5.269781112670898, 16.169801712036133, 18.032943725585938, 11.166003227233887, 11.821822166442871, 10.860340118408203, 12.797554016113281, 0.8220961689949036], "dir": [44.38737106323242, 59.92868423461914, 173.93634033203125, 113.55428314208984, 68.76077270507812, 71.81393432617188, 343.23309326171875, 6.5739288330078125, 52.72751998901367, 140.53758239746094, 166.94757080078125, 68.28398132324219, 42.321163177490234, 157.1097412109375, 215.06707763671875, 168.03970336914062, 125.49017333984375, 162.44692993164062, 149.7570343017578, 169.2755126953125, 211.40576171875, 185.0933074951172, 141.89883422851562, 113.69449615478516], "psl": [782.2930297851562, 781.1915893554688, 779.7174072265625, 780.4840698242188, 781.2891235351562, 781.4994506835938, 780.1016235351562, 779.6945190429688, 780.7013549804688, 780.0460815429688, 778.669189453125, 779.2056884765625, 780.0111083984375, 780.8604125976562, 779.9371337890625, 779.9866333007812, 781.06689453125, 780.4861450195312, 779.12890625, 779.5843505859375, 781.277099609375, 781.872802734375, 780.9227294921875, 781.2893676757812], "pre": [0.0, 0.0, 1.8367159366607666, 3.231334686279297, 0.09880266338586807, 0.0, 0.017926223576068878, 0.00029514729976654053, 0.000271722674369812, 0.7666268348693848, 2.9762911796569824, 6.552556991577148, 3.3585739135742188, 0.11001920700073242, 7.58367919921875, 5.438689231872559, 0.7451267242431641, 0.8916206359863281, 2.8515539169311523, 4.123173713684082, 15.191173553466797, 5.510595321655273, 0.6244182586669922, 0.08729934692382812], "sw": [601.8907470703125, 1047.9317626953125, 114.41334533691406, 9.999999717180685e-10, 0.0, 0.0, 0.0, 0.0, 201.90383911132812, 1051.05517578125, 648.3728637695312, 9.999999717180685e-10, 0.0, 0.0, 0.0, 0.0, 633.6481323242188, 780.2736206054688, 591.6675415039062, 9.999999717180685e-10, 0.0, 0.0, 0.0, 0.0], "rh": [60.0987663269043, 46.929161071777344, 68.31236267089844, 91.59215545654297, 84.022705078125, 97.61842346191406, 99.04656219482422, 82.84123229980469, 76.45114135742188, 65.19257354736328, 73.32288360595703, 96.58528900146484, 87.25577545166016, 97.58743286132812, 99.0830078125, 99.64952087402344, 84.32978820800781, 74.8168716430664, 75.93670654296875, 95.64571380615234, 99.046630859375, 99.55035400390625, 99.36672973632812, 91.02625274658203]}