{"t2m": [20.93896484375, 24.38812255859375, 23.008697509765625, 16.41131591796875, 16.04754638671875, 16.1392822265625, 14.4080810546875, 13.197052001953125, 18.49774169921875, 21.27667236328125, 20.827850341796875, 18.324920654296875, 16.613311767578125, 15.9881591796875, 15.56085205078125, 15.768157958984375, 18.650909423828125, 20.71343994140625, 21.71759033203125, 16.363494873046875, 15.963165283203125, 15.377166748046875, 14.283538818359375, 14.17645263671875], "wnd": [19.169973373413086, 7.9875264167785645, 9.097354888916016, 7.219478130340576, 2.126645088195801, 4.440317153930664, 2.5244274139404297, 6.1855034828186035, 7.130448341369629, 10.408716201782227, 12.716501235961914, 7.1107258796691895, 12.877998352050781, 6.221628665924072, 11.377174377441406, 2.2977864742279053, 2.8144350051879883, 14.052338600158691, 17.5395565032959, 22.057008743286133, 15.457986831665039, 11.706114768981934, 10.070568084716797, 3.3529481887817383], "dir": [19.950767517089844, 96.6141357421875, 181.727783203125, 77.83960723876953, 71.09281921386719, 231.55709838867188, 326.3632507324219, 264.5577392578125, 205.93356323242188, 175.1619873046875, 193.0449981689453, 351.427734375, 7.500541687011719, 114.3478775024414, 231.63241577148438, 270.73223876953125, 137.32318115234375, 188.74514770507812, 197.87167358398438, 187.58297729492188, 244.15460205078125, 262.37762451171875, 147.07766723632812, 313.7821044921875], "psl": [810.8377075195312, 809.566650390625, 807.8108520507812, 809.156982421875, 810.0075073242188, 810.3732299804688, 808.699951171875, 808.4179077148438, 809.4003295898438, 808.5092163085938, 806.876708984375, 807.1734619140625, 808.6394653320312, 809.75146484375, 808.7921752929688, 808.7160034179688, 809.6068115234375, 809.0880737304688, 807.3838500976562, 808.259521484375, 810.1320190429688, 810.631103515625, 809.7260131835938, 810.2006225585938], "pre": [0.0, 1.6971073187996718e-27, 2.398930549621582, 10.45500373840332, 2.4186549186706543, 0.00017547607421875, 0.0, 0.0, 0.0, 0.29614830017089844, 3.859808921813965, 4.622114181518555, 14.9667329788208, 2.9894065856933594, 3.964235305786133, 0.28815269470214844, 0.05849266052246094, 0.88702392578125, 1.2387752532958984, 7.8871917724609375, 7.848663330078125, 6.569051742553711, 9.88674545288086, 2.0596275329589844], "sw": [583.9518432617188, 1007.5770263671875, 775.9428100585938, 10.909566879272461, 0.0, 0.0, 0.0, 0.0, 622.3222045898438, 1033.73779296875, 558.9940795898438, 9.999999717180685e-10, 0.0, 0.0, 0.0, 0.0, 609.4896850585938, 1025.9151611328125, 852.1956787109375, 9.999999717180685e-10, 0.0, 0.0, 0.0, 0.0], "rh": [56.738006591796875, 44.008628845214844, 59.726619720458984, 95.8571548461914, 98.2591781616211, 97.18917846679688, 91.65848541259766, 89.5439453125, 76.41529846191406, 68.21631622314453, 75.67965698242188, 83.19308471679688, 91.11619567871094, 94.17976379394531, 92.10710144042969, 89.18240356445312, 73.06703186035156, 70.03810119628906, 64.90467071533203, 99.21965026855469, 93.72052001953125, 91.03047180175781, 99.55813598632812, 94.23036193847656]}