{"t2m": [22.43511962890625, 23.387298583984375, 22.693145751953125, 21.057525634765625, 19.97235107421875, 20.50494384765625, 20.3779296875, 20.38421630859375, 22.296478271484375, 20.7991943359375, 20.55218505859375, 20.2911376953125, 20.295745849609375, 20.035491943359375, 18.774749755859375, 18.4481201171875, 21.792022705078125, 24.4306640625, 22.0767822265625, 21.341796875, 20.814666748046875, 20.474761962890625, 20.453582763671875, 20.16534423828125], "wnd": [11.028226852416992, 14.528251647949219, 15.596369743347168, 5.888216495513916, 4.686441898345947, 4.098626613616943, 4.22801399230957, 0.3333456218242645, 1.3374696969985962, 6.056455135345459, 4.457087993621826, 4.983792781829834, 4.782011032104492, 1.9223939180374146, 2.0871663093566895, 2.778765916824341, 3.6757802963256836, 9.810518264770508, 5.694154262542725, 6.287837982177734, 3.34314227104187, 1.957283616065979, 4.246789455413818, 3.9637792110443115], "dir": [25.302650451660156, 31.043102264404297, 45.479305267333984, 34.48053741455078, 232.38414001464844, 283.2846984863281, 232.9005889892578, 326.8760070800781, 86.86832427978516, 330.93084716796875, 339.9047546386719, 163.9658660888672, 66.9457778930664, 135.58642578125, 216.60272216796875, 239.31857299804688, 294.964599609375, 23.056007385253906, 345.69573974609375, 266.2722473144531, 211.69784545898438, 281.1067199707031, 292.0142517089844, 244.46966552734375], "psl": [917.3677368164062, 916.5075073242188, 914.7249145507812, 915.0587768554688, 915.3925170898438, 915.0955200195312, 913.9159545898438, 913.8543090820312, 914.4720458984375, 914.3507690429688, 912.555419921875, 912.2544555664062, 913.0424194335938, 914.0640869140625, 912.2039184570312, 912.2711181640625, 913.2298583984375, 912.68701171875, 911.8833618164062, 912.1906127929688, 912.9171752929688, 913.49658203125, 912.1697387695312, 913.0346069335938], "pre": [0.0, 0.1734943836927414, 4.464628219604492, 9.351635932922363, 6.065516471862793, 2.86102294921875e-06, 0.05027472972869873, 0.0005354881286621094, 0.36141133308410645, 0.1993112564086914, 1.3267985582351685, 4.271034240722656, 0.22294950485229492, 0.2162952423095703, 0.002270221710205078, 0.026292800903320312, 0.0011205673217773438, 0.030246734619140625, 10.06991195678711, 7.089926719665527, 1.7034912109375, 1.6679363250732422, 0.9348535537719727, 0.039475440979003906], "sw": [611.3161010742188, 1003.3536987304688, 326.8511657714844, 147.4514923095703, 0.0, 0.0, 0.0, 9.999999717180685e-10, 616.9268188476562, 148.7380828857422, 89.23026275634766, 5.562856197357178, 0.0, 0.0, 0.0, 9.999999717180685e-10, 301.70855712890625, 948.1168823242188, 153.27134704589844, 25.373371124267578, 0.0, 0.0, 0.0, 9.999999717180685e-10], "rh": [75.55242919921875, 80.10911560058594, 86.5526351928711, 97.93683624267578, 95.24774169921875, 90.71082305908203, 86.44329071044922, 85.36386108398438, 78.72956085205078, 91.46297454833984, 96.02629852294922, 95.37870025634766, 95.52367401123047, 98.4653091430664, 93.74852752685547, 97.51408386230469, 85.48690795898438, 81.489013671875, 95.69893646240234, 96.85002899169922, 96.55548858642578, 97.3779525756836, 93.66600799560547, 96.6206283569336]}