{"t2m": [19.226715087890625, 22.972747802734375, 22.26751708984375, 16.598663330078125, 15.869140625, 14.651397705078125, 13.3082275390625, 12.495208740234375, 17.264129638671875, 20.651458740234375, 19.767578125, 17.7406005859375, 16.978485107421875, 15.142181396484375, 14.751922607421875, 14.606536865234375, 17.16290283203125, 20.228851318359375, 16.365692138671875, 16.70684814453125, 15.34722900390625, 15.252349853515625, 14.586639404296875, 13.719207763671875], "wnd": [9.92673110961914, 7.896509170532227, 6.2282490730285645, 12.853734970092773, 7.933612823486328, 5.3406982421875, 6.452879428863525, 4.204535484313965, 4.863777160644531, 5.118953704833984, 14.489445686340332, 19.061573028564453, 11.556032180786133, 8.740741729736328, 6.071508407592773, 6.087977886199951, 8.091386795043945, 14.88456916809082, 21.90851593017578, 13.935113906860352, 12.982882499694824, 8.504616737365723, 8.176752090454102, 6.027782440185547], "dir": [83.07115173339844, 171.84056091308594, 243.82080078125, 97.30973052978516, 102.99596405029297, 129.9738311767578, 48.24203109741211, 342.4486083984375, 69.07681274414062, 101.15325927734375, 185.02664184570312, 106.65869140625, 56.80216979980469, 152.2279510498047, 221.29013061523438, 300.375732421875, 71.87390899658203, 177.25088500976562, 164.29148864746094, 221.47384643554688, 230.7932586669922, 148.20062255859375, 121.05844116210938, 57.153404235839844], "psl": [799.42578125, 798.0761108398438, 796.2266235351562, 797.55859375, 798.3370361328125, 798.683349609375, 797.2732543945312, 796.88427734375, 797.8497924804688, 796.99951171875, 795.51025390625, 795.9768676757812, 796.918701171875, 797.962646484375, 797.0374145507812, 797.05908203125, 798.0831909179688, 797.3965454101562, 796.2870483398438, 796.537109375, 798.3805541992188, 799.06787109375, 798.0322875976562, 798.3353881835938], "pre": [0.0, 0.0, 2.418168306350708, 13.172977447509766, 1.6043214797973633, 0.0, 0.0, 9.393692016601562e-05, 0.0, 0.41672706604003906, 4.568239212036133, 5.954087257385254, 1.2754383087158203, 1.2667818069458008, 13.18526840209961, 1.5752639770507812, 0.016536712646484375, 1.7495574951171875, 7.273471832275391, 5.559526443481445, 37.464881896972656, 7.265735626220703, 0.9216156005859375, 0.0796661376953125], "sw": [606.0786743164062, 422.1899108886719, 224.03326416015625, 12.30799388885498, 0.0, 0.0, 0.0, 0.0, 367.8259582519531, 1046.550537109375, 162.54452514648438, 31.964033126831055, 0.0, 0.0, 0.0, 0.0, 627.1065673828125, 928.6541137695312, 31.474367141723633, 3.9733150005340576, 0.0, 0.0, 0.0, 0.0], "rh": [61.285282135009766, 48.14978790283203, 56.57805252075195, 89.7394027709961, 93.68486022949219, 97.73944854736328, 99.17071533203125, 99.09217834472656, 71.68462371826172, 62.146026611328125, 73.46001434326172, 84.04552459716797, 86.18441772460938, 99.40967559814453, 97.6757583618164, 96.00515747070312, 82.28376770019531, 69.22695922851562, 95.48521423339844, 92.07304382324219, 98.38965606689453, 96.20056915283203, 94.02214813232422, 91.0941390991211]}