{"t2m": [22.578399658203125, 23.977691650390625, 21.48040771484375, 21.004638671875, 21.1329345703125, 20.980316162109375, 20.3994140625, 20.171295166015625, 22.351470947265625, 20.801910400390625, 21.085693359375, 20.9791259765625, 19.19573974609375, 20.101043701171875, 18.850372314453125, 18.38714599609375, 21.418731689453125, 23.09942626953125, 22.498748779296875, 21.708282470703125, 21.122344970703125, 20.828033447265625, 20.98748779296875, 20.850494384765625], "wnd": [7.448943138122559, 11.717676162719727, 6.23929500579834, 5.498898983001709, 3.3009164333343506, 5.165826797485352, 2.056840419769287, 2.428802967071533, 4.387063026428223, 0.7439473271369934, 5.460556983947754, 5.256499767303467, 5.739166259765625, 3.4898953437805176, 2.6519577503204346, 4.024674892425537, 5.220897674560547, 6.211786270141602, 2.31032395362854, 3.5054638385772705, 3.1792705059051514, 2.9898669719696045, 6.125629901885986, 1.0781135559082031], "dir": [38.97294235229492, 41.74050521850586, 351.022216796875, 169.59161376953125, 226.92178344726562, 299.140380859375, 135.93055725097656, 159.85604858398438, 49.396385192871094, 101.56365966796875, 167.68389892578125, 161.30337524414062, 149.69189453125, 116.98640441894531, 159.83827209472656, 267.37750244140625, 2.5814056396484375, 51.54418182373047, 48.98928451538086, 300.85211181640625, 271.2513427734375, 265.330322265625, 272.847900390625, 230.5514373779297], "psl": [924.2203369140625, 923.31396484375, 921.5869750976562, 921.9210205078125, 922.2073364257812, 921.8898315429688, 920.6273193359375, 920.6118774414062, 921.2835083007812, 921.0730590820312, 919.1342163085938, 918.9442138671875, 919.820556640625, 920.8661499023438, 919.045654296875, 919.1093139648438, 920.1063842773438, 919.5884399414062, 918.7076416015625, 918.9993896484375, 919.59521484375, 920.3132934570312, 918.969482421875, 919.8277587890625], "pre": [0.0, 1.2634446779264709e-14, 9.630383491516113, 15.539812088012695, 0.5579769611358643, 0.0, 0.0, 0.03473544120788574, 0.07426714897155762, 0.7326085567474365, 2.776334762573242, 2.6878414154052734, 0.04376840591430664, 0.03997468948364258, 0.0022182464599609375, 0.0029468536376953125, 0.0, 2.4898910522460938, 8.620575904846191, 6.5343828201293945, 3.763340950012207, 1.661677360534668, 1.5819063186645508, 0.1575632095336914], "sw": [582.3098754882812, 874.4202270507812, 29.969045639038086, 152.60760498046875, 0.0, 0.0, 0.0, 9.999999717180685e-10, 614.2286376953125, 95.16500091552734, 57.11375045776367, 28.271991729736328, 0.0, 0.0, 0.0, 9.999999717180685e-10, 315.87640380859375, 529.8271484375, 158.53208923339844, 17.31178855895996, 0.0, 0.0, 0.0, 0.0], "rh": [75.12159729003906, 77.2907485961914, 95.67414093017578, 95.38937377929688, 90.13944244384766, 83.208740234375, 82.468017578125, 84.65794372558594, 83.12664031982422, 95.98990631103516, 95.02989959716797, 94.92638397216797, 94.02865600585938, 100.38533020019531, 90.33279418945312, 90.68740844726562, 90.82345581054688, 93.72466278076172, 93.74627685546875, 96.67204284667969, 95.93746185302734, 94.79347229003906, 91.08919525146484, 93.44401550292969]}