{"t2m": [16.8958740234375, 20.11199951171875, 21.000701904296875, 16.6341552734375, 15.167724609375, 14.27203369140625, 14.032318115234375, 13.825897216796875, 16.626220703125, 19.918792724609375, 20.654388427734375, 16.432891845703125, 15.1728515625, 14.749359130859375, 14.560882568359375, 14.35345458984375, 16.390533447265625, 19.547821044921875, 19.13409423828125, 15.598968505859375, 15.15447998046875, 14.53753662109375, 14.4100341796875, 13.246185302734375], "wnd": [13.728935241699219, 18.392370223999023, 27.513286590576172, 24.248281478881836, 11.378111839294434, 10.719827651977539, 3.917776346206665, 5.371255397796631, 13.083815574645996, 22.641958236694336, 24.074552536010742, 21.34195899963379, 18.113998413085938, 14.638381004333496, 10.007762908935547, 9.721146583557129, 12.46239948272705, 17.688627243041992, 21.280006408691406, 11.631072998046875, 7.259589672088623, 13.022868156433105, 7.208044052124023, 6.375521659851074], "dir": [118.88676452636719, 101.45906066894531, 104.00135803222656, 106.64170837402344, 106.43270111083984, 122.9909896850586, 93.05258178710938, 139.0183868408203, 119.34017944335938, 103.84040832519531, 120.579345703125, 112.345458984375, 108.97465515136719, 102.99530792236328, 110.2244873046875, 108.32320404052734, 130.10403442382812, 118.44544982910156, 101.75900268554688, 127.20211791992188, 166.8958740234375, 104.75946044921875, 125.64520263671875, 88.33485412597656], "psl": [797.9534912109375, 797.1333618164062, 795.2128295898438, 795.899169921875, 796.963134765625, 797.0742797851562, 795.5794677734375, 795.371337890625, 796.3981323242188, 795.7013549804688, 793.925048828125, 794.4054565429688, 795.70751953125, 796.4474487304688, 795.3468627929688, 795.4238891601562, 796.514404296875, 795.9810180664062, 794.47119140625, 795.3746948242188, 796.8265380859375, 797.6761474609375, 796.09033203125, 796.64453125], "pre": [0.0, 0.0, 0.0, 0.1089867427945137, 0.00602354109287262, 0.0, 0.0, 0.0, 0.0, 0.0, 0.009761418215930462, 1.0238720178604126, 0.1530424952507019, 2.1228861808776855, 3.5491104125976562, 0.036756038665771484, 0.04984283447265625, 0.32400989532470703, 1.6967804431915283, 9.128910064697266, 11.494458198547363, 0.8196678161621094, 0.07703781127929688, 0.0], "sw": [637.1150512695312, 1048.748291015625, 853.7885131835938, 14.318697929382324, 0.0, 0.0, 0.0, 0.0, 639.212646484375, 1047.023681640625, 841.9302978515625, 127.02503967285156, 0.0, 0.0, 0.0, 0.0, 264.4955749511719, 1039.8060302734375, 662.7282104492188, 9.999999717180685e-10, 0.0, 0.0, 0.0, 0.0], "rh": [78.44525146484375, 62.14508819580078, 61.21137619018555, 82.40385437011719, 92.82747650146484, 97.57256317138672, 99.30786895751953, 99.09566497802734, 82.82869720458984, 62.636993408203125, 65.04278564453125, 91.2695541381836, 97.57915496826172, 99.12008666992188, 99.36634063720703, 99.36415100097656, 85.80389404296875, 69.73949432373047, 76.74867248535156, 98.17414855957031, 97.28490447998047, 90.29670715332031, 80.82748413085938, 85.01986694335938]}