{"t2m": [23.820526123046875, 28.197296142578125, 29.004608154296875, 20.445068359375, 19.141265869140625, 18.981536865234375, 17.9420166015625, 17.234771728515625, 21.436798095703125, 24.82965087890625, 26.461029052734375, 19.09075927734375, 19.147857666015625, 18.491485595703125, 18.780975341796875, 18.93402099609375, 22.77423095703125, 25.50750732421875, 24.9456787109375, 19.9417724609375, 19.4769287109375, 19.503021240234375, 18.469146728515625, 18.350799560546875], "wnd": [10.43087100982666, 5.812103748321533, 7.5168890953063965, 17.868362426757812, 6.696033477783203, 7.671452522277832, 3.735119342803955, 8.391345024108887, 5.895327091217041, 9.069685935974121, 4.0984930992126465, 10.85975456237793, 11.489846229553223, 1.338366985321045, 7.435235977172852, 9.896526336669922, 5.570608615875244, 5.119496822357178, 12.454916954040527, 7.494711399078369, 8.841002464294434, 7.389776706695557, 12.122828483581543, 11.477887153625488], "dir": [105.71249389648438, 151.76246643066406, 256.2572326660156, 45.40523147583008, 92.44634246826172, 264.2359619140625, 217.24874877929688, 50.763946533203125, 233.83119201660156, 236.04359436035156, 263.9296875, 141.35910034179688, 18.82220458984375, 169.03065490722656, 28.65365219116211, 27.62842559814453, 86.32005310058594, 214.853271484375, 216.1393585205078, 43.278282165527344, 21.501800537109375, 24.164283752441406, 69.47282409667969, 9.100425720214844], "psl": [870.4414672851562, 868.47119140625, 865.8660278320312, 868.5323486328125, 869.7733764648438, 870.1961059570312, 868.466552734375, 868.211181640625, 869.1243896484375, 867.8189086914062, 865.5650024414062, 866.875244140625, 868.1110229492188, 869.5916137695312, 868.59423828125, 868.15087890625, 868.9176025390625, 868.0558471679688, 866.44287109375, 867.795166015625, 869.775390625, 870.476806640625, 869.4501342773438, 869.7450561523438], "pre": [0.0, 0.0, 0.0023928354494273663, 6.701128005981445, 8.35271167755127, 0.16801977157592773, 8.96453857421875e-05, 0.0, 0.0, 0.0, 0.6596994400024414, 31.244678497314453, 6.859683990478516, 14.842775344848633, 4.198690414428711, 1.1382675170898438, 0.0, 0.0066547393798828125, 1.892364501953125, 8.598550796508789, 5.848846435546875, 1.1347007751464844, 1.3084735870361328, 0.5815544128417969], "sw": [614.0341796875, 1026.408447265625, 256.2041931152344, 9.999999717180685e-10, 0.0, 0.0, 0.0, 0.0, 611.978515625, 1025.068359375, 807.4541015625, 5.316670894622803, 0.0, 0.0, 0.0, 0.0, 604.7018432617188, 847.3944091796875, 192.38909912109375, 6.675121784210205, 0.0, 0.0, 0.0, 0.0], "rh": [57.1423454284668, 41.32344055175781, 40.85847854614258, 84.74861145019531, 94.17084503173828, 96.26156616210938, 98.35759735107422, 95.44681549072266, 79.19071197509766, 64.51664733886719, 57.628929138183594, 98.80500030517578, 93.53995513916016, 98.43171691894531, 95.31055450439453, 88.83478546142578, 68.54754638671875, 58.62883758544922, 61.161582946777344, 90.19408416748047, 94.2656021118164, 88.10935974121094, 90.27994537353516, 83.94956970214844]}