{"t2m": [20.653076171875, 24.434326171875, 22.65631103515625, 17.005340576171875, 17.165496826171875, 15.92230224609375, 14.389495849609375, 13.15936279296875, 19.324981689453125, 22.121063232421875, 20.815643310546875, 19.178497314453125, 17.98040771484375, 16.125732421875, 15.631072998046875, 15.579132080078125, 18.407196044921875, 19.6776123046875, 19.814056396484375, 17.10260009765625, 16.1090087890625, 16.257568359375, 15.61724853515625, 14.329315185546875], "wnd": [10.283748626708984, 5.011106491088867, 7.913819313049316, 16.181045532226562, 7.751195907592773, 6.675134658813477, 7.067418575286865, 9.220877647399902, 7.801758766174316, 7.425041198730469, 10.39163589477539, 13.276890754699707, 10.246498107910156, 5.496541976928711, 6.211500644683838, 4.883452892303467, 10.626925468444824, 2.8795700073242188, 8.121138572692871, 8.323424339294434, 5.264073848724365, 2.731607437133789, 10.711699485778809, 8.51755142211914], "dir": [52.41447448730469, 152.53366088867188, 151.77862548828125, 76.63082122802734, 87.96772003173828, 85.4486083984375, 64.32897186279297, 29.525367736816406, 60.35236358642578, 198.80052185058594, 199.2874298095703, 115.76094055175781, 97.27970123291016, 226.92469787597656, 252.67994689941406, 31.248455047607422, 79.94966888427734, 74.1931381225586, 152.7464599609375, 204.40078735351562, 249.4500732421875, 8.377120971679688, 91.37600708007812, 33.45545959472656], "psl": [817.4146118164062, 815.9115600585938, 814.5155639648438, 815.5662231445312, 816.434326171875, 816.77294921875, 815.3689575195312, 815.0493774414062, 815.7622680664062, 814.9053344726562, 813.510009765625, 813.8919677734375, 814.9996948242188, 816.1420288085938, 815.1473999023438, 815.1668701171875, 816.096435546875, 815.5504760742188, 814.128173828125, 814.7763061523438, 816.5410766601562, 817.2457275390625, 816.127685546875, 816.50634765625], "pre": [0.0, 0.0, 0.7550303339958191, 15.561417579650879, 8.332237243652344, 0.003475189208984375, 0.0, 0.0, 0.0001049041748046875, 0.023901939392089844, 2.868319034576416, 4.4660539627075195, 2.905550956726074, 1.2726879119873047, 7.877906799316406, 8.703535079956055, 0.17524147033691406, 1.5902690887451172, 2.3631534576416016, 7.499593734741211, 7.659984588623047, 2.891826629638672, 0.92095947265625, 0.017856597900390625], "sw": [606.9839477539062, 1042.883544921875, 844.703857421875, 1.879618763923645, 0.0, 0.0, 0.0, 0.0, 633.743408203125, 830.7420654296875, 764.4634399414062, 9.999999717180685e-10, 0.0, 0.0, 0.0, 0.0, 314.449951171875, 247.90542602539062, 288.49853515625, 9.999999717180685e-10, 0.0, 0.0, 0.0, 0.0], "rh": [56.793426513671875, 45.081180572509766, 58.180992126464844, 93.25885009765625, 91.33224487304688, 95.03144073486328, 98.189453125, 100.20132446289062, 70.04375457763672, 61.029823303222656, 71.98233032226562, 80.79399108886719, 85.05313110351562, 99.65264892578125, 98.77510070800781, 96.75839233398438, 80.09114837646484, 72.93460845947266, 77.2930908203125, 95.5576171875, 97.82276153564453, 95.09062194824219, 90.38959503173828, 90.74166870117188]}