{"t2m": [18.15252685546875, 22.503692626953125, 20.52630615234375, 15.138031005859375, 16.42864990234375, 14.500091552734375, 12.783172607421875, 12.245086669921875, 17.585296630859375, 21.14306640625, 19.488983154296875, 16.370819091796875, 15.040313720703125, 15.082977294921875, 14.020721435546875, 13.537139892578125, 17.058349609375, 19.05035400390625, 19.25360107421875, 15.965240478515625, 14.551300048828125, 13.929962158203125, 13.312896728515625, 12.9678955078125], "wnd": [16.7236328125, 3.3667778968811035, 10.325347900390625, 5.20292854309082, 6.158194541931152, 6.481578350067139, 8.800392150878906, 11.623604774475098, 13.419589042663574, 4.944451332092285, 12.558148384094238, 8.227725982666016, 4.504166126251221, 0.5885525941848755, 13.424873352050781, 10.664846420288086, 9.694404602050781, 19.991918563842773, 20.680208206176758, 10.480793952941895, 21.70111656188965, 14.227425575256348, 17.578439712524414, 7.560928821563721], "dir": [354.44622802734375, 354.6064758300781, 249.76531982421875, 174.80032348632812, 2.69970703125, 4.833747863769531, 29.09308624267578, 342.9819030761719, 357.75927734375, 79.9554443359375, 198.76327514648438, 18.289749145507812, 355.6324462890625, 280.1173095703125, 212.87945556640625, 202.6715850830078, 167.45675659179688, 193.640380859375, 185.06109619140625, 175.44854736328125, 225.25343322753906, 223.4908447265625, 148.4910125732422, 168.74949645996094], "psl": [790.0684204101562, 788.7567138671875, 787.1504516601562, 788.060791015625, 788.920654296875, 789.212890625, 787.5655517578125, 787.3939819335938, 788.299560546875, 787.3880615234375, 786.056884765625, 786.5205688476562, 787.71240234375, 788.4163818359375, 787.4553833007812, 787.5244750976562, 788.5057983398438, 787.9832763671875, 786.4522705078125, 787.0321655273438, 788.7290649414062, 789.3152465820312, 788.358154296875, 788.8807983398438], "pre": [0.0, 0.0, 1.9009757041931152, 10.08908462524414, 0.5055422782897949, 0.0, 0.0, 0.0, 0.0, 0.0, 4.504587173461914, 7.536497116088867, 10.99435043334961, 2.5657711029052734, 6.571117401123047, 0.7895965576171875, 0.023349761962890625, 1.25103759765625, 1.462158203125, 2.383626937866211, 8.904291152954102, 3.6912460327148438, 2.1793441772460938, 2.1917800903320312], "sw": [597.9696044921875, 1010.5283203125, 297.7430114746094, 27.808300018310547, 0.0, 0.0, 0.0, 0.0, 320.4391174316406, 1048.6689453125, 728.5740356445312, 2.796814441680908, 0.0, 0.0, 0.0, 0.0, 625.3171997070312, 1042.4813232421875, 476.18212890625, 26.02806282043457, 0.0, 0.0, 0.0, 0.0], "rh": [65.498779296875, 49.4122428894043, 64.35323333740234, 98.20991516113281, 81.60055541992188, 86.34844207763672, 88.62854766845703, 86.9068603515625, 68.89603424072266, 56.310062408447266, 78.50646209716797, 90.70191955566406, 96.6351547241211, 94.70137023925781, 98.96194458007812, 97.40958404541016, 80.71055603027344, 73.46265411376953, 76.41785430908203, 95.43525695800781, 97.57819366455078, 98.43950653076172, 96.97547149658203, 94.70441436767578]}