{"t2m": [24.64447021484375, 28.8729248046875, 30.832733154296875, 21.45538330078125, 19.778533935546875, 19.59722900390625, 19.027679443359375, 17.685272216796875, 21.14056396484375, 25.57452392578125, 28.139434814453125, 20.496124267578125, 19.37554931640625, 18.939666748046875, 19.407623291015625, 19.064483642578125, 23.2291259765625, 26.0938720703125, 26.43365478515625, 21.87420654296875, 20.013824462890625, 20.0653076171875, 19.426513671875, 18.833953857421875], "wnd": [7.325310707092285, 4.866276264190674, 10.434069633483887, 16.7562313079834, 7.645919322967529, 8.700655937194824, 3.2079789638519287, 2.5886974334716797, 7.623224258422852, 8.926013946533203, 4.3501200675964355, 17.815582275390625, 9.216915130615234, 3.291224241256714, 6.283381462097168, 4.07878303527832, 5.387641906738281, 6.301928997039795, 11.816720008850098, 6.105907440185547, 11.210883140563965, 2.1640353202819824, 8.537153244018555, 10.327919006347656], "dir": [98.61007690429688, 198.61077880859375, 258.6715087890625, 48.846675872802734, 111.81330108642578, 276.146728515625, 171.46023559570312, 79.5892333984375, 259.7289733886719, 255.85174560546875, 234.26197814941406, 114.54595947265625, 26.19778060913086, 289.05352783203125, 32.82940673828125, 79.68004608154297, 104.01007843017578, 278.3631591796875, 237.28488159179688, 84.2981948852539, 49.92418670654297, 128.91781616210938, 55.49708557128906, 22.59166717529297], "psl": [883.6573486328125, 881.6359252929688, 878.8046875, 881.4444580078125, 883.070556640625, 883.514404296875, 881.7781982421875, 881.6244506835938, 882.547119140625, 881.0409545898438, 878.3742065429688, 880.0505981445312, 881.5250854492188, 882.8863525390625, 881.857421875, 881.4389038085938, 882.1911010742188, 881.2191162109375, 879.5060424804688, 880.891845703125, 882.8987426757812, 883.7508544921875, 882.6455688476562, 883.0262451171875], "pre": [0.0, 0.0, 0.0, 4.505757808685303, 10.584640502929688, 1.5783910751342773, 0.0, 0.0, 0.0, 0.0, 0.029759883880615234, 4.287492752075195, 9.311412811279297, 10.637635231018066, 5.138339996337891, 0.31842994689941406, 0.0, 0.44394969940185547, 1.929208755493164, 2.8081226348876953, 3.2928466796875, 1.2412109375, 1.0207061767578125, 0.49027252197265625], "sw": [610.1028442382812, 1022.8310546875, 846.9715576171875, 4.1766676902771, 0.0, 0.0, 0.0, 0.0, 244.07669067382812, 1019.4981079101562, 830.1871948242188, 16.437549591064453, 0.0, 0.0, 0.0, 0.0, 600.4638061523438, 869.057373046875, 707.4656372070312, 20.86275863647461, 0.0, 0.0, 0.0, 0.0], "rh": [55.32004928588867, 41.07770919799805, 36.55501937866211, 84.28705596923828, 93.9466323852539, 97.62907409667969, 97.04386901855469, 96.86153411865234, 84.75476837158203, 62.5291633605957, 52.414520263671875, 92.26005554199219, 96.85047149658203, 99.06072998046875, 95.77964782714844, 95.16529846191406, 69.66451263427734, 59.77759552001953, 59.33964157104492, 85.7457275390625, 94.20652770996094, 91.00353240966797, 90.05438995361328, 85.42547607421875]}