{"t2m": [20.321197509765625, 23.980072021484375, 21.71722412109375, 16.718109130859375, 16.85595703125, 15.58660888671875, 13.66741943359375, 12.998321533203125, 18.996826171875, 21.017547607421875, 20.94525146484375, 18.4505615234375, 17.852508544921875, 16.236907958984375, 15.309600830078125, 15.25457763671875, 18.427764892578125, 19.500457763671875, 17.922332763671875, 16.5289306640625, 15.75152587890625, 15.8480224609375, 15.04248046875, 13.919158935546875], "wnd": [10.849313735961914, 5.295354843139648, 10.606446266174316, 12.848260879516602, 6.945230484008789, 7.876854419708252, 4.855803489685059, 8.291948318481445, 7.035526275634766, 6.485342979431152, 12.25303840637207, 18.78104591369629, 6.810390949249268, 10.708633422851562, 5.9051971435546875, 2.6194264888763428, 9.423973083496094, 6.78422737121582, 13.933419227600098, 8.144492149353027, 6.255804538726807, 2.3854434490203857, 10.92116641998291, 8.56523323059082], "dir": [44.31644821166992, 181.88507080078125, 159.10882568359375, 81.66080474853516, 122.21427154541016, 121.82025909423828, 84.95335388183594, 28.75201416015625, 72.2350082397461, 164.06968688964844, 167.47035217285156, 112.72832489013672, 85.71796417236328, 163.17115783691406, 242.00941467285156, 61.96852493286133, 105.05711364746094, 161.2825927734375, 123.91349792480469, 179.77525329589844, 217.31906127929688, 150.37057495117188, 112.78607177734375, 40.02230453491211], "psl": [810.74365234375, 809.30615234375, 807.82275390625, 808.860595703125, 809.7798461914062, 810.0870361328125, 808.690185546875, 808.3432006835938, 809.0838012695312, 808.37744140625, 806.8242797851562, 807.33154296875, 808.326171875, 809.4403686523438, 808.4893798828125, 808.5111083984375, 809.4461669921875, 808.9034423828125, 807.650146484375, 808.1690063476562, 809.8975219726562, 810.5576782226562, 809.4519653320312, 809.767333984375], "pre": [0.0, 0.0, 1.5880228281021118, 20.03128433227539, 4.832744121551514, 0.0008945465087890625, 0.0, 0.02256011962890625, 0.0, 0.08200263977050781, 1.9993114471435547, 1.4285144805908203, 1.0613269805908203, 0.1737232208251953, 10.515263557434082, 5.001462936401367, 0.07706260681152344, 0.4869041442871094, 0.7190933227539062, 11.609640121459961, 13.089363098144531, 4.225139617919922, 1.1796398162841797, 0.041545867919921875], "sw": [606.6043701171875, 806.3553466796875, 838.4384765625, 4.416047096252441, 0.0, 0.0, 0.0, 0.0, 635.8914794921875, 368.79217529296875, 206.33839416503906, 9.999999717180685e-10, 0.0, 0.0, 0.0, 0.0, 600.3388061523438, 299.6946105957031, 124.04976654052734, 9.999999717180685e-10, 0.0, 0.0, 0.0, 0.0], "rh": [55.558372497558594, 45.219696044921875, 61.045921325683594, 91.92296600341797, 91.64881134033203, 95.32841491699219, 100.64073944091797, 99.25257873535156, 69.88091278076172, 63.202274322509766, 67.10698699951172, 81.68074798583984, 83.06232452392578, 93.79647827148438, 98.77960968017578, 95.9621810913086, 78.4131088256836, 71.6197509765625, 83.36939239501953, 98.35465240478516, 98.77764892578125, 95.02408599853516, 89.59910583496094, 89.33905029296875]}