{"t2m": [20.248260498046875, 19.6007080078125, 20.099395751953125, 18.092193603515625, 16.68157958984375, 17.839080810546875, 18.119354248046875, 17.286712646484375, 20.375579833984375, 19.080963134765625, 19.61346435546875, 18.529327392578125, 16.63360595703125, 17.243499755859375, 15.99249267578125, 17.107757568359375, 19.080718994140625, 20.279083251953125, 19.6656494140625, 19.091766357421875, 18.726348876953125, 18.0849609375, 18.028961181640625, 18.424591064453125], "wnd": [9.358025550842285, 9.894765853881836, 11.21391773223877, 3.787090539932251, 4.7321577072143555, 5.375387668609619, 3.641232490539551, 5.049325942993164, 9.75090503692627, 10.534406661987305, 8.514655113220215, 3.68713641166687, 1.3408236503601074, 4.416154384613037, 5.903732776641846, 4.8302202224731445, 3.6368727684020996, 8.42721176147461, 4.692844867706299, 5.259566783905029, 4.916286945343018, 3.680410861968994, 4.900834560394287, 1.8195334672927856], "dir": [40.24209213256836, 53.62148666381836, 15.848403930664062, 320.1650390625, 312.80963134765625, 318.19940185546875, 294.0302734375, 301.77716064453125, 6.5061187744140625, 308.25439453125, 338.27081298828125, 26.99974822998047, 161.4906005859375, 195.9832763671875, 185.69918823242188, 283.76104736328125, 318.3282470703125, 74.00926208496094, 52.08680725097656, 341.6062927246094, 270.70196533203125, 322.8543701171875, 275.3470458984375, 348.3175354003906], "psl": [879.6592407226562, 879.0372924804688, 877.261962890625, 877.6124877929688, 877.863525390625, 877.6212768554688, 876.293212890625, 876.185546875, 876.8750610351562, 876.710693359375, 874.8583374023438, 874.7644653320312, 875.5340576171875, 876.469970703125, 874.8516235351562, 874.8082885742188, 875.849853515625, 875.4010009765625, 874.696044921875, 874.9566650390625, 875.4657592773438, 876.1102905273438, 874.94921875, 875.59228515625], "pre": [0.0, 0.5336664915084839, 12.147055625915527, 20.23561668395996, 0.5491781234741211, 0.0, 0.0, 0.0, 0.0007944107055664062, 0.9091205596923828, 1.2874460220336914, 2.197951316833496, 0.053359031677246094, 0.006436347961425781, 0.0, 0.0, 0.0, 1.2820520401000977, 11.43233585357666, 3.243162155151367, 5.210911750793457, 0.3089256286621094, 0.74322509765625, 0.10719490051269531], "sw": [609.2993774414062, 226.60768127441406, 655.3096923828125, 9.999999717180685e-10, 0.0, 0.0, 0.0, 9.999999717180685e-10, 622.0106201171875, 122.48320007324219, 79.49613189697266, 1.2631672620773315, 0.0, 0.0, 0.0, 0.0, 143.31674194335938, 226.33328247070312, 89.06390380859375, 20.427955627441406, 0.0, 0.0, 0.0, 0.0], "rh": [79.29319763183594, 94.2262954711914, 97.78961944580078, 100.23464965820312, 94.95055389404297, 90.08634948730469, 83.90969848632812, 89.42981719970703, 86.66143035888672, 92.11853790283203, 92.30252838134766, 100.36949920654297, 99.22296905517578, 96.53358459472656, 92.46265411376953, 94.28254699707031, 90.04082489013672, 99.67756652832031, 100.42349243164062, 100.32835388183594, 96.83528137207031, 97.72689056396484, 96.49958801269531, 96.0264892578125]}