{"t2m": [15.654205322265625, 15.920196533203125, 16.680633544921875, 13.48291015625, 13.059814453125, 12.95684814453125, 13.0115966796875, 13.06158447265625, 15.128692626953125, 15.4366455078125, 14.680816650390625, 13.869873046875, 13.9027099609375, 13.7747802734375, 12.231201171875, 13.859649658203125, 16.3516845703125, 18.9761962890625, 15.50006103515625, 14.1724853515625, 14.13885498046875, 14.748321533203125, 14.04901123046875, 13.556427001953125], "wnd": [12.773722648620605, 16.1709041595459, 18.000564575195312, 12.73299503326416, 9.326356887817383, 2.593337297439575, 1.8108073472976685, 3.8085436820983887, 1.3994991779327393, 17.868398666381836, 13.074685096740723, 9.124979972839355, 3.3278565406799316, 3.4126718044281006, 3.2603840827941895, 15.532567977905273, 4.461655616760254, 2.791687488555908, 15.384374618530273, 8.404692649841309, 3.013231039047241, 13.95047664642334, 14.860002517700195, 16.416635513305664], "dir": [47.173423767089844, 56.04985809326172, 49.94674301147461, 20.810104370117188, 45.677040100097656, 114.29611206054688, 74.22399139404297, 171.30844116210938, 323.8707580566406, 36.53150939941406, 58.23308563232422, 69.48921203613281, 139.00048828125, 16.66765594482422, 241.66151428222656, 246.17613220214844, 224.02940368652344, 157.54336547851562, 45.8288459777832, 12.929183959960938, 229.62892150878906, 241.31658935546875, 247.711669921875, 271.6340026855469], "psl": [774.82861328125, 774.3604736328125, 772.7406005859375, 773.078857421875, 773.5658569335938, 773.4796752929688, 772.1188354492188, 771.8753662109375, 772.7672729492188, 772.4281005859375, 770.9637451171875, 770.9000854492188, 771.7711181640625, 772.3245849609375, 771.026611328125, 770.8213500976562, 771.963134765625, 771.5748291015625, 770.9939575195312, 771.2479858398438, 772.285400390625, 772.275634765625, 771.27734375, 771.5462646484375], "pre": [3.985616452218663e-34, 2.4840473102950844e-13, 0.005823848303407431, 0.7878495454788208, 0.4461899399757385, 0.0011897683143615723, 6.258487701416016e-06, 0.0, 0.015800416469573975, 0.7864676713943481, 1.6475484371185303, 1.808628797531128, 0.567537784576416, 0.0, 0.0, 0.04117012023925781, 0.00013113021850585938, 0.01043391227722168, 7.425254821777344, 3.6707937717437744, 10.540457725524902, 2.5337514877319336, 3.077730178833008, 0.14051246643066406], "sw": [637.47607421875, 1013.1788940429688, 820.94140625, 9.999999717180685e-10, 0.0, 0.0, 0.0, 0.0, 386.2375793457031, 370.0477600097656, 151.339599609375, 11.292377471923828, 0.0, 0.0, 0.0, 0.0, 444.05322265625, 769.2094116210938, 262.1754455566406, 9.999999717180685e-10, 0.0, 0.0, 0.0, 0.0], "rh": [75.84729766845703, 81.26731872558594, 78.84397888183594, 96.76412963867188, 98.98347473144531, 92.2208251953125, 93.01795959472656, 91.26310729980469, 81.6524887084961, 91.62079620361328, 95.89329528808594, 99.24539947509766, 94.827880859375, 93.4940414428711, 98.73249816894531, 85.73307037353516, 73.42919921875, 64.9616928100586, 95.49639129638672, 98.91352844238281, 97.0422592163086, 81.67730712890625, 87.0105209350586, 82.44441223144531]}