{"t2m": [24.460662841796875, 28.183990478515625, 29.9530029296875, 20.250823974609375, 19.4114990234375, 19.569915771484375, 18.38751220703125, 17.47906494140625, 21.400543212890625, 25.097991943359375, 26.836151123046875, 19.6026611328125, 19.477569580078125, 18.690093994140625, 19.257659912109375, 19.480560302734375, 23.080230712890625, 24.850433349609375, 26.355133056640625, 20.42999267578125, 20.033447265625, 20.222625732421875, 18.993194580078125, 18.59234619140625], "wnd": [8.982721328735352, 7.396249294281006, 11.68581771850586, 19.444564819335938, 7.910017013549805, 4.967593193054199, 0.9775283932685852, 7.411538124084473, 5.215829372406006, 9.131497383117676, 5.683840751647949, 17.699203491210938, 14.763046264648438, 2.266582727432251, 7.610426902770996, 7.042298793792725, 5.7784013748168945, 7.2996673583984375, 12.41468620300293, 7.2846479415893555, 9.713104248046875, 6.187160015106201, 11.478250503540039, 13.08936595916748], "dir": [124.08787536621094, 209.83743286132812, 251.9663543701172, 39.45123291015625, 108.0698471069336, 269.3899841308594, 286.53045654296875, 35.8881950378418, 215.67434692382812, 214.39102172851562, 255.2256317138672, 102.49056243896484, 24.856033325195312, 193.41998291015625, 19.943702697753906, 25.426048278808594, 106.36265563964844, 248.56649780273438, 209.33099365234375, 58.15870666503906, 10.892280578613281, 8.588241577148438, 56.97700500488281, 12.605537414550781], "psl": [876.0504150390625, 874.216552734375, 871.4613037109375, 874.399658203125, 875.5053100585938, 875.9035034179688, 874.1800537109375, 873.9595336914062, 874.9004516601562, 873.5186157226562, 871.1502075195312, 872.565673828125, 873.9247436523438, 875.32177734375, 874.3057250976562, 873.8096313476562, 874.5900268554688, 873.8263549804688, 871.973876953125, 873.4930419921875, 875.40283203125, 876.0918579101562, 875.1287231445312, 875.4779052734375], "pre": [0.0, 0.0, 0.0, 9.41594123840332, 22.897293090820312, 0.40040016174316406, 0.0, 0.0, 0.0, 0.0, 0.3166685104370117, 8.873665809631348, 9.587810516357422, 23.53561019897461, 5.200950622558594, 0.6947860717773438, 0.0, 0.0, 0.7817173004150391, 5.333965301513672, 3.095113754272461, 0.6926803588867188, 0.9863433837890625, 0.4562835693359375], "sw": [610.4487915039062, 1024.2906494140625, 846.1546630859375, 9.999999717180685e-10, 0.0, 0.0, 0.0, 0.0, 607.9081420898438, 1023.6876220703125, 549.0469970703125, 9.999999717180685e-10, 0.0, 0.0, 0.0, 0.0, 602.5213012695312, 448.9436340332031, 818.9972534179688, 39.67847442626953, 0.0, 0.0, 0.0, 0.0], "rh": [55.25629425048828, 42.3217658996582, 40.17730712890625, 89.67097473144531, 94.5881118774414, 93.46675109863281, 96.34593200683594, 94.71673583984375, 81.60523223876953, 63.90380096435547, 55.61176681518555, 96.7948226928711, 93.39006805419922, 99.35502624511719, 94.117431640625, 86.66928100585938, 67.78713989257812, 62.3403434753418, 58.44417953491211, 89.02458953857422, 91.06543731689453, 84.33343505859375, 88.92338562011719, 84.26435852050781]}