{"t2m": [16.802337646484375, 19.65826416015625, 19.488983154296875, 15.64630126953125, 12.81610107421875, 11.5118408203125, 11.84332275390625, 11.273406982421875, 15.00958251953125, 17.868682861328125, 14.715728759765625, 14.25439453125, 13.76422119140625, 13.750335693359375, 13.0867919921875, 12.82269287109375, 15.44378662109375, 18.197235107421875, 18.857269287109375, 16.07867431640625, 13.55718994140625, 13.106201171875, 11.63153076171875, 12.069427490234375], "wnd": [17.246734619140625, 18.35171127319336, 24.626758575439453, 26.389179229736328, 16.94980239868164, 10.188786506652832, 9.998452186584473, 8.252241134643555, 10.379762649536133, 4.376825332641602, 9.9517183303833, 5.191192626953125, 7.953995704650879, 4.116898059844971, 14.037790298461914, 10.686997413635254, 18.66709327697754, 22.711532592773438, 19.861587524414062, 13.779282569885254, 17.325071334838867, 16.47749137878418, 20.794065475463867, 17.321847915649414], "dir": [8.369880676269531, 17.85126495361328, 24.0059814453125, 20.14850616455078, 29.08655548095703, 349.7154541015625, 356.2435302734375, 6.933296203613281, 20.56958770751953, 92.39065551757812, 286.31378173828125, 212.84158325195312, 308.6240539550781, 300.57672119140625, 186.94522094726562, 206.21432495117188, 184.72714233398438, 188.81381225585938, 188.65945434570312, 192.97837829589844, 203.51930236816406, 177.4110107421875, 176.25979614257812, 180.86685180664062], "psl": [761.0448608398438, 760.1868896484375, 758.4630737304688, 759.0457153320312, 760.0880737304688, 760.0252075195312, 758.89013671875, 758.5674438476562, 759.5206298828125, 758.9682006835938, 757.7107543945312, 757.7919311523438, 758.8056030273438, 759.5790405273438, 758.3504638671875, 758.597412109375, 759.5836181640625, 758.9959106445312, 757.7538452148438, 758.2998657226562, 759.7252197265625, 760.2598266601562, 759.351806640625, 759.5814208984375], "pre": [5.208040698775778e-30, 2.9340338996524296e-35, 0.09186849743127823, 1.5772514343261719, 0.0, 0.0, 0.0, 0.0, 0.0, 1.2591240406036377, 5.9103851318359375, 12.650390625, 3.1559462547302246, 0.6975469589233398, 1.6147518157958984, 0.0784616470336914, 0.0897665023803711, 0.4210996627807617, 0.43107032775878906, 0.061748504638671875, 2.3037614822387695, 8.146942138671875, 1.6368331909179688, 0.0], "sw": [651.0192260742188, 1061.97314453125, 774.1104736328125, 72.14641571044922, 0.0, 0.0, 0.0, 0.0, 468.61358642578125, 738.858642578125, 99.37574768066406, 14.267501831054688, 0.0, 0.0, 0.0, 0.0, 643.322998046875, 1054.521484375, 862.0259399414062, 2.9187631607055664, 0.0, 0.0, 0.0, 0.0], "rh": [65.19319152832031, 56.840919494628906, 65.7699203491211, 79.84232330322266, 90.93280792236328, 96.48765563964844, 96.40309143066406, 98.43740844726562, 81.93279266357422, 69.71794128417969, 88.4150390625, 96.24127197265625, 95.76943969726562, 94.30921173095703, 92.76416778564453, 95.69420623779297, 79.97234344482422, 68.2875747680664, 64.45467376708984, 77.08536529541016, 93.89979553222656, 95.64672088623047, 90.62234497070312, 77.38689422607422]}