{"t2m": [19.65692138671875, 23.7056884765625, 21.05084228515625, 17.2542724609375, 16.1373291015625, 14.3458251953125, 13.142730712890625, 13.364990234375, 18.850433349609375, 21.23675537109375, 19.916748046875, 16.795806884765625, 17.41485595703125, 15.824462890625, 14.620941162109375, 14.571929931640625, 17.693450927734375, 19.66748046875, 17.19140625, 15.945526123046875, 15.022064208984375, 14.90716552734375, 14.26287841796875, 14.71966552734375], "wnd": [10.415809631347656, 10.133031845092773, 10.593832015991211, 7.039203643798828, 2.579521656036377, 2.9868266582489014, 3.8160030841827393, 6.113383769989014, 7.240325450897217, 8.612508773803711, 16.462434768676758, 16.241565704345703, 5.877683639526367, 9.10851764678955, 12.028488159179688, 5.064001083374023, 4.860817909240723, 18.545852661132812, 21.199119567871094, 8.058205604553223, 7.329746723175049, 11.012252807617188, 6.574343681335449, 2.0234642028808594], "dir": [26.41537094116211, 22.018310546875, 231.48130798339844, 101.87226104736328, 258.48785400390625, 238.40101623535156, 357.955810546875, 50.284793853759766, 54.33785629272461, 156.61260986328125, 176.7298583984375, 30.42354965209961, 62.169437408447266, 167.14239501953125, 227.5863494873047, 220.60630798339844, 167.22727966308594, 198.74005126953125, 208.32009887695312, 204.17626953125, 188.49139404296875, 212.07717895507812, 160.70761108398438, 31.341411590576172], "psl": [799.4964599609375, 798.1015625, 796.779052734375, 797.6388549804688, 798.583251953125, 798.8211669921875, 797.449462890625, 797.0165405273438, 797.7828369140625, 797.0738525390625, 795.7273559570312, 796.3468017578125, 797.2036743164062, 798.1187744140625, 797.2517700195312, 797.3740844726562, 798.275146484375, 797.6329956054688, 796.427001953125, 796.8760375976562, 798.6554565429688, 799.2238159179688, 798.3283081054688, 798.571044921875], "pre": [0.0, 0.0, 0.7705895900726318, 6.73391056060791, 3.380464553833008, 0.0, 0.006417512893676758, 0.0, 0.0, 0.3479318618774414, 1.6214056015014648, 6.199156761169434, 0.19162988662719727, 0.046402692794799805, 5.635174751281738, 8.142013549804688, 0.05062294006347656, 0.5236101150512695, 1.313211441040039, 3.154690742492676, 31.637527465820312, 11.1881103515625, 2.073770523071289, 0.14983367919921875], "sw": [613.1690673828125, 1046.9154052734375, 251.0644989013672, 19.481151580810547, 0.0, 0.0, 0.0, 0.0, 640.056884765625, 1048.2578125, 668.4331665039062, 9.330228805541992, 0.0, 0.0, 0.0, 0.0, 631.1392211914062, 449.0542907714844, 154.37594604492188, 9.999999717180685e-10, 0.0, 0.0, 0.0, 0.0], "rh": [59.98915481567383, 42.87285232543945, 62.08897399902344, 84.1946792602539, 92.01830291748047, 99.2026596069336, 99.21479034423828, 89.0816421508789, 68.46080017089844, 58.99864959716797, 71.7114486694336, 86.05751037597656, 79.76651763916016, 92.92681884765625, 98.80546569824219, 98.25054168701172, 79.17947387695312, 69.04998779296875, 85.62187194824219, 96.09588623046875, 99.1662368774414, 98.29830169677734, 90.81177520751953, 81.27235412597656]}