{"t2m": [19.510223388671875, 22.996185302734375, 24.44927978515625, 20.489959716796875, 17.42364501953125, 17.324005126953125, 16.299072265625, 15.8179931640625, 19.39495849609375, 23.307159423828125, 22.723388671875, 20.007080078125, 18.040130615234375, 17.104339599609375, 16.70672607421875, 17.28228759765625, 19.41357421875, 23.328582763671875, 24.72021484375, 21.027191162109375, 17.387451171875, 17.19207763671875, 18.022796630859375, 17.071502685546875], "wnd": [9.303459167480469, 13.758944511413574, 23.929080963134766, 17.19329071044922, 12.447514533996582, 4.49473762512207, 4.844812393188477, 0.6460137367248535, 6.921507358551025, 16.129615783691406, 10.820314407348633, 14.927209854125977, 14.957016944885254, 9.327414512634277, 3.5995612144470215, 4.809344291687012, 3.479952335357666, 14.601665496826172, 19.362852096557617, 23.813098907470703, 5.164305210113525, 11.602989196777344, 4.800243377685547, 2.535679340362549], "dir": [145.3677978515625, 144.65023803710938, 131.51974487304688, 140.33792114257812, 142.09295654296875, 126.222900390625, 353.8511657714844, 335.9954833984375, 148.63475036621094, 145.73318481445312, 41.50489044189453, 154.92782592773438, 125.59119415283203, 159.70545959472656, 156.035400390625, 225.48822021484375, 192.94964599609375, 144.60198974609375, 143.68133544921875, 157.5877227783203, 157.5926971435547, 103.16297912597656, 72.38760375976562, 19.264495849609375], "psl": [847.1788940429688, 845.8248291015625, 843.779052734375, 844.9454956054688, 846.2958374023438, 846.3275146484375, 844.7564697265625, 844.572265625, 845.539306640625, 844.4361572265625, 842.665771484375, 843.4605712890625, 844.892822265625, 845.7501831054688, 844.6038818359375, 844.5940551757812, 845.6107177734375, 844.6338500976562, 842.8920288085938, 843.8046264648438, 846.1116943359375, 847.2940063476562, 845.3224487304688, 845.9041137695312], "pre": [0.0, 1.2438340796713673e-34, 1.1616987372065068e-08, 0.2588512897491455, 0.3105045557022095, 0.00021448731422424316, 0.02468860149383545, 0.0, 0.0, 0.0, 3.42915415763855, 1.3969513177871704, 0.2080555260181427, 3.941391944885254, 2.623493194580078, 1.0745291709899902, 0.0041828155517578125, 0.0, 0.015478134155273438, 0.6565027236938477, 9.00593376159668, 8.749894142150879, 0.6948642730712891, 0.0], "sw": [623.7058715820312, 1034.0794677734375, 453.3295593261719, 6.172394752502441, 0.0, 0.0, 0.0, 0.0, 632.5927734375, 1034.4122314453125, 821.9436645507812, 1.73875892162323, 0.0, 0.0, 0.0, 0.0, 624.6098022460938, 1029.299560546875, 831.4110717773438, 9.999999717180685e-10, 0.0, 0.0, 0.0, 0.0], "rh": [74.58352661132812, 61.4811897277832, 55.923851013183594, 71.7025375366211, 92.04476928710938, 89.4644775390625, 93.39672088623047, 89.92135620117188, 76.35108947753906, 60.88774108886719, 67.67457580566406, 81.95549011230469, 91.67739868164062, 99.34159851074219, 99.54863739013672, 93.6576919555664, 82.40386962890625, 64.20426940917969, 54.45556640625, 73.87334442138672, 98.080322265625, 91.46455383300781, 71.60202026367188, 71.05534362792969]}