{"t2m": [25.172821044921875, 27.36370849609375, 22.36248779296875, 23.059478759765625, 21.947174072265625, 21.80926513671875, 21.537353515625, 22.0609130859375, 23.78717041015625, 24.9830322265625, 24.80548095703125, 22.269866943359375, 21.768585205078125, 21.4571533203125, 21.092071533203125, 21.186004638671875, 24.376708984375, 24.950408935546875, 25.128387451171875, 22.882781982421875, 21.979156494140625, 21.46209716796875, 22.0908203125, 21.464691162109375], "wnd": [4.832561016082764, 8.427912712097168, 5.085292816162109, 6.003993034362793, 3.016010284423828, 6.696484565734863, 1.580649971961975, 2.257221221923828, 7.976509094238281, 8.784342765808105, 7.659322738647461, 3.6789586544036865, 5.9114227294921875, 3.638660192489624, 6.035751819610596, 3.272671937942505, 6.130312919616699, 7.281916618347168, 3.8721699714660645, 4.534630298614502, 6.313665390014648, 3.316148281097412, 3.573523759841919, 3.5526318550109863], "dir": [28.937232971191406, 66.2195816040039, 124.89280700683594, 210.57357788085938, 217.34542846679688, 168.0590057373047, 81.05093383789062, 208.76150512695312, 74.37034606933594, 47.83224868774414, 26.55313491821289, 323.81317138671875, 162.84848022460938, 258.4910888671875, 275.87347412109375, 309.2679443359375, 32.66621017456055, 52.53120422363281, 9.448753356933594, 239.98545837402344, 120.19529724121094, 339.1022644042969, 194.81381225585938, 238.07464599609375], "psl": [958.6119384765625, 956.85888671875, 956.595947265625, 956.0978393554688, 957.2376708984375, 956.218017578125, 954.5951538085938, 954.8283081054688, 956.3897094726562, 956.01318359375, 954.2203369140625, 954.74609375, 956.0867309570312, 956.8599243164062, 955.5287475585938, 955.2106323242188, 956.5903930664062, 956.4111938476562, 954.88037109375, 955.5516967773438, 957.1682739257812, 957.5628051757812, 955.0343627929688, 956.1392822265625], "pre": [0.0, 1.285973172567012e-12, 2.721048355102539, 5.039327144622803, 4.134210109710693, 0.06180858612060547, 0.0, 0.0, 0.0, 0.6826934814453125, 19.026674270629883, 11.883831024169922, 19.80120849609375, 25.623952865600586, 11.565067291259766, 6.876850128173828, 0.041149139404296875, 6.350166320800781, 7.659160614013672, 13.606575012207031, 4.093132019042969, 23.48003387451172, 0.0511016845703125, 0.0], "sw": [618.383056640625, 1004.4507446289062, 40.53565216064453, 14.66785717010498, 0.0, 0.0, 0.0, 9.999999717180685e-10, 339.0438232421875, 458.2419738769531, 666.628173828125, 9.999999717180685e-10, 0.0, 0.0, 0.0, 9.999999717180685e-10, 608.714111328125, 946.3021850585938, 507.9075927734375, 9.999999717180685e-10, 0.0, 0.0, 0.0, 9.999999717180685e-10], "rh": [71.80235290527344, 67.7270278930664, 95.34331512451172, 89.98667907714844, 95.02249145507812, 87.16084289550781, 86.43374633789062, 86.21391296386719, 89.29570770263672, 85.80280303955078, 90.06742858886719, 91.73157501220703, 94.38429260253906, 95.22586822509766, 96.08353424072266, 96.02404022216797, 83.83114624023438, 87.65655517578125, 85.66954040527344, 92.80320739746094, 94.12035369873047, 91.94134521484375, 75.7632827758789, 75.89620971679688]}