{"t2m": [14.09197998046875, 14.866973876953125, 13.93096923828125, 12.70220947265625, 12.503692626953125, 12.439483642578125, 12.47711181640625, 12.169830322265625, 14.317657470703125, 14.274322509765625, 14.09649658203125, 13.42669677734375, 13.283538818359375, 11.80474853515625, 12.883880615234375, 12.745391845703125, 15.2711181640625, 17.769012451171875, 14.2349853515625, 13.961883544921875, 14.392852783203125, 14.247833251953125, 13.557891845703125, 13.00323486328125], "wnd": [11.798297882080078, 12.856379508972168, 15.19859790802002, 12.941190719604492, 6.7156596183776855, 2.5704641342163086, 6.660067081451416, 2.6184990406036377, 6.898411273956299, 15.374517440795898, 10.873102188110352, 6.618240833282471, 2.4648749828338623, 4.486018657684326, 3.008944272994995, 2.1428773403167725, 3.9375007152557373, 4.9833197593688965, 11.69585132598877, 7.86686897277832, 9.988194465637207, 9.163493156433105, 19.78579330444336, 3.9810028076171875], "dir": [41.09260559082031, 44.70835494995117, 36.50776672363281, 72.16496276855469, 70.52062225341797, 317.447998046875, 305.6739807128906, 280.732666015625, 330.1010437011719, 39.58652877807617, 31.83026123046875, 53.25075912475586, 259.70501708984375, 110.09388732910156, 229.62789916992188, 345.3103942871094, 153.88986206054688, 74.18147277832031, 57.313232421875, 62.26350402832031, 188.92620849609375, 198.15301513671875, 189.1388397216797, 282.9075927734375], "psl": [766.1175537109375, 765.6392211914062, 764.15966796875, 764.338134765625, 764.7447509765625, 764.6472778320312, 763.3213500976562, 763.0552978515625, 763.9688110351562, 763.6769409179688, 762.24951171875, 762.1902465820312, 762.96728515625, 763.59814453125, 762.25048828125, 762.1797485351562, 763.2432861328125, 762.9280395507812, 762.3035278320312, 762.4727172851562, 763.3629760742188, 763.4302368164062, 762.4338989257812, 762.75244140625], "pre": [2.16622487574052e-30, 2.9694319891859777e-07, 0.12756557762622833, 0.4871382713317871, 1.8696489334106445, 0.004788398742675781, 0.00086212158203125, 0.0, 0.0007872581481933594, 1.4907863140106201, 2.323402166366577, 2.326110363006592, 0.39656805992126465, 0.00019550323486328125, 5.245208740234375e-06, 0.04105806350708008, 0.23206806182861328, 1.2967588901519775, 12.118490219116211, 1.40071439743042, 7.996186256408691, 1.9212818145751953, 1.355194091796875, 0.05782032012939453], "sw": [280.8331604003906, 876.0360717773438, 163.80007934570312, 9.999999717180685e-10, 0.0, 0.0, 0.0, 0.0, 199.6659698486328, 277.5747985839844, 115.6646728515625, 10.184844017028809, 0.0, 0.0, 0.0, 0.0, 130.9131317138672, 283.9715270996094, 51.72636032104492, 2.4637582302093506, 0.0, 0.0, 0.0, 0.0], "rh": [84.98648071289062, 88.02690887451172, 98.00286102294922, 98.71269226074219, 99.35464477539062, 93.9041976928711, 94.8565902709961, 96.47030639648438, 85.29740142822266, 98.3833999633789, 99.0482406616211, 99.49674987792969, 97.8384017944336, 100.36432647705078, 93.3667984008789, 91.6884536743164, 78.498291015625, 72.95011138916016, 99.56658172607422, 99.61869049072266, 90.70561218261719, 83.5215835571289, 84.73680114746094, 86.24752044677734]}