{"t2m": [19.8885498046875, 23.324493408203125, 22.9056396484375, 15.893157958984375, 15.9912109375, 15.822296142578125, 14.570220947265625, 13.6982421875, 17.70892333984375, 20.459320068359375, 21.087310791015625, 17.533721923828125, 16.1134033203125, 15.363311767578125, 15.739593505859375, 15.9091796875, 18.875030517578125, 19.919586181640625, 21.122161865234375, 17.21356201171875, 15.927459716796875, 15.693267822265625, 14.5006103515625, 14.174957275390625], "wnd": [7.9565887451171875, 6.982632637023926, 5.310353755950928, 19.187034606933594, 10.8431978225708, 2.4699654579162598, 1.9069887399673462, 4.1181745529174805, 8.005186080932617, 9.552881240844727, 10.604817390441895, 9.617538452148438, 13.389569282531738, 13.227883338928223, 5.678768157958984, 8.248478889465332, 6.464266777038574, 6.536843299865723, 14.75148868560791, 12.319062232971191, 7.159728527069092, 5.392244815826416, 11.413379669189453, 6.7943644523620605], "dir": [179.66812133789062, 168.645751953125, 241.83689880371094, 60.007755279541016, 105.14173126220703, 164.5081329345703, 330.3855895996094, 309.2681579589844, 175.117431640625, 184.2249298095703, 230.5553436279297, 150.14064025878906, 43.71417999267578, 90.38131713867188, 265.3310546875, 354.5624084472656, 102.5842056274414, 166.3150177001953, 193.11404418945312, 214.8055877685547, 233.7989501953125, 308.21502685546875, 110.27948760986328, 19.37383270263672], "psl": [809.785400390625, 808.547607421875, 806.6812744140625, 808.021484375, 808.7285766601562, 809.1439819335938, 807.4619750976562, 807.2449340820312, 808.212158203125, 807.4486083984375, 805.69384765625, 805.9799194335938, 807.4459228515625, 808.3922729492188, 807.6856079101562, 807.3812255859375, 808.2890014648438, 808.0286865234375, 806.3973999023438, 807.1229858398438, 809.0148315429688, 809.4248657226562, 808.4863891601562, 808.9287719726562], "pre": [0.0, 1.5092903862117334e-20, 2.2514519691467285, 14.113758087158203, 5.546285152435303, 0.015166282653808594, 0.0, 0.0, 0.0, 1.3395309448242188, 4.346813201904297, 7.490466117858887, 28.236310958862305, 9.29996109008789, 9.481319427490234, 1.0319023132324219, 0.00041961669921875, 0.005702972412109375, 0.6282691955566406, 4.473808288574219, 14.471214294433594, 4.135002136230469, 2.864116668701172, 1.0190963745117188], "sw": [598.861328125, 1027.9615478515625, 634.8203735351562, 0.6222385168075562, 0.0, 0.0, 0.0, 0.0, 622.7783203125, 891.3192138671875, 751.8466796875, 9.999999717180685e-10, 0.0, 0.0, 0.0, 0.0, 616.9497680664062, 710.47998046875, 861.4462280273438, 9.999999717180685e-10, 0.0, 0.0, 0.0, 0.0], "rh": [63.72504425048828, 52.3973388671875, 62.40648651123047, 98.66773986816406, 99.70878601074219, 98.21678161621094, 94.43192291259766, 90.33208465576172, 85.37090301513672, 75.82865142822266, 75.10335540771484, 93.17797088623047, 94.86836242675781, 99.7680892944336, 91.14252471923828, 83.6834945678711, 72.25202941894531, 69.6012954711914, 66.39509582519531, 91.89825439453125, 93.99097442626953, 88.24295806884766, 99.79537963867188, 96.01262664794922]}