{"t2m": [21.5791015625, 24.888214111328125, 26.180908203125, 17.7891845703125, 17.351470947265625, 17.307281494140625, 16.43450927734375, 15.52972412109375, 19.02197265625, 22.526275634765625, 23.69842529296875, 17.7481689453125, 17.41339111328125, 16.69085693359375, 17.463897705078125, 17.957733154296875, 20.95758056640625, 22.5968017578125, 22.9276123046875, 19.050994873046875, 17.85125732421875, 17.968505859375, 16.689056396484375, 16.34564208984375], "wnd": [6.258452415466309, 10.831317901611328, 8.64965534210205, 16.12860679626465, 14.358968734741211, 2.5721306800842285, 1.5413528680801392, 8.484414100646973, 5.936053276062012, 11.931591033935547, 12.751714706420898, 16.53715705871582, 13.805583953857422, 11.65755844116211, 4.7506208419799805, 6.137345314025879, 8.437756538391113, 4.9234795570373535, 13.707621574401855, 7.824491024017334, 6.805522918701172, 2.9698002338409424, 16.172931671142578, 13.568062782287598], "dir": [172.33993530273438, 199.9366455078125, 258.6962890625, 67.91273498535156, 91.13372802734375, 291.58648681640625, 32.832218170166016, 24.758651733398438, 204.237548828125, 217.88136291503906, 245.4638671875, 140.54071044921875, 69.51919555664062, 154.0891876220703, 3.1688995361328125, 30.031047821044922, 94.65967559814453, 161.25076293945312, 223.07460021972656, 195.12216186523438, 332.8670654296875, 315.8802490234375, 59.60825729370117, 30.069793701171875], "psl": [841.3802490234375, 839.96630859375, 837.6404418945312, 839.7653198242188, 840.40185546875, 840.8709106445312, 839.1489868164062, 838.99169921875, 839.9827270507812, 838.9635009765625, 836.9113159179688, 837.72216796875, 839.0941162109375, 840.4299926757812, 839.4161987304688, 838.934814453125, 839.784912109375, 839.3947143554688, 837.8005981445312, 838.7014770507812, 840.6134643554688, 841.1907958984375, 840.1741333007812, 840.5662231445312], "pre": [0.0, 4.003926613442643e-34, 0.1551036685705185, 22.838876724243164, 10.239740371704102, 0.47078990936279297, 0.0, 0.0, 0.0, 0.056450843811035156, 1.4842815399169922, 10.181549072265625, 19.376108169555664, 20.461353302001953, 7.789257049560547, 2.053905487060547, 0.0, 0.0, 0.6551895141601562, 5.513833999633789, 2.958721160888672, 1.2565231323242188, 1.4478988647460938, 0.39105987548828125], "sw": [586.8397216796875, 1027.9813232421875, 838.2680053710938, 1.0035343170166016, 0.0, 0.0, 0.0, 0.0, 613.9415893554688, 736.3580932617188, 767.8312377929688, 9.999999717180685e-10, 0.0, 0.0, 0.0, 0.0, 608.7647705078125, 744.0311279296875, 846.4052124023438, 9.999999717180685e-10, 0.0, 0.0, 0.0, 0.0], "rh": [61.29706954956055, 51.41537094116211, 52.26676940917969, 97.84983825683594, 99.53590393066406, 98.06466674804688, 95.37158966064453, 92.14302062988281, 87.86773681640625, 69.83302307128906, 68.399169921875, 100.22682189941406, 97.34343719482422, 100.21536254882812, 92.2689208984375, 82.96648406982422, 68.68035125732422, 63.564056396484375, 67.19000244140625, 89.71897888183594, 89.28987121582031, 85.7926254272461, 93.58466339111328, 89.1325454711914]}