{"t2m": [24.00250244140625, 28.848114013671875, 31.651702880859375, 21.96343994140625, 20.158935546875, 21.04742431640625, 19.88385009765625, 19.994903564453125, 21.46820068359375, 26.23974609375, 29.30377197265625, 22.31219482421875, 20.501220703125, 20.2830810546875, 20.02386474609375, 19.799560546875, 22.9306640625, 26.86822509765625, 27.4466552734375, 25.18798828125, 22.110443115234375, 20.5631103515625, 19.5989990234375, 19.45263671875], "wnd": [2.515446424484253, 6.269033908843994, 5.595732688903809, 10.337139129638672, 6.199036598205566, 6.356667995452881, 0.7765145897865295, 1.614209771156311, 5.032357692718506, 3.882467746734619, 3.9563591480255127, 19.184232711791992, 10.825164794921875, 5.399040222167969, 6.627577304840088, 1.1577959060668945, 4.289191722869873, 3.3995838165283203, 13.851821899414062, 17.050769805908203, 8.416751861572266, 9.293684959411621, 3.7914328575134277, 5.170883655548096], "dir": [11.919914245605469, 184.245849609375, 291.67156982421875, 4.053184509277344, 150.03665161132812, 359.5699462890625, 241.64999389648438, 291.66839599609375, 6.9573822021484375, 332.58929443359375, 284.17449951171875, 90.80755615234375, 156.85299682617188, 350.6795959472656, 354.9173583984375, 343.60589599609375, 144.96664428710938, 14.278244018554688, 174.0733184814453, 178.3872833251953, 92.32984924316406, 130.53280639648438, 340.9581604003906, 319.94268798828125], "psl": [899.7816162109375, 897.5780639648438, 894.437744140625, 897.0975952148438, 899.3697509765625, 899.16357421875, 897.6534423828125, 897.58251953125, 898.5614013671875, 896.9288330078125, 893.96142578125, 895.0387573242188, 897.1168212890625, 898.5340576171875, 897.63818359375, 897.2952880859375, 898.24609375, 896.8646240234375, 895.1954956054688, 896.1398315429688, 898.365234375, 899.3312377929688, 898.39697265625, 898.9420166015625], "pre": [0.0, 0.0, 0.0, 6.547750473022461, 30.55136489868164, 2.379812240600586, 0.0014438629150390625, 0.0, 0.0, 0.0, 0.0, 6.048368453979492, 5.006868362426758, 4.403209686279297, 0.32427978515625, 0.37305450439453125, 0.0, 0.03138542175292969, 0.0, 0.03796577453613281, 0.00502777099609375, 1.0184459686279297, 2.7585906982421875, 0.9113292694091797], "sw": [601.6922607421875, 1017.5078735351562, 847.2457885742188, 2.085256338119507, 0.0, 0.0, 0.0, 0.0, 167.42535400390625, 994.790283203125, 787.216064453125, 9.999999717180685e-10, 0.0, 0.0, 0.0, 0.0, 591.5941162109375, 1003.9282836914062, 247.725830078125, 3.800891876220703, 0.0, 0.0, 0.0, 0.0], "rh": [62.17034912109375, 43.10725784301758, 34.28987503051758, 86.26273345947266, 96.04022979736328, 88.47655487060547, 95.02110290527344, 91.47371673583984, 83.91748046875, 56.458824157714844, 45.00911331176758, 87.53301239013672, 93.54363250732422, 95.28483581542969, 96.24352264404297, 95.7468490600586, 78.77909088134766, 55.633567810058594, 52.9012451171875, 56.546844482421875, 78.70956420898438, 82.42900085449219, 96.14556121826172, 96.14517211914062]}