{"CO": [0.03127249330282211, 0.042171210050582886, 0.030519165098667145, 0.0242364089936018, 0.053858429193496704, 0.04840104654431343, 0.10981359332799911, 0.08221635967493057, 0.04085952788591385, 0.08883613348007202, 0.2936609983444214, 2.903703212738037, 4.6712188720703125, 4.69913911819458, 3.94014573097229, 3.7206380367279053, 4.897731304168701, 6.077643871307373, 5.9713311195373535, 6.506526470184326, 6.179799556732178, 6.16868257522583, 6.249762535095215, 6.570064067840576], "NO2": [0.0049108644016087055, 0.019889630377292633, 0.029123539105057716, 0.04360490292310715, 0.2664823830127716, 0.4235929548740387, 0.468946635723114, 0.3915152847766876, 0.13109926879405975, 0.08699588477611542, 0.060562897473573685, 0.18434281647205353, 0.4618191421031952, 0.592764139175415, 0.6796920299530029, 0.7826176881790161, 0.33570927381515503, 0.06870490312576294, 0.07110217213630676, 0.11636772006750107, 0.3594038784503937, 0.5216613411903381, 0.5242642760276794, 0.8695197701454163], "SO2": [10.747922897338867, 10.308160781860352, 4.367736339569092, 5.046724319458008, 16.573850631713867, 13.773850440979004, 32.47114562988281, 23.231338500976562, 11.030323028564453, 9.44347095489502, 6.251989364624023, 11.833208084106445, 11.397521018981934, 17.683137893676758, 18.99824333190918, 21.36268424987793, 11.60265827178955, 11.099003791809082, 6.097001075744629, 7.414412498474121, 11.079556465148926, 20.307497024536133, 26.71210479736328, 37.777286529541016], "O3": [0.03729449585080147, 1.053734540939331, 0.879306972026825, 0.47085514664649963, 0.16633544862270355, 0.061281878501176834, 0.013353944756090641, 0.01516923401504755, 1.024806022644043, 3.8854808807373047, 5.234213829040527, 21.89210319519043, 35.42098617553711, 33.045860290527344, 26.782835006713867, 22.477046966552734, 28.26339340209961, 37.96528244018555, 35.495811462402344, 53.97551345825195, 44.423828125, 44.51517868041992, 41.50028991699219, 33.35688400268555], "PM10": [13.091392517089844, 13.45964527130127, 5.052603244781494, 5.727424144744873, 21.624534606933594, 16.9835205078125, 43.46244812011719, 31.05026626586914, 13.707594871520996, 11.810030937194824, 9.064614295959473, 14.509060859680176, 16.158058166503906, 23.029136657714844, 25.34821128845215, 29.41876983642578, 14.215852737426758, 14.815678596496582, 7.872952938079834, 8.56845760345459, 15.905586242675781, 26.689037322998047, 33.65055847167969, 52.16447067260742], "PM25": [6.958976745605469, 6.852830410003662, 2.489957809448242, 3.0143003463745117, 10.968429565429688, 9.116289138793945, 22.44172477722168, 16.232572555541992, 7.131768226623535, 5.919149875640869, 3.815006971359253, 7.7298054695129395, 8.233556747436523, 11.998751640319824, 13.146361351013184, 15.174708366394043, 7.452413558959961, 7.647912502288818, 3.8299686908721924, 4.479672431945801, 8.017277717590332, 13.735543251037598, 17.401073455810547, 25.864864349365234]}