{"CO": [0.004960512276738882, 0.015283177606761456, 0.020869331434369087, 0.020290816202759743, 0.016379250213503838, 0.04648910462856293, 0.03676777333021164, 0.024207087233662605, 0.02352709136903286, 0.10816240310668945, 0.37330272793769836, 4.282022476196289, 4.728757858276367, 5.211824417114258, 4.456347942352295, 4.203369617462158, 5.262136459350586, 6.297506332397461, 6.0815510749816895, 6.4778337478637695, 6.054994583129883, 6.076678276062012, 6.199716091156006, 6.307119369506836], "NO2": [0.01560226920992136, 0.03217586502432823, 0.029252445325255394, 0.06799788028001785, 0.2992915213108063, 0.8670749068260193, 0.6368368268013, 0.47289541363716125, 0.2310633808374405, 0.11094526946544647, 0.05995424836874008, 0.26987284421920776, 0.622100830078125, 0.9503783583641052, 0.852157473564148, 0.9060418605804443, 0.3921879827976227, 0.07771876454353333, 0.0736469179391861, 0.2879221737384796, 0.3747204840183258, 0.8685691952705383, 0.7400906682014465, 1.0999921560287476], "SO2": [2.6496479511260986, 1.037546992301941, 0.00022855980205349624, 0.00013163112453185022, 2.8456995487213135, 16.711610794067383, 15.52453327178955, 8.068851470947266, 6.386964797973633, 3.580251932144165, 0.0005556162795983255, 1.2690158655459527e-05, 6.314626216888428, 12.087077140808105, 7.4689412117004395, 7.721920013427734, 4.3684868812561035, 0.9757088422775269, 0.025699250400066376, 0.00012100048479624093, 2.9761064052581787, 7.839855670928955, 8.050307273864746, 3.8583388328552246], "O3": [0.12400025874376297, 1.0806609392166138, 0.9848271608352661, 1.0622745752334595, 0.2028232365846634, 0.0571715421974659, 0.009730777703225613, 0.005660221446305513, 2.0759475231170654, 5.514888763427734, 4.0487284660339355, 34.5950813293457, 35.229469299316406, 34.11936950683594, 27.6597900390625, 23.459230422973633, 33.16435623168945, 38.28741455078125, 36.39768600463867, 54.72956466674805, 52.63246536254883, 40.95814514160156, 39.6187858581543, 38.32987594604492], "PM10": [15.938240051269531, 9.112458229064941, 3.6332502365112305, 3.992927312850952, 19.76349639892578, 58.614234924316406, 70.60050964355469, 46.47992706298828, 29.29754638671875, 17.183067321777344, 3.994398832321167, 5.616371154785156, 30.761642456054688, 47.48457336425781, 39.35850143432617, 44.36274719238281, 22.176685333251953, 8.987398147583008, 3.999617576599121, 5.808806896209717, 21.159549713134766, 34.98927307128906, 37.34030532836914, 58.02253723144531], "PM25": [8.525203704833984, 4.5924973487854, 1.976480484008789, 2.169321060180664, 10.635973930358887, 30.465585708618164, 35.611549377441406, 24.243440628051758, 15.199455261230469, 8.378850936889648, 1.8579496145248413, 3.0046494007110596, 16.055255889892578, 24.532155990600586, 20.390336990356445, 22.870487213134766, 11.629643440246582, 4.714310646057129, 2.0110836029052734, 3.017228364944458, 11.012937545776367, 17.940242767333984, 19.332935333251953, 29.05808448791504]}