{"CO": [0.027097390964627266, 0.032113056629896164, 0.039303503930568695, 0.12094210088253021, 0.09324268251657486, 0.0974799171090126, 0.06886862218379974, 0.05582813546061516, 0.033144112676382065, 0.03757546469569206, 0.18044455349445343, 2.910886287689209, 4.574883460998535, 4.691404342651367, 4.138241291046143, 4.059528827667236, 4.928643703460693, 6.035372734069824, 5.688671112060547, 6.452937602996826, 6.245699405670166, 6.256516456604004, 6.22303581237793, 6.303211212158203], "NO2": [0.08370041102170944, 0.07902801781892776, 0.0799686461687088, 0.6421585083007812, 0.8145414590835571, 0.9386274218559265, 0.8309277892112732, 0.6523971557617188, 0.10144326835870743, 0.06304919719696045, 0.1377449482679367, 1.0369142293930054, 1.4626954793930054, 1.0423307418823242, 1.1484718322753906, 1.1501911878585815, 0.34285178780555725, 0.224460631608963, 0.17805072665214539, 1.2051587104797363, 0.9864511489868164, 1.5598982572555542, 1.513026237487793, 1.8114114999771118], "SO2": [11.114143371582031, 10.981886863708496, 9.149577140808105, 37.677677154541016, 30.2473087310791, 38.41448974609375, 25.406076431274414, 21.236709594726562, 10.921065330505371, 8.847346305847168, 10.612814903259277, 21.076082229614258, 24.94149398803711, 27.116918563842773, 20.490249633789062, 20.29067039489746, 11.948702812194824, 11.354266166687012, 9.891393661499023, 29.061649322509766, 21.218076705932617, 40.119476318359375, 47.90067672729492, 37.478302001953125], "O3": [0.10968708992004395, 0.6260973811149597, 1.030678629875183, 1.1896395683288574, 0.5690035223960876, 0.029581785202026367, 0.041585616767406464, 0.04022705927491188, 0.4728703498840332, 0.8731621503829956, 4.044803619384766, 19.284915924072266, 32.83489990234375, 35.970848083496094, 29.54391098022461, 25.64016342163086, 29.707794189453125, 36.495811462402344, 34.897762298583984, 43.7379264831543, 47.34119415283203, 42.5352783203125, 45.90401077270508, 45.95907211303711], "PM10": [31.61918067932129, 28.023324966430664, 24.059032440185547, 99.16560363769531, 80.74085998535156, 102.81611633300781, 68.9316177368164, 57.365570068359375, 29.917287826538086, 23.96916389465332, 28.1574649810791, 61.087364196777344, 66.92469024658203, 72.34030151367188, 54.554161071777344, 54.14189529418945, 32.06974411010742, 29.46049690246582, 25.605175018310547, 78.13166809082031, 56.98836898803711, 108.75833129882812, 128.91326904296875, 101.8864517211914], "PM25": [16.389480590820312, 14.35977840423584, 12.446915626525879, 50.74312973022461, 41.52104949951172, 52.0927848815918, 35.1553955078125, 29.40481948852539, 15.536824226379395, 11.70639705657959, 13.864876747131348, 31.76508331298828, 34.17130661010742, 36.86203384399414, 27.887054443359375, 27.614721298217773, 16.572050094604492, 14.930036544799805, 12.976273536682129, 39.411685943603516, 29.098773956298828, 54.301937103271484, 61.41630172729492, 50.17197799682617]}