{"CO": [0.021827297285199165, 0.05020685866475105, 0.02906549908220768, 0.022736024111509323, 0.048355795443058014, 0.05395229533314705, 0.09825589507818222, 0.05937452241778374, 0.034882158041000366, 0.10860739648342133, 0.3654112219810486, 3.3675034046173096, 4.774722576141357, 4.787748336791992, 4.172780990600586, 3.80686616897583, 5.0344133377075195, 6.157774925231934, 6.104236125946045, 6.52168083190918, 6.169251918792725, 6.150846004486084, 6.244884967803955, 6.459309101104736], "NO2": [0.11661294102668762, 0.14906242489814758, 0.09794578701257706, 0.2240353375673294, 0.7007911205291748, 1.0367494821548462, 1.4677045345306396, 1.0331228971481323, 0.28175827860832214, 0.20349404215812683, 0.1857220083475113, 0.4711870551109314, 0.9229152798652649, 1.2262213230133057, 1.3953953981399536, 1.49056875705719, 0.643834114074707, 0.2168872207403183, 0.2255539894104004, 0.4216971695423126, 0.7833648324012756, 1.1145484447479248, 1.402191400527954, 2.2081210613250732], "SO2": [12.775195121765137, 12.331536293029785, 5.419303894042969, 6.457314491271973, 21.358213424682617, 21.75545883178711, 46.21239471435547, 27.079605102539062, 15.354142189025879, 12.218358039855957, 7.761698246002197, 11.24630355834961, 17.127004623413086, 22.30287742614746, 24.579307556152344, 27.77724266052246, 15.977459907531738, 11.964523315429688, 7.989121437072754, 9.951705932617188, 15.521174430847168, 23.29494285583496, 25.910266876220703, 66.34831237792969], "O3": [0.2638518512248993, 2.6389565467834473, 1.2039669752120972, 0.6539878249168396, 0.22306793928146362, 0.05467647314071655, 0.00937319453805685, 0.010414415039122105, 1.4473720788955688, 5.3289794921875, 5.068090915679932, 27.046693801879883, 34.46205520629883, 32.06315612792969, 26.497709274291992, 21.77838706970215, 29.526798248291016, 39.019039154052734, 36.22250747680664, 54.60193634033203, 43.32771682739258, 43.00559616088867, 38.810367584228516, 35.13358688354492], "PM10": [26.076417922973633, 27.129863739013672, 11.657774925231934, 15.002988815307617, 44.31236267089844, 43.90565490722656, 96.296630859375, 57.66886520385742, 31.214513778686523, 25.56857681274414, 17.76458740234375, 26.46526527404785, 36.55746841430664, 46.9891471862793, 54.47945022583008, 60.09085464477539, 32.3663444519043, 25.64175796508789, 16.376052856445312, 24.26851463317871, 35.2557373046875, 50.506187438964844, 56.14046096801758, 147.31109619140625], "PM25": [13.86943244934082, 13.871164321899414, 6.371781349182129, 8.181879043579102, 23.647235870361328, 23.07793426513672, 48.76238250732422, 30.15682601928711, 16.324743270874023, 13.172109603881836, 8.86598014831543, 14.211541175842285, 19.16761016845703, 24.498252868652344, 28.011686325073242, 30.704757690429688, 17.025192260742188, 13.5365571975708, 8.730721473693848, 12.898935317993164, 18.31792640686035, 26.14751434326172, 28.968751907348633, 72.25394439697266]}