{"CO": [8.493549103150144e-05, 0.01253274455666542, 0.0025466354563832283, 0.0011970667401328683, 0.014019522815942764, 0.011564265005290508, 0.02136051654815674, 0.11557362973690033, 0.30787408351898193, 1.198197603225708, 4.0980448722839355, 5.917327880859375, 5.515505790710449, 4.089906692504883, 3.5326616764068604, 3.772291660308838, 3.9511542320251465, 4.145663261413574, 5.28850793838501, 5.791865348815918, 5.1552324295043945, 5.759469032287598, 6.438019752502441, 6.602257251739502], "NO2": [0.0012849546037614346, 0.05340707674622536, 0.010575617663562298, 0.0041639250703155994, 0.4362979233264923, 0.4031696915626526, 0.2626609206199646, 0.5324919819831848, 0.08358367532491684, 0.14676950871944427, 0.13693997263908386, 0.6249504685401917, 0.739964485168457, 1.3647609949111938, 1.1013007164001465, 0.9986339211463928, 0.26818200945854187, 0.1404276192188263, 0.15125630795955658, 0.6758522987365723, 0.7936466932296753, 1.4017096757888794, 1.266532301902771, 1.218246340751648], "SO2": [3.816721244609411e-13, 3.8157771755677194e-13, 3.816142280649304e-13, 1.3532649667524765e-08, 5.627507562167011e-06, 2.340811988688074e-05, 0.00014742968778591603, 0.004795932676643133, 0.01265724003314972, 0.0397733598947525, 0.04348887875676155, 0.004359671380370855, 0.06187968701124191, 0.049367040395736694, 0.05398017540574074, 0.0966222807765007, 0.12166581302881241, 0.11936146020889282, 0.050650183111429214, 0.0002691341214813292, 0.015375209972262383, 0.027074715122580528, 0.09159455448389053, 0.19730660319328308], "O3": [0.015420244075357914, 1.3067055940628052, 0.24575868248939514, 0.04751845821738243, 0.1582278460264206, 0.03970315307378769, 0.024751409888267517, 0.24328775703907013, 2.135030746459961, 10.615443229675293, 32.469120025634766, 36.42634201049805, 32.348121643066406, 27.6828556060791, 24.689085006713867, 23.34929656982422, 22.98332977294922, 27.28919792175293, 38.43684387207031, 37.538978576660156, 29.167938232421875, 32.12657928466797, 34.29413604736328, 33.94328308105469], "PM10": [13.111680030822754, 5.04215669631958, 4.295909881591797, 12.903120040893555, 19.61065101623535, 18.398096084594727, 23.415292739868164, 38.784549713134766, 16.274139404296875, 5.324974536895752, 4.565053462982178, 12.27382755279541, 19.755037307739258, 17.016347885131836, 35.760128021240234, 32.63893508911133, 14.315431594848633, 5.290542125701904, 4.596663951873779, 9.103045463562012, 18.664525985717773, 19.963146209716797, 39.593589782714844, 36.489524841308594], "PM25": [6.61425256729126, 2.5989108085632324, 2.2403273582458496, 6.682084560394287, 9.959148406982422, 9.28575611114502, 11.785191535949707, 19.302810668945312, 8.03665828704834, 2.6972970962524414, 2.2814064025878906, 6.199582099914551, 9.752938270568848, 8.327230453491211, 17.478609085083008, 15.995055198669434, 6.929755210876465, 2.6020607948303223, 2.2371697425842285, 4.5726118087768555, 9.127636909484863, 9.764002799987793, 19.395235061645508, 17.83925437927246]}