{"CO": [0.0001623777498025447, 0.012766698375344276, 0.016086319461464882, 0.003374469233676791, 0.008256488479673862, 0.041879042983055115, 0.03179047629237175, 0.01306851115077734, 0.05423951894044876, 0.15407712757587433, 0.3287736177444458, 1.0341647863388062, 2.2415053844451904, 1.8391417264938354, 2.6146888732910156, 3.418994188308716, 5.814628601074219, 6.528095245361328, 6.437262058258057, 5.207846641540527, 6.508006572723389, 6.543725967407227, 6.619482040405273, 6.764214515686035], "NO2": [0.0022598642390221357, 0.01792931742966175, 0.0794089287519455, 0.056538235396146774, 0.28513795137405396, 0.8502163290977478, 1.1020228862762451, 0.8312262296676636, 0.1517060101032257, 0.09351421147584915, 0.2532379925251007, 0.4196419417858124, 0.9569697380065918, 1.6839485168457031, 2.0775020122528076, 1.6546504497528076, 0.3459389805793762, 0.2948533892631531, 0.32201775908470154, 0.5809804797172546, 0.5530436635017395, 0.3170831799507141, 0.5355579853057861, 1.0917872190475464], "SO2": [1.399013460634535e-09, 3.639760961959837e-06, 2.423704972898122e-05, 3.378601931558478e-08, 5.071554287638946e-09, 2.9021687275587738e-09, 4.8541886599196e-07, 0.0004970494192093611, 1.7247767658545854e-08, 0.022102512419223785, 0.0012110878014937043, 0.00017354416195303202, 6.149334694782738e-06, 3.816734526086024e-13, 5.276051405662951e-13, 1.646417695155833e-05, 4.605630238074809e-06, 4.516379704000428e-05, 0.00018454443488735706, 0.0008805256802588701, 2.8982988453662983e-08, 0.0002536035899538547, 0.0008739938493818045, 0.0596487931907177], "O3": [0.030074339359998703, 0.8756933212280273, 0.6007018089294434, 0.1051926389336586, 0.23751813173294067, 1.3651413917541504, 0.6109724044799805, 0.012422719970345497, 1.933402180671692, 3.4682013988494873, 6.061749458312988, 8.199787139892578, 14.73464298248291, 10.011120796203613, 13.718560218811035, 15.325713157653809, 31.414133071899414, 33.9743766784668, 33.230628967285156, 30.516759872436523, 38.59658432006836, 35.682769775390625, 28.45903205871582, 24.165199279785156], "PM10": [0.002512359293177724, 0.009108499623835087, 0.014540600590407848, 0.018601248040795326, 0.09990738332271576, 0.1165085881948471, 0.23321259021759033, 1.5105361938476562, 0.016145234927535057, 0.17212095856666565, 0.034054625779390335, 0.2043185979127884, 0.27159345149993896, 0.14199607074260712, 0.09508521109819412, 0.12811052799224854, 0.41692662239074707, 0.28530749678611755, 0.2503579258918762, 0.23782089352607727, 0.2669166624546051, 0.2816058099269867, 1.1561057567596436, 0.3066854476928711], "PM25": [4.114786289477479e-09, 3.545875642885221e-06, 0.0005878719966858625, 0.0003333910135552287, 0.03982090577483177, 0.05346200615167618, 0.10810308158397675, 0.07991380244493484, 0.002852938137948513, 0.028133444488048553, 0.0032573293428868055, 0.06047811731696129, 0.09135255217552185, 0.03605189174413681, 1.3515808472419621e-09, 0.00016510389104951173, 0.09461596608161926, 0.019722245633602142, 0.0016212770715355873, 0.0002785446122288704, 2.3952169136975954e-09, 0.001580693293362856, 0.041236165910959244, 0.002907773945480585]}