{"CO": [0.0005471173208206892, 0.009769740514457226, 0.012748940847814083, 0.003942645154893398, 0.007071373518556356, 0.04147504270076752, 0.030456630513072014, 0.01481255516409874, 0.09176409989595413, 0.13973072171211243, 0.23236097395420074, 0.6361739635467529, 1.6181135177612305, 2.384573459625244, 3.154071092605591, 3.4295551776885986, 5.673596382141113, 6.428536415100098, 5.843790531158447, 5.5422539710998535, 5.978521347045898, 6.430819034576416, 6.712835788726807, 6.792183876037598], "NO2": [0.02899944968521595, 0.0690905824303627, 0.12172039598226547, 0.10668718814849854, 0.28174421191215515, 1.2567434310913086, 1.1709622144699097, 1.0072863101959229, 0.1892251819372177, 0.2950630486011505, 0.3420700430870056, 0.6569777727127075, 1.654408574104309, 1.6529170274734497, 2.0272607803344727, 2.5912394523620605, 0.6299805045127869, 0.4178330600261688, 0.5442562103271484, 0.9066128730773926, 0.7628319263458252, 1.4818131923675537, 1.2097467184066772, 1.267795443534851], "SO2": [2.1199278421590861e-07, 2.242533048146811e-09, 6.917195423739031e-05, 6.974523358849183e-08, 2.7522614232111664e-07, 1.242640192133937e-11, 3.816734526086024e-13, 0.0006187987746670842, 5.436585626128476e-10, 9.665742254583165e-06, 0.00030380062526091933, 4.584747148328461e-05, 1.2923122483243787e-07, 1.8353976116713966e-09, 1.3049823374688962e-11, 5.554004189889383e-08, 1.0391635441919789e-05, 1.250537115993211e-05, 0.0003493316180538386, 0.00022848574735689908, 0.000124349317047745, 1.4115121302893385e-06, 0.009014083072543144, 0.09703730791807175], "O3": [0.1673683375120163, 1.0937469005584717, 0.5630642175674438, 0.11957850307226181, 0.10853156447410583, 0.96235591173172, 0.5715268850326538, 0.007915589027106762, 2.1804964542388916, 2.7892866134643555, 2.6028921604156494, 4.593387603759766, 11.195826530456543, 16.156845092773438, 14.5780029296875, 15.829940795898438, 30.517972946166992, 35.0179557800293, 34.59227752685547, 31.93359375, 38.65028762817383, 31.175031661987305, 29.890958786010742, 30.15983009338379], "PM10": [0.004462177865207195, 0.008965150453150272, 0.016863219439983368, 0.014466962777078152, 0.023674290627241135, 0.2650841474533081, 0.27391576766967773, 0.45709919929504395, 0.005442483816295862, 0.09765858948230743, 0.07221197336912155, 0.03880145773291588, 0.053731612861156464, 0.603621244430542, 0.11085513979196548, 0.13243639469146729, 0.4984417259693146, 0.3248843550682068, 0.2573322653770447, 0.24992254376411438, 0.1628291755914688, 0.28832295536994934, 0.5525540709495544, 0.2611326277256012], "PM25": [6.318916234704375e-07, 1.9241820155002642e-06, 0.00042662888881750405, 1.535779119876679e-06, 0.004118520300835371, 0.13148856163024902, 0.10089582949876785, 0.0283049363642931, 3.960575850214809e-05, 0.028266213834285736, 0.023870311677455902, 0.004851009696722031, 0.0006161158671602607, 0.2555975615978241, 0.0029474336188286543, 0.0025197314098477364, 0.1338130235671997, 0.03778093308210373, 0.009624054655432701, 8.234036067733541e-05, 0.0008411059388890862, 0.005656132474541664, 0.009622170589864254, 0.002056489000096917]}