{"CO": [0.00018920301226899028, 0.002288231858983636, 0.030148876830935478, 0.034752197563648224, 0.034449610859155655, 0.023946546018123627, 0.018117256462574005, 0.019112547859549522, 0.03715595602989197, 1.7420318126678467, 3.729731798171997, 2.1955721378326416, 2.1645278930664062, 3.7220370769500732, 4.199559688568115, 4.64410400390625, 5.103281497955322, 5.685074806213379, 5.611074447631836, 5.956225872039795, 6.149961471557617, 6.728349685668945, 6.812321662902832, 6.847959995269775], "NO2": [0.003247903659939766, 0.06968425959348679, 0.2121214121580124, 0.5116614103317261, 1.0852506160736084, 0.9064388275146484, 1.1002448797225952, 1.0005825757980347, 0.32199349999427795, 0.24988770484924316, 0.7522420883178711, 1.529758334159851, 1.6597782373428345, 1.048932433128357, 1.0024341344833374, 0.6826263070106506, 0.5378403067588806, 0.382750004529953, 0.5422987341880798, 1.5726518630981445, 0.5136943459510803, 1.0527933835983276, 1.3783681392669678, 2.7553563117980957], "SO2": [3.8167291050751617e-13, 3.816437454690763e-13, 3.8160948468042577e-13, 2.14995577764443e-12, 6.031155392813292e-13, 7.096960172314759e-12, 5.888661780417692e-11, 3.800867620640247e-09, 9.368847031510086e-08, 0.004470697604119778, 0.0012837758986279368, 2.891540134442039e-05, 7.117786253729719e-07, 2.0022709618788825e-12, 3.816727749822446e-13, 3.816727478771903e-13, 9.042857982421992e-07, 0.0006830621277913451, 0.00041675896500237286, 0.0003023972676601261, 4.5944343582959846e-06, 0.046341899782419205, 0.15960168838500977, 0.16127453744411469], "O3": [0.02115446701645851, 0.5067118406295776, 1.680272102355957, 1.999703288078308, 1.0491610765457153, 0.5891706943511963, 0.16476042568683624, 0.07006130367517471, 3.7824909687042236, 16.371448516845703, 28.170059204101562, 18.728862762451172, 17.51654052734375, 25.41692352294922, 24.109560012817383, 22.90626335144043, 29.88593101501465, 38.67989730834961, 37.71745681762695, 34.08300018310547, 34.14495849609375, 33.127891540527344, 30.083860397338867, 26.814289093017578], "PM10": [0.0059216804802417755, 0.008777352049946785, 0.008465933613479137, 0.008005188778042793, 0.009649856947362423, 0.009879072196781635, 0.10619334876537323, 0.571536123752594, 0.08260965347290039, 0.06392078101634979, 0.1402195543050766, 0.08356715738773346, 0.09922144562005997, 0.13880383968353271, 0.18299730122089386, 0.22771039605140686, 0.19510827958583832, 0.24281948804855347, 0.22106830775737762, 0.209116593003273, 0.2582901120185852, 0.2472890466451645, 0.2563992738723755, 0.6018454432487488], "PM25": [6.247884876131593e-09, 1.5019380184000397e-09, 6.400950383067538e-07, 8.07988180895336e-06, 2.5792949998049153e-09, 0.000339010963216424, 0.04478082060813904, 0.25791820883750916, 0.024432269856333733, 0.0012275520712137222, 9.876360174132515e-09, 7.41455960451276e-06, 1.869445398483549e-08, 2.0710429898818106e-11, 9.540097380522639e-06, 0.0035554026253521442, 0.0017129508778452873, 1.3629172826767899e-05, 1.2532657819974702e-05, 1.5704781617387198e-06, 8.341979551573786e-09, 1.4049523322512414e-08, 0.005371554289013147, 0.029424887150526047]}