{"CO": [4.011500095657539e-06, 0.001366641721688211, 0.13019394874572754, 0.029672902077436447, 0.003994388040155172, 0.004596945829689503, 0.006295275408774614, 0.007188166491687298, 0.16498726606369019, 1.1699333190917969, 0.9746144413948059, 1.2064405679702759, 1.2012921571731567, 1.4091132879257202, 1.5472182035446167, 4.14860200881958, 5.769744873046875, 6.440884113311768, 5.633463382720947, 5.429838180541992, 5.607631683349609, 5.948615074157715, 6.82529878616333, 6.848236560821533], "NO2": [5.262302511255257e-05, 0.00731465220451355, 0.1373080611228943, 0.4367457628250122, 0.4635809361934662, 0.34376171231269836, 0.07020571827888489, 0.14934313297271729, 0.1097617968916893, 0.2891385555267334, 0.2674490809440613, 1.3110957145690918, 1.9422067403793335, 1.893006682395935, 1.1940183639526367, 0.8977183699607849, 0.4271235466003418, 0.25458088517189026, 0.4020423889160156, 0.35409364104270935, 0.8095958828926086, 0.4151400029659271, 0.19352728128433228, 0.26950493454933167], "SO2": [3.8167312734795067e-13, 3.8162840400833564e-13, 1.0209034138897177e-12, 3.9189617805253374e-13, 3.816734526086024e-13, 4.257128503881713e-13, 1.147242674123805e-12, 1.2406732542366572e-12, 8.521858912979852e-11, 1.0506091996376199e-08, 3.446180008026545e-10, 5.104031346875315e-13, 4.026923683397854e-09, 1.3930534503714398e-10, 3.0764019243179064e-07, 2.9264265677397816e-08, 1.6618876088614343e-06, 4.570526641600736e-07, 0.001957122702151537, 5.531679558856695e-10, 4.056033564570072e-10, 1.0338519373931376e-08, 0.0001065168107743375, 0.05235813930630684], "O3": [0.000501754111610353, 0.1446688175201416, 6.135712623596191, 2.684629201889038, 0.11134360730648041, 0.04619411379098892, 0.04508513957262039, 0.007765177637338638, 1.1112675666809082, 6.689591884613037, 6.664623737335205, 8.495026588439941, 6.80769157409668, 6.357841491699219, 7.071350574493408, 20.37564468383789, 31.04387092590332, 35.046104431152344, 34.1658935546875, 36.48560333251953, 29.84807014465332, 29.659700393676758, 34.336700439453125, 33.38017272949219], "PM10": [0.0024175457656383514, 0.0071364594623446465, 0.007186016533523798, 0.0073708537966012955, 0.007663889788091183, 0.007215514313429594, 0.004636832512915134, 0.00598524883389473, 0.007720273453742266, 0.03502420708537102, 0.03335704281926155, 0.03646017611026764, 0.038051359355449677, 0.05156140401959419, 0.05519050732254982, 0.27311018109321594, 0.27420586347579956, 0.2815784811973572, 0.2128051370382309, 0.2312052696943283, 0.19297879934310913, 0.23101826012134552, 0.2686009705066681, 0.2827410101890564], "PM25": [1.1190070209859797e-16, 1.1285956986466943e-16, 2.2299512496964935e-13, 3.2414528838842216e-09, 2.2555954881653406e-09, 6.327178780907161e-09, 2.210194915974739e-09, 3.744522469872891e-09, 1.4455129315749105e-09, 3.26041416087719e-11, 2.9222189340998093e-16, 9.636112047184398e-11, 4.2675871170239077e-10, 1.8007142443821067e-08, 1.8398056909063598e-06, 0.010517578572034836, 0.0017866874113678932, 0.014810441993176937, 0.003971168305724859, 7.001565245445818e-05, 6.790847745241635e-11, 0.002790397498756647, 0.0005676621804013848, 0.0018469651695340872]}