{"CO": [1.4730034081367194e-06, 0.0025237391237169504, 0.021555257961153984, 0.03221883252263069, 0.029438240453600883, 0.014641951769590378, 0.011625228449702263, 0.038381945341825485, 0.11386579275131226, 0.9283722639083862, 0.6290004849433899, 1.2528996467590332, 2.317286968231201, 3.476743221282959, 5.232161998748779, 5.885565280914307, 6.1598358154296875, 5.9539642333984375, 5.7875494956970215, 6.150355815887451, 6.368704319000244, 6.68075704574585, 6.797733783721924, 6.828697204589844], "NO2": [3.9812752220313996e-05, 0.017552364617586136, 1.0236177444458008, 1.294806718826294, 1.84121835231781, 1.0425622463226318, 0.634723961353302, 0.6691747307777405, 0.5676867365837097, 2.074364423751831, 3.0927374362945557, 2.7420690059661865, 5.359694480895996, 4.046741008758545, 3.1228623390197754, 5.120084285736084, 3.8593461513519287, 2.440951347351074, 2.6877214908599854, 2.8397061824798584, 5.842208385467529, 5.258521556854248, 6.262500286102295, 6.392726421356201], "SO2": [3.816734526086024e-13, 3.8166461636089666e-13, 3.816734526086024e-13, 3.816734526086024e-13, 3.816734526086024e-13, 8.456725875127802e-10, 3.203111020866345e-08, 1.1042487813028856e-07, 3.8167347971365673e-13, 3.816734526086024e-13, 3.816734526086024e-13, 3.816734526086024e-13, 3.4571184890502815e-12, 3.816734526086024e-13, 3.816734526086024e-13, 2.0130394773332227e-07, 3.816734526086024e-13, 3.816734526086024e-13, 3.816734526086024e-13, 2.3291344981163364e-12, 3.816734526086024e-13, 0.038640476763248444, 0.14993391931056976, 0.19880037009716034], "O3": [0.00019470148254185915, 0.15614672005176544, 0.4990006685256958, 1.0878852605819702, 0.21840596199035645, 0.1350967288017273, 0.019780907779932022, 0.002318872371688485, 0.6255919933319092, 14.479854583740234, 11.693536758422852, 12.993447303771973, 14.079021453857422, 21.29399871826172, 27.43512725830078, 24.49201202392578, 25.592838287353516, 31.30612564086914, 28.865558624267578, 31.50619888305664, 29.314294815063477, 27.786483764648438, 26.77585792541504, 28.36727523803711], "PM10": [0.002391700865700841, 0.008115238510072231, 0.00737939216196537, 0.007810091599822044, 0.00798996351659298, 0.008279222063720226, 0.008829779922962189, 0.00782337598502636, 0.0052955360151827335, 0.02213558740913868, 0.011811613105237484, 0.03105209581553936, 0.07126868516206741, 0.11450314521789551, 0.17847461998462677, 0.20514695346355438, 0.20698893070220947, 0.18924090266227722, 0.17684969305992126, 0.20237740874290466, 0.21202725172042847, 0.2168356478214264, 0.18700037896633148, 0.18521173298358917], "PM25": [7.48566586863432e-14, 1.1257121970698059e-11, 2.1084340870447527e-11, 7.526399503632319e-10, 2.0335120254344474e-08, 1.212206711898034e-06, 4.499177521211095e-05, 0.00014404446119442582, 5.974033683742164e-06, 5.63412811516173e-07, 6.501614358001007e-09, 3.8165431703873764e-08, 1.4531848613330567e-08, 3.173071050355247e-08, 4.466162906169302e-08, 8.522179086867254e-06, 1.8701184671954252e-06, 5.535374043574848e-07, 1.4364577971548442e-08, 6.275574833125575e-07, 7.463584665856615e-07, 5.276486376715184e-07, 4.729354259325191e-06, 0.00013953754387330264]}