{"CO": [2.126704657712253e-06, 1.504649299022276e-05, 0.03962284326553345, 0.026792826130986214, 0.002188530284911394, 0.004088190384209156, 0.004666380118578672, 0.0043151178397238255, 0.1477651745080948, 1.1996097564697266, 1.0040781497955322, 1.3382161855697632, 1.0696337223052979, 2.0598864555358887, 2.9552934169769287, 3.1270270347595215, 5.34600830078125, 5.764479637145996, 5.554940223693848, 5.664618015289307, 6.402435302734375, 6.322772026062012, 6.7974748611450195, 6.870539665222168], "NO2": [5.7707868108991534e-05, 0.00013216040679253638, 0.09443822503089905, 0.3577047288417816, 0.1390276551246643, 0.2678408622741699, 0.1896338164806366, 0.192570760846138, 0.1680566370487213, 0.3058616518974304, 0.6452082991600037, 0.7916387915611267, 1.1795456409454346, 1.572590947151184, 1.1395890712738037, 1.4474188089370728, 0.7606385946273804, 0.5918275117874146, 0.4647786021232605, 0.5614884495735168, 1.2727057933807373, 0.7661733627319336, 0.4558606743812561, 0.5249294638633728], "SO2": [3.8167266656202736e-13, 3.816703355273565e-13, 1.289076068111683e-10, 1.4039778888086385e-11, 3.816729918226791e-13, 1.3966471208715081e-11, 2.886322084116877e-11, 3.023441740024335e-12, 3.1532593376681906e-12, 7.177725791507328e-08, 1.417381213286717e-06, 6.42418385154997e-08, 3.253400677749596e-07, 2.133078425003987e-07, 9.667426184023498e-07, 6.447263700692929e-08, 7.330321750487201e-06, 0.0023115307558327913, 0.002136841183528304, 7.06859864294529e-05, 0.0001767010398907587, 5.096179620522889e-07, 0.00021025176101829857, 0.16077372431755066], "O3": [0.0003741555556189269, 0.0018180044135078788, 1.6219887733459473, 2.5752437114715576, 0.12999415397644043, 0.0489443764090538, 0.017135562375187874, 0.007453668396919966, 1.2422549724578857, 5.937051296234131, 8.484013557434082, 8.934066772460938, 6.73913049697876, 10.979920387268066, 15.586820602416992, 13.572726249694824, 27.71784782409668, 32.898555755615234, 35.913330078125, 36.33230972290039, 29.19473648071289, 28.025413513183594, 30.887283325195312, 31.329084396362305], "PM10": [0.0024520575534552336, 0.0025261102709919214, 0.008974403142929077, 0.00759222311899066, 0.004810207057744265, 0.007241371553391218, 0.004925111774355173, 0.0062654996290802956, 0.006816754583269358, 0.036943450570106506, 0.031200191006064415, 0.03763355314731598, 0.028967486694455147, 0.06462537497282028, 0.0957501158118248, 0.19576382637023926, 0.26332607865333557, 0.23095880448818207, 0.20679166913032532, 0.22791141271591187, 0.1990099400281906, 0.2118469476699829, 0.2632262408733368, 0.20042216777801514], "PM25": [1.1359811642022618e-16, 1.1719191839674857e-16, 3.8194303275673747e-10, 2.390946773900282e-09, 5.1327453398641865e-09, 2.0607728856703034e-09, 3.014761995601134e-09, 1.6023719018321003e-09, 1.0274499029350181e-09, 1.918691872049294e-10, 4.043639734163662e-08, 6.904588758516184e-07, 1.6983852901830687e-06, 8.568527505303791e-07, 5.324187668520608e-07, 0.010358458384871483, 0.015451779589056969, 0.0027613507118076086, 9.829733608057722e-05, 2.122523801517673e-05, 1.2317021855778876e-06, 0.00044107032590545714, 0.0010211060289293528, 0.0011173869716003537]}