{"CO": [3.17102785629686e-05, 0.0007712846854701638, 0.006807208992540836, 0.0016035404987633228, 0.00790424458682537, 0.006850182544440031, 0.011692782863974571, 0.014639122411608696, 0.022229019552469254, 0.25443214178085327, 1.6983100175857544, 2.6588072776794434, 2.8913748264312744, 2.9015049934387207, 3.8007102012634277, 5.145715713500977, 5.467026233673096, 6.021906852722168, 6.340753555297852, 6.277675628662109, 6.208918571472168, 6.6453351974487305, 6.522851943969727, 6.798517227172852], "NO2": [0.002034736331552267, 0.01851424016058445, 0.0952288955450058, 0.1268342137336731, 0.32263121008872986, 0.33568984270095825, 0.6152442693710327, 0.9127880930900574, 0.23597532510757446, 0.45888009667396545, 0.1584894061088562, 0.5696269869804382, 0.6455752849578857, 3.002655506134033, 1.5638809204101562, 1.8771493434906006, 1.2896912097930908, 0.7689695954322815, 0.3018110990524292, 0.5524836778640747, 1.4741995334625244, 1.2276651859283447, 1.779778242111206, 3.479513168334961], "SO2": [3.8167174499018075e-13, 4.535503103728772e-13, 3.816579756225902e-13, 3.319307328997212e-10, 3.816733983984938e-13, 1.6651914569454362e-10, 8.849090622591038e-13, 7.370946734919226e-12, 2.983712477089284e-07, 0.0003252127789892256, 0.0017587305046617985, 0.0002909598115365952, 1.8940307882076013e-06, 4.897727308161848e-07, 1.5822221257622004e-06, 2.4733067220950034e-06, 1.239788389284513e-06, 7.062335498631e-05, 0.0018442057771608233, 0.0010606521973386407, 9.537521350466704e-08, 0.058299675583839417, 0.026643825694918633, 0.10653070360422134], "O3": [0.009110216982662678, 0.17501989006996155, 0.4916767477989197, 0.04800327867269516, 0.05283741280436516, 0.0028568273410201073, 0.03620634600520134, 0.0017846174305304885, 1.3824187517166138, 3.0452804565429688, 12.82652473449707, 17.008974075317383, 17.85143280029297, 11.033409118652344, 18.92031478881836, 19.27497100830078, 24.144779205322266, 30.526836395263672, 40.246742248535156, 40.79921340942383, 31.49489402770996, 26.90009307861328, 25.721216201782227, 21.249027252197266], "PM10": [0.003783679101616144, 0.005433416459709406, 0.024999409914016724, 0.04840072989463806, 0.025049470365047455, 0.02467966265976429, 0.021473903208971024, 0.017901882529258728, 0.016987401992082596, 0.023886701092123985, 0.045958805829286575, 0.09854861348867416, 0.12084981799125671, 0.10463257879018784, 0.13668939471244812, 0.18313677608966827, 0.18477845191955566, 0.21769499778747559, 0.26224732398986816, 0.3058120906352997, 0.26286521553993225, 0.22033128142356873, 0.219380185008049, 0.21657289564609528], "PM25": [1.648374592377877e-08, 3.2587973691988736e-05, 0.004584803711622953, 0.011041981168091297, 0.0008160435827448964, 0.0009425057214684784, 0.0006732611218467355, 0.0005344104720279574, 0.0009048862266354263, 0.0011082399869337678, 1.724033063510433e-05, 9.277397111873142e-06, 1.1682014701364096e-05, 1.8607803440318094e-06, 3.059996515730745e-06, 1.2684007515417761e-06, 3.101029051322257e-06, 3.4718832466751337e-06, 2.1026478407293325e-06, 9.142024737229804e-07, 8.021487474252353e-07, 3.9206753399412264e-07, 5.015964779886417e-05, 0.0012641187058761716]}