{"CO": [0.00033575910492800176, 0.006565218325704336, 0.00629885820671916, 0.0059439921751618385, 0.008004195988178253, 0.011815248988568783, 0.011804942041635513, 0.016050534322857857, 0.06780841201543808, 0.15106520056724548, 0.1932007223367691, 0.5824657082557678, 1.4566915035247803, 2.0320122241973877, 2.060009002685547, 2.2225916385650635, 3.3137097358703613, 5.508866786956787, 5.237955570220947, 5.938302993774414, 5.330054759979248, 5.171762943267822, 5.1205010414123535, 5.411447525024414], "NO2": [5.096884706290439e-06, 2.2559062927030027e-05, 0.032145459204912186, 0.772892951965332, 0.7934037446975708, 1.071645736694336, 1.0733416080474854, 1.4454399347305298, 3.4329349994659424, 3.462310791015625, 3.249102830886841, 6.824860095977783, 10.24718952178955, 8.300683975219727, 12.094452857971191, 12.96302604675293, 3.4420087337493896, 0.2318115383386612, 0.28441235423088074, 1.1043678522109985, 8.21966552734375, 22.98398780822754, 20.976276397705078, 18.232141494750977], "SO2": [3.816734526086024e-13, 3.816733983984938e-13, 3.8167331708333085e-13, 4.899107161615568e-12, 4.91202673154334e-13, 3.816734526086024e-13, 1.562794511855703e-11, 9.64145541182404e-10, 7.769213716812828e-09, 8.516465044294819e-08, 9.091020274354378e-07, 1.1190745681233238e-06, 4.980741437066172e-07, 1.8345424734889093e-07, 5.531044955375819e-09, 2.1820568463226664e-07, 0.00012776866788044572, 2.8252679709628303e-11, 7.631393964402378e-05, 0.024432126432657242, 5.4269541578833014e-05, 5.686227814294398e-05, 4.035593065054854e-06, 0.00021322477550711483], "O3": [6.209377716004383e-06, 0.3056526184082031, 0.17684702575206757, 0.06865262985229492, 0.005605444312095642, 7.242664287332445e-05, 5.537392411270048e-08, 0.0006093026604503393, 7.803961753845215, 5.39422607421875, 10.979972839355469, 4.743344783782959, 1.207552194595337, 2.2456870079040527, 0.1537969708442688, 0.047054365277290344, 15.224926948547363, 31.047603607177734, 29.781972885131836, 23.95099449157715, 19.99915313720703, 3.507941961288452, 4.380546569824219, 7.002277851104736], "PM10": [0.006054318975657225, 0.006204631645232439, 0.0060744197107851505, 0.010743587277829647, 0.00964733399450779, 0.008616207167506218, 0.008322157897055149, 0.008474882692098618, 0.008524971082806587, 0.005743164103478193, 0.006946977693587542, 0.017306974157691002, 0.044772353023290634, 0.092233806848526, 0.2422294020652771, 0.1786353886127472, 0.11417023837566376, 0.18437661230564117, 0.16914403438568115, 0.47133198380470276, 0.34104806184768677, 0.33312687277793884, 0.3751917779445648, 0.48914697766304016], "PM25": [9.999999506879345e-17, 1.0000000168623835e-16, 1.0000000168623835e-16, 6.022554543960723e-08, 3.2035035957278524e-08, 2.8844426847030036e-09, 8.292268538490077e-10, 2.5726759611544026e-10, 4.9289575893007864e-11, 9.499026999010285e-13, 1.6158777061629076e-13, 8.061386844518403e-13, 4.7852225654176905e-11, 4.633832162426188e-08, 7.900230514223949e-08, 1.260904923583439e-06, 1.2286333003430627e-05, 3.894810862714593e-11, 1.785745884497203e-09, 7.717917469562963e-06, 5.594893445959315e-05, 0.00012082391185685992, 0.0006899026338942349, 0.0014250075910240412]}