{"CO": [0.00014758968609385192, 0.021849296987056732, 0.02373635396361351, 0.005196947138756514, 0.005247237626463175, 0.009641858749091625, 0.007106437813490629, 0.015428304672241211, 0.03241939842700958, 0.15493561327457428, 0.37155184149742126, 0.5508356690406799, 0.6714093089103699, 1.9033180475234985, 2.8486289978027344, 3.8808891773223877, 5.854542255401611, 6.028295516967773, 4.155303478240967, 5.636600494384766, 6.010432243347168, 6.451564788818359, 6.653529644012451, 6.7869553565979], "NO2": [0.00044656204408966005, 0.01958645135164261, 0.11062126606702805, 0.09237243235111237, 0.2565462291240692, 0.48608866333961487, 0.35731276869773865, 0.8024843335151672, 0.2778615355491638, 0.12015078216791153, 0.1910810023546219, 0.2612678110599518, 1.2039947509765625, 0.6869558095932007, 1.099689245223999, 0.20912939310073853, 0.30402109026908875, 0.27472877502441406, 0.27124685049057007, 1.0043035745620728, 0.44747090339660645, 0.4179491400718689, 0.6277278661727905, 0.467365562915802], "SO2": [0.06463486701250076, 0.04333039000630379, 0.03540439531207085, 0.00013396279246080667, 3.0850236498736194e-07, 0.00022031794651411474, 3.231666050851345e-05, 1.1987024545669556, 1.1002421379089355, 0.9911649823188782, 0.056770455092191696, 6.226240657269955e-05, 4.1068433347390965e-05, 1.1797030197158165e-07, 1.0340114897644526e-07, 0.002912856638431549, 0.008696510456502438, 0.0005703909555450082, 0.0009342153207398951, 3.816734526086024e-13, 8.56788938108366e-06, 9.632966566641699e-07, 0.04608592763543129, 0.1706368625164032], "O3": [0.005361904855817556, 1.0932456254959106, 0.8216582536697388, 0.21599972248077393, 0.027463452890515327, 0.09934903681278229, 0.0043938132002949715, 0.024994051083922386, 2.293672561645508, 5.162013053894043, 6.072709083557129, 6.069638252258301, 4.780920028686523, 12.716985702514648, 14.975919723510742, 18.05595588684082, 31.902692794799805, 35.024192810058594, 29.90606117248535, 31.36636734008789, 29.936460494995117, 26.4820556640625, 30.25368309020996, 31.494579315185547], "PM10": [0.23038114607334137, 0.15702317655086517, 0.3443135619163513, 0.039838988333940506, 0.02554941177368164, 0.05481366440653801, 0.03464807942509651, 4.9969635009765625, 2.906015634536743, 3.5078237056732178, 0.37113502621650696, 0.027321012690663338, 0.03994455188512802, 0.10000762343406677, 0.1190255656838417, 0.1646236777305603, 0.2435626983642578, 0.2595672309398651, 0.24230839312076569, 0.2298533022403717, 0.2503051459789276, 0.25016075372695923, 0.24546784162521362, 0.36958155035972595], "PM25": [0.10004875808954239, 0.016521211713552475, 0.021961195394396782, 0.0005561356665566564, 0.002290732692927122, 0.017222560942173004, 0.0030266514513641596, 0.7689434885978699, 0.9292675852775574, 0.3463955223560333, 0.021452119573950768, 0.0009327066363766789, 0.0015293869655579329, 0.010595573112368584, 0.0017791487043723464, 0.001229486078955233, 0.0014608462806791067, 0.01323769148439169, 0.001156249432824552, 1.9713927031261846e-05, 1.8724975234363228e-05, 7.053363515296951e-05, 0.0010040986817330122, 0.014084642753005028]}