{"CO": [0.00012155431613791734, 0.0005429911543615162, 0.03285398706793785, 0.04540185630321503, 0.031138243153691292, 0.023808447644114494, 0.019506776705384254, 0.01792365498840809, 0.04199530929327011, 2.25009822845459, 3.738401412963867, 2.414618968963623, 2.173537015914917, 4.0093278884887695, 4.4615302085876465, 4.8016357421875, 5.194765090942383, 5.952908039093018, 5.554574489593506, 5.971390247344971, 6.1805620193481445, 6.5939412117004395, 6.725921630859375, 6.768325328826904], "NO2": [0.005857052747160196, 0.029565727338194847, 0.17607982456684113, 0.4684433043003082, 0.9854776859283447, 0.9176738262176514, 0.9621760845184326, 1.1957957744598389, 0.400949627161026, 0.23818537592887878, 0.9135260581970215, 1.33445405960083, 1.5436644554138184, 1.3157075643539429, 1.0920240879058838, 0.864841639995575, 0.5737856030464172, 0.2186128795146942, 0.5195261836051941, 1.037601113319397, 0.8247929215431213, 1.6014950275421143, 0.7784318327903748, 2.5959267616271973], "SO2": [3.816720431457782e-13, 3.8165583432329953e-13, 3.8160390103923747e-13, 3.8166120112405333e-13, 4.631057690107632e-12, 1.856351010409707e-11, 7.620162140176134e-11, 1.7591696988006333e-09, 1.5004079045866092e-07, 0.011148769408464432, 0.000628784648142755, 2.6539895770838484e-05, 3.99581409737948e-07, 3.8167291050751617e-13, 8.497391124073772e-10, 6.547971054260415e-10, 6.96412826073356e-07, 0.0015511594247072935, 0.0005684969946742058, 0.00023452368623111397, 1.0302264854544774e-05, 0.02477695234119892, 0.06294794380664825, 0.10484509915113449], "O3": [0.0328313484787941, 0.14596475660800934, 1.6538503170013428, 2.596567153930664, 0.9088030457496643, 0.5592294335365295, 0.2503353953361511, 0.0363161638379097, 4.283363342285156, 19.036285400390625, 28.241546630859375, 22.25403594970703, 17.80000114440918, 26.87506103515625, 25.796674728393555, 24.414703369140625, 30.60563087463379, 40.6674919128418, 37.96381378173828, 37.09687805175781, 35.26100540161133, 30.35537338256836, 25.033479690551758, 23.259231567382812], "PM10": [0.005985501687973738, 0.006788683123886585, 0.008566278964281082, 0.00815400667488575, 0.009470374323427677, 0.00921118725091219, 0.013729400932788849, 0.8839098215103149, 0.1654348373413086, 0.07996198534965515, 0.14118997752666473, 0.09355667978525162, 0.09342224895954132, 0.1489020586013794, 0.18441960215568542, 0.20432057976722717, 0.18943174183368683, 0.2507766783237457, 0.2306763380765915, 0.25670984387397766, 0.2453949898481369, 0.2503620684146881, 0.279264897108078, 0.66265469789505], "PM25": [5.589897682511946e-06, 2.383935937544379e-09, 1.02484435160477e-07, 4.478779374039732e-07, 9.568708492224687e-08, 7.022263889666647e-05, 0.002385134110227227, 0.3984452188014984, 0.07138169556856155, 0.0002940215345006436, 7.6180896257938e-08, 3.144162405988027e-07, 1.2684113244176842e-06, 2.141298125479807e-07, 2.4857374683051603e-06, 0.0006124920328147709, 0.00014203379396349192, 6.906069756951183e-06, 1.639207584958058e-05, 4.345158686192008e-06, 2.466047817506478e-06, 5.401972885010764e-06, 0.0029972244519740343, 0.02571074850857258]}