{"CO": [0.00028371353982947767, 0.01579197496175766, 0.011001860722899437, 0.005295854061841965, 0.005236538592725992, 0.007843409664928913, 0.009192494675517082, 0.01139458641409874, 0.008585979230701923, 0.17433851957321167, 0.24483929574489594, 1.0810341835021973, 2.195369005203247, 2.211163282394409, 2.064805507659912, 2.0261974334716797, 2.2957210540771484, 3.0988898277282715, 5.075118541717529, 5.143060684204102, 5.219664573669434, 5.285760879516602, 5.719423294067383, 5.715246200561523], "NO2": [0.013763430528342724, 0.5787537693977356, 0.6547183394432068, 0.8320650458335876, 0.7117955088615417, 0.6395590305328369, 0.8317809104919434, 1.0702065229415894, 0.7096654176712036, 2.4626405239105225, 2.0841665267944336, 2.0766375064849854, 3.093904733657837, 8.576947212219238, 8.14846420288086, 10.75854778289795, 6.1784586906433105, 2.207146406173706, 1.5488872528076172, 2.1343703269958496, 6.162047386169434, 8.981058120727539, 11.482434272766113, 9.866903305053711], "SO2": [3.8166879053926073e-13, 3.816703355273565e-13, 3.816734526086024e-13, 3.816734526086024e-13, 3.816734526086024e-13, 3.0384657463689013e-12, 2.834127550699339e-11, 1.449726227953363e-09, 3.7105891692590376e-08, 3.816734526086024e-13, 3.816734526086024e-13, 3.816734526086024e-13, 8.570781417915896e-09, 3.816734526086024e-13, 5.8594803675759977e-08, 3.1741419093123113e-07, 2.409392720892356e-07, 8.653776029099447e-10, 3.8167347971365673e-13, 3.816734526086024e-13, 5.976737156743184e-05, 7.181830005720258e-05, 0.004361375700682402, 0.0005860730889253318], "O3": [0.08909197151660919, 1.8166931867599487, 0.9315956830978394, 0.032597094774246216, 0.003388670040294528, 0.013352789916098118, 0.0015764408744871616, 0.004067390691488981, 1.5121972560882568, 8.936874389648438, 7.925816059112549, 8.348820686340332, 8.663880348205566, 2.919034957885742, 2.2196686267852783, 0.22138012945652008, 5.846185207366943, 21.305442810058594, 26.99170684814453, 31.09123420715332, 23.752756118774414, 17.960750579833984, 19.00576400756836, 19.059547424316406], "PM10": [0.0027413552161306143, 0.007791046053171158, 0.007921946235001087, 0.00783495046198368, 0.007837758399546146, 0.008373728021979332, 0.0083098029717803, 0.008127696812152863, 0.008837844245135784, 0.0068187592551112175, 0.006535556633025408, 0.0347471609711647, 0.06927386671304703, 0.06464817374944687, 0.05970466881990433, 0.06204590946435928, 0.08776155859231949, 0.08662001043558121, 0.15241825580596924, 0.2124062180519104, 0.19032500684261322, 0.2121952772140503, 0.2542557418346405, 0.3338267505168915], "PM25": [1.0019331710411445e-16, 1.0000041858526708e-16, 1.2122261732048676e-16, 3.81000286875377e-10, 5.84884585208556e-09, 6.460063595170595e-09, 4.197724390309077e-09, 5.671135783202885e-10, 8.885742142084041e-11, 8.478947578771656e-12, 3.698925280654075e-12, 1.2763018072958765e-11, 6.22662810201291e-10, 2.964902101609823e-08, 4.6144495513544825e-07, 4.576160426950082e-05, 0.0008559938287362456, 0.00011752374848583713, 1.3444018804875668e-06, 2.6329134925617836e-06, 4.9811191274784505e-05, 0.00010713241499615833, 0.0005957381799817085, 0.0010526023106649518]}