{"CO": [0.0018314465414732695, 0.004492379259318113, 0.00527212955057621, 0.006364446133375168, 0.005939204711467028, 0.009792676195502281, 0.010433129966259003, 0.014925513416528702, 0.026650644838809967, 0.16112253069877625, 0.1845216453075409, 0.9940731525421143, 2.043196201324463, 2.01503849029541, 1.9815515279769897, 2.0652263164520264, 2.423980951309204, 3.9182260036468506, 4.727455139160156, 5.2784857749938965, 5.337374687194824, 5.238054275512695, 5.295359134674072, 5.320956707000732], "NO2": [0.1443769335746765, 0.14497295022010803, 0.2971629202365875, 0.9489300847053528, 0.8392717838287354, 0.8381542563438416, 0.9473095536231995, 1.3584333658218384, 1.6764345169067383, 2.689915180206299, 3.036839485168457, 3.768739700317383, 10.922113418579102, 11.216591835021973, 11.496479034423828, 12.013465881347656, 5.963264465332031, 1.4264497756958008, 1.1634002923965454, 4.078480243682861, 8.947507858276367, 12.688151359558105, 16.65822410583496, 17.059921264648438], "SO2": [3.8166008981682653e-13, 3.816686821190435e-13, 3.816707421031712e-13, 4.682604672935631e-13, 3.816734526086024e-13, 3.816734526086024e-13, 1.0521095279714121e-11, 5.214559339883351e-10, 3.7414285003478653e-08, 4.028484923424003e-08, 3.1529097554994223e-07, 2.6306057065994537e-07, 2.9146428914827993e-07, 7.021848347221749e-08, 1.2359316770016449e-06, 2.044766915787477e-06, 5.643979648084496e-07, 1.2968214002651024e-10, 9.78240859694779e-06, 0.001963205635547638, 0.0003617554611992091, 0.0001304523175349459, 0.0002819543587975204, 0.00015734322369098663], "O3": [0.654312789440155, 0.4964498281478882, 0.21649226546287537, 0.14190050959587097, 0.007596842013299465, 3.7323821743484586e-05, 0.00013154667976778, 0.002106820698827505, 2.8102855682373047, 6.693273544311523, 9.702975273132324, 7.234723091125488, 1.4477763175964355, 0.6345446705818176, 0.038012441247701645, 0.12900753319263458, 6.4987592697143555, 21.450546264648438, 26.757732391357422, 21.890199661254883, 19.461637496948242, 17.896394729614258, 13.600729942321777, 8.136387825012207], "PM10": [0.007082764524966478, 0.007367363665252924, 0.0072202421724796295, 0.008166031911969185, 0.008294095285236835, 0.00850498303771019, 0.008346318267285824, 0.008262674324214458, 0.008706008084118366, 0.00570661760866642, 0.005752492696046829, 0.03238126263022423, 0.06225014850497246, 0.05842610448598862, 0.05974433943629265, 0.1285008192062378, 0.07505560666322708, 0.1191742941737175, 0.1402405947446823, 0.17801286280155182, 0.23888914287090302, 0.313487708568573, 0.2256241738796234, 0.4034478962421417], "PM25": [9.999999506879345e-17, 1.0000000168623835e-16, 1.0000000830368325e-16, 4.343420900720929e-10, 1.3321660219389742e-08, 1.064825649876866e-08, 4.262602715243702e-09, 5.038531258882983e-10, 4.0214383906223006e-11, 2.0232077731913156e-12, 3.625737676673374e-13, 4.1744446441227545e-12, 3.9884082148056166e-10, 1.051260909434859e-07, 2.874595566026983e-07, 5.369439350033645e-06, 8.355363388545811e-05, 8.999143119581277e-07, 5.520034846995259e-07, 6.324698006210383e-06, 4.9595735617913306e-05, 0.0001086924021365121, 0.00039174361154437065, 0.0007700290298089385]}