{"CO": [6.73094234571181e-07, 0.00016936019528657198, 0.04372334107756615, 0.021225720643997192, 0.03062567301094532, 0.007101728580892086, 0.011769701726734638, 0.034669164568185806, 0.28090009093284607, 0.3470112979412079, 2.260227680206299, 2.48742413520813, 2.2653560638427734, 3.9795658588409424, 5.5504937171936035, 6.125110149383545, 6.447170257568359, 5.689139366149902, 6.246261119842529, 6.14267110824585, 6.455565452575684, 6.844142436981201, 6.892675399780273, 6.915704727172852], "NO2": [6.907413080625702e-06, 0.0005347678670659661, 0.21312835812568665, 0.20217987895011902, 0.8483262062072754, 0.23565109074115753, 0.20542261004447937, 0.3454733192920685, 0.06742671877145767, 1.0242856740951538, 0.3704749345779419, 0.31272172927856445, 1.2357321977615356, 0.9082799553871155, 0.9946215152740479, 0.7080166339874268, 0.6345980167388916, 0.8069742321968079, 0.592632532119751, 0.6990547776222229, 0.8951225280761719, 0.3141476809978485, 0.4628393352031708, 0.6200487017631531], "SO2": [3.816733712934395e-13, 3.8166683897535025e-13, 3.816734526086024e-13, 3.816734526086024e-13, 3.816734526086024e-13, 1.6018179838095392e-10, 2.317801728324298e-09, 1.463387775402225e-07, 3.024526809558559e-11, 2.776028225071059e-07, 1.6393412806792185e-05, 2.596500792151346e-10, 3.816734526086024e-13, 3.816734526086024e-13, 3.816734526086024e-13, 3.816734526086024e-13, 3.053671093766752e-09, 3.1051438753593175e-08, 3.438821295276284e-05, 3.816734526086024e-13, 3.816734526086024e-13, 3.816734526086024e-13, 0.25700804591178894, 0.2685142755508423], "O3": [5.591183071373962e-05, 0.013942001387476921, 1.4580036401748657, 0.9940721988677979, 1.102612018585205, 0.27992716431617737, 0.08998159319162369, 0.13124650716781616, 1.525660514831543, 2.478680372238159, 18.299985885620117, 18.903074264526367, 16.67000961303711, 26.518640518188477, 30.032258987426758, 32.58279800415039, 33.31645202636719, 34.36548614501953, 35.776397705078125, 35.024070739746094, 35.90416717529297, 36.70194625854492, 36.582881927490234, 37.041831970214844], "PM10": [0.0023960862308740616, 0.00265037571080029, 0.007086064200848341, 0.007695199456065893, 0.007448703516274691, 0.01797153800725937, 0.038998957723379135, 0.06849158555269241, 0.01186784915626049, 0.02286691777408123, 0.07794595509767532, 0.08703377842903137, 0.07829649746417999, 0.12306913733482361, 0.21413908898830414, 0.2551771104335785, 0.23376481235027313, 0.22677472233772278, 0.2099492847919464, 0.19696655869483948, 0.21517065167427063, 0.27586299180984497, 0.20286943018436432, 0.2154851108789444], "PM25": [7.244730682032241e-07, 8.823963071336038e-06, 0.00012214353773742914, 1.864534970863474e-09, 3.6736307151841174e-07, 0.004649994894862175, 0.014485425315797329, 0.03185287117958069, 1.3996339021105086e-06, 0.002950115595012903, 1.6921090946198092e-06, 1.4841947631794028e-05, 0.0015108330408111215, 4.0854389226296917e-05, 0.009760048240423203, 0.011325257830321789, 0.0010021125199273229, 3.202391596346388e-08, 1.2058297215844505e-05, 5.501667601492954e-06, 8.563453593524173e-05, 3.3644485029071802e-06, 0.0026541301049292088, 0.005445054732263088]}