{"CO": [1.2822981716453796e-06, 0.0015903025632724166, 0.006174929905682802, 0.014309149235486984, 0.003965656738728285, 0.003002907382324338, 0.009333421476185322, 0.0910019502043724, 0.37315303087234497, 0.6922305226325989, 0.7747878432273865, 0.5144220590591431, 1.1784634590148926, 2.6269047260284424, 2.4973626136779785, 4.089384078979492, 6.190598487854004, 6.287703514099121, 5.358094692230225, 5.671354293823242, 5.947024822235107, 6.378195762634277, 6.853513717651367, 6.807763576507568], "NO2": [2.3917878934298642e-05, 0.0038809524849057198, 0.00948266126215458, 0.2488863319158554, 0.37085655331611633, 0.20453007519245148, 0.09752440452575684, 0.33708077669143677, 0.14167247712612152, 0.8753674030303955, 0.2526863217353821, 1.3580595254898071, 1.0316390991210938, 1.5838652849197388, 1.178657054901123, 1.229709506034851, 0.4039592444896698, 0.6391168236732483, 0.6843904852867126, 1.1416747570037842, 1.4063282012939453, 1.3517208099365234, 0.5598260164260864, 1.3476216793060303], "SO2": [3.81673154453005e-13, 3.8162105853861705e-13, 3.816191882898695e-13, 6.087772064233832e-09, 7.840331031974679e-13, 1.2118947267936164e-07, 1.131913356447467e-12, 7.174453739433595e-12, 6.325592133427094e-11, 1.5635279851267114e-05, 2.682249145014026e-10, 4.2352053242211696e-06, 4.338348844612483e-07, 6.766698561477824e-07, 4.263721375963314e-09, 2.223392026046156e-10, 8.115172931866255e-06, 0.00010647390445228666, 0.00017208092322107404, 2.9133773296052823e-06, 1.0006967386289034e-05, 1.0345691947577507e-07, 0.005847644060850143, 0.03259642422199249], "O3": [0.000146728620165959, 0.09995899349451065, 0.263674795627594, 0.9743005633354187, 0.17594552040100098, 0.022488215938210487, 0.031939633190631866, 0.11645785719156265, 1.831079363822937, 4.2216877937316895, 5.82452917098999, 5.759610652923584, 7.795468330383301, 13.259392738342285, 13.336481094360352, 19.689340591430664, 33.156131744384766, 32.2057991027832, 33.175621032714844, 32.76475143432617, 28.15757179260254, 28.108983993530273, 35.845672607421875, 32.4315071105957], "PM10": [0.0024959382135421038, 0.0056619043461978436, 0.010256465524435043, 0.012648293748497963, 0.007790206931531429, 0.008408228866755962, 0.005204589571803808, 0.004846061114221811, 0.013105531223118305, 0.024420717731118202, 0.015907520428299904, 0.012469864450395107, 0.03431963175535202, 0.08896779268980026, 0.07923953980207443, 0.13743863999843597, 0.22511707246303558, 0.21427643299102783, 0.19165915250778198, 0.18366816639900208, 0.20782703161239624, 0.21470525860786438, 0.27066779136657715, 0.23555168509483337], "PM25": [1.1731225001481788e-16, 3.0436911349721605e-16, 5.845533779247347e-11, 1.4709488027619955e-07, 4.925688301682385e-09, 1.619850991119165e-07, 1.706784402699668e-08, 3.281913052433083e-08, 6.379246997312293e-08, 1.2137686098867562e-05, 3.971562819060637e-06, 1.5883363175817067e-06, 6.841660251666326e-06, 2.3556535779789556e-06, 2.8548924092319794e-05, 0.0002282570203533396, 0.0026390044949948788, 0.000406205712351948, 2.8786244001821615e-06, 1.2923955239330098e-09, 2.4408207536907867e-05, 2.0916641005896963e-05, 0.0007710953941568732, 0.00030216528102755547]}