{"CO": [6.372824827849399e-07, 0.0021229723934084177, 0.0034801517613232136, 0.010169275104999542, 0.0035929500591009855, 0.003352214116603136, 0.015957782045006752, 0.1725231409072876, 0.6584349870681763, 0.5107068419456482, 0.4099145233631134, 0.46350398659706116, 1.7135555744171143, 3.2694449424743652, 3.696465253829956, 5.20982027053833, 5.958497047424316, 6.362085342407227, 6.11324405670166, 5.648569583892822, 6.236194610595703, 6.453056335449219, 6.740352153778076, 6.821072578430176], "NO2": [5.630094619846204e-06, 0.003658549627289176, 0.007379519287496805, 0.19233621656894684, 0.31864476203918457, 0.2185412496328354, 0.08909108489751816, 0.5025231242179871, 0.18893161416053772, 1.9935511350631714, 0.3832852244377136, 1.5949221849441528, 1.6729252338409424, 0.891602098941803, 2.332806348800659, 1.1741653680801392, 0.9250818490982056, 0.48119252920150757, 1.3007689714431763, 1.7118619680404663, 1.6134124994277954, 1.587390422821045, 0.9532136917114258, 1.4427533149719238], "SO2": [3.816733712934395e-13, 3.8161902565954364e-13, 2.995168349451127e-11, 2.944666732673795e-09, 4.322073027165224e-13, 5.831540761391807e-08, 3.816734526086024e-13, 7.914520276132431e-13, 3.8166120112405333e-13, 1.7119123185693752e-06, 4.254775698431246e-11, 4.91813837918964e-13, 1.033634777769521e-08, 1.6863553753410088e-07, 3.816734526086024e-13, 4.370089793509502e-12, 4.551945931297041e-09, 3.643866458569178e-11, 4.193876065983204e-06, 3.2043537885328988e-06, 2.924777504631493e-07, 4.9643325894521695e-08, 0.0012273957254365087, 0.016068391501903534], "O3": [2.9606966563733295e-05, 0.1143595278263092, 0.14801692962646484, 0.5986595153808594, 0.14044953882694244, 0.02464885078370571, 0.057824309915304184, 0.31348517537117004, 2.842893123626709, 1.8922375440597534, 3.463879108428955, 6.432875156402588, 10.970566749572754, 21.092145919799805, 18.661884307861328, 26.081249237060547, 30.67616081237793, 33.92779541015625, 31.604352951049805, 32.27833557128906, 28.528661727905273, 29.503883361816406, 31.513273239135742, 34.8620719909668], "PM10": [0.0024290867149829865, 0.0068169767037034035, 0.011938425712287426, 0.012712816707789898, 0.007663996424525976, 0.008345707319676876, 0.005014348775148392, 0.00715935742482543, 0.02071426436305046, 0.020306481048464775, 0.009687303565442562, 0.009722534567117691, 0.051002223044633865, 0.11359549313783646, 0.09620149433612823, 0.1749124526977539, 0.20798781514167786, 0.21350924670696259, 0.18714481592178345, 0.17355147004127502, 0.1952824890613556, 0.21123428642749786, 0.26859837770462036, 0.24432328343391418], "PM25": [1.173594323969579e-16, 1.2721111378779506e-16, 1.498426271950848e-08, 1.9370480686120572e-07, 4.541539588842625e-09, 1.7205688607191405e-07, 8.008382401669678e-09, 6.959199083667045e-08, 1.9234852288718685e-07, 4.395526775624603e-05, 1.0841560651897453e-05, 2.503188056834915e-07, 9.46884142649651e-07, 2.1416452966604993e-07, 1.7458670527048525e-06, 1.8231625290354714e-05, 0.0009852831717580557, 3.324033270857285e-10, 6.7067194322589785e-06, 2.9394120701908832e-06, 3.3966255159612047e-06, 4.344199169281637e-06, 0.001856106799095869, 0.00030691560823470354]}