{"CO": [3.715363391165738e-06, 0.0008608109201304615, 0.0016770053189247847, 0.021827874705195427, 0.008444953709840775, 0.0043845223262906075, 0.004873750731348991, 0.05137781426310539, 0.21606118977069855, 0.544952929019928, 0.4660521447658539, 1.013427495956421, 1.1728194952011108, 1.9639703035354614, 3.848630666732788, 4.601898670196533, 5.617647647857666, 6.618137836456299, 5.130436897277832, 5.682377815246582, 5.9604010581970215, 6.683865547180176, 6.6225666999816895, 6.8002400398254395], "NO2": [4.023673682240769e-05, 0.0032064581755548716, 0.008357812650501728, 0.21243338286876678, 0.3807668089866638, 0.43913766741752625, 0.21056264638900757, 0.13863681256771088, 0.0858362540602684, 0.17719976603984833, 0.06863058358430862, 0.7348896265029907, 0.7973670959472656, 1.073961853981018, 0.8275895118713379, 0.4297225773334503, 0.5237023830413818, 0.1709347814321518, 0.13984496891498566, 0.37718889117240906, 0.5005667209625244, 0.3709203898906708, 0.6257678270339966, 0.35520270466804504], "SO2": [7.162164547480643e-05, 9.38755517765344e-10, 0.00016482437786180526, 7.101898063410772e-06, 1.7163089069072157e-05, 0.005349994637072086, 0.016360903158783913, 0.13826537132263184, 0.025338705629110336, 0.002514078514650464, 1.238070399267599e-05, 1.1502298548293766e-05, 2.2245721993385814e-06, 9.098953341890592e-06, 3.816733983984938e-13, 0.0004229261539876461, 2.5977172413149674e-07, 2.4931748612289084e-06, 0.0006718548247590661, 0.0002592977834865451, 6.776921038231798e-12, 1.454136082656987e-07, 3.816734526086024e-13, 0.05069165676832199], "O3": [0.0005222114850766957, 0.1017126813530922, 0.09867428243160248, 0.8686001896858215, 0.6336652040481567, 0.09343720227479935, 0.02886148728430271, 0.1849513053894043, 1.13816499710083, 2.801136016845703, 5.23092794418335, 6.60535192489624, 8.16401195526123, 12.363962173461914, 19.862831115722656, 22.855852127075195, 30.41745376586914, 36.84474182128906, 37.669471740722656, 34.31721878051758, 30.647186279296875, 35.02490234375, 30.662944793701172, 33.00278854370117], "PM10": [0.002933697309345007, 0.004220649600028992, 0.00761683564633131, 0.015003939159214497, 0.00799117237329483, 0.1854901760816574, 0.5706483125686646, 0.7865479588508606, 0.17155371606349945, 0.05721302330493927, 0.022783547639846802, 0.037677865475416183, 0.03811736777424812, 0.0750642716884613, 0.19570280611515045, 0.40529587864875793, 0.3552318811416626, 0.28528982400894165, 0.23154087364673615, 0.2537180781364441, 0.22124119102954865, 0.2723379135131836, 0.48819154500961304, 0.324015349149704], "PM25": [0.00010379731247667223, 4.751685537485173e-06, 0.00015929089568089694, 7.67438668169973e-10, 3.273481297583203e-06, 0.04139232635498047, 0.029224509373307228, 0.13907606899738312, 0.054190199822187424, 0.008508725091814995, 9.652000881033018e-05, 0.00012352701742202044, 3.678556822706014e-05, 0.004336568992584944, 0.01052254717797041, 5.198702183406567e-06, 0.023220326751470566, 0.022379107773303986, 0.00040673650801181793, 0.0076706744730472565, 6.5309181991324294e-06, 0.006613903678953648, 0.05897175148129463, 0.006049544084817171]}