{"CO": [0.003781391540542245, 0.013719137758016586, 0.008588729426264763, 0.007996019907295704, 0.012117190286517143, 0.011524378322064877, 0.009162772446870804, 0.010455770418047905, 0.07614840567111969, 0.06653113663196564, 0.31092754006385803, 0.6291083097457886, 1.1744619607925415, 2.0004472732543945, 2.2464468479156494, 2.2754335403442383, 2.696040630340576, 4.945464611053467, 5.685009956359863, 5.749588966369629, 5.205491065979004, 5.1908111572265625, 5.136706352233887, 5.429952621459961], "NO2": [0.19781459867954254, 0.11708984524011612, 0.3622835576534271, 0.6817754507064819, 1.0084022283554077, 1.0198228359222412, 0.7815621495246887, 0.9496781229972839, 3.4477221965789795, 1.8613735437393188, 5.5610785484313965, 10.16454029083252, 11.20029067993164, 11.072324752807617, 12.06520938873291, 12.025102615356445, 6.162708759307861, 1.0561352968215942, 1.5876942873001099, 3.3916382789611816, 10.895608901977539, 21.04167366027832, 16.982160568237305, 20.569562911987305], "SO2": [3.8165458749080117e-13, 3.816643182052992e-13, 3.8167196183061525e-13, 6.745631071954084e-13, 3.9451056896115666e-13, 3.936062088240322e-13, 1.2250502001709407e-10, 4.053262614434061e-09, 6.552375531043708e-09, 6.681865016844313e-08, 4.840195515498635e-07, 2.269808341281987e-09, 3.4443360164004844e-07, 3.816734526086024e-13, 5.041191464272288e-09, 4.138101772355185e-08, 2.049088288913481e-05, 2.4347122096202156e-09, 3.0359030915860785e-06, 0.00013315575779415667, 3.559923698048806e-06, 2.8097558697481873e-06, 3.7937556953693274e-06, 0.00018151322728954256], "O3": [1.2296961545944214, 1.16718327999115, 0.18118266761302948, 0.01647140085697174, 1.5019281818240415e-05, 0.00031323276925832033, 1.4920809121576895e-07, 0.00041304994374513626, 8.371575355529785, 1.3927937746047974, 6.047996997833252, 1.261875033378601, 0.225691020488739, 0.8115330934524536, 0.06726867705583572, 0.16597989201545715, 7.806083679199219, 26.880462646484375, 29.88043785095215, 24.04826545715332, 17.144561767578125, 4.784521102905273, 11.597501754760742, 6.4741010665893555], "PM10": [0.008419892750680447, 0.00740274041891098, 0.006527385674417019, 0.010562282055616379, 0.00992150790989399, 0.00830958504229784, 0.008213281631469727, 0.008202873170375824, 0.008250057697296143, 0.006409032735973597, 0.008153933100402355, 0.017229149118065834, 0.034641608595848083, 0.07182180881500244, 0.10071030259132385, 0.11132578551769257, 0.09989671409130096, 0.1533048450946808, 0.20325788855552673, 0.284305602312088, 0.23016387224197388, 0.32547837495803833, 0.3211270272731781, 0.4491298198699951], "PM25": [1.0000000168623835e-16, 1.0000000830368325e-16, 9.999999506879345e-17, 3.122561054169637e-08, 2.0452356253031212e-08, 1.6869601271451984e-09, 3.461264885817883e-10, 2.4097215889362644e-10, 2.8222939610356157e-11, 2.7833842002056297e-12, 5.282671544128148e-13, 9.523074603196013e-13, 4.0772168627412064e-12, 2.981044522343268e-09, 2.4340941706668673e-08, 1.837758463807404e-05, 7.565051055280492e-05, 6.844640211056685e-06, 9.31024806050118e-06, 4.763686774822418e-06, 0.00012648275878746063, 0.0003826777101494372, 0.0011243504704907537, 0.0024374837521463633]}