{"CO": [2.4524779291823506e-06, 0.025675024837255478, 0.08455850929021835, 0.013689497485756874, 0.004731771070510149, 0.005948393139988184, 0.0026116115041077137, 0.005175275728106499, 0.012602982111275196, 0.6924340724945068, 0.7677726745605469, 1.0280650854110718, 1.466166377067566, 1.7474746704101562, 1.6839287281036377, 3.9685592651367188, 5.840524196624756, 6.672474384307861, 5.322060585021973, 5.215881824493408, 5.556711673736572, 6.01829719543457, 6.788933753967285, 6.871747970581055], "NO2": [3.413150625419803e-05, 0.09309656172990799, 0.2900451421737671, 0.6352615356445312, 0.42241570353507996, 0.46636536717414856, 0.14192983508110046, 0.33461567759513855, 0.21456104516983032, 1.73306143283844, 1.1768110990524292, 1.9275470972061157, 2.1161563396453857, 3.6597249507904053, 4.709238529205322, 1.8768631219863892, 0.44791680574417114, 0.2324700951576233, 0.16670547425746918, 2.502136468887329, 1.4667556285858154, 0.9764047265052795, 0.5424137115478516, 0.5553423166275024], "SO2": [3.816732357681679e-13, 3.8154711595045354e-13, 3.8159533584207483e-13, 3.816680858078486e-13, 3.81673154453005e-13, 7.412206157013379e-13, 3.9936526308181897e-11, 4.582364761078483e-13, 4.691318514216114e-12, 2.8766439896799056e-08, 4.018744430116239e-13, 3.816726936670817e-13, 3.816730189277334e-13, 3.909810029987387e-13, 3.163076200962678e-08, 8.590015809772922e-09, 3.886705997047102e-07, 4.850875120609999e-05, 1.5863981388974935e-05, 5.312793405209959e-07, 3.2721427487558685e-06, 3.511395263444683e-08, 8.951345989771653e-06, 0.08422128111124039], "O3": [0.0002364457177463919, 1.7352879047393799, 5.659830570220947, 1.854010820388794, 0.10797376930713654, 0.028314244002103806, 0.016826322302222252, 0.0035788516979664564, 0.33955803513526917, 5.464688777923584, 5.243361949920654, 7.769289493560791, 7.210988521575928, 5.200608730316162, 3.821127414703369, 18.527936935424805, 31.79983139038086, 37.910987854003906, 40.4161262512207, 30.504894256591797, 28.491416931152344, 31.227407455444336, 34.55841064453125, 35.51740646362305], "PM10": [0.0024316676426678896, 0.0077409143559634686, 0.007249773945659399, 0.012991911731660366, 0.008129480294883251, 0.011850104667246342, 0.005539858713746071, 0.013005474582314491, 0.007798044476658106, 0.020935634151101112, 0.024344103410840034, 0.03171607106924057, 0.045545801520347595, 0.06095147505402565, 0.05980009585618973, 0.48140251636505127, 0.30883750319480896, 0.2643152177333832, 0.2298016995191574, 0.18502990901470184, 0.20466016232967377, 0.29441380500793457, 0.28737688064575195, 0.259610116481781], "PM25": [1.0951189713377343e-16, 1.0984566781966102e-16, 2.712171439141892e-16, 5.946558245817357e-10, 2.8420414910357295e-09, 6.758460457945148e-09, 1.0177487741458435e-09, 2.145814637088961e-09, 9.68743751883494e-10, 5.812514358716214e-11, 1.2244648871229113e-11, 1.0537181370506854e-11, 3.933305417480604e-11, 6.13259043547032e-09, 7.028354048088659e-06, 0.027269700542092323, 0.005410871468484402, 0.007250024005770683, 0.00045209520612843335, 7.023881153145339e-06, 0.00011798023479059339, 0.006806764751672745, 0.0010852798586711287, 0.0012112074764445424]}