{"CO": [0.0008516022353433073, 0.006418661680072546, 0.005156210158020258, 0.00422447407618165, 0.007371476851403713, 0.011431635357439518, 0.011464478448033333, 0.013101194053888321, 0.029218260198831558, 0.17973080277442932, 0.19471967220306396, 0.4590156376361847, 1.6081236600875854, 2.1427950859069824, 2.182037115097046, 2.154959201812744, 2.3993704319000244, 4.567352771759033, 5.569971561431885, 5.4782538414001465, 5.2978973388671875, 5.131146430969238, 5.2923383712768555, 5.372615337371826], "NO2": [0.06716799736022949, 0.11839704215526581, 0.24872978031635284, 0.4138307571411133, 0.7759009599685669, 0.9422595500946045, 1.0719026327133179, 1.2041951417922974, 2.197850227355957, 4.227818489074707, 4.564506530761719, 7.787614822387695, 10.01028060913086, 11.332673072814941, 11.588861465454102, 11.83936595916748, 8.629669189453125, 1.3811068534851074, 1.3384360074996948, 5.5618486404418945, 14.356668472290039, 27.169506072998047, 19.717206954956055, 22.173917770385742], "SO2": [3.816633695283983e-13, 3.8165919535003423e-13, 3.8167085052338845e-13, 3.8226350253592334e-13, 3.896874955968549e-13, 4.0591480372255406e-13, 4.4548871536154167e-11, 7.993716244492077e-10, 2.3614459720988634e-08, 1.778295732890456e-08, 9.4299863917513e-08, 2.6565535904410353e-07, 2.710132491756667e-07, 1.954473916043753e-08, 6.114633066545139e-08, 3.727080581938935e-07, 8.26840550871566e-06, 5.794391078062233e-10, 2.3035916001390433e-06, 0.0019840088207274675, 0.0002191570238210261, 8.97307472769171e-05, 0.00017645412299316376, 0.0008004592964425683], "O3": [0.2927055358886719, 0.7004379034042358, 0.20705266296863556, 0.1185346469283104, 0.0029465355910360813, 5.367462208027973e-08, 4.1796873517796485e-08, 0.0005388943245634437, 2.376145839691162, 9.194616317749023, 8.55440616607666, 3.093616485595703, 1.2467639446258545, 0.22718709707260132, 0.008326929993927479, 0.0333121232688427, 5.7362871170043945, 24.586456298828125, 28.51946449279785, 23.370372772216797, 13.407681465148926, 0.03988948464393616, 10.772449493408203, 6.10549783706665], "PM10": [0.00415330845862627, 0.007429247256368399, 0.0063862670212984085, 0.01008324883878231, 0.009033957496285439, 0.008471976965665817, 0.008342443965375423, 0.008341341279447079, 0.008400265127420425, 0.006418083794414997, 0.0060797263868153095, 0.01308734342455864, 0.04921498894691467, 0.059941478073596954, 0.06272411346435547, 0.13148054480552673, 0.11574084311723709, 0.14234107732772827, 0.17052851617336273, 0.23784171044826508, 0.3140699863433838, 0.23497271537780762, 0.24946972727775574, 0.4038328230381012], "PM25": [1.0000000830368325e-16, 1.0000000168623835e-16, 9.999999506879345e-17, 1.0161878094550048e-07, 2.2636218233174077e-08, 5.312583262195858e-09, 9.931266919949167e-10, 3.750731114582351e-10, 1.1362383256496855e-10, 2.2746186444794203e-12, 5.903401140323894e-13, 1.7599467889983789e-12, 5.372790753965795e-11, 1.901880786192578e-08, 1.0736452793480566e-07, 1.2622085705515929e-05, 0.0001478570484323427, 3.221359656890854e-05, 4.833926141145639e-06, 1.7464099073549733e-05, 6.477755232481286e-05, 8.557858382118866e-05, 0.0020624464377760887, 0.00160838826559484]}