{"CO": [1.6189057987503475e-06, 0.012903210707008839, 0.028961386531591415, 0.0076084742322564125, 0.002376768970862031, 0.003572000889107585, 0.011138183064758778, 0.04891165718436241, 0.12082921713590622, 0.3373003602027893, 0.5484179258346558, 0.5233203172683716, 0.7827520370483398, 1.126441240310669, 1.9802920818328857, 3.2470386028289795, 4.065107822418213, 4.26202392578125, 5.448474407196045, 5.223324775695801, 5.454047679901123, 5.882461071014404, 6.855664253234863, 6.923677444458008], "NO2": [2.432528890494723e-05, 0.2731691896915436, 0.5973685383796692, 0.4075268507003784, 0.08516012877225876, 0.11739948391914368, 0.19176959991455078, 0.44995349645614624, 0.07832065224647522, 1.1068814992904663, 0.478995144367218, 1.4094229936599731, 2.725874900817871, 3.7395477294921875, 2.557736396789551, 1.901294469833374, 1.186189889907837, 2.4035918712615967, 0.20485827326774597, 1.0189452171325684, 1.8305305242538452, 2.6050243377685547, 0.22640098631381989, 0.10757014900445938], "SO2": [3.816733712934395e-13, 3.816734526086024e-13, 3.816734526086024e-13, 3.816734526086024e-13, 3.9333439933939007e-13, 3.550462812640376e-09, 6.609839411919616e-12, 1.915076170561081e-12, 3.816566203698746e-13, 3.816734526086024e-13, 2.6611191548953084e-12, 3.9143956630759147e-13, 3.816734526086024e-13, 2.0649670418038113e-08, 4.340120085544186e-08, 1.1353945694736467e-07, 4.191754214843968e-06, 3.816734526086024e-13, 3.816734526086024e-13, 3.816734526086024e-13, 3.8167347971365673e-13, 0.005038057919591665, 2.584410196959652e-07, 0.21305367350578308], "O3": [0.00017348193796351552, 0.7217861413955688, 2.5779833793640137, 0.7473046183586121, 0.14327676594257355, 0.1204225942492485, 0.06089354678988457, 0.12165593355894089, 1.093063235282898, 13.751736640930176, 4.501181602478027, 6.839341640472412, 5.462280750274658, 3.9292001724243164, 9.572540283203125, 17.280723571777344, 19.670921325683594, 24.193078994750977, 49.371246337890625, 39.69744110107422, 31.44881820678711, 28.161563873291016, 37.359596252441406, 38.535037994384766], "PM10": [0.0023796744644641876, 0.0074496702291071415, 0.007547564804553986, 0.008227795362472534, 0.004376997239887714, 0.006505703553557396, 0.006766961887478828, 0.006231218110769987, 0.0063611287623643875, 0.005569936241954565, 0.017914846539497375, 0.013671677559614182, 0.022028861567378044, 0.03206787258386612, 0.06115284934639931, 0.10846380144357681, 0.15218690037727356, 0.13198113441467285, 0.2141592651605606, 0.19230607151985168, 0.2019253373146057, 0.2099151313304901, 0.30255448818206787, 0.17476293444633484], "PM25": [1.0525398162193427e-16, 1.0572979576260947e-16, 1.2241990190661745e-12, 7.453144768021502e-09, 3.6763054822586128e-09, 3.05665470712313e-09, 5.328523400294216e-09, 2.1458030907695047e-09, 2.640626883820829e-10, 3.215229818498422e-11, 3.615523991307157e-10, 7.059728886815719e-06, 2.9819166229572147e-06, 1.5610189620929305e-06, 1.3187291187932715e-06, 9.126754594035447e-05, 0.0014832564629614353, 0.0004872378194704652, 0.00021116793504916131, 2.4894470698200166e-05, 2.5963765438064e-05, 0.0001789646630641073, 0.0005450182943604887, 0.0003299538802821189]}