{"CO": [9.119819424086018e-07, 4.01281395170372e-05, 0.002520926995202899, 0.006908337119966745, 0.0156377125531435, 0.014953942969441414, 0.01181703433394432, 0.003939479123800993, 0.03752750903367996, 0.32037150859832764, 0.5457411408424377, 0.9674145579338074, 1.007096767425537, 1.5676692724227905, 6.19272518157959, 6.910806655883789, 6.8063273429870605, 6.631969451904297, 6.593090534210205, 5.319019317626953, 6.859410762786865, 6.8983473777771, 6.790951728820801, 6.893169403076172], "NO2": [2.6499186787987128e-05, 0.0003632274456322193, 0.003428717376664281, 0.007924777455627918, 0.23350673913955688, 0.808220386505127, 0.8805497288703918, 0.22814702987670898, 0.01597806066274643, 0.026366254314780235, 0.039569441229104996, 0.16980725526809692, 0.24295447766780853, 0.7222190499305725, 0.357490211725235, 0.36010318994522095, 0.17128996551036835, 0.14788563549518585, 0.09327881783246994, 0.14475911855697632, 0.3537236750125885, 0.4679621160030365, 0.6807708740234375, 0.4411394000053406], "SO2": [6.0183062977614554e-09, 2.0018516011521825e-10, 0.000590017531067133, 0.0006998711614869535, 2.863099507521838e-05, 0.002102231839671731, 0.0015541339525952935, 0.0022685201838612556, 0.0004581635002978146, 0.004104753956198692, 0.00015599136531818658, 0.004049897659569979, 1.5479837429666077e-06, 0.021891746670007706, 0.0014139863196760416, 0.01272842288017273, 0.24967741966247559, 0.012248251587152481, 0.0006807593745179474, 0.011918123811483383, 0.0005079582915641367, 2.52881193318899e-07, 3.816734526086024e-13, 3.816734526086024e-13], "O3": [0.00012030112702632323, 0.006088851485401392, 0.15054643154144287, 0.26645898818969727, 0.8331738710403442, 0.6667846441268921, 0.26868683099746704, 0.04343053698539734, 0.42037850618362427, 2.4321553707122803, 4.582376956939697, 6.385305881500244, 5.970896244049072, 10.140905380249023, 38.21820831298828, 39.94252014160156, 38.480613708496094, 36.49715042114258, 38.33296585083008, 41.096195220947266, 39.60932159423828, 37.36622619628906, 29.63836097717285, 33.641319274902344], "PM10": [0.006617613602429628, 0.7484006881713867, 0.0276325773447752, 0.013058233074843884, 0.015045102685689926, 4.447657108306885, 1.8777306079864502, 0.19501987099647522, 0.026554062962532043, 0.4748387038707733, 0.0455029271543026, 0.671796977519989, 0.7487791180610657, 0.2808625102043152, 0.30856162309646606, 0.3392851650714874, 1.0440912246704102, 1.623844861984253, 0.273081511259079, 0.2618825137615204, 0.28144434094429016, 0.28107061982154846, 13.98193073272705, 7.60715913772583], "PM25": [0.0022601881064474583, 0.4106135070323944, 0.004016495309770107, 0.0012900530127808452, 3.5724220651900396e-05, 2.3326258659362793, 0.9556437134742737, 0.09202451258897781, 0.0071032121777534485, 0.24285048246383667, 0.0041103060357272625, 0.19191642105579376, 0.0950351357460022, 0.07200568914413452, 0.010025774128735065, 0.048969969153404236, 0.2525094449520111, 0.17102359235286713, 0.0008265429642051458, 9.979329007592241e-08, 6.11759242019616e-05, 4.015337040641498e-08, 0.9701536893844604, 0.7010999321937561]}