{"CO": [6.659053042312735e-07, 9.865643369266763e-05, 0.0010154685005545616, 0.002861411776393652, 0.020483696833252907, 0.018815424293279648, 0.01074653398245573, 0.003966838121414185, 0.05427616089582443, 0.6033924221992493, 0.7813771963119507, 0.8984552621841431, 1.1569323539733887, 1.149181842803955, 3.64571475982666, 5.8256516456604, 6.856559753417969, 6.75935173034668, 6.269932270050049, 5.551577568054199, 6.569129943847656, 6.873847961425781, 6.798329830169678, 6.837759017944336], "NO2": [1.5781133697601035e-05, 0.001279613352380693, 0.005467084236443043, 0.006162077654153109, 0.2962031364440918, 0.8309630155563354, 0.8449459075927734, 0.1693679690361023, 0.019240735098719597, 0.06419554352760315, 0.10420063883066177, 0.26706644892692566, 0.6179028749465942, 0.9245473146438599, 0.8891354203224182, 0.8834657073020935, 0.2101893275976181, 0.09646529704332352, 0.07076365500688553, 0.31770774722099304, 0.6718339323997498, 0.4837857782840729, 0.5548321008682251, 0.4305802881717682], "SO2": [3.8167331708333085e-13, 5.27791712556791e-08, 1.827006144594634e-06, 2.615332164168649e-07, 6.6127022364526056e-06, 1.5659914424759336e-05, 7.555894626420923e-06, 1.0865222975553479e-05, 6.22726531673834e-07, 3.6091900255996734e-05, 0.0015709447907283902, 0.0049294475466012955, 0.0006769132451154292, 0.0005265091313049197, 1.8732233002083376e-05, 0.007323925849050283, 0.06325733661651611, 0.42929965257644653, 0.015792250633239746, 0.16773268580436707, 0.0005019922973588109, 2.0712444893433712e-05, 0.004922977648675442, 3.816734526086024e-13], "O3": [5.132586011313833e-05, 0.02003805711865425, 0.07148509472608566, 0.20747153460979462, 0.9547348618507385, 0.9002916216850281, 0.14257636666297913, 0.013633678667247295, 0.4331566095352173, 3.071373462677002, 6.7338361740112305, 6.246353626251221, 6.487900733947754, 6.4091620445251465, 19.117557525634766, 28.79775047302246, 37.51761245727539, 38.156959533691406, 38.04354476928711, 34.90934753417969, 34.24715805053711, 36.62307357788086, 30.506450653076172, 30.77223777770996], "PM10": [0.002517200307920575, 0.27806416153907776, 0.05647582933306694, 0.006063141860067844, 0.8591980338096619, 2.379037618637085, 0.3994770348072052, 0.17412447929382324, 0.007271705660969019, 0.020194340497255325, 0.34917640686035156, 0.9865427017211914, 0.8863688707351685, 0.49039557576179504, 9.93807601928711, 6.355386734008789, 0.5813483595848083, 4.0956339836120605, 0.26574429869651794, 1.7643976211547852, 0.2429213970899582, 0.45818525552749634, 4.199514865875244, 2.9051692485809326], "PM25": [2.376269367232453e-05, 0.15150858461856842, 0.02413065917789936, 5.390330443333369e-06, 0.45395877957344055, 1.2522364854812622, 0.20064979791641235, 0.08755316585302353, 0.0005422579124569893, 9.73542455540155e-07, 0.1615643948316574, 0.32612502574920654, 0.27473685145378113, 0.17570272088050842, 2.1529314517974854, 2.544747829437256, 0.07207772135734558, 1.292635440826416, 0.0002810074365697801, 0.5941091775894165, 0.00018747098511084914, 0.08764789253473282, 0.3908635079860687, 0.4047943651676178]}