{"CO": [0.002345489105209708, 0.006926008965820074, 0.0015560558531433344, 0.012595380656421185, 0.006093817297369242, 0.0057962266728281975, 0.008105226792395115, 0.01262601651251316, 0.0405605286359787, 0.10406918823719025, 0.22132334113121033, 0.3642334043979645, 0.6894697546958923, 1.7252693176269531, 4.613883018493652, 6.742074489593506, 6.805462837219238, 6.548460960388184, 6.152242183685303, 6.00739860534668, 6.6445794105529785, 6.846673011779785, 6.733611106872559, 6.839584827423096], "NO2": [0.0016325005562976003, 0.012332607991993427, 0.009806958958506584, 0.09512241184711456, 0.12964607775211334, 0.18857233226299286, 0.38220226764678955, 0.6087764501571655, 0.20337563753128052, 0.17540374398231506, 0.06252667307853699, 0.1725926697254181, 0.3438601493835449, 0.5894590616226196, 0.21344226598739624, 0.1290089637041092, 0.14282214641571045, 0.07306768745183945, 0.09182050079107285, 0.37808704376220703, 0.2820674777030945, 0.32232141494750977, 0.31673893332481384, 0.2497166246175766], "SO2": [0.8368905186653137, 0.479868620634079, 0.004388104658573866, 0.726798951625824, 0.08062221109867096, 0.014319825917482376, 0.0784945860505104, 1.1714503765106201, 1.3238584995269775, 0.1268617957830429, 3.063301119254902e-05, 0.0017152753425762057, 0.0023008754942566156, 0.10462543368339539, 0.0005957778193987906, 0.0067137787118554115, 0.09480035305023193, 0.10838848352432251, 0.0011364012025296688, 5.761348074884154e-05, 0.0005895639187656343, 0.0005833074101246893, 3.816734526086024e-13, 0.00036399357486516237], "O3": [0.025364622473716736, 0.47378093004226685, 0.06016099080443382, 0.2672792971134186, 0.12505990266799927, 0.11279328912496567, 0.12329480051994324, 0.10721570253372192, 3.094834566116333, 2.0116355419158936, 2.4440555572509766, 4.127479553222656, 6.4637675285339355, 10.017691612243652, 27.692655563354492, 38.24216842651367, 38.792484283447266, 37.20191955566406, 37.31926727294922, 34.171653747558594, 35.7003288269043, 35.40455627441406, 34.1311149597168, 32.026187896728516], "PM10": [2.3318073749542236, 1.4807524681091309, 0.1090807244181633, 5.380395412445068, 0.6228106617927551, 0.513107180595398, 1.0923408269882202, 4.559272766113281, 5.708863735198975, 1.072138786315918, 0.021701503545045853, 0.040109626948833466, 1.6901580095291138, 6.6022443771362305, 0.25497275590896606, 0.2883286476135254, 0.5650154948234558, 0.7465701103210449, 0.2686518728733063, 0.22395732998847961, 0.2676517367362976, 0.28830617666244507, 0.340974897146225, 0.29765206575393677], "PM25": [1.1897470951080322, 0.17267316579818726, 0.0022604900877922773, 2.439053535461426, 0.07711061835289001, 0.02169506996870041, 0.07532734423875809, 0.7500560283660889, 0.7786552906036377, 0.09994296729564667, 0.00014832870510872453, 0.0007744290633127093, 0.058370161801576614, 1.097630500793457, 0.005409767851233482, 0.006820654030889273, 0.12351683527231216, 0.09365526586771011, 0.0002415354538243264, 3.225285399821587e-05, 8.823598363960627e-06, 1.1640403499768581e-05, 0.004294767044484615, 0.007800611667335033]}