{"CO": [4.50966545031406e-05, 0.06646212190389633, 0.0395282544195652, 0.03703128173947334, 0.020173197612166405, 0.01257768739014864, 0.010434044525027275, 0.01849716529250145, 0.3017571270465851, 0.7545495629310608, 0.5538670420646667, 0.9026370644569397, 2.409961462020874, 3.5896286964416504, 4.970310211181641, 5.692453384399414, 6.130040168762207, 5.657948017120361, 5.652194499969482, 6.011335849761963, 6.286185264587402, 6.431405067443848, 6.713834762573242, 6.723675727844238], "NO2": [0.0018142720218747854, 0.2600609362125397, 1.6557133197784424, 2.474005699157715, 1.5807602405548096, 1.1073352098464966, 0.8973488211631775, 0.7303912043571472, 0.7525060176849365, 1.964766025543213, 2.453941583633423, 6.207705497741699, 4.738866806030273, 12.433155059814453, 7.282700061798096, 9.054043769836426, 2.4393081665039062, 2.144198179244995, 2.592223882675171, 6.019833087921143, 8.813870429992676, 11.071574211120605, 11.897404670715332, 12.135648727416992], "SO2": [3.8167291050751617e-13, 3.815076780964294e-13, 3.8167258524686443e-13, 3.8167258524686443e-13, 2.5968347264204716e-11, 2.7252888834539135e-10, 1.3183811375938603e-08, 8.461176292939854e-08, 8.36672006698791e-06, 0.0006630683783441782, 4.043633907713229e-06, 2.374194618681713e-09, 3.641406343124487e-10, 8.075782886862726e-08, 4.0030108117150576e-09, 1.7588605487617315e-06, 0.00015486963093280792, 1.372749284200836e-05, 0.00015540843014605343, 0.00018202212231699377, 8.907912706490606e-05, 0.00881392601877451, 0.07402628660202026, 0.10913294553756714], "O3": [0.009679657407104969, 3.551109790802002, 0.8262215256690979, 0.28797897696495056, 0.0071096778847277164, 1.5533654504906735e-06, 1.1670837011479307e-05, 0.00046112522250041366, 2.870701551437378, 15.816311836242676, 12.7758207321167, 7.4918975830078125, 16.22936248779297, 10.69031047821045, 20.471006393432617, 19.150096893310547, 29.581668853759766, 31.186208724975586, 30.00719451904297, 26.591890335083008, 23.059402465820312, 19.064355850219727, 21.41816520690918, 23.895376205444336], "PM10": [0.0025348514318466187, 0.00844347570091486, 0.008008429780602455, 0.008280130103230476, 0.008955636993050575, 0.00832457561045885, 0.00860397145152092, 0.008215881884098053, 0.011392390355467796, 0.01779312826693058, 0.010615474544465542, 0.020657241344451904, 0.07081029564142227, 0.11477644741535187, 0.1815055012702942, 0.21029596030712128, 0.2315419465303421, 0.19670645892620087, 0.19535031914710999, 0.20436327159404755, 0.21251103281974792, 0.22175371646881104, 0.225296750664711, 0.2280375212430954], "PM25": [8.18233122316242e-13, 6.678358766606246e-14, 3.3196691652092464e-14, 2.061524995849995e-12, 1.2242101554704732e-08, 8.044935384532437e-09, 1.4241377357393503e-06, 5.492311629495816e-06, 1.5719945167802507e-07, 1.8106105059700894e-08, 5.5957118938465555e-09, 6.239717720291083e-08, 1.9042659005208407e-07, 4.111978668674965e-08, 2.7627088172721415e-08, 7.392638678993535e-08, 2.3698153484019713e-07, 3.139026105714038e-08, 9.426750935404016e-09, 2.5616232690595098e-08, 9.05485705970932e-07, 4.120192329537531e-07, 9.135048912867205e-07, 1.552371759316884e-05]}