{"CO": [3.266142130087246e-06, 0.005595913622528315, 0.03886661306023598, 0.049785368144512177, 0.020652946084737778, 0.006539884954690933, 0.02226737141609192, 0.1299850195646286, 0.17054781317710876, 0.16788999736309052, 0.3503548204898834, 0.5832093954086304, 1.7817033529281616, 2.1510531902313232, 3.646850824356079, 5.825817108154297, 6.269289016723633, 6.6997456550598145, 6.4693474769592285, 6.358590126037598, 6.459022521972656, 6.5436272621154785, 6.5958571434021, 6.7705559730529785], "NO2": [4.94204941787757e-05, 0.01957433857023716, 0.6802350282669067, 1.0063765048980713, 1.1404367685317993, 0.4603866636753082, 0.39704832434654236, 0.8347509503364563, 0.37328678369522095, 1.6037013530731201, 1.7892975807189941, 2.153491497039795, 2.634551763534546, 5.892844200134277, 2.6194090843200684, 1.461328387260437, 0.5340021252632141, 1.8043159246444702, 1.5196619033813477, 1.583743929862976, 2.3862173557281494, 2.8376879692077637, 3.950648069381714, 5.01526403427124], "SO2": [3.816733712934395e-13, 3.8164431467521687e-13, 3.816734526086024e-13, 3.816734526086024e-13, 8.369874932023791e-11, 6.314804181783984e-07, 3.486025832444284e-07, 4.548777354784761e-08, 1.2270033039385453e-05, 3.816734526086024e-13, 3.816734526086024e-13, 3.816734526086024e-13, 3.816734526086024e-13, 2.4223076877660787e-09, 3.816734526086024e-13, 3.8167347971365673e-13, 1.3686156652426007e-09, 3.816734526086024e-13, 3.816734526086024e-13, 3.816734526086024e-13, 3.816734526086024e-13, 0.0007394874701276422, 0.00015520294255111367, 0.010799319483339787], "O3": [0.00032333462149836123, 0.27973902225494385, 0.9026769399642944, 2.104640483856201, 0.21882984042167664, 0.018887540325522423, 0.009244678542017937, 0.007397697772830725, 1.219576120376587, 1.5501511096954346, 3.1462879180908203, 6.337366104125977, 9.82542610168457, 7.3651041984558105, 20.262678146362305, 26.6412410736084, 32.93424987792969, 29.554115295410156, 28.593595504760742, 27.529739379882812, 27.372295379638672, 27.708797454833984, 30.06938934326172, 30.34549903869629], "PM10": [0.002393289003521204, 0.008108161389827728, 0.007175548002123833, 0.007030158303678036, 0.008584105409681797, 0.009070441126823425, 0.00835461262613535, 0.006033552810549736, 0.02124386839568615, 0.007536350283771753, 0.009255491197109222, 0.014080516993999481, 0.05052614584565163, 0.06767662614583969, 0.10355200618505478, 0.18917585909366608, 0.22619394958019257, 0.20713075995445251, 0.2039221078157425, 0.19386997818946838, 0.2045716792345047, 0.21926450729370117, 0.2423660010099411, 0.26068115234375], "PM25": [1.0824817029858431e-16, 1.1124802350806912e-16, 5.742626166260756e-11, 3.5472527137869747e-09, 7.963350157069726e-08, 1.9691425734436052e-07, 3.449641496899858e-07, 1.865770354925189e-05, 0.004891330376267433, 0.00017830748402047902, 8.071619959082454e-07, 4.30977316057124e-08, 5.692990967531841e-08, 1.7214475178661814e-07, 5.111629164389342e-08, 1.0261911143061297e-07, 0.00020197562116663903, 4.144689853546879e-07, 3.156110039981286e-08, 3.105412149650988e-09, 1.0676354378347241e-07, 1.139899495683494e-06, 0.000842219335027039, 0.0006778543465770781]}