{"CO": [0.005979764740914106, 0.011506786569952965, 0.007531722541898489, 0.009755515493452549, 0.01976863108575344, 0.03456899896264076, 0.019462835043668747, 0.03616753965616226, 0.050585903227329254, 0.23428812623023987, 0.4712674915790558, 0.5376266837120056, 1.0400506258010864, 1.8315621614456177, 3.034435749053955, 5.623476028442383, 6.442968845367432, 6.592721939086914, 6.363846302032471, 5.423348426818848, 6.269031524658203, 6.828153133392334, 6.749787330627441, 6.805418968200684], "NO2": [0.0019221972906962037, 0.028514696285128593, 0.06054442748427391, 0.03271069377660751, 0.24232512712478638, 0.6351660490036011, 0.507113516330719, 0.3682534694671631, 0.051489364355802536, 0.11147665232419968, 0.05949341878294945, 0.124812051653862, 0.4728877544403076, 0.5347111821174622, 0.9690571427345276, 0.5039127469062805, 0.3027760684490204, 0.1067272275686264, 0.17246787250041962, 0.29643189907073975, 0.6004785299301147, 0.7837618589401245, 0.2973260283470154, 0.2626585066318512], "SO2": [0.6373078227043152, 0.3602341115474701, 0.23938092589378357, 0.7270239591598511, 1.3080778121948242, 2.279934883117676, 0.607211172580719, 3.5108754634857178, 0.7577073574066162, 0.3853161036968231, 0.20562061667442322, 0.4422954022884369, 4.783642292022705, 5.3064117431640625, 0.0006290607852861285, 0.44341030716896057, 3.9961743354797363, 0.07499179244041443, 0.0038947907742112875, 3.155313491821289, 0.1623653769493103, 0.0006144173676148057, 3.206099510192871, 5.294546127319336], "O3": [0.02091445028781891, 0.7663346529006958, 0.37762829661369324, 0.20280927419662476, 0.5292969346046448, 0.11542695760726929, 0.03884759545326233, 0.01897631399333477, 0.5485044717788696, 2.625739812850952, 4.444424152374268, 4.692465305328369, 7.055631637573242, 10.717721939086914, 14.248690605163574, 29.32714080810547, 35.12360763549805, 36.198699951171875, 34.599693298339844, 33.56135940551758, 29.58052635192871, 29.109947204589844, 33.605674743652344, 29.10004997253418], "PM10": [2.0973544120788574, 0.7884928584098816, 0.6116305589675903, 2.6827149391174316, 2.621359348297119, 5.330328941345215, 4.715611457824707, 10.83481216430664, 3.146970748901367, 1.0203380584716797, 0.6132312417030334, 1.8337756395339966, 13.001870155334473, 16.223737716674805, 24.0554256439209, 14.190141677856445, 6.178438186645508, 0.33002933859825134, 0.3600176274776459, 5.078335285186768, 13.317445755004883, 23.495025634765625, 4.757933616638184, 9.598078727722168], "PM25": [1.103959321975708, 0.17555658519268036, 0.25642016530036926, 1.836412787437439, 1.4038249254226685, 2.859795570373535, 1.0220301151275635, 5.02899694442749, 1.62177312374115, 0.30020466446876526, 0.21027198433876038, 0.7769798040390015, 6.684610366821289, 7.464714050292969, 1.514723777770996, 1.9426703453063965, 3.0234274864196777, 0.05287660285830498, 0.051150791347026825, 2.46317458152771, 0.9313859343528748, 1.9796693325042725, 2.5095055103302, 4.946136951446533]}