{"CO": [0.00010031941201305017, 0.027149077504873276, 0.0071680075488984585, 0.02340772934257984, 0.025529438629746437, 0.01819397322833538, 0.014977938495576382, 0.0927843227982521, 0.17812928557395935, 0.31460827589035034, 0.5402976870536804, 0.6238096356391907, 1.6189699172973633, 2.524247407913208, 4.2680277824401855, 5.836094379425049, 6.490183353424072, 6.339550495147705, 6.157473564147949, 6.169498443603516, 6.370532512664795, 6.584779262542725, 6.8902716636657715, 6.919774055480957], "NO2": [0.0011737162712961435, 0.08830613642930984, 0.06939028948545456, 0.4116613566875458, 0.8099340796470642, 0.673210084438324, 0.4696303904056549, 0.7432987093925476, 0.08349404484033585, 1.7551478147506714, 0.35687944293022156, 1.1777750253677368, 1.6125273704528809, 1.6846575736999512, 0.777560830116272, 0.6279516220092773, 0.25633957982063293, 0.6889030933380127, 0.43792369961738586, 0.9756975769996643, 1.1987230777740479, 0.6606886982917786, 0.16705086827278137, 0.24228692054748535], "SO2": [3.8167038973746514e-13, 3.815416949395911e-13, 3.8167347971365673e-13, 3.816734526086024e-13, 3.816734526086024e-13, 2.1889530898988596e-07, 8.749795199491928e-08, 9.287915645472822e-07, 2.5860317691694945e-06, 1.3726924485979453e-08, 3.816734526086024e-13, 3.816734526086024e-13, 3.816734526086024e-13, 3.8167347971365673e-13, 3.8334727102753985e-13, 3.964986325377673e-12, 1.7486916476627812e-05, 1.7887720105136395e-06, 3.816734526086024e-13, 3.816734526086024e-13, 3.8167347971365673e-13, 2.8643543714679254e-07, 0.05082268640398979, 0.15288792550563812], "O3": [0.014588719233870506, 1.5851150751113892, 0.3284502327442169, 0.8752387762069702, 0.8700135946273804, 0.5439716577529907, 0.13708297908306122, 0.08722909539937973, 1.635454773902893, 1.4810329675674438, 5.668583393096924, 8.406265258789062, 11.956315994262695, 16.167213439941406, 25.778329849243164, 33.33881378173828, 37.99808120727539, 34.85114288330078, 33.09492492675781, 31.822959899902344, 29.131797790527344, 33.53861618041992, 38.089046478271484, 38.60081481933594], "PM10": [0.00240297126583755, 0.007843942381441593, 0.007343378849327564, 0.007998045533895493, 0.008349815383553505, 0.008823815733194351, 0.012025836855173111, 0.033872347325086594, 0.04233073815703392, 0.017132101580500603, 0.01556116621941328, 0.01570381037890911, 0.04943162202835083, 0.0831453874707222, 0.14417164027690887, 0.21251803636550903, 0.23883561789989471, 0.22243225574493408, 0.19534575939178467, 0.19201511144638062, 0.19839298725128174, 0.25435349345207214, 0.225728377699852, 0.1909170150756836], "PM25": [4.009359511059074e-09, 4.723255120353542e-10, 1.1906895025504127e-08, 7.228877052511962e-07, 3.185712387221429e-07, 9.934557965607382e-06, 0.0010303992312401533, 0.009437109343707561, 0.009048464708030224, 0.001261334866285324, 5.869596407137578e-06, 6.38918038475822e-08, 1.9128249562072597e-07, 2.308533112227451e-06, 3.0467456326732645e-06, 0.00019193626940250397, 0.002184856915846467, 1.2047185009578243e-05, 6.045248483133037e-06, 2.0514454490694334e-07, 1.3505798506230349e-06, 0.005349579267203808, 0.001379127730615437, 0.0008059678948484361]}