{"CO": [1.7279906387557276e-05, 0.0003148057439830154, 0.01628252863883972, 0.007081442046910524, 0.013073757290840149, 0.012901604175567627, 0.003832816146314144, 0.00931644719094038, 0.09420308470726013, 0.18396882712841034, 0.26083219051361084, 1.241215705871582, 1.2830584049224854, 2.459542751312256, 3.59027099609375, 3.7130818367004395, 5.500450611114502, 6.455618381500244, 6.378457069396973, 5.790417671203613, 5.706249713897705, 6.501001358032227, 6.678499221801758, 6.834856033325195], "NO2": [0.00013356546696741134, 0.0017553918296471238, 0.13801701366901398, 0.10261744260787964, 0.5083705186843872, 0.7169837355613708, 0.36948737502098083, 0.19332094490528107, 0.0667787492275238, 0.27650734782218933, 0.11512511223554611, 0.4843018054962158, 0.4796794056892395, 1.270247459411621, 1.4415333271026611, 1.0877882242202759, 0.7100777626037598, 0.2822997272014618, 0.2890011966228485, 0.6074371337890625, 0.7936773300170898, 0.4848167598247528, 0.3533984422683716, 0.42142078280448914], "SO2": [7.839232551987152e-08, 2.9312897595334952e-12, 0.00030242992215789855, 1.5246853024564189e-07, 1.4591171293432126e-07, 4.709516804313196e-11, 0.013240564614534378, 0.0014185255859047174, 0.00016653035709168762, 1.6295563909807242e-05, 0.0002032317715929821, 2.214263531641336e-06, 2.013572384385043e-06, 1.6325489582413866e-07, 3.100559392565927e-11, 1.6613296338618966e-06, 2.587246171970037e-06, 1.5805382645339705e-05, 0.0003707378054969013, 0.00026489823358133435, 3.816734526086024e-13, 9.152981874649413e-07, 0.0007145964191295207, 0.15022480487823486], "O3": [0.0037150210700929165, 0.04711410030722618, 0.9523221254348755, 0.2652241289615631, 0.9408441185951233, 0.1768389344215393, 0.01630338281393051, 0.009221394546329975, 1.1665555238723755, 2.152500867843628, 2.9516797065734863, 9.027050018310547, 9.945717811584473, 16.234651565551758, 20.687244415283203, 20.24022102355957, 30.374935150146484, 35.85184097290039, 36.13298797607422, 34.98394012451172, 31.242856979370117, 38.87051010131836, 33.46791458129883, 34.34841537475586], "PM10": [0.002514992840588093, 0.0032584047876298428, 0.012840867973864079, 0.011135018430650234, 0.008789905346930027, 0.09592066705226898, 0.5081024765968323, 0.04289689660072327, 0.006340939085930586, 0.016369985416531563, 0.07740242779254913, 0.041555050760507584, 0.040010612457990646, 0.6443418860435486, 0.14628535509109497, 0.14276152849197388, 0.3331471383571625, 0.37968164682388306, 0.27061912417411804, 0.25775110721588135, 0.23119714856147766, 0.258108913898468, 0.5662479400634766, 0.2632804214954376], "PM25": [5.782923153674346e-07, 1.3528948469322677e-13, 4.236313179717399e-05, 5.303645139065338e-06, 2.4027915515034692e-06, 0.04422014579176903, 0.034016747027635574, 0.0021683990489691496, 0.00028174539329484105, 0.00024195085279643536, 0.0119937714189291, 2.0252873582649045e-05, 1.1952504337386927e-06, 0.2863732576370239, 0.007663723547011614, 0.0012664789101108909, 0.06010321527719498, 0.06491055339574814, 0.013073478825390339, 0.0043830242939293385, 0.0019890775438398123, 0.002509546931833029, 0.028159013018012047, 0.0021942509338259697]}