{"CO": [8.380809049413074e-06, 0.010044069029390812, 0.02507312037050724, 0.003402180038392544, 0.006021362729370594, 0.006324851419776678, 0.005822260398417711, 0.006928029004484415, 0.020248860120773315, 0.12911656498908997, 0.14358389377593994, 0.5095498561859131, 0.9853692054748535, 0.9092590808868408, 1.3369673490524292, 2.5454297065734863, 5.0659403800964355, 5.99637508392334, 5.873987197875977, 5.840590000152588, 6.663680553436279, 6.359568119049072, 6.465601921081543, 6.647950172424316], "NO2": [0.00020619513816200197, 0.020081261172890663, 0.013013329356908798, 0.030232595279812813, 0.21982532739639282, 0.1775795966386795, 0.2070217728614807, 0.2624974548816681, 0.10839356482028961, 0.07877520471811295, 0.023892931640148163, 0.35765382647514343, 0.6143101453781128, 1.0109498500823975, 1.3525713682174683, 1.841381311416626, 0.6982565522193909, 0.12966343760490417, 0.2716935873031616, 0.6206046938896179, 0.671673059463501, 0.7534913420677185, 0.8753442168235779, 0.8403332233428955], "SO2": [1.1055253708036616e-05, 0.16887934505939484, 0.16646721959114075, 0.0026432559825479984, 8.68526694830507e-06, 1.410939830748248e-06, 1.306430931435898e-06, 3.913500677299453e-06, 3.279553493484855e-05, 0.4307492971420288, 0.12267745286226273, 4.751620872411877e-05, 1.0819034036713138e-11, 6.707681521334052e-09, 2.5709004702889615e-08, 0.0003299636591691524, 0.007640775293111801, 0.01322172861546278, 0.0010295219253748655, 0.0004916518228128552, 0.0025884059723466635, 0.0014950711047276855, 0.0021691664587706327, 0.03540932014584541], "O3": [0.0016654107021167874, 0.7943670153617859, 1.041762113571167, 0.09722279757261276, 0.09301787614822388, 0.12136423587799072, 0.042259350419044495, 0.064463771879673, 1.2738724946975708, 5.1472578048706055, 3.3218295574188232, 8.563039779663086, 9.728120803833008, 7.398849010467529, 7.9611616134643555, 12.401174545288086, 29.688507080078125, 37.081790924072266, 34.24189376831055, 27.869741439819336, 32.475154876708984, 25.70888328552246, 23.631011962890625, 24.053525924682617], "PM10": [0.0024747634306550026, 0.49225616455078125, 0.7986095547676086, 0.07166019827127457, 0.1012025997042656, 0.078169085085392, 0.09189993888139725, 0.07614368945360184, 0.034856051206588745, 1.9137449264526367, 0.8935179114341736, 0.03567156568169594, 0.03795383870601654, 0.03140309453010559, 0.05350714921951294, 0.12218281626701355, 0.2368333637714386, 0.2518829107284546, 0.24003854393959045, 0.23608678579330444, 0.2898540794849396, 0.26160097122192383, 0.25841790437698364, 0.24402810633182526], "PM25": [2.085860432998743e-05, 0.05034495145082474, 0.045377880334854126, 0.0015865950845181942, 0.0021018884144723415, 0.003290459979325533, 0.002114954637363553, 0.001985355978831649, 0.000515623833052814, 0.15553756058216095, 0.053692642599344254, 0.0009283958352170885, 0.0004081324441358447, 0.0001179407918243669, 0.000778306508436799, 0.002074295887723565, 0.000818307395093143, 0.00042042016866616905, 8.505216101184487e-05, 2.7580039386521094e-05, 7.140134243854845e-07, 2.903851964219939e-06, 4.878285380982561e-06, 0.00022664968855679035]}