{"CO": [2.251966179755982e-06, 0.029262548312544823, 0.07283814251422882, 0.006580552086234093, 0.0026238851714879274, 0.004803330171853304, 0.0049604326486587524, 0.005194573663175106, 0.017298435792326927, 0.23256441950798035, 0.8583738207817078, 0.7670074105262756, 1.682631492614746, 1.9886255264282227, 1.68989098072052, 2.5935049057006836, 4.496987819671631, 4.853096008300781, 4.650797367095947, 5.2107696533203125, 5.200130462646484, 5.8168721199035645, 6.86668586730957, 6.901088714599609], "NO2": [3.28765127051156e-05, 0.37326785922050476, 0.16000373661518097, 0.11021345853805542, 0.1523028016090393, 0.23113089799880981, 0.4358130693435669, 0.5499727725982666, 0.26282215118408203, 2.5889973640441895, 0.3154391348361969, 1.9146596193313599, 2.503622531890869, 2.128324031829834, 2.7618119716644287, 1.765754222869873, 0.999799907207489, 1.3235727548599243, 0.9109682440757751, 1.6290415525436401, 0.7405616044998169, 0.7983930706977844, 0.14999793469905853, 0.20046502351760864], "SO2": [3.816733983984938e-13, 3.816734526086024e-13, 3.815943871651739e-13, 3.81671419729529e-13, 3.8945360608319546e-13, 1.9030070921854936e-11, 3.835003332692405e-13, 1.3217966218087573e-12, 2.0075921827733545e-11, 3.816734526086024e-13, 1.5150762588955757e-11, 3.816734526086024e-13, 3.816734526086024e-13, 3.816734526086024e-13, 3.816734526086024e-13, 6.74426061664235e-08, 2.0951510748545843e-07, 3.8167347971365673e-13, 3.8167347971365673e-13, 3.816734526086024e-13, 1.9914032645118596e-09, 0.001268753781914711, 6.369938319039647e-07, 0.20930664241313934], "O3": [0.00040530686965212226, 2.0999486446380615, 4.745367050170898, 0.8031072020530701, 0.18692652881145477, 0.1315421760082245, 0.016675002872943878, 0.010626165196299553, 0.7709752917289734, 12.926814079284668, 5.953062057495117, 7.939521312713623, 7.927701950073242, 6.780402183532715, 6.002230644226074, 13.745341300964355, 21.90986442565918, 31.48495864868164, 39.99266815185547, 31.18572235107422, 32.38461685180664, 33.27585220336914, 36.38655090332031, 38.29475021362305], "PM10": [0.002393129514530301, 0.0073232389986515045, 0.007551715709269047, 0.008035950362682343, 0.005627654027193785, 0.0069871884770691395, 0.008356989361345768, 0.008320453576743603, 0.00803427305072546, 0.006890440359711647, 0.02791142463684082, 0.02185690961778164, 0.045163266360759735, 0.057597335427999496, 0.05137994512915611, 0.08257945626974106, 0.1758071780204773, 0.18777748942375183, 0.1521056890487671, 0.19846278429031372, 0.21879959106445312, 0.22595304250717163, 0.2998863756656647, 0.1837286800146103], "PM25": [1.0598724745646047e-16, 1.058473348189308e-16, 9.500332378425957e-13, 3.124596935355495e-13, 4.041303292012799e-09, 7.282102032490911e-09, 3.1812152911925295e-09, 1.3071859150670662e-09, 3.6728725616441693e-10, 1.7905940619122873e-11, 3.1079706950404296e-12, 4.5290207140169514e-08, 6.053325023458456e-07, 3.3613471828175534e-07, 1.9997301023977343e-06, 8.254306158050895e-05, 0.0017068543238565326, 0.00048085174057632685, 6.950341776246205e-05, 2.2004893253324553e-05, 3.479828228591941e-05, 0.00024036862305365503, 0.0007491849828511477, 0.0003345672448631376]}