{"CO": [3.1147590107138967e-06, 0.03428368642926216, 0.047729913145303726, 0.00925370305776596, 0.0067347511649131775, 0.005266875959932804, 0.0037081106565892696, 0.003769979812204838, 0.03145146369934082, 0.34496814012527466, 0.6392553448677063, 0.8436486124992371, 1.710767149925232, 2.206515073776245, 1.9575064182281494, 4.02754545211792, 5.458055019378662, 4.794040203094482, 5.209094524383545, 5.315377235412598, 5.138734340667725, 6.156789302825928, 6.5356035232543945, 6.748229026794434], "NO2": [4.254056329955347e-05, 0.21544647216796875, 0.4793940782546997, 0.29661238193511963, 0.39614441990852356, 0.36855679750442505, 0.32387155294418335, 0.3852806091308594, 0.16218847036361694, 5.143464088439941, 1.7680975198745728, 3.3634612560272217, 2.4367408752441406, 2.7225139141082764, 4.4356913566589355, 3.89664626121521, 1.3740705251693726, 1.5104339122772217, 0.46013787388801575, 2.743197202682495, 5.353579521179199, 2.806710720062256, 2.0722312927246094, 2.517758846282959], "SO2": [3.8167331708333085e-13, 3.816734526086024e-13, 3.816635863688328e-13, 3.8166664923997007e-13, 3.816734526086024e-13, 8.486475411295658e-13, 9.219867230791934e-11, 5.914219114444563e-11, 4.598831981894591e-09, 3.816734526086024e-13, 3.816698747414332e-13, 3.816734526086024e-13, 3.816734526086024e-13, 3.816734526086024e-13, 3.816734526086024e-13, 2.332803283877638e-08, 2.3149560046675788e-09, 0.003224046900868416, 3.8167347971365673e-13, 3.8167347971365673e-13, 4.5564725041913334e-06, 8.196932412829483e-07, 2.168002083635656e-06, 0.004588623531162739], "O3": [0.0002770667488221079, 2.5380704402923584, 3.6570169925689697, 1.2988632917404175, 0.09970199316740036, 0.053250428289175034, 0.01259403396397829, 0.004502526950091124, 0.5154647827148438, 11.778817176818848, 4.866589546203613, 6.448004722595215, 7.602119445800781, 8.078566551208496, 4.716586589813232, 19.872129440307617, 27.183940887451172, 36.47531509399414, 41.8990478515625, 29.652694702148438, 25.78133201599121, 32.437686920166016, 31.0607852935791, 34.23908233642578], "PM10": [0.0023933243937790394, 0.0074425651691854, 0.007565919775515795, 0.023037148639559746, 0.008692826144397259, 0.007424906827509403, 0.007055078633129597, 0.008966902270913124, 0.006806237623095512, 0.008168600499629974, 0.020344246178865433, 0.025057945400476456, 0.05448980629444122, 0.07228680700063705, 0.07347362488508224, 0.8033143877983093, 2.0385451316833496, 0.29449838399887085, 0.20977365970611572, 0.1732780784368515, 0.19770288467407227, 0.7417246103286743, 0.33862271904945374, 0.30658695101737976], "PM25": [1.0696435290067751e-16, 1.0717927427615349e-16, 1.372995144176102e-16, 4.02438388169557e-10, 4.234472772424169e-09, 5.98050053923771e-09, 1.8749199970358177e-09, 1.183867670562222e-09, 7.838042992425187e-10, 7.885089803316703e-11, 5.8894365079220634e-12, 6.5622867383152705e-12, 8.527767901556071e-12, 3.969798267888791e-09, 3.490830567898229e-05, 0.01936597004532814, 0.13005423545837402, 0.0031202640384435654, 2.6289910238119774e-05, 6.492072861874476e-05, 0.00019319262355566025, 0.04300779849290848, 0.0074653648771345615, 0.001517324591986835]}