{"CO": [0.0018291486194357276, 0.0037193691823631525, 0.04569487273693085, 0.006458548828959465, 0.005902500823140144, 0.006180506199598312, 0.005604863632470369, 0.016160817816853523, 0.03495863080024719, 0.14671120047569275, 0.155579075217247, 0.4597657024860382, 1.9583439826965332, 1.6487336158752441, 2.2211172580718994, 4.881340980529785, 6.254979610443115, 5.955926895141602, 5.8827643394470215, 5.651127815246582, 6.00693941116333, 6.772205829620361, 6.643143177032471, 6.818907260894775], "NO2": [0.018227118998765945, 0.013185834512114525, 0.02501453272998333, 0.07638237625360489, 0.1645369827747345, 0.31684911251068115, 0.3013274073600769, 0.6651449799537659, 0.33990731835365295, 0.13794663548469543, 0.2136409431695938, 0.41278573870658875, 0.49380403757095337, 0.5574833750724792, 0.39437422156333923, 0.285460501909256, 0.2792816460132599, 0.161351278424263, 0.1649794727563858, 0.4554436206817627, 0.44713354110717773, 0.39616355299949646, 0.7234366536140442, 0.3400154709815979], "SO2": [0.5046752095222473, 0.26042085886001587, 0.2153972089290619, 0.0027585558127611876, 1.2370404256500933e-08, 7.55830384946421e-08, 1.8634704247233458e-05, 1.3198405504226685, 0.20399506390094757, 0.26591500639915466, 0.08072644472122192, 0.0009103116462938488, 0.0009131915285252035, 8.982904003973502e-11, 7.040742957542534e-07, 0.004723653197288513, 0.047950707376003265, 0.011424919590353966, 0.002638187725096941, 0.0008685151697136462, 0.0005311191780492663, 0.0011067742016166449, 0.024175507947802544, 0.061827488243579865], "O3": [0.12575344741344452, 0.33907145261764526, 1.8906530141830444, 0.32242351770401, 0.1384700983762741, 0.010844866745173931, 0.000840726715978235, 8.082627545036303e-08, 3.9424080848693848, 5.865341663360596, 4.263748645782471, 6.750488758087158, 12.15250301361084, 10.44659423828125, 11.787117004394531, 24.318586349487305, 35.18403244018555, 34.36537170410156, 35.6961784362793, 33.30910873413086, 27.691463470458984, 30.579553604125977, 28.083553314208984, 29.47062110900879], "PM10": [1.4613299369812012, 0.5833478569984436, 0.8029071092605591, 0.25998255610466003, 0.027465661987662315, 0.05292034521698952, 0.05981623753905296, 5.38380241394043, 0.8801864385604858, 1.2261700630187988, 1.159422755241394, 0.07976629585027695, 0.07198292016983032, 0.12349726259708405, 0.2195962369441986, 0.21607957780361176, 0.3366944193840027, 0.23972496390342712, 0.2625778615474701, 0.2546563446521759, 0.24143177270889282, 0.2803632915019989, 0.28616219758987427, 0.23411068320274353], "PM25": [0.6897424459457397, 0.098187156021595, 0.05006428062915802, 0.008953523822128773, 0.001753327320329845, 0.0057558100670576096, 0.003302220953628421, 0.3252347707748413, 0.07926243543624878, 0.10652951151132584, 0.0562417097389698, 0.0016805357299745083, 0.0018136602593585849, 0.002961882622912526, 0.017040159553289413, 0.0008843322284519672, 0.018681725487113, 0.0014240024611353874, 0.00014001653471495956, 1.2535010682768188e-06, 1.2800177501048893e-05, 2.699468495848123e-06, 0.0025119881611317396, 0.0004808660305570811]}