{"CO": [0.0003900031151715666, 0.001033969223499298, 0.011127189733088017, 0.019304128363728523, 0.015263931825757027, 0.015754977241158485, 0.018486615270376205, 0.031489934772253036, 0.06524010747671127, 0.4137459695339203, 0.39971208572387695, 0.6676205396652222, 0.5961225628852844, 2.1361777782440186, 2.726109027862549, 3.2376935482025146, 4.253432273864746, 5.6892619132995605, 6.374603271484375, 6.5344672203063965, 6.415850639343262, 5.573294162750244, 5.533796787261963, 5.84483528137207], "NO2": [0.0011213814141228795, 0.0012064619222655892, 0.15940311551094055, 1.3648866415023804, 1.5869934558868408, 2.3113574981689453, 1.8511450290679932, 2.9675188064575195, 2.440870523452759, 0.28680655360221863, 0.5811412334442139, 3.968212366104126, 2.80827260017395, 2.56905460357666, 3.668288230895996, 2.557973623275757, 1.137142539024353, 0.5215526819229126, 0.49809685349464417, 2.0145819187164307, 0.3394612669944763, 1.901361346244812, 2.071751832962036, 3.9571361541748047], "SO2": [3.816733712934395e-13, 3.816732357681679e-13, 3.816733712934395e-13, 1.067627323353415e-12, 5.055056200020669e-12, 2.172348672474511e-12, 4.505609080274198e-11, 7.736740414987509e-11, 5.367439270820284e-10, 1.4157349141896702e-06, 6.204670626175357e-06, 3.4925265026686247e-06, 0.0008539902628399432, 0.00012834150402341038, 0.00019169645383954048, 0.0004953410243615508, 0.00035540369572117925, 0.04365735873579979, 0.05919848755002022, 0.006917459424585104, 0.007144128438085318, 4.0810511563904583e-05, 8.048717427300289e-05, 5.8300516684539616e-05], "O3": [0.006117434706538916, 0.016131242737174034, 0.8951941132545471, 0.38278278708457947, 0.13411268591880798, 0.027616530656814575, 0.10082388669252396, 0.1389652043581009, 7.334561347961426, 9.375238418579102, 9.084458351135254, 5.306699275970459, 6.721694469451904, 8.010305404663086, 9.515477180480957, 9.379847526550293, 22.14536476135254, 38.237083435058594, 34.559391021728516, 25.985103607177734, 23.76252555847168, 26.05365562438965, 19.758865356445312, 11.501531600952148], "PM10": [0.004540148191154003, 0.005441639572381973, 0.008412742987275124, 0.00823699776083231, 0.009544623084366322, 0.008992381393909454, 0.008881243877112865, 0.008261719718575478, 0.008313367143273354, 0.01362438965588808, 0.013646088540554047, 0.022019091993570328, 0.018431706354022026, 0.08051328361034393, 0.09305735677480698, 0.31323787569999695, 0.15438883006572723, 0.19756671786308289, 0.19629982113838196, 0.18366481363773346, 0.5061367154121399, 0.7024654746055603, 0.5401319265365601, 0.7326809167861938], "PM25": [1.0000000830368325e-16, 1.0000000168623835e-16, 9.999999506879345e-17, 5.34186872513942e-09, 5.5274536947536035e-08, 3.1296796265678495e-08, 8.590450129020155e-09, 8.68220717542556e-10, 1.7784140479704114e-11, 2.0109943170334293e-13, 5.218457840871528e-14, 1.2090311390933195e-11, 1.1246453368585207e-07, 1.2328818854712154e-07, 1.4259696001772681e-07, 1.0015800455676072e-07, 3.043658125534421e-08, 7.586050543295642e-08, 3.1077544804247736e-07, 1.6375744280594517e-06, 1.4436779565585312e-05, 5.684096322511323e-05, 0.00021657698380295187, 7.687214383622631e-05]}