{"CO": [3.5450048017082736e-06, 0.0016777453711256385, 0.004772581160068512, 0.007495020050555468, 0.00799113605171442, 0.03821933642029762, 0.025946786627173424, 0.013285262510180473, 0.02568945474922657, 0.04751022160053253, 0.3951447904109955, 1.548902153968811, 1.4822591543197632, 2.9707720279693604, 2.596653699874878, 3.106898784637451, 6.2053046226501465, 6.689558982849121, 6.352694511413574, 5.611997127532959, 6.296361446380615, 6.286160945892334, 6.736432075500488, 6.820529937744141], "NO2": [6.017831401550211e-05, 0.004004080314189196, 0.032085590064525604, 0.1342904418706894, 0.27523642778396606, 0.9460620880126953, 1.2711231708526611, 0.833533525466919, 0.10311733931303024, 0.38316217064857483, 0.15373685956001282, 0.34074488282203674, 0.9303791522979736, 1.7964239120483398, 2.6837029457092285, 1.1800166368484497, 0.28922098875045776, 0.12844492495059967, 0.3445104956626892, 0.2547168731689453, 0.7131275534629822, 0.7746814489364624, 0.6569356322288513, 1.6063835620880127], "SO2": [4.118106680314759e-13, 2.0044996063006693e-07, 1.0425554819448735e-07, 1.3244712881999021e-08, 1.8351755670664716e-08, 6.974243405011293e-10, 1.0690314189432115e-09, 7.403265556149563e-09, 0.0011700355680659413, 0.0013091079890727997, 0.0006271229940466583, 0.0003784337895922363, 6.098297262724373e-07, 2.2749016004297573e-09, 3.816734526086024e-13, 1.5054972379857645e-08, 3.26057829624915e-08, 0.00014441454550251365, 0.00023798368056304753, 0.0007005322258919477, 3.816734526086024e-13, 0.0043631684966385365, 0.04312945157289505, 0.10079586505889893], "O3": [0.0005979286506772041, 0.14095014333724976, 0.2039170116186142, 0.29385530948638916, 0.2384386956691742, 0.9822111129760742, 0.19792377948760986, 0.05016918480396271, 1.4478367567062378, 1.1700783967971802, 5.839455604553223, 10.502900123596191, 9.657742500305176, 15.204510688781738, 9.499598503112793, 16.12819480895996, 32.40862274169922, 38.06196975708008, 33.466102600097656, 33.128501892089844, 33.0676383972168, 26.953779220581055, 26.562437057495117, 24.53208351135254], "PM10": [0.002489399164915085, 0.026712195947766304, 0.03766779601573944, 0.02728603594005108, 0.05366881191730499, 0.021555179730057716, 0.1235843300819397, 0.12119830399751663, 0.06341888010501862, 0.152166947722435, 0.010595036670565605, 0.09630876034498215, 0.09858038276433945, 0.10263314098119736, 0.08861276507377625, 0.11914001405239105, 0.23490972816944122, 0.2542378902435303, 0.24350236356258392, 0.23756149411201477, 0.25079959630966187, 0.24350757896900177, 0.25261980295181274, 0.6534770727157593], "PM25": [4.036898815229506e-07, 0.0007661902345716953, 0.0061884536407887936, 0.0017882264219224453, 0.015624484047293663, 0.00529601750895381, 0.05494854599237442, 0.04286643862724304, 0.013342981226742268, 0.05387820675969124, 1.087184386960871e-06, 3.683602017190424e-06, 0.01520228385925293, 1.67576146736792e-07, 6.411416507035028e-06, 4.084678221261129e-05, 0.0036510564386844635, 9.583067672735979e-09, 0.0012046139454469085, 6.182119250297546e-05, 3.7757044992758892e-06, 0.00013532450248021632, 0.0035907181445509195, 0.02924388088285923]}