{"CO": [7.461575478373561e-06, 0.0021120936144143343, 0.012621136382222176, 0.006536263041198254, 0.005582424812018871, 0.005417388863861561, 0.009614956565201283, 0.02074180729687214, 0.030599210411310196, 0.18493682146072388, 0.19611608982086182, 0.8787754774093628, 0.9211342334747314, 1.684494137763977, 2.366086006164551, 3.051826000213623, 5.679716110229492, 5.766414165496826, 4.953460693359375, 5.954319953918457, 6.039087772369385, 6.374397277832031, 6.635560989379883, 6.760152339935303], "NO2": [0.00010815765563165769, 0.0038397202733904123, 0.0054858108051121235, 0.09407171607017517, 0.19054976105690002, 0.25157859921455383, 0.4824211895465851, 1.164058804512024, 0.31803956627845764, 0.08843310177326202, 0.07721660286188126, 0.28978362679481506, 0.861924946308136, 0.5434602499008179, 1.3950769901275635, 1.2142689228057861, 0.27048322558403015, 0.22514620423316956, 0.46755486726760864, 0.22928066551685333, 0.22577698528766632, 0.08756657689809799, 1.4995473623275757, 1.875491738319397], "SO2": [0.0005388222052715719, 0.00011258933955105022, 0.0031538638286292553, 8.17651990558943e-09, 1.4562874639523216e-07, 4.526254371306493e-12, 2.8912904070921286e-08, 0.010256724432110786, 0.19909894466400146, 0.30346688628196716, 0.007872245274484158, 4.873422221862711e-05, 4.5266965571499895e-06, 5.874269390915288e-07, 1.8603163714353554e-12, 3.0022463761270046e-05, 0.014983623288571835, 0.0014197451528161764, 0.0007996393251232803, 0.0007839613244868815, 8.341564353031572e-06, 1.0924405614787247e-05, 0.040724314749240875, 0.09898985922336578], "O3": [0.0010679662227630615, 0.1572796255350113, 0.4891014099121094, 0.2527729570865631, 0.08972499519586563, 0.004702933598309755, 0.022789398208260536, 0.0062483218498528, 2.4826087951660156, 5.380234718322754, 3.4464731216430664, 8.07239055633545, 7.129497051239014, 10.035014152526855, 11.553385734558105, 13.07586669921875, 31.978286743164062, 32.257381439208984, 36.9406623840332, 31.888391494750977, 31.368844985961914, 28.267793655395508, 30.013002395629883, 24.990121841430664], "PM10": [0.004008373711258173, 0.009527232497930527, 0.02744136191904545, 0.03585120663046837, 0.02681887149810791, 0.024364428594708443, 0.0333261601626873, 0.3211730122566223, 1.2750420570373535, 1.307541012763977, 0.1238522008061409, 0.025153713300824165, 0.04611347243189812, 0.05542851239442825, 0.09275627881288528, 0.12149366736412048, 0.23522792756557465, 0.2555035650730133, 0.2520899474620819, 0.24894842505455017, 0.2551669478416443, 0.2627864480018616, 0.24531248211860657, 0.25003889203071594], "PM25": [0.0007169765303842723, 1.898033872294036e-07, 0.001463075284846127, 0.0015478559071198106, 0.00392384035512805, 0.00288027198985219, 0.00517728878185153, 0.039440885186195374, 0.16366036236286163, 0.14405527710914612, 0.014417287893593311, 5.860282908543013e-05, 0.0009880095021799207, 0.000371362577425316, 0.0009231957956217229, 0.0002659845049493015, 0.0003757041413336992, 0.014716848731040955, 0.00020665416377596557, 4.803826413990464e-06, 1.1515394362504594e-05, 1.3462454262480605e-05, 8.735537448956165e-07, 0.0039266739040613174]}