{"CO": [7.855007311263762e-07, 2.3013073587208055e-05, 0.0017615582328289747, 0.0012877461267635226, 0.019157931208610535, 0.01359461061656475, 0.0075454688630998135, 0.004558552987873554, 0.03321445360779762, 0.2614431083202362, 0.5000811815261841, 1.2000445127487183, 0.9005458950996399, 1.461835265159607, 6.071935176849365, 6.9110283851623535, 6.845798015594482, 6.69575309753418, 6.587666988372803, 5.579741477966309, 6.868382930755615, 6.90578031539917, 6.7967658042907715, 6.845958709716797], "NO2": [3.550097608240321e-05, 0.00021760577510576695, 0.002935895463451743, 0.035513464361429214, 0.41568523645401, 0.8095219731330872, 0.6002325415611267, 0.2180512398481369, 0.02192085236310959, 0.08177889883518219, 0.057532500475645065, 0.544424831867218, 0.7767921686172485, 1.89531409740448, 0.5333583354949951, 0.5181768536567688, 0.26047635078430176, 0.22601298987865448, 0.13391053676605225, 0.5488620400428772, 0.39522334933280945, 0.5317612290382385, 0.7209360599517822, 0.8850418925285339], "SO2": [6.655463380411675e-08, 0.0001663897419348359, 0.00035135907819494605, 0.0007765489281155169, 0.0018534633563831449, 0.052626773715019226, 0.005471824202686548, 0.001102063455618918, 0.007189726922661066, 0.016778932884335518, 2.5597498733986868e-06, 0.00023500117822550237, 3.816734526086024e-13, 0.013897723518311977, 0.004472777247428894, 0.008814511820673943, 0.08915001899003983, 0.02126743458211422, 0.007564805913716555, 0.02092888206243515, 0.0018061416922137141, 0.00016904454969335347, 3.816734526086024e-13, 3.816734526086024e-13], "O3": [0.00019567982235457748, 0.003441588021814823, 0.10492171347141266, 0.2589982748031616, 1.010617971420288, 0.5162429809570312, 0.13460764288902283, 0.03722327947616577, 0.33280640840530396, 1.883324146270752, 4.268723011016846, 6.544111728668213, 5.854887008666992, 8.364890098571777, 37.41159439086914, 39.99236297607422, 38.8970832824707, 36.9752197265625, 38.32637405395508, 38.4547233581543, 41.094486236572266, 38.627315521240234, 32.518062591552734, 30.55270004272461], "PM10": [0.0025070339906960726, 0.5485987663269043, 0.008617082610726357, 0.016438128426671028, 0.04665320739150047, 2.585904836654663, 1.2659592628479004, 0.13175974786281586, 0.0457480251789093, 0.31286847591400146, 0.03145769238471985, 0.23020882904529572, 0.7047706842422485, 0.24733637273311615, 0.3528865575790405, 0.35747796297073364, 0.6805726885795593, 1.2464855909347534, 0.3111490309238434, 0.3380337059497833, 0.2454511523246765, 0.27915841341018677, 5.498323440551758, 12.835225105285645], "PM25": [5.688015517080203e-05, 0.3047134280204773, 0.0005068474565632641, 0.0009368199971504509, 0.01063375174999237, 1.2753574848175049, 0.6476444005966187, 0.05803661048412323, 0.005896480288356543, 0.12933631241321564, 0.000473768770461902, 0.07134577631950378, 0.0646677240729332, 0.05934761464595795, 0.02040267363190651, 0.030662627890706062, 0.18744847178459167, 0.15601857006549835, 0.015294015407562256, 0.050058044493198395, 0.000434508896432817, 0.0017690097447484732, 0.46995285153388977, 1.1747337579727173]}