{"CO": [2.7118919661006657e-06, 0.007422077935189009, 0.004191497806459665, 0.034196674823760986, 0.04424323886632919, 0.03212304785847664, 0.02309907041490078, 0.017428560182452202, 0.04327259212732315, 0.29274988174438477, 3.737595796585083, 3.3324944972991943, 2.727383852005005, 3.1639254093170166, 5.532750129699707, 5.274746417999268, 6.387670993804932, 6.659666538238525, 6.298832893371582, 5.977059841156006, 6.050384044647217, 6.7708282470703125, 6.840396404266357, 6.913393020629883], "NO2": [7.086339610395953e-05, 0.01031047385185957, 0.02656959742307663, 0.5005971193313599, 0.7240902185440063, 0.8511978387832642, 0.9030078649520874, 0.8191348910331726, 0.08059675246477127, 0.13439491391181946, 0.07946266233921051, 0.4875902831554413, 1.0369718074798584, 1.0884778499603271, 0.5762981176376343, 1.2696973085403442, 0.2566526234149933, 0.08997020870447159, 0.24568894505500793, 0.47331151366233826, 0.5489829182624817, 0.3998106122016907, 0.25473397970199585, 0.38298895955085754], "SO2": [3.95970501396517e-13, 4.698232905150923e-13, 6.405062591419153e-11, 7.186199877350086e-13, 3.81673154453005e-13, 6.855804986216629e-13, 7.20116688501804e-10, 9.784373311561012e-09, 1.3801158047499484e-06, 6.0975467931712046e-05, 0.012733007781207561, 1.262891419173684e-05, 2.7850592232425697e-06, 1.185680134803413e-12, 5.407002623414314e-10, 1.0953281304182383e-07, 4.0225688735517906e-07, 0.00014885087148286402, 0.0011281146435067058, 0.0006599167827516794, 1.762044462338963e-06, 0.04258648306131363, 0.15073131024837494, 0.2678055763244629], "O3": [0.0005468174931593239, 0.44315242767333984, 0.1679839938879013, 1.4704786539077759, 1.8353209495544434, 0.990601122379303, 0.5070205330848694, 0.31594327092170715, 1.510164737701416, 2.920844793319702, 25.385147094726562, 26.792247772216797, 20.72745704650879, 20.27326202392578, 27.85259246826172, 21.696203231811523, 34.86789321899414, 39.38857650756836, 37.86983108520508, 34.50096130371094, 32.54490661621094, 33.40888595581055, 34.154075622558594, 34.74198913574219], "PM10": [0.006573235150426626, 0.30129334330558777, 0.02455298788845539, 0.01817944087088108, 0.009539947845041752, 0.029482269659638405, 0.07457137107849121, 0.18059664964675903, 0.4051728844642639, 0.02707555703818798, 0.13514123857021332, 0.13978421688079834, 0.10001970082521439, 0.11065735667943954, 0.20171937346458435, 0.18524497747421265, 0.22924353182315826, 0.26060718297958374, 0.256486713886261, 0.24394288659095764, 0.24812479317188263, 0.23347821831703186, 0.20210649073123932, 0.18599359691143036], "PM25": [0.0021033186931163073, 0.1509600430727005, 0.0033321320079267025, 0.003952735103666782, 0.0005048048333264887, 0.008513201028108597, 0.02796919271349907, 0.08306464552879333, 0.19685617089271545, 0.0031441617757081985, 3.6240675171939074e-07, 5.252568007563241e-05, 0.0007145639392547309, 4.226094585391138e-09, 7.61218907427974e-05, 0.0009351277840323746, 0.00032032383023761213, 1.6578002032474615e-05, 2.2856937675896916e-08, 5.876615978195332e-05, 8.259955393441487e-06, 7.607594307046384e-05, 0.00016369567310903221, 0.002585118869319558]}