{"CO": [2.7752871574193705e-06, 0.00013534155732486397, 0.10142112523317337, 0.0213963333517313, 0.003653621068224311, 0.003722792025655508, 0.012960049323737621, 0.028186092153191566, 0.3530074656009674, 1.0834145545959473, 0.9735379815101624, 1.2424325942993164, 1.2104614973068237, 1.329862117767334, 1.6822208166122437, 5.0111308097839355, 5.931766986846924, 6.491060256958008, 5.971628665924072, 5.200456142425537, 5.361387252807617, 6.02115535736084, 6.828179359436035, 6.869834899902344], "NO2": [4.3817035475512967e-05, 0.0016913395375013351, 0.08781202137470245, 0.3515711724758148, 0.3486626148223877, 0.23813167214393616, 0.047816768288612366, 0.13384191691875458, 0.12333427369594574, 0.19433170557022095, 0.316197007894516, 1.0964369773864746, 1.461930751800537, 1.5759546756744385, 1.0505164861679077, 0.7506269812583923, 0.3728596270084381, 0.2749992609024048, 0.17353689670562744, 0.20804455876350403, 0.6007742881774902, 0.521638035774231, 0.24942143261432648, 0.2677691876888275], "SO2": [3.816730189277334e-13, 3.8166141796448783e-13, 3.815061602133879e-13, 3.816673810764365e-13, 3.816730189277334e-13, 3.8167312734795067e-13, 3.8167331708333085e-13, 8.72936705559324e-13, 1.0373047559797399e-10, 6.13645461271517e-05, 8.420706798517585e-09, 3.99715122112454e-11, 3.777888835099219e-10, 2.298534518274664e-08, 1.568707297394667e-08, 9.006082990481445e-09, 2.7488456453284016e-06, 2.4763560091400905e-09, 0.0009279667865484953, 4.352753239800222e-05, 3.816734526086024e-13, 2.965904744023362e-10, 3.816734526086024e-13, 0.011001244187355042], "O3": [0.00036726260441355407, 0.026094412431120872, 4.663938045501709, 2.341905117034912, 0.16675087809562683, 0.07243018597364426, 0.06658773124217987, 0.07478462904691696, 1.8307561874389648, 6.992407321929932, 7.511194229125977, 8.96103286743164, 7.588018894195557, 7.027496814727783, 9.287836074829102, 25.355749130249023, 32.6845817565918, 35.299903869628906, 40.537269592285156, 39.45326232910156, 32.61248779296875, 31.281862258911133, 35.02781677246094, 35.985992431640625], "PM10": [0.0024188202805817127, 0.003789263777434826, 0.007544356398284435, 0.007456833962351084, 0.017158646136522293, 0.006308273877948523, 0.004441045690327883, 0.006302138324826956, 0.013267258182168007, 0.03245726600289345, 0.03742135688662529, 0.03725986182689667, 0.035298991948366165, 0.04774831235408783, 0.06698931753635406, 0.2362244427204132, 0.24678274989128113, 0.27865269780158997, 0.23245640099048615, 0.23199595510959625, 0.20678919553756714, 0.2202805131673813, 0.27013590931892395, 0.284684419631958], "PM25": [1.1400637306591295e-16, 1.124377209871572e-16, 3.397467997920075e-15, 6.2815090906553905e-09, 2.4946356091959387e-09, 4.826648414280044e-09, 5.115590617776888e-09, 6.503672711488662e-09, 1.7314804034995745e-09, 3.300012207940739e-10, 2.995190762078437e-10, 1.134870843133573e-12, 5.36737054801506e-09, 1.8370178642146406e-11, 0.00013490744458977133, 0.0004988043801859021, 0.0016967979026958346, 0.01966697722673416, 0.003049558727070689, 0.0011871997267007828, 0.00037659279769286513, 0.0018219253979623318, 0.0004682920698542148, 0.0016177636571228504]}