{"CO": [0.0010711135109886527, 0.014893552288413048, 0.027931153774261475, 0.00689113512635231, 0.005278797820210457, 0.0057270280085504055, 0.006525065749883652, 0.01915682479739189, 0.03800349682569504, 0.19511929154396057, 0.43915489315986633, 0.5238770246505737, 1.6153863668441772, 1.7089893817901611, 2.233982801437378, 4.877294063568115, 5.995265007019043, 6.123265266418457, 6.259621620178223, 5.847997665405273, 5.971268653869629, 6.649134635925293, 6.644736289978027, 6.806958198547363], "NO2": [0.00047063652891665697, 0.01879863440990448, 0.11238273978233337, 0.07570353150367737, 0.12431414425373077, 0.28887316584587097, 0.34425729513168335, 1.047265887260437, 0.23803244531154633, 0.18872688710689545, 0.10478062182664871, 0.3059753179550171, 0.304134726524353, 0.7004750370979309, 0.3310677111148834, 0.1599946767091751, 0.34874504804611206, 0.16262906789779663, 0.3218119740486145, 0.27295008301734924, 0.9798600673675537, 0.7586613893508911, 0.7881981134414673, 0.5400405526161194], "SO2": [0.3621302843093872, 0.413743257522583, 0.08015336841344833, 0.0015247600385919213, 9.393937006052511e-08, 9.191841854772065e-06, 0.03264804556965828, 0.27245283126831055, 0.3142048716545105, 0.2762072682380676, 0.007051833439618349, 0.0004913133452646434, 0.00035318228765390813, 1.730263399224441e-08, 3.338345422321254e-08, 0.03563105687499046, 0.012476330623030663, 0.0014149131020531058, 0.00045199558371677995, 0.0007451107958331704, 0.0002621885796543211, 0.0015176902525126934, 0.05063612386584282, 0.10696228593587875], "O3": [0.006781302858144045, 0.7807164788246155, 1.459803819656372, 0.20409449934959412, 0.12985844910144806, 0.019511926919221878, 0.00625839876011014, 0.03298637643456459, 2.6933960914611816, 7.273556232452393, 7.2732343673706055, 7.054059982299805, 11.00447940826416, 9.365777015686035, 13.984699249267578, 26.10954475402832, 33.63162612915039, 35.80286407470703, 34.606327056884766, 36.164703369140625, 27.576387405395508, 28.28546714782715, 30.707307815551758, 28.49920654296875], "PM10": [0.6311554908752441, 1.0295672416687012, 0.5494826436042786, 0.07759787142276764, 0.02580551616847515, 0.0297193992882967, 0.22376123070716858, 1.0347094535827637, 0.9196903705596924, 1.0872738361358643, 0.049806445837020874, 0.03728574514389038, 0.05131882056593895, 0.09439634531736374, 0.09514706581830978, 0.2993027865886688, 0.2592755854129791, 0.23927709460258484, 0.2562324106693268, 0.26153677701950073, 0.23687703907489777, 0.2664470076560974, 0.24198061227798462, 0.2177765965461731], "PM25": [0.3158898949623108, 0.1015322282910347, 0.04458978399634361, 0.0032022115774452686, 0.003926972858607769, 0.002763009164482355, 0.02764028124511242, 0.14040951430797577, 0.13085198402404785, 0.09231935441493988, 0.0003718318766914308, 0.0005173696554265916, 0.002063682535663247, 0.006958667654544115, 0.000891282397788018, 0.024334056302905083, 4.000974485052211e-08, 0.0012218900956213474, 0.00018406519666314125, 1.8193961295764893e-05, 6.540156027767807e-05, 0.00024069214123301208, 2.9997194360475987e-05, 0.0012287204153835773]}