{"CO": [1.3341356179807917e-06, 0.06281706690788269, 0.05882132798433304, 0.007628607098013163, 0.010264734737575054, 0.0054008373990654945, 0.004850640892982483, 0.005804652813822031, 0.10125838965177536, 0.11559006571769714, 0.4606257379055023, 1.012603759765625, 1.9859284162521362, 2.1947872638702393, 1.7208935022354126, 4.229921340942383, 3.8566267490386963, 2.9319324493408203, 4.990545272827148, 5.212315082550049, 4.844799995422363, 6.338154315948486, 6.718939781188965, 6.5398359298706055], "NO2": [1.75906370714074e-05, 0.2540385127067566, 0.45249539613723755, 0.6991997361183167, 0.5020450949668884, 0.3974916934967041, 0.32458677887916565, 0.26704421639442444, 0.38456082344055176, 3.3487977981567383, 2.9760372638702393, 3.3338770866394043, 4.741486549377441, 5.188155174255371, 3.859426736831665, 4.509000301361084, 1.4787266254425049, 2.7978103160858154, 0.9910675883293152, 1.8339430093765259, 2.878911256790161, 2.6831023693084717, 2.0145695209503174, 3.3598828315734863], "SO2": [3.8167331708333085e-13, 3.8159051114240727e-13, 3.8163515316685936e-13, 3.8167347971365673e-13, 3.816734526086024e-13, 9.412784787721229e-12, 1.0172346992520787e-10, 1.2407306293482634e-09, 5.286525439629486e-09, 3.816734526086024e-13, 3.8167347971365673e-13, 3.816734526086024e-13, 2.7111585546024664e-12, 3.816734526086024e-13, 9.746949913846947e-10, 2.1317480047855497e-07, 3.023346195618615e-08, 0.00020115621737204492, 3.8167347971365673e-13, 3.816734526086024e-13, 6.818702331656823e-07, 1.7260408640140668e-06, 2.768091356131208e-08, 6.919608495081775e-07], "O3": [0.0001303469471167773, 3.8467276096343994, 5.463267803192139, 0.4421083331108093, 0.17219004034996033, 0.0002503182040527463, 3.3642736525507644e-06, 0.0008978424593806267, 1.4634376764297485, 4.701050281524658, 4.674225807189941, 5.954871654510498, 5.109740257263184, 4.3201398849487305, 4.6580095291137695, 18.64478874206543, 19.504247665405273, 12.867157936096191, 31.002803802490234, 30.395639419555664, 30.453577041625977, 32.30238723754883, 31.800071716308594, 28.877952575683594], "PM10": [0.0023900638334453106, 0.007664650212973356, 0.00728065287694335, 0.010799176059663296, 0.0128417257219553, 0.007253079209476709, 0.00908659864217043, 0.009967084042727947, 0.00527507159858942, 0.008151456713676453, 0.015771154314279556, 0.03516285493969917, 0.06257173418998718, 0.0704287439584732, 0.059267982840538025, 0.8192311525344849, 0.935026228427887, 0.2890719473361969, 0.2031509280204773, 0.23337239027023315, 0.20301039516925812, 0.44560298323631287, 1.36042058467865, 0.36729657649993896], "PM25": [1.0574338137699004e-16, 1.063292502438042e-16, 1.6201818574975682e-16, 1.0894331836652782e-07, 1.1263230348390607e-08, 1.6976786643141395e-09, 2.833685786018947e-10, 3.4116520719607024e-10, 3.125849856733254e-10, 2.4353321442793785e-11, 2.951525525721199e-12, 3.152921500271244e-12, 6.1614667361264974e-12, 1.2039607158453869e-11, 9.023105121741537e-06, 0.007092874962836504, 0.04675179347395897, 0.00803518295288086, 6.766143633285537e-05, 0.0002006318245548755, 7.195842772489414e-05, 0.012461606413125992, 0.0783725455403328, 0.006500238552689552]}