{"CO": [1.9055487427976914e-05, 0.00027618659078143537, 0.00653931824490428, 0.09271854162216187, 0.005584084428846836, 0.0021166589576750994, 0.0028897891752421856, 0.00904805213212967, 0.3076997399330139, 0.7241933941841125, 0.8904715180397034, 0.6022042036056519, 0.9324808716773987, 1.3253405094146729, 3.209576368331909, 3.9373018741607666, 6.364459037780762, 6.533084392547607, 5.859060764312744, 5.0897111892700195, 6.171473503112793, 6.589042663574219, 6.851433753967285, 6.900272369384766], "NO2": [0.00035895235487259924, 0.003698224201798439, 0.053963277488946915, 0.4100828468799591, 0.34004831314086914, 0.2725415527820587, 0.19984354078769684, 0.11269290745258331, 0.16754551231861115, 0.09569653868675232, 0.06824348866939545, 1.2061526775360107, 0.5042377710342407, 1.4583042860031128, 1.2242164611816406, 1.8557606935501099, 0.5373034477233887, 0.48333778977394104, 0.4704308807849884, 0.5263421535491943, 1.1858247518539429, 0.8918302059173584, 0.4271194040775299, 0.8105916976928711], "SO2": [3.816718805154523e-13, 3.816450465116833e-13, 1.2035653506811683e-12, 2.4308139501272308e-08, 8.752192763930577e-13, 4.9017775949344866e-11, 6.431990584587766e-08, 1.271512783951323e-09, 1.2297401985605916e-09, 0.0006239143549464643, 4.969751898897812e-05, 3.6177702895656694e-06, 3.7120466913620476e-06, 5.974901129413013e-11, 1.0215722490158896e-08, 1.0180972384588038e-11, 6.135927378636552e-06, 2.502500365153537e-06, 0.0009462511516176164, 0.0008581369766034186, 6.439108091171875e-08, 8.31632405606797e-06, 0.06096252426505089, 0.23776112496852875], "O3": [0.003846465377137065, 0.053009744733572006, 0.34610065817832947, 5.407827377319336, 0.5308467149734497, 0.032705649733543396, 0.012959470972418785, 0.017299575731158257, 1.7644530534744263, 5.785147666931152, 5.7538838386535645, 5.650383472442627, 7.114110469818115, 7.632843017578125, 18.11377716064453, 16.66059112548828, 34.18431091308594, 34.94634246826172, 33.2098503112793, 35.666648864746094, 28.5725040435791, 33.46116638183594, 36.27595901489258, 32.75371551513672], "PM10": [0.002728881314396858, 0.0032488435972481966, 0.009451406076550484, 0.007713524159044027, 0.007969384081661701, 0.006796449422836304, 0.005443783476948738, 0.004624282009899616, 0.01141461730003357, 0.03142353147268295, 0.028211258351802826, 0.015516518615186214, 0.030846107751131058, 0.04338553920388222, 0.1080925315618515, 0.16504253447055817, 0.2878362834453583, 0.6009038090705872, 0.3048745393753052, 0.2513481676578522, 0.22535140812397003, 0.2807239294052124, 0.249056875705719, 0.1965198665857315], "PM25": [1.2257834755091766e-14, 1.1203346127819028e-16, 9.599172151597557e-12, 4.9371934096598125e-08, 1.214315314967962e-08, 8.440583343372055e-09, 1.4743702786423896e-11, 1.9059266317955625e-11, 2.3907883672791286e-08, 4.8964157031150535e-05, 5.573323505814187e-06, 6.445397048082668e-06, 5.449515356303891e-06, 6.538535672007129e-05, 0.0013796122511848807, 0.00307365320622921, 0.018255440518260002, 0.1710100620985031, 0.03077096678316593, 0.0021054893732070923, 0.0006030631484463811, 0.006943259388208389, 0.003317386144772172, 0.0023138003889471292]}