{"CO": [5.076297838968458e-06, 0.0011673127301037312, 0.009873714298009872, 0.007463330402970314, 0.008605399169027805, 0.010931980796158314, 0.021520894020795822, 0.02054963819682598, 0.03157675266265869, 0.17766962945461273, 1.0002586841583252, 1.8222354650497437, 2.013035535812378, 2.348428964614868, 4.024374961853027, 4.143515110015869, 6.00941276550293, 6.403807163238525, 5.91199254989624, 6.252787113189697, 6.386553764343262, 6.427303314208984, 6.614180088043213, 6.841887474060059], "NO2": [0.00019395409617573023, 0.008119918406009674, 0.12132357805967331, 0.2073298990726471, 0.5003718137741089, 0.5205020904541016, 1.0995457172393799, 1.2313008308410645, 0.1949131190776825, 0.3535601496696472, 0.12282794713973999, 0.4174339473247528, 0.517571747303009, 2.738323211669922, 2.8740878105163574, 3.873562812805176, 0.43539655208587646, 0.357605516910553, 0.3779776692390442, 0.2837080955505371, 1.5392357110977173, 0.5563673973083496, 1.6235600709915161, 2.3175904750823975], "SO2": [5.047626270952843e-13, 3.816115446645535e-13, 6.965837195255231e-12, 3.6210770493205757e-10, 4.941631132071578e-11, 6.875957581087278e-10, 1.6825867088510194e-10, 1.0199353583928428e-09, 6.108441539254272e-07, 7.15308851795271e-06, 0.005291542038321495, 0.00017358323384542018, 3.816734526086024e-13, 1.3328553905012086e-06, 2.0990655684727244e-06, 9.293856351177965e-08, 2.1463364419105346e-07, 7.834696589270607e-05, 0.0025058863684535027, 0.0031241336837410927, 0.0006073499680496752, 0.02399071305990219, 0.01585688628256321, 0.15171368420124054], "O3": [0.0012732960749417543, 0.14401879906654358, 0.33875662088394165, 0.1986510455608368, 0.021990157663822174, 0.04135013744235039, 0.1296117901802063, 0.009447513148188591, 2.042912721633911, 3.323709011077881, 8.474952697753906, 12.401215553283691, 11.322669982910156, 10.719822883605957, 18.260927200317383, 13.219450950622559, 31.264812469482422, 34.183807373046875, 35.078765869140625, 40.65409851074219, 33.79991149902344, 31.01494598388672, 26.595794677734375, 26.809680938720703], "PM10": [0.002563613699749112, 0.07924456894397736, 0.15659762918949127, 0.02720000222325325, 0.01912415213882923, 0.018870679661631584, 0.014768105931580067, 0.035088058561086655, 0.08836086839437485, 0.07285665720701218, 0.035628605633974075, 0.0971289724111557, 0.08319812268018723, 0.08853969722986221, 0.14628197252750397, 0.14428077638149261, 0.21706818044185638, 0.22731798887252808, 0.25107526779174805, 0.27812856435775757, 0.26560384035110474, 0.25704821944236755, 0.22476880252361298, 0.1967882364988327], "PM25": [1.9839271772070788e-06, 0.021052470430731773, 0.06820330768823624, 0.0005450680037029088, 0.0004536311898846179, 0.00023705765488557518, 0.0009976114379242063, 0.010853484272956848, 0.03419813513755798, 0.0232493057847023, 0.00016119320935104042, 1.0379537343396805e-05, 1.8407154129818082e-05, 1.2655663113037008e-06, 9.444689567317255e-06, 9.414732630830258e-06, 6.979053432587534e-05, 7.994762199814431e-06, 5.330174644768704e-06, 1.0327215704819537e-06, 2.90394473267952e-06, 4.991569539924967e-07, 0.00023400838836096227, 0.0008350159041583538]}