{"CO": [3.544660648913123e-05, 0.004366372246295214, 0.00574840372428298, 0.006144024431705475, 0.00540302786976099, 0.005820854566991329, 0.009373782202601433, 0.015372798778116703, 0.02491859532892704, 0.18583428859710693, 0.35629069805145264, 0.7638694047927856, 0.7427980303764343, 2.223851203918457, 2.5730907917022705, 3.6124267578125, 5.137103080749512, 5.808302879333496, 5.26876974105835, 5.8768439292907715, 6.2411956787109375, 6.492417812347412, 6.576098442077637, 6.719371318817139], "NO2": [0.0005483197746798396, 0.009311082772910595, 0.01976826600730419, 0.13075707852840424, 0.21764510869979858, 0.2848203182220459, 0.47330528497695923, 0.9322057962417603, 0.2829715311527252, 0.10982804000377655, 0.11503420770168304, 0.4063203036785126, 0.5817413926124573, 1.232784390449524, 2.114504337310791, 1.1763960123062134, 0.4837247133255005, 0.2686741352081299, 0.41691893339157104, 0.26659080386161804, 0.6064795255661011, 0.48685044050216675, 1.2020127773284912, 2.2936878204345703], "SO2": [0.0001320890587521717, 7.895609721586538e-10, 2.1291552965152505e-09, 5.581049663305748e-06, 4.52792825456072e-09, 1.050009814207442e-06, 3.148121550111682e-07, 0.07797513902187347, 0.6972531676292419, 0.3263193666934967, 0.002977578667923808, 0.00015280269144568592, 7.128535798983648e-06, 2.879314209280892e-08, 3.069517617859674e-08, 1.0868870049307588e-05, 9.430488717043772e-05, 0.0010549271246418357, 0.0015794927021488547, 0.00019503508519846946, 2.6831576178665273e-05, 1.2816108210245147e-06, 0.02659725770354271, 0.07247119396924973], "O3": [0.004291592165827751, 0.3087286949157715, 0.24672017991542816, 0.2252066284418106, 0.055086273699998856, 0.0016725556924939156, 0.016580376774072647, 0.03374936059117317, 2.034963607788086, 5.72322416305542, 5.9740891456604, 6.782620906829834, 5.9103803634643555, 12.517056465148926, 12.999954223632812, 17.94264030456543, 28.363088607788086, 32.86898422241211, 36.20249557495117, 33.94502258300781, 34.16228103637695, 32.96507263183594, 27.73784637451172, 22.479185104370117], "PM10": [0.0032440312206745148, 0.009280742146074772, 0.011436909437179565, 0.028795406222343445, 0.026075640693306923, 0.029600538313388824, 0.047094427049160004, 1.0836931467056274, 2.6653263568878174, 1.4124836921691895, 0.01563118025660515, 0.032900843769311905, 0.0426470972597599, 0.08657126128673553, 0.09786758571863174, 0.1475159078836441, 0.24405254423618317, 0.25722625851631165, 0.2459404021501541, 0.23942899703979492, 0.25621989369392395, 0.2653369605541229, 0.25024935603141785, 0.3922717273235321], "PM25": [0.00015288361464627087, 2.718342217988834e-10, 1.0726041166364553e-09, 0.0036770235747098923, 0.0021842315327376127, 0.005128245335072279, 0.005785371642559767, 0.0849890485405922, 0.5613122582435608, 0.17504625022411346, 2.1383134480856825e-06, 3.6892133721266873e-06, 0.001066826400347054, 0.00018720071238931268, 3.5995637972519035e-06, 0.000230561985517852, 0.019899312406778336, 0.017236128449440002, 0.0012625615345314145, 5.777163210041181e-07, 8.539103873772547e-06, 1.3708074220630806e-05, 0.0009101597825065255, 0.006356178317219019]}