{"CO": [1.7245067738258513e-06, 0.0008614285034127533, 0.007295878604054451, 0.04349479079246521, 0.008159621618688107, 0.0037494327407330275, 0.005853343289345503, 0.06542282551527023, 0.4168454706668854, 0.5331832766532898, 0.5767741203308105, 1.1479851007461548, 1.0892369747161865, 2.3431081771850586, 3.8843436241149902, 5.246240139007568, 5.851810932159424, 6.622483253479004, 5.640218257904053, 5.465040683746338, 6.000517845153809, 6.702845573425293, 6.66312313079834, 6.844300746917725], "NO2": [2.610944284242578e-05, 0.003980166278779507, 0.010348177514970303, 0.2555973529815674, 0.36995288729667664, 0.3283092975616455, 0.09547945111989975, 0.054314229637384415, 0.04010215401649475, 0.1785307377576828, 0.0492764487862587, 0.6437132954597473, 0.8666313886642456, 0.8368574976921082, 0.8471728563308716, 0.42772191762924194, 0.4463837444782257, 0.18121425807476044, 0.21795079112052917, 0.41348299384117126, 0.402315616607666, 0.33128321170806885, 0.5645912885665894, 0.30105096101760864], "SO2": [2.5407331122551113e-05, 1.21888954485172e-09, 3.3636493753874674e-05, 9.62537797022378e-07, 4.8164099375469505e-09, 0.01617329940199852, 0.0044627925381064415, 1.606349087523995e-06, 0.0002140722790500149, 0.006070275325328112, 2.738107923505595e-06, 5.7090674090432e-06, 1.623849470888672e-06, 2.5673728032415966e-06, 3.8167347971365673e-13, 0.00014204534818418324, 1.9485643321104362e-08, 3.0494313705276e-06, 0.000175336332176812, 0.0005010283784940839, 3.816734526086024e-13, 3.816734526086024e-13, 3.8167347971365673e-13, 0.02075233869254589], "O3": [0.00018744324916042387, 0.10503759235143661, 0.36221474409103394, 2.078894853591919, 0.5756813287734985, 0.08817685395479202, 0.04229919612407684, 0.27840378880500793, 2.042314052581787, 2.867947578430176, 5.8615946769714355, 7.024350643157959, 7.948604583740234, 15.055435180664062, 19.67672348022461, 28.920427322387695, 32.2508544921875, 36.764015197753906, 38.71306610107422, 34.58693313598633, 33.71022033691406, 36.30344009399414, 31.718914031982422, 35.13227081298828], "PM10": [0.0026514395140111446, 0.0039382982067763805, 0.009397532790899277, 0.008508755825459957, 0.008171509020030499, 0.3790171444416046, 0.004833202809095383, 0.00401168130338192, 0.015753209590911865, 0.10304006189107895, 0.018739856779575348, 0.036708664149045944, 0.03275897726416588, 0.09208361804485321, 0.6024057269096375, 0.5987917184829712, 0.40620332956314087, 0.28194114565849304, 0.23143842816352844, 0.2500448524951935, 0.4012730121612549, 0.2977617681026459, 0.431121826171875, 0.28589075803756714], "PM25": [8.904396236175671e-05, 1.1332405847053195e-10, 3.1575960747431964e-05, 1.7097611104688326e-09, 1.596359652467072e-05, 0.05029831826686859, 9.070430678548291e-06, 1.5985550589903141e-06, 0.00044550513848662376, 0.024943407624959946, 1.7287113223574124e-05, 2.6042311219498515e-05, 3.3664138754829764e-05, 0.0038598913233727217, 0.07028426229953766, 2.6392888230475364e-07, 0.028825687244534492, 0.02251087687909603, 0.0013203242560848594, 0.009004739113152027, 0.043061356991529465, 0.0025519682094454765, 0.048451799899339676, 0.004319632425904274]}