{"CO": [1.0323365984277189e-07, 3.123882561339997e-05, 0.0020912261679768562, 0.0027006410527974367, 0.004506285302340984, 0.008017797023057938, 0.006761491298675537, 0.007868843153119087, 0.013298864476382732, 0.10113422572612762, 0.09596510231494904, 0.46625521779060364, 1.0058043003082275, 1.0053492784500122, 1.1507521867752075, 1.5965665578842163, 3.1138689517974854, 5.2158894538879395, 5.778250217437744, 6.879361629486084, 6.540991306304932, 6.835669040679932, 6.322497844696045, 6.459029674530029], "NO2": [3.033664484064502e-07, 0.00012778073141817003, 0.002944907872006297, 0.03008221834897995, 0.0899568498134613, 0.27540016174316406, 0.3191058039665222, 0.38284096121788025, 0.05469375103712082, 0.06076551228761673, 0.025410674512386322, 0.6081729531288147, 0.639194905757904, 1.3194247484207153, 1.110620141029358, 0.9799948930740356, 0.6213637590408325, 0.2338477373123169, 0.25959211587905884, 0.4387994706630707, 1.2979910373687744, 0.8480072021484375, 0.813490092754364, 0.8981523513793945], "SO2": [1.7300640919870602e-09, 9.085278725251555e-05, 0.018525658175349236, 0.0001065703181666322, 1.4242607981884703e-08, 2.590865122442665e-08, 1.1866156768292058e-07, 1.6185093443255028e-07, 2.6761460603097476e-08, 0.0878535583615303, 0.019692836329340935, 0.00019892601994797587, 4.4492878714663675e-08, 1.4771391931844846e-07, 5.848138862063479e-09, 8.043719503803004e-07, 0.00023251638049259782, 0.00686697568744421, 0.0006465981132350862, 0.0001278516574529931, 0.0003935567510779947, 0.010774858295917511, 0.0011272479314357042, 0.005743212066590786], "O3": [5.326375685399398e-06, 0.003993848338723183, 0.12772762775421143, 0.08394026011228561, 0.09970400482416153, 0.09861097484827042, 0.016169371083378792, 0.023346152156591415, 0.6774378418922424, 3.9949557781219482, 2.5880625247955322, 6.593625545501709, 10.550041198730469, 7.043835639953613, 7.1827073097229, 8.922625541687012, 18.0493221282959, 32.24872970581055, 33.72825241088867, 37.194190979003906, 26.6665096282959, 29.899463653564453, 23.433534622192383, 18.86383628845215], "PM10": [0.0024539800360798836, 0.0027533061802387238, 0.07090026140213013, 0.09771949797868729, 0.07647533714771271, 0.03132704645395279, 0.04680049791932106, 0.051966819912195206, 0.048526160418987274, 0.45215287804603577, 0.2043837159872055, 0.016385404393076897, 0.027768848463892937, 0.028257710859179497, 0.03466425836086273, 0.07420562207698822, 0.14737801253795624, 0.2102482169866562, 0.23902282118797302, 0.3052184581756592, 0.262344092130661, 0.25454819202423096, 0.24845516681671143, 0.2509041428565979], "PM25": [1.6325224505564506e-09, 2.7519428840605542e-05, 0.005541556514799595, 0.0021127983927726746, 0.002666758606210351, 0.0018061896553263068, 0.001648750388994813, 0.0023254998959600925, 0.0019394544651731849, 0.030370619148015976, 0.012083367444574833, 0.00015450730279553682, 7.658755203010514e-05, 0.00011546090536285192, 6.888961797812954e-05, 0.0019912049174308777, 0.001796859665773809, 0.00020396951003931463, 1.60355066327611e-05, 9.448954330082415e-08, 1.4367635685630376e-06, 8.32012574392138e-08, 3.289101869086153e-06, 4.226181044941768e-05]}