{"CO": [0.005178637802600861, 0.013989823870360851, 0.036923520267009735, 0.005512573756277561, 0.005186836235225201, 0.004807235207408667, 0.005877571180462837, 0.027153190225362778, 0.03887822479009628, 0.15636181831359863, 0.2539631128311157, 0.3617740273475647, 0.6002923846244812, 1.4877781867980957, 2.848907232284546, 5.815272808074951, 6.638691425323486, 6.351450443267822, 6.349836826324463, 5.7281012535095215, 6.637969970703125, 6.794776439666748, 6.702474117279053, 6.825510025024414], "NO2": [0.00557554978877306, 0.01845509372651577, 0.07594559341669083, 0.017203235998749733, 0.16512608528137207, 0.16211386024951935, 0.29046595096588135, 0.7706030607223511, 0.23564331233501434, 0.12920716404914856, 0.16607750952243805, 0.1969761699438095, 0.30701974034309387, 0.33719778060913086, 0.26691722869873047, 0.3181411027908325, 0.15771333873271942, 0.11596133559942245, 0.13333293795585632, 0.2757773995399475, 0.29431992769241333, 0.35813388228416443, 0.3411090672016144, 0.27110037207603455], "SO2": [1.8599531650543213, 0.6690924167633057, 0.1911955624818802, 0.022801533341407776, 0.001629592734389007, 5.647121437135638e-09, 0.00832462776452303, 5.749148845672607, 1.8126640319824219, 0.7810940146446228, 0.0022956395987421274, 3.509938650836375e-08, 0.06036091595888138, 3.816734526086024e-13, 1.617778980289586e-05, 0.00672442652285099, 0.6708802580833435, 0.0509844571352005, 0.001378907123580575, 6.891723023727536e-05, 0.0015876414254307747, 0.0003372897335793823, 0.0138343321159482, 0.014335607178509235], "O3": [0.0661480501294136, 0.8615556955337524, 1.383951187133789, 0.19279129803180695, 0.08728792518377304, 0.05166849121451378, 0.025875568389892578, 0.039450593292713165, 3.006586790084839, 5.947990894317627, 3.831037998199463, 5.276717662811279, 5.237612247467041, 9.540019035339355, 17.500526428222656, 28.639284133911133, 37.81500244140625, 36.42852020263672, 36.360660552978516, 35.637630462646484, 35.05311584472656, 30.189815521240234, 31.284473419189453, 30.715665817260742], "PM10": [5.295867443084717, 1.6985620260238647, 1.3231045007705688, 0.09308978170156479, 0.03887009993195534, 0.03465903550386429, 0.1757562756538391, 18.430383682250977, 6.470043182373047, 3.9060237407684326, 0.0702604278922081, 0.05437372252345085, 1.696015477180481, 0.06351544708013535, 0.15218813717365265, 0.2594963610172272, 2.8172149658203125, 0.49598315358161926, 0.25290295481681824, 0.2541770040988922, 0.2750582993030548, 0.2820948660373688, 0.282633900642395, 0.395444393157959], "PM25": [2.625385046005249, 0.19320456683635712, 0.0642109289765358, 0.04460541531443596, 0.0019850844983011484, 0.0007161895046010613, 0.008120771497488022, 1.8668044805526733, 1.0061304569244385, 0.4535245895385742, 0.002144705271348357, 0.0007822746993042529, 0.21937601268291473, 0.03995639458298683, 0.005949513521045446, 0.0006498692673631012, 0.7037122845649719, 0.041088636964559555, 0.00024432677309960127, 1.8102080503012985e-05, 3.7871816402912373e-06, 1.1342071860431357e-14, 0.001588373095728457, 0.00781027227640152]}