{"CO": [0.0032541558612138033, 0.007618892937898636, 0.005490902345627546, 0.04121129959821701, 0.04285911098122597, 3.026420745300129e-05, 0.003692468162626028, 0.01980726607143879, 0.03649378567934036, 0.15319383144378662, 0.37968915700912476, 0.5800251364707947, 0.8957008719444275, 1.686954140663147, 4.292725563049316, 6.203746795654297, 6.758118629455566, 6.130808353424072, 6.414380073547363, 5.686289310455322, 6.598887920379639, 6.850692272186279, 6.762407302856445, 6.885104179382324], "NO2": [0.005628163926303387, 0.006940548773854971, 0.011949080973863602, 0.32338079810142517, 0.3540852665901184, 0.20723962783813477, 0.549970805644989, 0.699346125125885, 0.2271886169910431, 0.3128013014793396, 0.06219007447361946, 0.3434433937072754, 0.3227025866508484, 0.8795344829559326, 0.22133700549602509, 0.42746010422706604, 0.22640761733055115, 0.07989990711212158, 0.07043205201625824, 0.2803429663181305, 0.2087140679359436, 0.2631838619709015, 0.4065200686454773, 0.2969870865345001], "SO2": [1.3218084573745728, 2.808309316635132, 0.06678950041532516, 11.716442108154297, 11.720772743225098, 0.0002980465651489794, 0.639671266078949, 4.238471508026123, 2.3986704349517822, 2.1585800647735596, 0.00013265208690427244, 0.8900494575500488, 1.7718751430511475, 13.210561752319336, 0.000530964054632932, 10.291481018066406, 6.548122882843018, 0.00020711636170744896, 0.00011018157238140702, 0.001427851733751595, 0.00016658942331559956, 8.715628791833296e-05, 1.9327952861785889, 0.000400384800741449], "O3": [0.01691899076104164, 0.12172111868858337, 0.2713218331336975, 0.1495606005191803, 0.13980264961719513, 0.09569527953863144, 0.03892369940876961, 0.04620904475450516, 2.892892599105835, 5.683408737182617, 3.4306933879852295, 4.252981662750244, 6.5308332443237305, 9.785348892211914, 24.90594482421875, 31.634389877319336, 38.21025466918945, 37.9149055480957, 39.71250534057617, 34.644187927246094, 35.10513687133789, 34.44542694091797, 31.74983024597168, 33.470054626464844], "PM10": [3.787126064300537, 7.721317291259766, 0.4792500436306, 40.4903450012207, 42.4638671875, 0.28788015246391296, 2.223045587539673, 12.406683921813965, 8.781323432922363, 8.399518966674805, 0.10636648535728455, 2.2447848320007324, 7.014913082122803, 45.0430793762207, 0.26017624139785767, 31.810142517089844, 19.798770904541016, 0.2660706341266632, 0.2777749300003052, 0.3019993007183075, 0.04606109485030174, 0.03171438351273537, 20.678308486938477, 16.262989044189453], "PM25": [1.986923336982727, 4.063971996307373, 0.035951871424913406, 20.65062141418457, 21.243064880371094, 0.00024101206508930773, 0.801465630531311, 0.46116989850997925, 0.5742505788803101, 1.9060070514678955, 0.0002231925172964111, 1.1252415180206299, 3.235213041305542, 21.710844039916992, 0.0009176296880468726, 14.920992851257324, 9.086762428283691, 0.00023808583500795066, 0.00014157977420836687, 0.0023771622218191624, 0.0003221910446882248, 0.00017925890279002488, 4.942287445068359, 4.674191951751709]}