{"CO": [1.8277306708114338e-06, 6.931234383955598e-05, 0.06110011413693428, 0.0200076624751091, 0.0033244320657104254, 0.003322840202599764, 0.013903533108532429, 0.0474669523537159, 0.7206623554229736, 1.2137844562530518, 1.0730104446411133, 1.1552884578704834, 1.114242672920227, 1.2426503896713257, 2.036942958831787, 5.361896991729736, 5.826817035675049, 6.7134857177734375, 5.9373779296875, 5.867894649505615, 5.643249988555908, 5.985316276550293, 6.812905311584473, 6.862831115722656], "NO2": [2.554510319896508e-05, 0.00038668111665174365, 0.037437036633491516, 0.23294459283351898, 0.33933576941490173, 0.18685899674892426, 0.03651359677314758, 0.11611165851354599, 0.07624002546072006, 0.20034393668174744, 0.8544546961784363, 1.4720548391342163, 1.2332000732421875, 1.1954129934310913, 0.987975537776947, 0.5302785038948059, 0.2824457585811615, 0.20228299498558044, 0.0795402079820633, 0.3123801350593567, 0.1863308548927307, 0.5045983195304871, 0.26819586753845215, 0.24325573444366455], "SO2": [3.816729918226791e-13, 3.816676250219253e-13, 1.8333691769595317e-12, 3.8166911579991247e-13, 3.8167312734795067e-13, 3.8745501490349e-13, 9.905509572305515e-13, 1.3960542055713177e-08, 3.026953265816701e-08, 0.00032140186522156, 1.2411137504386716e-06, 1.6419768877895535e-09, 3.816734526086024e-13, 1.4131702030795168e-08, 3.816734526086024e-13, 8.970559406407119e-08, 2.7364030756871216e-06, 5.399837164077326e-07, 8.007192809600383e-05, 8.840457303449512e-05, 7.770073295887414e-08, 6.1545781492033935e-12, 1.1680364195854054e-06, 0.0028120269998908043], "O3": [0.00024528775247745216, 0.008396069519221783, 2.6124603748321533, 1.9303230047225952, 0.15283674001693726, 0.07168634235858917, 0.062103331089019775, 0.17111533880233765, 3.2829442024230957, 7.292980670928955, 8.3468599319458, 8.952885627746582, 6.572766304016113, 6.832807540893555, 12.11632251739502, 29.073387145996094, 32.180198669433594, 36.86960983276367, 42.7754020690918, 31.818359375, 39.91145324707031, 32.535194396972656, 34.5155143737793, 36.25711441040039], "PM10": [0.0024444616865366697, 0.00249383389018476, 0.008202922530472279, 0.007779806386679411, 0.015875643119215965, 0.0061647845432162285, 0.004009020049124956, 0.00593715300783515, 0.024601882323622704, 0.03126225247979164, 0.02862769365310669, 0.037461113184690475, 0.035625770688056946, 0.041444577276706696, 0.08589894324541092, 0.22010070085525513, 0.2483283281326294, 0.26787158846855164, 0.241361603140831, 0.2503516376018524, 0.24191045761108398, 0.20505660772323608, 0.2716905474662781, 0.3030000329017639], "PM25": [1.1168781889615132e-16, 1.3568544019705792e-16, 9.710444254240613e-13, 1.1806217337095859e-08, 2.599143567039164e-09, 4.0451699767629634e-09, 6.630109794514283e-09, 1.078304734392077e-08, 1.1304100988596133e-09, 3.68933084082812e-09, 4.232496020328824e-10, 2.118140732254581e-12, 4.244030904487772e-08, 5.256532404018799e-06, 0.0008260368485935032, 0.002696096198633313, 0.0031529234256595373, 0.018765222281217575, 1.0731719157774933e-06, 0.016407117247581482, 0.00033602493931539357, 0.000952836824581027, 0.0005450528115034103, 0.0018729999428614974]}