{"CO": [0.003349856473505497, 0.027543194591999054, 0.00968012772500515, 0.00337078794836998, 0.005198267754167318, 0.00879362691193819, 0.009825297631323338, 0.01963287778198719, 0.03297150880098343, 0.1507977843284607, 0.2884185314178467, 0.4167361855506897, 0.7029240131378174, 1.681443452835083, 2.82555890083313, 4.863543510437012, 5.919147968292236, 6.21082067489624, 5.1827898025512695, 5.750291347503662, 5.795205116271973, 6.4683709144592285, 6.689065933227539, 6.766406059265137], "NO2": [0.005805494729429483, 0.03635423630475998, 0.06653866916894913, 0.038344237953424454, 0.20253394544124603, 0.4296957850456238, 0.5387570261955261, 0.8361528515815735, 0.24157194793224335, 0.10209372639656067, 0.1108216643333435, 0.6046623587608337, 0.4491659998893738, 1.1867836713790894, 1.28395676612854, 0.5271707773208618, 0.39847275614738464, 0.2599797248840332, 0.2194218784570694, 0.8247595429420471, 0.25785812735557556, 0.2794336974620819, 0.16429556906223297, 0.5443241596221924], "SO2": [1.2554200887680054, 0.35656246542930603, 0.035467348992824554, 0.0004726327315438539, 1.421373951870919e-07, 0.00042992582893930376, 3.8167347971365673e-13, 2.3731696605682373, 0.8676518797874451, 0.683715283870697, 0.009301895275712013, 0.00020649824000429362, 0.00088994245743379, 1.5212059167879488e-07, 6.268482621862859e-09, 0.019875526428222656, 0.00669842166826129, 0.0005711158737540245, 0.006811438128352165, 7.428932580211267e-09, 0.0011910934699699283, 1.2413105650921352e-05, 0.06327072530984879, 0.12621213495731354], "O3": [0.06168064847588539, 1.3596290349960327, 0.2872289717197418, 0.13743025064468384, 0.061887506395578384, 0.14588315784931183, 0.0033874085638672113, 0.03792214393615723, 2.293288230895996, 4.643891334533691, 4.513118743896484, 5.630928993225098, 5.477163314819336, 10.906801223754883, 15.131918907165527, 23.959274291992188, 32.93764114379883, 36.03427505493164, 38.806949615478516, 31.40934944152832, 33.198917388916016, 26.506332397460938, 32.16740036010742, 29.439247131347656], "PM10": [2.6978352069854736, 1.1234406232833862, 0.24569307267665863, 0.04354744032025337, 0.0229048915207386, 0.04463675618171692, 0.02724428102374077, 6.268059253692627, 2.0582997798919678, 2.5065712928771973, 0.1293954998254776, 0.0404396578669548, 0.04257041588425636, 0.1028941348195076, 0.12080274522304535, 0.2589687407016754, 0.24237963557243347, 0.24621257185935974, 0.2677895128726959, 0.2293090671300888, 0.25358498096466064, 0.24841582775115967, 0.24204811453819275, 0.322406530380249], "PM25": [1.3289161920547485, 0.11276646703481674, 0.012436795979738235, 0.00016797248099464923, 0.0017510639736428857, 0.01279458124190569, 0.0019872344564646482, 1.3125094175338745, 0.33527320623397827, 0.21254727244377136, 0.001791135291568935, 0.0005949066253378987, 0.0026539089158177376, 0.020845992490649223, 0.0030867226887494326, 0.012963284738361835, 0.000499972200486809, 0.005120765417814255, 0.0001437296741642058, 4.346432588842042e-11, 4.494761014939286e-05, 0.00024386683071497828, 0.00010262883733958006, 0.012638588435947895]}