{"CO": [0.0008579899440519512, 0.011243983171880245, 0.006323643960058689, 0.005521807819604874, 0.005202137399464846, 0.008766762912273407, 0.011582735925912857, 0.017145313322544098, 0.028074754402041435, 0.1661132574081421, 0.2023002803325653, 1.2419244050979614, 1.8749603033065796, 1.9337196350097656, 1.6758263111114502, 1.8877331018447876, 2.4612793922424316, 3.779503583908081, 4.83155632019043, 5.365602016448975, 5.33437442779541, 5.273399829864502, 5.435361862182617, 5.420663833618164], "NO2": [0.05669946223497391, 0.17585568130016327, 0.4561907947063446, 0.7761032581329346, 0.851692259311676, 0.7828163504600525, 1.089888095855713, 1.4807597398757935, 1.6024646759033203, 1.8012869358062744, 2.7299156188964844, 3.6352906227111816, 10.413126945495605, 7.590730667114258, 10.787168502807617, 11.641246795654297, 5.7135233879089355, 2.4219043254852295, 1.3479074239730835, 4.457210540771484, 7.515532970428467, 15.40951156616211, 20.828248977661133, 12.156378746032715], "SO2": [3.81663776104213e-13, 3.8162284747220165e-13, 3.8167179920028937e-13, 3.816730189277334e-13, 3.816734526086024e-13, 5.847869931352445e-13, 5.1124512609468376e-12, 5.757285204133211e-10, 2.6140806852481546e-08, 7.148815939217457e-08, 3.816734526086024e-13, 5.84470569719997e-08, 2.937454901541514e-08, 3.816734526086024e-13, 1.8091147921950324e-06, 2.7253245207248256e-06, 1.1550852150321589e-06, 3.2667064608915553e-09, 2.740766831266228e-05, 0.0043209088034927845, 0.000366931693861261, 0.0001852578716352582, 0.0026361264754086733, 1.2380804037093185e-05], "O3": [0.2871280610561371, 1.735209345817566, 0.17902791500091553, 0.08300640434026718, 3.6620125598574305e-08, 0.0011694408021867275, 0.0003850147477351129, 0.010240331292152405, 3.322415828704834, 4.964122772216797, 10.059967041015625, 7.490047931671143, 1.3288710117340088, 4.2003397941589355, 0.2676102817058563, 0.19710825383663177, 7.346413612365723, 23.83848762512207, 29.14032554626465, 22.698230743408203, 20.765941619873047, 12.673776626586914, 8.797298431396484, 13.300565719604492], "PM10": [0.004831376951187849, 0.008188786916434765, 0.007421272806823254, 0.008648499846458435, 0.008162911050021648, 0.008260433562099934, 0.00827060267329216, 0.008131117559969425, 0.008748626336455345, 0.006356518249958754, 0.016185525804758072, 0.04015674814581871, 0.05942947044968605, 0.059973154217004776, 0.04968804493546486, 0.1022418737411499, 0.07328713685274124, 0.10800445079803467, 0.13645891845226288, 0.1935039609670639, 0.21654485166072845, 0.26747843623161316, 0.32716745138168335, 0.4139966666698456], "PM25": [1.0000000168623835e-16, 1.0000000168623835e-16, 1.4535557860449684e-16, 2.924852537944389e-08, 2.2308148217575763e-08, 9.23721188428317e-09, 4.602435765832524e-09, 3.574790186089416e-10, 2.212021711633927e-11, 1.3366416263746461e-12, 3.637256782654946e-13, 1.0755039220322615e-11, 3.035147955188222e-08, 1.866369245817623e-07, 6.126185212451674e-07, 3.10718633045326e-06, 5.745049929828383e-05, 1.1572263247217052e-05, 8.45839963403705e-07, 1.0828841368493158e-05, 4.018630352220498e-05, 3.043249853362795e-05, 0.00012043218885082752, 0.00047529744915664196]}