{"CO": [0.0014332567807286978, 0.006091823801398277, 0.007855460047721863, 0.013224715366959572, 0.011758456006646156, 0.013842983171343803, 0.012799559161067009, 0.015482389368116856, 0.0525643453001976, 0.0783936008810997, 0.46874192357063293, 2.9381964206695557, 1.9370907545089722, 1.824548363685608, 2.256110429763794, 2.451343536376953, 3.433627128601074, 5.635948181152344, 5.53472375869751, 6.300957202911377, 5.432470798492432, 5.320871353149414, 5.23120641708374, 5.592397212982178], "NO2": [0.08396971225738525, 0.04281460493803024, 0.06184212490916252, 0.9596157073974609, 0.9647620320320129, 1.2623178958892822, 1.0525983572006226, 1.3175294399261475, 1.975540280342102, 2.148019313812256, 2.066248655319214, 3.0249598026275635, 12.667304992675781, 11.010091781616211, 12.197835922241211, 12.510546684265137, 2.7584142684936523, 0.4144865870475769, 0.8271752595901489, 2.033017873764038, 15.897594451904297, 16.15934944152832, 23.72011375427246, 13.648842811584473], "SO2": [3.8166084875834727e-13, 3.8166754370676237e-13, 3.81672287091267e-13, 1.0616899069962327e-12, 3.9021132787649127e-13, 4.058140000255672e-13, 8.179847910128046e-10, 1.2424697715118782e-08, 1.4818706262076375e-08, 5.067814186077158e-07, 1.4194281447998947e-06, 6.295899765973445e-07, 2.330365447278382e-07, 2.547637123484492e-08, 1.5503098804714455e-10, 2.6905405903221435e-08, 1.859600524767302e-05, 6.98562718781659e-09, 3.5159207527613034e-06, 7.498796912841499e-05, 1.599943788566094e-10, 1.7811994439398404e-06, 2.035756324403337e-06, 1.0244337317999452e-05], "O3": [0.49131521582603455, 0.31938454508781433, 0.21930086612701416, 0.09443594515323639, 0.0026516211219131947, 1.5147774320212193e-05, 5.102387149236165e-05, 0.001040677074342966, 7.163952350616455, 3.4366283416748047, 10.351293563842773, 10.528534889221191, 0.6917378902435303, 0.2949453294277191, 0.010878401808440685, 0.22996559739112854, 15.093013763427734, 30.91266441345215, 28.728866577148438, 26.52225112915039, 11.744126319885254, 9.05812931060791, 4.16547966003418, 11.418111801147461], "PM10": [0.005828698165714741, 0.007629415486007929, 0.005864442326128483, 0.012090944685041904, 0.009222682565450668, 0.007853765040636063, 0.008025512099266052, 0.008031574077904224, 0.00833971332758665, 0.006092203315347433, 0.031208433210849762, 0.12556616961956024, 0.11314156651496887, 0.15674756467342377, 0.10876058787107468, 0.14785273373126984, 0.10641499608755112, 0.1840399205684662, 0.17790724337100983, 0.37224069237709045, 0.2567446827888489, 0.4167827069759369, 0.37762248516082764, 0.5413162112236023], "PM25": [1.0000000168623835e-16, 1.0000000830368325e-16, 1.0000000168623835e-16, 2.0887330975938312e-08, 3.62772456519167e-09, 1.505740809815137e-10, 2.7164244811861415e-11, 3.07076447603194e-11, 2.3698466691639275e-13, 2.5891344190148713e-13, 4.1770040659812324e-13, 4.627118133093688e-12, 1.8131844766941518e-12, 6.043637257313605e-10, 1.1296234170288244e-08, 1.4030824786459561e-06, 1.9411625089560403e-06, 1.2782606972905342e-05, 7.180960324149055e-07, 5.334635261533549e-06, 7.396627916023135e-05, 0.0003743486013263464, 0.0006085734348744154, 0.0004648331378120929]}