{"CO": [8.358209015568718e-06, 0.0005913030472584069, 0.07865864783525467, 0.019847851246595383, 0.00442021107301116, 0.004200667142868042, 0.003245132975280285, 0.016395509243011475, 0.20327378809452057, 1.3321839570999146, 1.4941269159317017, 1.3235324621200562, 1.2091294527053833, 1.5695207118988037, 2.161452054977417, 5.109522342681885, 5.911391258239746, 6.707055568695068, 4.991986274719238, 5.163306713104248, 5.189004898071289, 6.388618469238281, 6.604560375213623, 6.892033100128174], "NO2": [0.0002029949682764709, 0.0035010564606636763, 0.30253854393959045, 0.336228609085083, 0.37209632992744446, 0.3291754722595215, 0.09678568691015244, 0.16767749190330505, 0.11354409158229828, 0.28139540553092957, 0.3746665120124817, 1.2910517454147339, 2.118070363998413, 2.8835713863372803, 2.2140159606933594, 0.9837966561317444, 0.5316177606582642, 0.2172662764787674, 0.14291423559188843, 0.5844473838806152, 0.637564480304718, 0.7449694275856018, 0.8458880186080933, 0.4108628034591675], "SO2": [3.8167244972159287e-13, 3.8164873279906975e-13, 3.816499796315681e-13, 4.747126086321329e-13, 3.81673154453005e-13, 4.7476788125888625e-12, 1.1075640404811793e-11, 3.283379401697317e-10, 2.1066512090328615e-08, 0.00027340796077623963, 8.78324968311972e-10, 1.633413673415851e-12, 3.816734526086024e-13, 3.816734526086024e-13, 3.6708269757212975e-09, 3.244093660370595e-09, 1.7664369966752247e-09, 1.290036288992269e-05, 0.00020779577607754618, 9.322924938715005e-07, 3.871692115353653e-06, 5.583945306142368e-09, 5.1863127126239306e-09, 0.00015029162750579417], "O3": [0.001782938139513135, 0.06524054706096649, 4.638927936553955, 1.9040635824203491, 0.1237763911485672, 0.059973325580358505, 0.018510138615965843, 0.023308157920837402, 1.2535114288330078, 7.528475761413574, 8.07921314239502, 8.206823348999023, 6.91286039352417, 5.355165958404541, 10.747379302978516, 25.87981414794922, 30.410280227661133, 37.982505798339844, 40.39722442626953, 39.19709014892578, 33.7689208984375, 32.23643493652344, 32.72621154785156, 37.15641403198242], "PM10": [0.0024556557182222605, 0.004333858843892813, 0.007673564832657576, 0.007805593311786652, 0.014970195479691029, 0.007744241505861282, 0.004896847996860743, 0.008853337727487087, 0.008763819932937622, 0.0456516407430172, 0.05325338616967201, 0.04328560456633568, 0.03648398816585541, 0.06016361713409424, 0.08293068408966064, 1.9104595184326172, 1.3105400800704956, 0.24639125168323517, 0.23953232169151306, 0.21606111526489258, 0.24066439270973206, 1.320618748664856, 0.3495010435581207, 0.27356576919555664], "PM25": [1.219453349478417e-16, 1.1046401510604646e-16, 7.661963579330862e-16, 2.519149333579662e-09, 1.2727382703303647e-08, 5.4858251274936265e-09, 3.6570724226692164e-09, 4.665664743441766e-09, 1.413399064453813e-09, 9.118407007235874e-08, 3.558425221150685e-10, 4.491928096844733e-12, 2.551068758365263e-14, 1.3905358173360582e-05, 0.00033326874836347997, 0.1960279941558838, 0.08089259266853333, 0.0048062619753181934, 0.00010144529369426891, 0.0002734412264544517, 0.0018491157097741961, 0.10679596662521362, 0.008513963781297207, 0.0002289525291416794]}