{"CO": [1.2621989071703865e-06, 0.00015420369163621217, 0.010869910940527916, 0.007275944575667381, 0.007128842640668154, 0.007761945948004723, 0.01678389497101307, 0.014069674536585808, 0.024791592732071877, 0.11447236686944962, 0.7671639323234558, 1.2494065761566162, 1.4211647510528564, 1.5279676914215088, 2.158750295639038, 3.708834409713745, 5.069707870483398, 5.401993274688721, 5.586932182312012, 6.0406060218811035, 6.173994541168213, 6.425350189208984, 6.49409818649292, 6.651228904724121], "NO2": [1.3029511137574445e-05, 0.0007552918395958841, 0.030817482620477676, 0.13674107193946838, 0.2829342186450958, 0.3644718527793884, 0.8555847406387329, 0.7537323832511902, 0.2271006852388382, 0.14874251186847687, 0.13295777142047882, 0.3370262086391449, 0.4408169090747833, 0.28809672594070435, 0.6445136070251465, 0.9292558431625366, 0.45845240354537964, 0.3600742220878601, 0.2065783590078354, 0.2919993996620178, 0.4513615071773529, 0.8605998158454895, 0.44107404351234436, 1.3324215412139893], "SO2": [9.059634976438247e-06, 5.898949893889949e-05, 4.290247306926176e-05, 3.310114777832496e-07, 9.364401165612435e-08, 8.230468390157952e-11, 1.035003016625069e-08, 0.0002340741630177945, 0.025741465389728546, 0.014436221681535244, 0.016903819516301155, 5.572004283749266e-06, 3.8042267253013407e-11, 2.583732273270245e-12, 1.448808325221762e-05, 0.0002641222963575274, 0.0046887812204658985, 0.002569435629993677, 0.004478375893086195, 0.0008676774450577796, 9.6883832156891e-07, 0.00016115099424496293, 0.0014466759748756886, 0.041709255427122116], "O3": [0.00014336052117869258, 0.021315382793545723, 0.43391740322113037, 0.20826613903045654, 0.05663777515292168, 0.024494564160704613, 0.097745381295681, 0.011348149739205837, 1.8525657653808594, 4.136659145355225, 13.167401313781738, 10.776801109313965, 10.400304794311523, 8.436429023742676, 11.946394920349121, 19.679061889648438, 28.687074661254883, 29.878355026245117, 41.45682144165039, 37.2110481262207, 33.032188415527344, 29.882099151611328, 28.561447143554688, 24.558164596557617], "PM10": [0.002503469819203019, 0.0029553258791565895, 0.013949088752269745, 0.03362086042761803, 0.03537615388631821, 0.03068549372255802, 0.02767280489206314, 0.04441193863749504, 0.2980945408344269, 0.1429273635149002, 0.014543035067617893, 0.03628886863589287, 0.04802629351615906, 0.06351649761199951, 0.08666078001260757, 0.14932674169540405, 0.2075721025466919, 0.22397352755069733, 0.24229562282562256, 0.2616540193557739, 0.254464328289032, 0.2501842975616455, 0.2587401866912842, 0.26503705978393555], "PM25": [1.0268495316267945e-05, 3.7033463740954176e-05, 0.000188922873348929, 0.0021064116153866053, 0.008503071963787079, 0.005270467139780521, 0.004336319863796234, 0.008792457170784473, 0.04732012003660202, 0.01762080006301403, 9.603191131191124e-08, 7.311539229704067e-05, 6.873203528812155e-05, 0.00024152794503606856, 0.00019535656610969454, 7.805519999237731e-05, 0.0013230808544903994, 0.0072333356365561485, 1.9495468222885393e-05, 4.916484613204375e-06, 2.7826943096442847e-06, 2.811781996570062e-06, 1.5521622117375955e-05, 0.004558914806693792]}