{"CO": [1.5732954125269316e-05, 0.04792974889278412, 0.01519098598510027, 0.011082671582698822, 0.011101187206804752, 0.00698124710470438, 0.004983935970813036, 0.006850928068161011, 0.012916424311697483, 0.12752334773540497, 0.5228601694107056, 2.0020759105682373, 2.5424606800079346, 2.7920641899108887, 2.669375419616699, 2.5813252925872803, 2.744202136993408, 3.7159030437469482, 5.465583801269531, 5.383862495422363, 5.079810619354248, 5.0704851150512695, 5.2693376541137695, 5.445460796356201], "NO2": [0.0002301055792486295, 1.2061399221420288, 1.0087295770645142, 1.1236006021499634, 1.029100775718689, 0.5551475286483765, 0.38934728503227234, 0.5537471175193787, 0.8173973560333252, 1.6161911487579346, 1.526673674583435, 3.8833158016204834, 5.784048080444336, 9.113819122314453, 6.991257190704346, 10.33714485168457, 2.109860420227051, 1.5201382637023926, 2.4070022106170654, 4.837093353271484, 8.402758598327637, 16.369117736816406, 13.99992561340332, 7.782902717590332], "SO2": [3.816732357681679e-13, 3.8166884474936935e-13, 3.8167152814974625e-13, 3.816732086631136e-13, 3.8167331708333085e-13, 3.287497878090573e-12, 8.29408648428398e-08, 1.3536501697331005e-08, 2.5307140827379726e-09, 2.7453928908016678e-08, 1.201690275065559e-10, 1.7073707031523e-11, 7.793050926796496e-12, 2.9926210398656394e-09, 7.12753467357885e-10, 3.3910820818050524e-09, 3.1644714226786164e-07, 6.537327124078729e-09, 3.1239676445693476e-06, 1.1823172663127934e-08, 2.0293366276291636e-07, 1.4262262993725017e-05, 1.3657960153068416e-05, 2.345398570469115e-06], "O3": [0.001227817265316844, 3.7147035598754883, 0.6673235297203064, 0.056658655405044556, 0.014968031086027622, 0.0008819487993605435, 3.7828074709977955e-05, 0.00129228294827044, 0.9589200615882874, 1.0221096277236938, 11.146696090698242, 6.959775447845459, 6.330792427062988, 3.9488649368286133, 5.59755802154541, 1.7801523208618164, 11.27978515625, 23.823978424072266, 27.186145782470703, 22.617658615112305, 19.946243286132812, 14.11095905303955, 17.744300842285156, 26.139238357543945], "PM10": [0.002424859441816807, 0.0077171423472464085, 0.007831987924873829, 0.007791439071297646, 0.008193429559469223, 0.008481833152472973, 0.007820234633982182, 0.008126470260322094, 0.008026904426515102, 0.006142877507954836, 0.014065916649997234, 0.05918410047888756, 0.07242624461650848, 0.08104818314313889, 0.07927469164133072, 0.09197734296321869, 0.08605930954217911, 0.14842736721038818, 0.18448348343372345, 0.2307376265525818, 0.2611209452152252, 0.30849185585975647, 0.3361995220184326, 0.3575851321220398], "PM25": [1.0019671847079326e-16, 1.0022274488158663e-16, 1.0005729552418623e-16, 7.275170049725332e-13, 1.823875772632988e-11, 9.455407290470674e-11, 1.4978943432830683e-11, 1.2479284966504522e-11, 1.1963114526780672e-11, 9.461712419415666e-14, 4.3330944843496255e-13, 1.5670120366226281e-12, 2.013258917216154e-12, 1.5810541894797914e-12, 3.484040611567707e-09, 0.00013991957530379295, 0.0002648045483510941, 0.0013507233234122396, 6.309275340754539e-05, 0.00014281774929258972, 0.0007454378064721823, 0.0010407527443021536, 0.0017049370799213648, 0.004031653981655836]}