{"CO": [1.0188054147874936e-05, 0.0014431809540838003, 0.014527209103107452, 0.005368767771869898, 0.0058112372644245625, 0.011135413311421871, 0.020955409854650497, 0.01766100525856018, 0.03731861710548401, 0.16895131766796112, 1.6440094709396362, 2.739924192428589, 2.4376895427703857, 2.711995840072632, 4.88644552230835, 5.1615824699401855, 5.970128536224365, 6.378636360168457, 6.558230876922607, 6.2694807052612305, 6.225971698760986, 6.2627434730529785, 6.590292930603027, 6.834502696990967], "NO2": [0.0005161020671948791, 0.016197126358747482, 0.05722474679350853, 0.17139790952205658, 0.2785666584968567, 0.5819088816642761, 1.1788532733917236, 1.0376019477844238, 0.1910405158996582, 0.3258224427700043, 0.23700690269470215, 0.43223631381988525, 0.8360903859138489, 2.31628680229187, 0.8901751041412354, 2.3696372509002686, 0.5091308951377869, 0.481601357460022, 0.486139714717865, 0.28289011120796204, 0.6184570789337158, 1.2436003684997559, 1.121425747871399, 1.8605223894119263], "SO2": [3.816732086631136e-13, 3.8166120112405333e-13, 6.041364782570502e-13, 3.518101365784787e-10, 1.274058547551249e-08, 4.887228954864042e-10, 3.1467373845517344e-11, 1.93916091517643e-10, 2.133819407390547e-06, 3.827734417427564e-06, 0.012209403328597546, 0.0003754561475943774, 2.1272779093806093e-09, 2.1179794202907942e-06, 2.398719027227325e-12, 1.47702365893565e-07, 1.6705702421404567e-07, 0.00024408956232946366, 0.0008552113431505859, 0.0015807782765477896, 0.000288631534203887, 0.005445930641144514, 0.009457132779061794, 0.13711760938167572], "O3": [0.0012985840439796448, 0.16450022161006927, 0.7825136184692383, 0.15529878437519073, 0.09353204816579819, 0.04025864601135254, 0.05693173035979271, 0.001075680018402636, 2.0679426193237305, 2.8922410011291504, 12.67298698425293, 17.23920249938965, 13.638898849487305, 12.584423065185547, 24.307369232177734, 18.178659439086914, 29.79995346069336, 33.771270751953125, 33.96864700317383, 39.98999786376953, 33.1661262512207, 26.546119689941406, 26.258386611938477, 23.484893798828125], "PM10": [0.006169219501316547, 0.07261829078197479, 0.12344511598348618, 0.02394787408411503, 0.01981332153081894, 0.020278681069612503, 0.014324035495519638, 0.020810270681977272, 0.06946271657943726, 0.07031948864459991, 0.05838014930486679, 0.11095545440912247, 0.09820450842380524, 0.1026562824845314, 0.1802891492843628, 0.20262473821640015, 0.21184426546096802, 0.2281833440065384, 0.26138657331466675, 0.292265921831131, 0.27314096689224243, 0.2546606659889221, 0.23593758046627045, 0.22018876671791077], "PM25": [5.405555825177544e-08, 0.023791605606675148, 0.05127117782831192, 0.00014101735723670572, 0.0001428563700756058, 0.0004531896847765893, 0.0006980845355428755, 0.003304896177724004, 0.022854236885905266, 0.01664109155535698, 0.00048585663898847997, 6.68658549329848e-06, 1.5305538909160532e-05, 1.5306977729778737e-06, 4.975488081981894e-06, 5.78675462747924e-06, 4.741083102999255e-05, 4.402844751894008e-06, 1.4803034673604998e-06, 1.1769102457037661e-06, 1.9429442090768134e-06, 2.546525138313882e-06, 0.0003978916211053729, 0.0022716165985912085]}