{"CO": [2.2672243176202755e-06, 0.00010591583122732118, 0.02096487581729889, 0.08277156203985214, 0.004055624827742577, 0.002503348747268319, 0.0032151590567082167, 0.009600530378520489, 0.38770514726638794, 1.1259020566940308, 0.9904863834381104, 0.6908659338951111, 0.9109041690826416, 1.6733487844467163, 2.6872048377990723, 4.490907192230225, 5.551761150360107, 6.715942859649658, 6.41956090927124, 5.151658535003662, 5.87125825881958, 6.533246994018555, 6.740354061126709, 6.859203338623047], "NO2": [6.279568333411589e-05, 0.001436434336937964, 0.08683092147111893, 0.44930300116539, 0.32143232226371765, 0.30771490931510925, 0.2729363441467285, 0.13907191157341003, 0.179364874958992, 0.13172343373298645, 0.37826499342918396, 1.4643776416778564, 1.4015145301818848, 2.013003349304199, 1.4701547622680664, 1.2171986103057861, 0.7369519472122192, 0.23957687616348267, 0.37719616293907166, 0.7120535969734192, 0.785813570022583, 0.8913865685462952, 0.5891565084457397, 0.5272387266159058], "SO2": [3.8167266656202736e-13, 3.8165740641644963e-13, 2.0784485244007556e-09, 2.8169628407681557e-08, 4.752048364184414e-13, 4.667851438711068e-09, 1.0386022950115148e-05, 6.386882159858942e-05, 1.0303019722102125e-11, 0.0007515578181482852, 2.9747228836640716e-05, 9.622957577448688e-07, 5.243294405425647e-13, 2.091347965915702e-07, 3.816734526086024e-13, 3.685499388311753e-12, 6.913562500265868e-10, 1.1367186743882485e-05, 0.0030658282339572906, 4.924059794575442e-06, 2.9491331252073927e-12, 4.888825060334057e-07, 1.1884055311384145e-05, 0.1635194718837738], "O3": [0.0005015519564040005, 0.0209076888859272, 0.7557351589202881, 3.948765754699707, 0.280214786529541, 0.03696057200431824, 0.012227923609316349, 0.008075634017586708, 1.8178656101226807, 7.5282883644104, 5.729809761047363, 6.593464374542236, 5.98088264465332, 9.0796480178833, 12.783557891845703, 23.20848274230957, 28.699447631835938, 36.5825080871582, 35.21184158325195, 36.281982421875, 33.58512878417969, 32.121978759765625, 30.97784423828125, 32.29377365112305], "PM10": [0.0024028110783547163, 0.002671181922778487, 0.00882652122527361, 0.00861446000635624, 0.007836107164621353, 0.00734733697026968, 0.006895190104842186, 0.005396760534495115, 0.01346981804817915, 0.027641132473945618, 0.02277788147330284, 0.01808810792863369, 0.03534375876188278, 0.0535455197095871, 0.3643224537372589, 0.18002788722515106, 0.31801798939704895, 0.49432408809661865, 0.29704171419143677, 0.23514661192893982, 0.2520846426486969, 0.25790366530418396, 0.37000665068626404, 0.2277199923992157], "PM25": [3.100498670129191e-15, 1.1214955773152332e-16, 4.3039388941679135e-08, 3.2991351872624364e-07, 1.3582239499765336e-11, 6.690739962067482e-09, 4.281213114154525e-05, 2.8172420570626855e-05, 3.631127754033514e-08, 7.813236152287573e-06, 5.923565367993433e-06, 7.2188554440799635e-06, 1.1553298463695683e-05, 0.00037732996861450374, 0.06700796633958817, 0.0009146792581304908, 0.011045185849070549, 0.12001840025186539, 0.02241714484989643, 0.0021607824601233006, 0.006482778582721949, 0.0034046119544655085, 0.007537012454122305, 0.001991404453292489]}