{"CO": [0.002790274564176798, 0.010966122150421143, 0.05094049870967865, 0.005415636580437422, 0.005576971918344498, 0.005405273754149675, 0.005633009131997824, 0.027256283909082413, 0.03431275859475136, 0.14261284470558167, 0.35369744896888733, 0.41971349716186523, 0.9435390830039978, 2.186950206756592, 2.4142675399780273, 5.317988872528076, 6.4823126792907715, 6.1778411865234375, 6.14895486831665, 5.756928443908691, 6.332770347595215, 6.795873641967773, 6.667272567749023, 6.828799247741699], "NO2": [0.004669475369155407, 0.02341657131910324, 0.03780259191989899, 0.04842957481741905, 0.09194931387901306, 0.2292887419462204, 0.30242183804512024, 0.8383504748344421, 0.29057106375694275, 0.13817098736763, 0.2012813687324524, 0.2593168318271637, 0.3932200074195862, 0.3896884322166443, 0.3182021379470825, 0.23033073544502258, 0.199928417801857, 0.16824306547641754, 0.20952041447162628, 0.26004156470298767, 0.38721105456352234, 0.3844922184944153, 0.7587891817092896, 0.21307475864887238], "SO2": [0.7759892344474792, 0.5521467924118042, 0.2764141261577606, 0.004035384859889746, 2.2072081264923327e-05, 1.8813618680724176e-06, 0.0006604838417842984, 4.704555034637451, 0.6768399477005005, 0.47397875785827637, 0.013224801048636436, 0.0008158576092682779, 9.068848072502078e-08, 1.5439663059169106e-07, 3.728543163106224e-07, 0.008618233725428581, 0.19385181367397308, 0.009614070877432823, 0.0026854185853153467, 0.0006142504280433059, 0.0013687167083844543, 0.0006850776262581348, 0.016728652641177177, 0.03942303732037544], "O3": [0.04686786234378815, 0.8471583127975464, 1.996943473815918, 0.1910407990217209, 0.17053817212581635, 0.05151617154479027, 0.0003446804767008871, 0.006404044106602669, 3.2333219051361084, 5.401527404785156, 6.125144004821777, 6.410926818847656, 8.046886444091797, 14.755786895751953, 14.37621784210205, 26.931615829467773, 37.05694580078125, 34.90974807739258, 34.66694641113281, 33.89198684692383, 31.4937801361084, 30.785226821899414, 28.63821792602539, 30.650718688964844], "PM10": [2.0879387855529785, 1.192230463027954, 1.2807340621948242, 0.15533216297626495, 0.027264585718512535, 0.029625913128256798, 0.06492456793785095, 16.033720016479492, 2.3509106636047363, 2.4291930198669434, 0.1794697344303131, 0.10632025450468063, 0.041376907378435135, 0.219085231423378, 0.1852216273546219, 0.23650380969047546, 1.1028428077697754, 0.2642337381839752, 0.2469201236963272, 0.25183841586112976, 0.25998902320861816, 0.2804740071296692, 0.27856627106666565, 0.3044927418231964], "PM25": [1.0280026197433472, 0.16338752210140228, 0.07034886628389359, 0.015895651653409004, 0.002786349505186081, 0.002320901956409216, 0.003531808964908123, 1.282991886138916, 0.3449471890926361, 0.26177045702934265, 0.007115633692592382, 0.002748154103755951, 1.1168989288989906e-07, 0.01729988120496273, 0.01091208029538393, 0.0012056074338033795, 0.16003091633319855, 0.0037633946631103754, 0.00040253414772450924, 1.4566038771590684e-05, 6.385482265613973e-06, 1.1748204087780323e-05, 0.002187316073104739, 0.005711422301828861]}