{"CO": [0.00013255386147648096, 0.007099999114871025, 0.0056571620516479015, 0.005144247319549322, 0.006021650042384863, 0.008540576323866844, 0.00895548053085804, 0.011206919327378273, 0.017095930874347687, 0.1735680252313614, 0.19801318645477295, 0.6264020800590515, 1.9090217351913452, 2.154054880142212, 2.1896631717681885, 2.122117280960083, 2.2333056926727295, 3.3671629428863525, 5.394415378570557, 5.22382926940918, 5.239190578460693, 5.1980156898498535, 5.50022029876709, 5.408804893493652], "NO2": [0.005000857636332512, 0.2804372012615204, 0.2820029854774475, 0.8622804284095764, 0.7221549153327942, 0.7067374587059021, 0.7574281692504883, 1.0491427183151245, 1.0867611169815063, 3.7651920318603516, 3.871629476547241, 6.974677085876465, 9.422017097473145, 11.337881088256836, 11.096112251281738, 11.681527137756348, 7.744019031524658, 1.107993721961975, 2.1341965198516846, 5.593375205993652, 14.683058738708496, 15.903767585754395, 10.812740325927734, 21.853099822998047], "SO2": [3.816716636750178e-13, 3.8166681187029594e-13, 3.816713655194204e-13, 3.816734526086024e-13, 3.816734526086024e-13, 1.0426082740211395e-12, 6.627499937739145e-11, 3.2493838175717826e-10, 2.974063306737662e-08, 3.856901506071181e-13, 1.6607775918386913e-11, 3.199831866140812e-08, 2.4527421871312072e-08, 3.477051424560784e-10, 3.771335244096008e-08, 4.2808994749066187e-07, 3.678390498862427e-07, 4.0256330180454825e-07, 3.0613432500103954e-07, 4.545058800431434e-06, 0.0002148838248103857, 8.665820496389642e-05, 0.00043350568739697337, 0.00027303810929879546], "O3": [0.029516547918319702, 0.8051711916923523, 0.20572374761104584, 0.054488472640514374, 6.266781383601483e-06, 2.977566691697575e-05, 2.3308432446356164e-06, 0.0008889425080269575, 1.524813175201416, 8.422252655029297, 8.769072532653809, 3.178114652633667, 2.11271071434021, 0.374579519033432, 0.15110038220882416, 0.05754277482628822, 3.6228747367858887, 22.425241470336914, 25.87636947631836, 22.22536849975586, 12.817423820495605, 13.625288009643555, 21.96517562866211, 6.280177116394043], "PM10": [0.002624528482556343, 0.008246073499321938, 0.006897213403135538, 0.009213099256157875, 0.008043080568313599, 0.008385754190385342, 0.008019654080271721, 0.008084720000624657, 0.008479210548102856, 0.007178776431828737, 0.006040491629391909, 0.01895313523709774, 0.059371378272771835, 0.06248398497700691, 0.06385403126478195, 0.064281165599823, 0.07716246694326401, 0.09699742496013641, 0.15457852184772491, 0.16489139199256897, 0.2202438861131668, 0.2192196249961853, 0.2739158868789673, 0.33623218536376953], "PM25": [1.0000000168623835e-16, 1.0000000830368325e-16, 1.0000000168623835e-16, 2.049255520830684e-08, 8.101651793879228e-09, 7.688057301891149e-09, 3.2829630125519316e-09, 7.770502019610603e-10, 1.317797815314492e-10, 7.586658731795204e-12, 1.9053742958408115e-12, 7.019913296490987e-12, 1.595559379063971e-10, 8.338831847254369e-09, 1.59442819835931e-07, 5.14968742209021e-05, 0.0005633268738165498, 0.00016161649546120316, 2.4863227736204863e-05, 1.9807337594102137e-05, 6.914041296113282e-05, 9.968682570615783e-05, 0.003270187648013234, 0.0015509072691202164]}