{"CO": [1.4979431171013857e-06, 2.3601025532116182e-05, 0.0014537267852574587, 0.0019593287725001574, 0.01750113256275654, 0.014058212749660015, 0.005442057736217976, 0.004540002439171076, 0.037500977516174316, 0.5395985841751099, 0.8490760326385498, 1.716355800628662, 1.181898832321167, 1.074604868888855, 2.5077872276306152, 5.18314790725708, 6.687309265136719, 6.822200298309326, 6.172487735748291, 4.973537921905518, 5.946825981140137, 6.820540904998779, 6.826276779174805, 6.807955741882324], "NO2": [4.76556051580701e-05, 0.00015427230391651392, 0.0043271733447909355, 0.01227963250130415, 0.3160691559314728, 0.7539498805999756, 0.433259516954422, 0.11384343355894089, 0.011889542452991009, 0.015814967453479767, 0.07727720588445663, 0.2506008446216583, 0.4074433147907257, 0.6346974968910217, 0.8762139081954956, 0.7634552717208862, 0.29248830676078796, 0.10249994695186615, 0.21531923115253448, 0.21761615574359894, 0.4465053975582123, 0.5932019948959351, 0.5878717303276062, 0.6094909906387329], "SO2": [3.9999448198102527e-10, 4.890194027495909e-09, 3.39087051770548e-07, 5.670582670092017e-09, 3.768037970530713e-07, 2.2192494725459255e-05, 1.1740233276213985e-05, 1.921091097756289e-05, 1.261512989003677e-05, 7.81341441324912e-05, 0.0007260451093316078, 0.00010174219642067328, 2.364246645680801e-11, 3.1517331080976874e-05, 3.8167347971365673e-13, 5.0389131502015516e-05, 9.892490197671577e-05, 0.06732471287250519, 0.002737856237217784, 0.007711466401815414, 1.5568546587019227e-05, 7.759817890473641e-07, 3.816734526086024e-13, 3.816734526086024e-13], "O3": [0.00020149954070802778, 0.0034341048449277878, 0.11682099848985672, 0.12859781086444855, 0.8712894916534424, 0.6431715488433838, 0.08933553099632263, 0.03043057955801487, 0.34929123520851135, 3.040623903274536, 6.539918422698975, 8.740796089172363, 7.307335376739502, 6.549356460571289, 12.68359088897705, 26.51492691040039, 35.09681701660156, 38.31440734863281, 37.355960845947266, 42.72953414916992, 35.203712463378906, 32.522216796875, 30.443830490112305, 28.91178321838379], "PM10": [0.003357479115948081, 0.0031081251800060272, 0.007329161744564772, 0.006127979140728712, 0.033978357911109924, 0.5834318399429321, 0.24083079397678375, 0.01551741547882557, 0.006992045324295759, 0.023540906608104706, 0.07773502916097641, 0.10452040284872055, 0.3407163918018341, 0.18679678440093994, 3.3552145957946777, 3.3767764568328857, 0.982654869556427, 1.4825125932693481, 0.27250877022743225, 0.3100687563419342, 0.41846492886543274, 0.7965224981307983, 2.0156095027923584, 4.263290882110596], "PM25": [0.0005276973824948072, 0.00022620345407631248, 0.0001762084139045328, 1.272892973247508e-07, 0.007735719904303551, 0.3011787235736847, 0.11276879161596298, 0.0030071360524743795, 9.202688670484349e-05, 0.002037127735093236, 0.014719509519636631, 0.02159779518842697, 0.10408885776996613, 0.048482805490493774, 0.3006060719490051, 0.8780851364135742, 0.19239655137062073, 0.35489022731781006, 0.006642076652497053, 0.029145045205950737, 0.016675854101777077, 0.2533791661262512, 0.1509188860654831, 0.33860287070274353]}