{"CO": [6.2732519836572465e-06, 0.0006069688824936748, 0.013928219676017761, 0.03731687739491463, 0.038644395768642426, 0.020459426566958427, 0.017278071492910385, 0.017764167860150337, 0.07890189439058304, 3.085742712020874, 4.394090175628662, 3.2513608932495117, 3.261594533920288, 5.220767498016357, 5.284183979034424, 5.625517845153809, 6.132871627807617, 6.2201247215271, 6.1984171867370605, 6.015329837799072, 6.356929779052734, 6.6948113441467285, 6.851559638977051, 6.895747661590576], "NO2": [0.00021305405243765563, 0.003790084272623062, 0.019104130566120148, 0.35648924112319946, 0.6630458235740662, 0.7374232411384583, 0.9793398380279541, 1.0135886669158936, 0.12250569462776184, 0.11534634977579117, 0.19223946332931519, 0.7369990348815918, 1.0417289733886719, 0.7925401329994202, 1.1805695295333862, 1.217025876045227, 0.5371002554893494, 0.24865931272506714, 0.413713663816452, 0.6369253396987915, 0.8208972811698914, 0.7575132846832275, 0.6919680237770081, 0.9187862277030945], "SO2": [3.81672287091267e-13, 3.816325239765911e-13, 3.815181948575025e-13, 3.8167038973746514e-13, 5.150099097184224e-12, 1.4014658357430765e-11, 3.816734526086024e-13, 3.816734526086024e-13, 1.882173989997682e-07, 0.03787338361144066, 0.004102618899196386, 0.00011479220120236278, 1.2062551478508876e-12, 3.8167347971365673e-13, 3.816734526086024e-13, 3.816734526086024e-13, 1.0330497346444645e-08, 0.0006273342296481133, 0.0008711454574950039, 0.0012376138474792242, 0.0002215216081822291, 0.030659176409244537, 0.15979626774787903, 0.24303609132766724], "O3": [0.0016118009807541966, 0.07186384499073029, 0.577379584312439, 1.3725676536560059, 1.649383544921875, 0.5387820601463318, 0.20175036787986755, 0.24618080258369446, 1.7952417135238647, 22.266881942749023, 32.5151252746582, 27.7354793548584, 25.642301559448242, 32.05092239379883, 27.954137802124023, 26.898548126220703, 32.49324417114258, 38.04922103881836, 42.572566986083984, 37.92306900024414, 35.078189849853516, 32.02417755126953, 31.63820457458496, 33.40022659301758], "PM10": [0.0024097468703985214, 0.0036411138717085123, 0.008216342888772488, 0.007906284183263779, 0.008925135247409344, 0.008017952553927898, 0.007823716849088669, 0.009711557067930698, 0.012671678327023983, 0.10026729106903076, 0.16381335258483887, 0.13390889763832092, 0.12060008198022842, 0.19040895998477936, 0.18338972330093384, 0.191841721534729, 0.21351417899131775, 0.23408976197242737, 0.23489825427532196, 0.2444065362215042, 0.23329877853393555, 0.21915008127689362, 0.19595426321029663, 0.22071249783039093], "PM25": [8.971965144155547e-07, 1.131716817326378e-05, 7.791497864673147e-07, 1.641925422291024e-07, 6.905434991183457e-12, 1.7639368365962582e-07, 5.1457705012580846e-06, 0.0009286017157137394, 0.002236998174339533, 1.7717522496241145e-05, 1.851012569886734e-07, 3.784832358633139e-08, 1.0685116791364635e-07, 1.16004246208945e-08, 2.533976442009589e-07, 1.2424337683114572e-06, 1.23251140848879e-07, 6.176805527502438e-06, 2.143703113688389e-06, 4.500644081417704e-06, 1.6771596165199298e-06, 7.040885634523875e-07, 0.0003391160280443728, 0.01768684759736061]}