{"CO": [0.00048555448302067816, 0.001978870015591383, 0.005420244298875332, 0.01037353090941906, 0.0100985337048769, 0.01115194521844387, 0.01798446662724018, 0.029036471620202065, 0.040930069983005524, 0.09993074089288712, 0.19544227421283722, 0.6133012175559998, 0.7594962120056152, 2.6425673961639404, 3.012206792831421, 2.146117925643921, 4.164774417877197, 4.831120491027832, 6.35575008392334, 6.585697174072266, 5.698083877563477, 5.464020252227783, 5.461846828460693, 5.694485187530518], "NO2": [0.0012579411268234253, 0.0021914972458034754, 0.10027550905942917, 0.8905468583106995, 1.4369274377822876, 2.1159684658050537, 2.5428824424743652, 2.7710609436035156, 4.806796550750732, 0.7303181290626526, 1.1221363544464111, 1.9631390571594238, 7.8890275955200195, 1.3690459728240967, 1.0166960954666138, 3.846545457839966, 0.7608434557914734, 0.33369892835617065, 0.32293441891670227, 0.42776861786842346, 0.41336938738822937, 2.702526330947876, 5.827437400817871, 4.303759574890137], "SO2": [3.816733712934395e-13, 3.81673154453005e-13, 3.816733983984938e-13, 2.021766608295561e-11, 3.4984053414593985e-12, 1.473772059251699e-12, 1.1083176043591436e-11, 3.552369509662867e-11, 1.1873992900035546e-09, 2.9492191515601007e-06, 5.1643833103298675e-06, 4.591336164594395e-06, 4.745727810728795e-09, 0.0004531578451860696, 1.5061468729982153e-06, 3.816734526086024e-13, 0.00031498013413511217, 4.6586996177211404e-05, 0.06274917721748352, 0.0059262956492602825, 0.0011879680678248405, 3.669648867798969e-05, 4.02641344408039e-05, 2.964017949125264e-05], "O3": [0.016118885949254036, 0.08198973536491394, 0.3702753782272339, 0.30029818415641785, 0.14845481514930725, 0.02728346735239029, 0.03181510046124458, 0.015074420720338821, 1.7869696617126465, 8.539000511169434, 9.173517227172852, 9.359676361083984, 3.039008140563965, 13.104667663574219, 11.519926071166992, 3.448350667953491, 22.588407516479492, 31.854372024536133, 31.31197738647461, 19.397245407104492, 27.40245246887207, 24.465909957885742, 12.177780151367188, 8.675599098205566], "PM10": [0.005954716354608536, 0.006116887554526329, 0.006962352432310581, 0.010265271179378033, 0.009535466320812702, 0.009661468677222729, 0.008870030753314495, 0.008159700781106949, 0.008320305496454239, 0.007730450015515089, 0.005871138069778681, 0.019463079050183296, 0.043628182262182236, 0.13118332624435425, 0.12059106677770615, 0.2780846953392029, 0.15038065612316132, 0.16300435364246368, 0.19602641463279724, 0.19134433567523956, 0.4361254870891571, 0.5837393999099731, 0.5713880062103271, 0.892076313495636], "PM25": [1.0000000168623835e-16, 1.0000000830368325e-16, 1.0000000168623835e-16, 7.363638587776222e-08, 4.072925818832118e-08, 3.5585969726525946e-08, 1.347754530200973e-08, 2.374110352754144e-10, 2.7162180490925003e-11, 2.015470428761877e-15, 1.258006828049052e-13, 2.4066647112686024e-12, 1.2115918934796355e-07, 4.592224200905548e-08, 5.1057543970500774e-08, 1.6383127388053254e-07, 1.89067222322592e-07, 5.839618779646116e-07, 6.04163119533041e-07, 1.549810946244179e-07, 2.689805296540726e-05, 0.00010435294825583696, 0.0001697590050753206, 0.00011544911103555933]}