{"CO": [0.0020153182558715343, 0.015547354705631733, 0.04227292537689209, 0.00568133220076561, 0.00499756820499897, 0.005104189272969961, 0.009077430702745914, 0.028184859082102776, 0.037433043122291565, 0.2280518263578415, 0.44956305623054504, 0.4069322347640991, 0.7141224145889282, 1.7173062562942505, 2.115802526473999, 5.1748762130737305, 6.384520053863525, 6.298952102661133, 6.11812686920166, 5.711728572845459, 6.14582633972168, 6.776917934417725, 6.675643444061279, 6.811335563659668], "NO2": [0.0026386049576103687, 0.023184215649962425, 0.040821999311447144, 0.056037046015262604, 0.16660892963409424, 0.1908508539199829, 0.4415667653083801, 1.0188207626342773, 0.2499566525220871, 0.13074514269828796, 0.18978971242904663, 0.42363953590393066, 0.42423906922340393, 0.39990150928497314, 0.8762615323066711, 0.5081338286399841, 0.3754398226737976, 0.1593622863292694, 0.06268622726202011, 0.8423073887825012, 0.26546162366867065, 0.3498290777206421, 1.3467339277267456, 0.10436983406543732], "SO2": [0.4245990216732025, 0.6766387820243835, 0.34702715277671814, 0.014409095048904419, 1.0043379461421864e-08, 3.284796912339516e-05, 0.6776263117790222, 4.75333833694458, 1.6889262199401855, 0.4210919439792633, 0.010617469437420368, 0.0008623407338745892, 0.03066539578139782, 2.978579535795056e-11, 2.004400130317663e-06, 0.05481649562716484, 0.07035135477781296, 0.0009689791477285326, 0.00795056950300932, 0.0007630736799910665, 0.0006372998468577862, 0.00014211202505975962, 0.05037125572562218, 0.07206334173679352], "O3": [0.018869228661060333, 0.8313654661178589, 1.8289523124694824, 0.21769210696220398, 0.0744946226477623, 0.04467761889100075, 0.01870669052004814, 0.010720663703978062, 2.775878667831421, 9.260772705078125, 7.3600850105285645, 5.510712146759033, 5.7433552742004395, 10.966898918151855, 11.4981050491333, 26.30861473083496, 36.24833297729492, 37.38597869873047, 42.00554275512695, 33.53995132446289, 28.802345275878906, 29.706899642944336, 29.885019302368164, 29.299890518188477], "PM10": [0.959784746170044, 1.5911401510238647, 1.1156103610992432, 0.18553569912910461, 0.021723449230194092, 0.022787775844335556, 3.3079545497894287, 14.157031059265137, 4.920945167541504, 1.8138843774795532, 0.14116275310516357, 0.10156488418579102, 0.2334568202495575, 0.0478932186961174, 0.13579918444156647, 0.45347997546195984, 0.6462382078170776, 0.2527090907096863, 0.2739865481853485, 0.254764199256897, 0.24213910102844238, 0.27855804562568665, 0.2459205687046051, 0.4192381799221039], "PM25": [0.4749090373516083, 0.17685765027999878, 0.09954913705587387, 0.022508393973112106, 0.001800462487153709, 0.0011220327578485012, 0.2179250717163086, 1.304989218711853, 1.2867895364761353, 0.18348318338394165, 0.0009208706906065345, 0.0020101559348404408, 0.08243031054735184, 8.52991252031643e-06, 0.008960044011473656, 0.05786573141813278, 0.03417124226689339, 4.416024523834494e-08, 5.5025160691002384e-05, 2.1039313651272096e-05, 6.31270768280956e-06, 1.7005173504003324e-05, 0.0004417083109728992, 0.01666381023824215]}