{"CO": [1.9942033304687357e-06, 0.006817038170993328, 0.08898352086544037, 0.008978432044386864, 0.006150308530777693, 0.0031358166597783566, 0.0029547123704105616, 0.004469676408916712, 0.17869029939174652, 0.3257221579551697, 0.2643578350543976, 0.7618061900138855, 1.4340100288391113, 1.6045175790786743, 2.3951025009155273, 4.7637834548950195, 6.184725761413574, 6.273508548736572, 5.024172306060791, 5.266012191772461, 5.401477336883545, 6.641730308532715, 6.797428131103516, 6.824896335601807], "NO2": [2.4467030016239733e-05, 0.04323999211192131, 0.45753803849220276, 0.45301899313926697, 0.3855314254760742, 0.20399503409862518, 0.16219685971736908, 0.13380561769008636, 0.09642157703638077, 4.483479022979736, 2.2950620651245117, 3.190626382827759, 2.155331611633301, 3.5951926708221436, 3.3839573860168457, 1.8593178987503052, 0.644853949546814, 0.15832193195819855, 0.3899044692516327, 1.0938811302185059, 1.1555429697036743, 0.7206096649169922, 0.6299770474433899, 0.943619430065155], "SO2": [3.8167331708333085e-13, 3.8162507008665525e-13, 3.8167347971365673e-13, 3.816734526086024e-13, 3.8167347971365673e-13, 4.767124737493911e-13, 3.816734526086024e-13, 6.077326419884344e-10, 2.998804093934382e-09, 3.8167347971365673e-13, 3.816734526086024e-13, 3.816734526086024e-13, 5.523336237163445e-13, 3.816734526086024e-13, 2.7971134297644085e-09, 6.651002415480889e-09, 2.8257638451378853e-09, 0.0018213627627119422, 3.816734526086024e-13, 3.816734526086024e-13, 1.7101917819672963e-06, 2.3634287060758652e-07, 2.7927554713258473e-10, 9.433113518753089e-06], "O3": [0.0001992152101593092, 0.5160397291183472, 6.157186031341553, 0.9179708957672119, 0.0985235944390297, 0.05481363832950592, 0.022971421480178833, 0.006317108403891325, 1.0484893321990967, 5.235532283782959, 2.6814916133880615, 5.64508056640625, 6.222449779510498, 4.505783557891846, 10.415617942810059, 24.458871841430664, 32.6747932434082, 36.589473724365234, 37.43937301635742, 33.17064666748047, 30.84954833984375, 37.100555419921875, 35.101470947265625, 32.97517776489258], "PM10": [0.002410331042483449, 0.00796193815767765, 0.0070420620031654835, 0.007178370375186205, 0.005665447562932968, 0.00676680589094758, 0.006009991280734539, 0.007274200674146414, 0.0078079188242554665, 0.007299716584384441, 0.008432893082499504, 0.026262953877449036, 0.04798538237810135, 0.05634725093841553, 0.09539534151554108, 1.2305856943130493, 1.7250306606292725, 0.490666925907135, 0.1856393963098526, 0.18667440116405487, 0.2558382749557495, 1.1072676181793213, 0.7636459469795227, 0.290083110332489], "PM25": [1.108779759892374e-16, 1.1197398368342526e-16, 1.1004757929846277e-16, 2.9898753695078994e-08, 2.3163703843920302e-08, 3.237056178662101e-09, 6.110472128284528e-10, 1.1635123975395345e-09, 9.693941205313195e-10, 1.509059181630803e-15, 1.0880143140601373e-11, 5.020259815496919e-12, 1.5709530898355695e-11, 6.51303766474598e-09, 0.0005118296830914915, 0.07880444079637527, 0.13062667846679688, 0.019925955682992935, 4.770286614075303e-05, 7.425781950587407e-05, 0.005114374682307243, 0.0675235167145729, 0.04533566161990166, 0.002089860150590539]}