{"CO": [1.4554603922078968e-06, 0.02105720527470112, 0.02906598523259163, 0.01279472652822733, 0.04938186705112457, 0.032755885273218155, 0.025988323614001274, 0.01948118396103382, 0.020633980631828308, 0.3288410007953644, 1.1390769481658936, 3.460031270980835, 2.4450361728668213, 2.578476905822754, 4.41834020614624, 4.936605930328369, 5.857047080993652, 6.571667194366455, 6.009300708770752, 6.129342079162598, 6.069915771484375, 6.314874172210693, 6.781565189361572, 6.8709282875061035], "NO2": [1.2428861737134866e-05, 0.04160396382212639, 0.3778032958507538, 0.5400010943412781, 0.7049957513809204, 0.7306210398674011, 0.845634937286377, 1.0635313987731934, 0.12865711748600006, 0.060514356940984726, 0.2648341655731201, 0.637355387210846, 1.2213454246520996, 0.9445216655731201, 0.7775805592536926, 0.8069384098052979, 0.3592330813407898, 0.10555673390626907, 0.13776099681854248, 0.7575483918190002, 0.7301766276359558, 0.7712688446044922, 0.6487569808959961, 1.0623193979263306], "SO2": [3.8186719953682557e-13, 8.995112597484645e-13, 6.769845101173289e-13, 3.8239198049336287e-13, 3.8167285629740755e-13, 3.8167282919235324e-13, 1.9217268401594545e-11, 1.1040904190906531e-08, 3.8638029309367994e-07, 2.3429181510437047e-06, 0.0011678802547976375, 2.4415659936494194e-05, 1.023796698973456e-06, 3.816734526086024e-13, 3.8167328997827654e-13, 4.625909877375989e-09, 4.246825483278371e-06, 0.00040242463001050055, 0.002315963851287961, 0.00010203659621765837, 3.816734526086024e-13, 3.816734526086024e-13, 0.04198087379336357, 0.2047848403453827], "O3": [2.2618055481871124e-06, 1.3690226078033447, 1.5445752143859863, 0.7126616835594177, 2.254293203353882, 1.1640866994857788, 0.7964295744895935, 0.21050992608070374, 1.7534115314483643, 4.72671365737915, 9.87504768371582, 28.874370574951172, 20.0770206451416, 18.966564178466797, 25.910486221313477, 26.562450408935547, 32.96406936645508, 39.25419616699219, 37.990108489990234, 32.597633361816406, 35.1563606262207, 31.022172927856445, 31.822935104370117, 32.715938568115234], "PM10": [0.03643375635147095, 0.5981240272521973, 0.2844862639904022, 0.18109433352947235, 0.07042914628982544, 0.3224351406097412, 0.31508538126945496, 0.21829567849636078, 1.2518237829208374, 0.044264115393161774, 0.4096257984638214, 0.21663127839565277, 0.9024569988250732, 0.0911315307021141, 0.3117465674877167, 0.9163781404495239, 0.9545477032661438, 0.23912237584590912, 0.34091266989707947, 0.35121506452560425, 0.560710072517395, 2.4271891117095947, 1.499696135520935, 1.2433791160583496], "PM25": [0.017482180148363113, 0.30145174264907837, 0.14040599763393402, 0.05209209769964218, 0.030493546277284622, 0.16073428094387054, 0.15588809549808502, 0.10188180208206177, 0.6138889193534851, 0.014256654307246208, 0.18691600859165192, 0.04673920199275017, 0.41856884956359863, 6.505846528170878e-08, 0.07490123063325882, 0.3510146141052246, 0.32184338569641113, 0.0002020720421569422, 0.03848636522889137, 0.07173187285661697, 0.033516690135002136, 0.8381635546684265, 0.09984608739614487, 0.23606976866722107]}