{"CO": [0.0002752644941210747, 0.0019371601520106196, 0.003962925169616938, 0.005507509224116802, 0.008852976374328136, 0.008277764543890953, 0.013963366858661175, 0.01800529472529888, 0.0719173401594162, 0.20419327914714813, 0.19590923190116882, 0.9499168395996094, 0.8302364945411682, 1.4762070178985596, 2.2508721351623535, 1.9222773313522339, 3.1309969425201416, 4.372834205627441, 6.377331733703613, 6.148421764373779, 5.553625583648682, 5.378760814666748, 5.366395473480225, 5.499396800994873], "NO2": [0.000818589935079217, 0.003209382528439164, 0.044433265924453735, 0.6510437726974487, 1.2668198347091675, 1.4449851512908936, 1.9326436519622803, 1.6739431619644165, 1.8096507787704468, 0.8496513962745667, 1.4199968576431274, 2.906996250152588, 9.849828720092773, 6.631946086883545, 5.95877742767334, 11.816695213317871, 1.6764159202575684, 0.3374493718147278, 0.42014142870903015, 0.9168401956558228, 2.250138521194458, 5.997934341430664, 8.883580207824707, 11.9861478805542], "SO2": [3.816733712934395e-13, 3.8167312734795067e-13, 3.816734526086024e-13, 3.2384546433394945e-11, 2.1977536977801915e-12, 7.58035886665176e-13, 5.6003387691183626e-12, 2.711522673060074e-11, 2.5661757163675247e-09, 2.2549847926711664e-06, 2.800444008244085e-06, 1.789413772712578e-06, 6.405535373232851e-07, 0.00021964115148875862, 8.828995305520948e-06, 3.7469167182280216e-06, 0.00024853451759554446, 3.1730534828966483e-05, 0.08637258410453796, 0.022869599983096123, 0.0008979738922789693, 0.00014511999324895442, 0.00019202815019525588, 0.00011402429663576186], "O3": [0.00010524347453610972, 0.08891623467206955, 0.20262722671031952, 0.14226575195789337, 0.022433238103985786, 0.00014429089787881821, 0.001221162499859929, 8.944784349296242e-05, 9.268216133117676, 13.434691429138184, 9.78526496887207, 9.623478889465332, 1.9955602884292603, 4.892228603363037, 5.243654727935791, 0.12143539637327194, 21.763141632080078, 29.66459846496582, 32.911338806152344, 28.722393035888672, 23.07918930053711, 20.012168884277344, 14.47146224975586, 6.473644733428955], "PM10": [0.006017731502652168, 0.006125329528003931, 0.006369253620505333, 0.012881025671958923, 0.009755408391356468, 0.00901816226541996, 0.008797465823590755, 0.008096082136034966, 0.008613970130681992, 0.005868200678378344, 0.005864919628947973, 0.031607724726200104, 0.025035513564944267, 0.0692274272441864, 0.07154552638530731, 0.22243893146514893, 0.11920426040887833, 0.14262039959430695, 0.1999623030424118, 0.20996308326721191, 0.5731360912322998, 0.6016443371772766, 0.44851943850517273, 0.6751508712768555], "PM25": [1.0000000168623835e-16, 1.0000000168623835e-16, 1.0024946612409454e-16, 1.4111193991084292e-07, 5.429773253240455e-08, 3.60798999565759e-08, 1.4707544515601967e-08, 8.567032638850947e-10, 1.1838442552647432e-11, 2.391723429549797e-13, 6.705814153745368e-14, 2.9068168011514572e-11, 2.1408300199254882e-07, 2.673798462637933e-07, 3.0568730835511815e-07, 3.9429460230167024e-07, 2.7335881895851344e-05, 3.444959304488293e-07, 1.1142618859594222e-05, 2.792510031213169e-06, 3.307290899101645e-05, 8.362864173250273e-05, 0.00020305323414504528, 0.000211797931115143]}