{"CO": [0.0006722650141455233, 0.004332019481807947, 0.004784228280186653, 0.006004324648529291, 0.0068309009075164795, 0.012607580050826073, 0.01474583987146616, 0.023032279685139656, 0.051903218030929565, 0.1501726657152176, 0.19636574387550354, 0.9944495558738708, 1.7527706623077393, 1.9164507389068604, 2.10569167137146, 2.362957715988159, 2.6860272884368896, 5.016127109527588, 4.903194904327393, 6.060481071472168, 5.497236251831055, 5.214580059051514, 5.200143337249756, 5.514058589935303], "NO2": [0.00538918050006032, 0.00301264482550323, 0.027927879244089127, 0.4640630781650543, 0.8891134858131409, 1.105324149131775, 1.3734863996505737, 1.9078925848007202, 2.4029788970947266, 2.135538101196289, 1.9706910848617554, 2.554036855697632, 6.317462921142578, 8.60554027557373, 8.739449501037598, 6.3660783767700195, 5.401730537414551, 0.334047794342041, 0.38365259766578674, 1.3168857097625732, 4.256618499755859, 10.372294425964355, 18.561260223388672, 9.087714195251465], "SO2": [3.8167312734795067e-13, 3.81673154453005e-13, 3.8167312734795067e-13, 1.9279068359107088e-12, 4.0878062111497637e-13, 3.871258782289777e-13, 2.39194514889407e-12, 6.491220894133676e-10, 8.001965312587345e-09, 3.768027454498224e-07, 2.138661102435435e-06, 2.361445922360872e-06, 1.2051996236550622e-06, 1.1330839697620831e-06, 5.025129667046713e-06, 4.163929133937927e-06, 4.783561598742381e-05, 2.8103346316754596e-09, 0.004721703007817268, 0.02509750798344612, 0.00019606765999924392, 0.0001014949448290281, 1.999239066208247e-05, 4.384498606668785e-05], "O3": [0.06307796388864517, 0.20675353705883026, 0.19963766634464264, 0.22815537452697754, 0.01460129301995039, 0.004940318875014782, 4.591896924921457e-07, 0.004220935981720686, 6.212081432342529, 6.307475566864014, 10.525476455688477, 8.634851455688477, 5.046835899353027, 3.3439061641693115, 3.738915205001831, 5.762656211853027, 11.193081855773926, 30.165637969970703, 31.147510528564453, 22.24700164794922, 25.861373901367188, 15.749424934387207, 8.885114669799805, 13.81708812713623], "PM10": [0.00590897211804986, 0.006022169254720211, 0.0060511985793709755, 0.008282017894089222, 0.009276706725358963, 0.00891522504389286, 0.00826289877295494, 0.008329275995492935, 0.008656990714371204, 0.005646108649671078, 0.005268811248242855, 0.03167786821722984, 0.07750003784894943, 0.056420810520648956, 0.065283864736557, 0.17953845858573914, 0.198801651597023, 0.16259445250034332, 0.17714035511016846, 0.2554362714290619, 0.3669905662536621, 0.37673282623291016, 0.33265772461891174, 0.5192962288856506], "PM25": [1.0000000830368325e-16, 1.0000000830368325e-16, 1.0000000168623835e-16, 9.391056821073107e-09, 3.617019928014997e-08, 1.2667348059380856e-08, 2.081127492559176e-09, 1.995080906036506e-10, 2.0480577303527703e-11, 8.721810166451016e-13, 1.356985677254327e-13, 1.5275058778616013e-12, 6.754239390005523e-10, 1.4597065955967992e-07, 2.44279874550557e-07, 2.791996678297437e-07, 4.767144673678558e-06, 6.024375238666835e-07, 8.11368056075068e-11, 3.148719542878098e-06, 3.6637065932154655e-05, 0.00013119347568135709, 0.0003046604397241026, 0.0005000986275263131]}