{"CO": [4.891895514447242e-06, 0.02107667177915573, 0.013676615431904793, 0.0066263722255826, 0.007959998212754726, 0.006139333825558424, 0.006083924323320389, 0.006331288255751133, 0.015507772564888, 0.22538341581821442, 0.2644699811935425, 0.809478759765625, 1.85883629322052, 2.17037034034729, 2.17191743850708, 2.360659122467041, 3.379619598388672, 3.2803475856781006, 5.087554931640625, 5.319726467132568, 5.1343536376953125, 5.5863142013549805, 6.003000259399414, 6.066136360168457], "NO2": [0.00017380391363985837, 0.7734730243682861, 0.7414579391479492, 0.5108595490455627, 0.3789895474910736, 0.4660344421863556, 0.48905348777770996, 0.5734536051750183, 0.37286505103111267, 4.907954692840576, 4.121346950531006, 4.388527870178223, 4.219822406768799, 5.748032569885254, 6.846656322479248, 10.982439994812012, 3.112727403640747, 2.5796492099761963, 2.7740049362182617, 3.7795417308807373, 3.7361342906951904, 7.761443138122559, 7.0900678634643555, 6.240956783294678], "SO2": [3.816733712934395e-13, 3.8167347971365673e-13, 3.816734526086024e-13, 3.816734526086024e-13, 3.816734526086024e-13, 1.676669393602115e-11, 3.1723676463535355e-10, 3.4057821007849043e-09, 2.5028018768580296e-08, 3.816734526086024e-13, 3.816734526086024e-13, 3.816734526086024e-13, 1.039933347768418e-10, 3.8167347971365673e-13, 5.211733475340985e-11, 1.8512279709170798e-08, 2.1757239565545206e-08, 3.816734526086024e-13, 3.816734526086024e-13, 3.816734526086024e-13, 3.5124069199810037e-06, 1.0458433280291501e-05, 3.8913469325052574e-05, 0.0001073949460987933], "O3": [0.0009428042103536427, 2.0108418464660645, 1.3044556379318237, 0.8159142136573792, 0.19014602899551392, 0.0420420803129673, 0.0003088478115387261, 0.0038343218620866537, 0.7828474044799805, 10.224664688110352, 3.886401414871216, 5.918624401092529, 6.242443561553955, 5.723012924194336, 3.8811614513397217, 2.3249220848083496, 14.826448440551758, 20.301305770874023, 20.791074752807617, 27.418121337890625, 28.54471778869629, 23.378726959228516, 23.656112670898438, 26.0045108795166], "PM10": [0.002379565965384245, 0.0074055371806025505, 0.007536199409514666, 0.008559110574424267, 0.007030245382338762, 0.007417656481266022, 0.007927043363451958, 0.008452006615698338, 0.007826228626072407, 0.006596547085791826, 0.007526451721787453, 0.023894721642136574, 0.056372374296188354, 0.06471052020788193, 0.07026991248130798, 0.15574520826339722, 0.8210440874099731, 0.17090146243572235, 0.116724893450737, 0.17974747717380524, 0.1986725777387619, 0.340048611164093, 0.42669805884361267, 0.3079746663570404], "PM25": [1.031907681811004e-16, 1.0340082573457457e-16, 1.0359995788651813e-16, 2.6934218411156507e-08, 3.081639832203109e-09, 5.846675144027813e-09, 1.733474030984894e-09, 4.630720529252841e-10, 3.876678977832171e-10, 3.379286780957891e-11, 6.9629666615833585e-12, 4.746951529771559e-12, 7.939634193154799e-12, 1.8637125176468317e-10, 3.443775540290517e-06, 0.00333798979409039, 0.03860149905085564, 0.004321430344134569, 3.818060577032156e-05, 5.541768405237235e-05, 4.174242712906562e-05, 0.00866917334496975, 0.013547650538384914, 0.00244157575070858]}