{"CO": [1.029661461871001e-06, 0.0034888775553554296, 0.009970484301447868, 0.04941024258732796, 0.011651589535176754, 0.004786337725818157, 0.028200680390000343, 0.1537775844335556, 0.19100844860076904, 0.16537803411483765, 0.33473482728004456, 0.49123287200927734, 1.5390723943710327, 2.5305733680725098, 3.790478467941284, 5.081070423126221, 6.066137313842773, 6.628700256347656, 6.389161109924316, 6.308962821960449, 6.449202537536621, 6.451344013214111, 6.557311534881592, 6.797101974487305], "NO2": [1.2974150195077527e-05, 0.009217188693583012, 0.25858941674232483, 1.4566153287887573, 0.7892944812774658, 0.31170570850372314, 0.23442184925079346, 0.8444623947143555, 0.4729554355144501, 2.086061716079712, 1.5073944330215454, 3.040135622024536, 3.098468065261841, 5.422188758850098, 2.7151296138763428, 3.483203887939453, 1.4099891185760498, 1.3370202779769897, 2.724165439605713, 3.005037307739258, 3.1320066452026367, 4.792112350463867, 4.144563674926758, 4.915565013885498], "SO2": [3.816733712934395e-13, 3.8162151932454036e-13, 3.816734526086024e-13, 3.816734526086024e-13, 3.0184438282176984e-11, 4.284424051093083e-07, 1.3303007051490567e-07, 9.740741546693243e-09, 2.1640360046149e-06, 3.816734526086024e-13, 3.816734526086024e-13, 3.816734526086024e-13, 2.0303537497101676e-12, 2.5985520402116435e-09, 3.816734526086024e-13, 3.8167347971365673e-13, 1.7690119591406983e-07, 3.816734526086024e-13, 3.816734526086024e-13, 3.8167347971365673e-13, 9.97746337816352e-06, 0.00011624309263424948, 1.875118505267892e-05, 0.007151961326599121], "O3": [8.857651118887588e-05, 0.18298177421092987, 0.1337490975856781, 1.297763705253601, 0.0898091197013855, 0.02777509205043316, 0.03170919045805931, 0.026609089225530624, 0.9754845499992371, 0.6592941284179688, 2.16825795173645, 4.49118709564209, 8.661177635192871, 11.340786933898926, 20.379047393798828, 20.41864585876465, 28.87734603881836, 30.74506950378418, 25.51719856262207, 24.2448673248291, 25.62535858154297, 24.586669921875, 29.75897789001465, 29.58265495300293], "PM10": [0.0024036304093897343, 0.008369740098714828, 0.007173750549554825, 0.0070175412110984325, 0.008354718796908855, 0.009307975880801678, 0.007427990902215242, 0.00672613549977541, 0.012376360595226288, 0.009237096644937992, 0.009486748836934566, 0.010908774100244045, 0.044748760759830475, 0.08358804881572723, 0.10610318183898926, 0.16358518600463867, 0.21005302667617798, 0.21320125460624695, 0.19553245604038239, 0.17873089015483856, 0.20010799169540405, 0.21238556504249573, 0.22649455070495605, 0.2559969425201416], "PM25": [1.0882859300824542e-16, 1.1161509317669566e-16, 1.018494386051394e-10, 3.023152217451752e-08, 4.49499957255739e-08, 2.820055726715509e-07, 9.37731101657846e-08, 2.9533484848798253e-06, 0.002094737021252513, 0.00025208445731550455, 1.2006527185803861e-06, 7.565542858856134e-08, 1.2211995681354892e-07, 1.2854138731199782e-07, 7.631577148003998e-08, 4.3735960275625985e-07, 9.737078653415665e-05, 2.2047383936296683e-06, 2.43309557390603e-07, 1.6058301355315052e-07, 2.222479196234417e-07, 1.1333121392453904e-06, 0.0004898573970422149, 0.00045812674215994775]}