{"CO": [0.0012558299349620938, 0.004198878072202206, 0.0010537994094192982, 0.012275234796106815, 0.004965965636074543, 0.006375949829816818, 0.007279535289853811, 0.01065114326775074, 0.037158917635679245, 0.14611272513866425, 0.26671645045280457, 0.4247208535671234, 0.7300662398338318, 2.073803186416626, 5.764934062957764, 6.830077648162842, 6.889383316040039, 6.641191005706787, 5.976017951965332, 6.0071892738342285, 6.631115436553955, 6.875613212585449, 6.747931480407715, 6.858644962310791], "NO2": [0.0007374457200057805, 0.008509223349392414, 0.0008570008212700486, 0.10692228376865387, 0.08907318115234375, 0.2082279622554779, 0.3656132221221924, 0.5815979242324829, 0.1972399652004242, 0.04501799866557121, 0.03965333104133606, 0.07678335905075073, 0.31893572211265564, 0.42502474784851074, 0.18014957010746002, 0.0879630446434021, 0.11836805939674377, 0.05949028208851814, 0.08033867180347443, 0.15719307959079742, 0.2667807936668396, 0.29573461413383484, 0.289853036403656, 0.16632266342639923], "SO2": [0.4496079981327057, 0.3008110523223877, 0.0031136786565184593, 1.036652684211731, 0.1732609122991562, 0.004201644565910101, 0.06226204335689545, 0.7466285824775696, 0.8565592169761658, 0.01942269504070282, 9.615659109840635e-06, 0.0027068881317973137, 0.003243199549615383, 0.014062801375985146, 0.00026383029762655497, 0.008154566399753094, 0.031206687912344933, 0.16299352049827576, 0.0011442031245678663, 0.00026308820815756917, 4.161005563219078e-05, 0.0001187678353744559, 3.816734526086024e-13, 2.8576168915606104e-05], "O3": [0.01294762920588255, 0.3148339092731476, 0.050654951483011246, 0.24572157859802246, 0.15582673251628876, 0.12252181768417358, 0.08467002213001251, 0.1025639995932579, 2.9868826866149902, 1.8135128021240234, 2.667644739151001, 4.205643177032471, 6.332913875579834, 13.5934476852417, 34.715572357177734, 40.125648498535156, 39.05784606933594, 38.1350212097168, 37.527557373046875, 39.31779861450195, 36.22893142700195, 36.83536148071289, 34.253910064697266, 33.934017181396484], "PM10": [1.2398557662963867, 0.9358632564544678, 0.021190982311964035, 6.020020484924316, 1.2309218645095825, 0.8093350529670715, 1.0198566913604736, 3.124375343322754, 3.9316823482513428, 0.20427480340003967, 0.02303910441696644, 0.051198724657297134, 0.3310413658618927, 0.3578833341598511, 0.2736399173736572, 0.31054210662841797, 0.3530327379703522, 0.7208690047264099, 0.2676870822906494, 0.23328782618045807, 0.2657797634601593, 0.295970618724823, 0.33308371901512146, 0.3071027994155884], "PM25": [0.6418858170509338, 0.11110968887805939, 0.002648698166012764, 1.759676218032837, 0.18166673183441162, 0.03584210202097893, 0.08949070423841476, 0.5979657769203186, 0.584732711315155, 0.013679456897079945, 0.00017927245062310249, 0.005456094164401293, 0.051046743988990784, 0.08059889078140259, 0.0005588668864220381, 0.016678305342793465, 0.03383506461977959, 0.12154339998960495, 0.00010661819396773353, 4.8004403652157634e-05, 9.092726941162255e-06, 0.0001429606491001323, 0.004373759962618351, 0.010002749972045422]}