{"CO": [2.8136023502156604e-06, 0.0009616013849154115, 0.0029634598176926374, 0.026435358449816704, 0.02932572364807129, 0.013886055909097195, 0.016827628016471863, 0.02885621041059494, 0.43726205825805664, 0.7893021702766418, 2.105983018875122, 3.3726229667663574, 2.701190710067749, 3.9165050983428955, 5.245242595672607, 6.108970642089844, 6.584601402282715, 4.689134120941162, 4.2654805183410645, 6.180172920227051, 6.451577663421631, 6.774479866027832, 6.899018287658691, 6.913033485412598], "NO2": [2.0665116608142853e-05, 0.002835027640685439, 0.012764553539454937, 0.3496837317943573, 1.693650245666504, 0.7634688019752502, 0.6088912487030029, 0.5610232949256897, 0.13020265102386475, 0.7580813765525818, 0.7942700982093811, 0.6568710803985596, 2.4204294681549072, 1.434730887413025, 1.93617582321167, 1.5022802352905273, 0.5875730514526367, 0.3684014678001404, 0.30059903860092163, 2.006324529647827, 1.1845911741256714, 0.755064070224762, 0.9053470492362976, 1.2334555387496948], "SO2": [3.8167331708333085e-13, 3.8164407072972806e-13, 3.816575148366669e-13, 3.816734526086024e-13, 3.816734526086024e-13, 3.816734526086024e-13, 3.816734526086024e-13, 3.816734526086024e-13, 5.758603593974954e-10, 2.9511258617276326e-05, 3.22587693517562e-05, 3.5557073374548054e-07, 5.336947246983859e-13, 3.816730189277334e-13, 3.816734526086024e-13, 3.816734526086024e-13, 0.00012987644004169852, 0.00284344214014709, 0.02149503491818905, 3.816734526086024e-13, 3.816734526086024e-13, 3.816734526086024e-13, 0.2681943476200104, 0.2677927613258362], "O3": [0.00024143252812791616, 0.07312703132629395, 0.14490829408168793, 0.9884116053581238, 0.1794372946023941, 0.1350170224905014, 0.03891662508249283, 0.03905881941318512, 1.8712987899780273, 4.62368631362915, 17.353679656982422, 22.300979614257812, 17.09815216064453, 25.55077362060547, 27.27625274658203, 32.46515655517578, 36.03925704956055, 35.44816589355469, 57.969635009765625, 32.51311492919922, 36.31430435180664, 35.424560546875, 36.04861831665039, 35.78886032104492], "PM10": [0.0023968226741999388, 0.005397682078182697, 0.009051408618688583, 0.012070766650140285, 0.041922688484191895, 0.10267533361911774, 0.5480526089668274, 0.12050426006317139, 0.060909464955329895, 0.03437185660004616, 0.06902744621038437, 0.11723142117261887, 0.10839710384607315, 0.19314292073249817, 0.3277602791786194, 0.28758662939071655, 0.2970363199710846, 0.20355837047100067, 0.24717560410499573, 0.1770753264427185, 0.22644485533237457, 0.3050496578216553, 0.2647624611854553, 0.2395046055316925], "PM25": [5.091243338029017e-07, 1.922700903378427e-06, 0.00015116113354451954, 0.002649471862241626, 0.019244475290179253, 0.05324265733361244, 0.30307745933532715, 0.05853496491909027, 0.004547911696135998, 0.0017362519865855575, 1.4613218809245154e-05, 0.0017826702678576112, 0.010521238669753075, 0.038400109857320786, 0.07369086146354675, 0.0330396369099617, 0.02312243916094303, 0.00015487750351894647, 0.00012381676060613245, 3.3028256893885555e-06, 0.001111601130105555, 0.011451907455921173, 0.04344943165779114, 0.011591225862503052]}