{"CO": [1.1747668395400979e-05, 0.014017337933182716, 0.038420531898736954, 0.006298300810158253, 0.005374853499233723, 0.005619843956083059, 0.006068297661840916, 0.012653598561882973, 0.01840250752866268, 0.11355720460414886, 0.31240856647491455, 0.5775286555290222, 1.018627405166626, 1.7933732271194458, 3.3956375122070312, 6.469836235046387, 6.762282371520996, 6.479048252105713, 6.298762321472168, 6.158252716064453, 6.707212448120117, 6.6690993309021, 6.73184871673584, 6.889438152313232], "NO2": [3.613323860918172e-05, 0.03634203225374222, 0.3060840368270874, 0.012201928533613682, 0.1367706060409546, 0.25723013281822205, 0.3197026550769806, 0.6323338747024536, 0.30471181869506836, 1.4625438451766968, 0.2980904281139374, 1.5228967666625977, 0.8580120205879211, 1.535786747932434, 2.8279919624328613, 2.3032338619232178, 0.43979954719543457, 0.28572484850883484, 0.562971830368042, 2.622178316116333, 1.5032192468643188, 1.5413429737091064, 0.8381211161613464, 0.8228902816772461], "SO2": [0.0036240119952708483, 0.5287564992904663, 0.006792199797928333, 0.00013374998525250703, 0.0034145796671509743, 8.113909544249509e-09, 0.0020900527015328407, 0.7280996441841125, 0.2805544435977936, 0.01881564036011696, 0.0007246534223668277, 0.0016000113682821393, 0.000269790441961959, 3.816734526086024e-13, 0.0004983919789083302, 0.00917707197368145, 0.034620147198438644, 0.0683554857969284, 0.0024050637148320675, 0.0005204072222113609, 0.0009151247213594615, 0.0016514705494046211, 0.0001668552722549066, 0.0056214588694274426], "O3": [0.00023971754126250744, 0.843800961971283, 1.3309507369995117, 0.07798156142234802, 0.11556899547576904, 0.020750749856233597, 0.0038893218152225018, 0.10747189074754715, 1.0750470161437988, 3.5148301124572754, 4.329269886016846, 5.926179885864258, 6.935520172119141, 10.799739837646484, 18.44757080078125, 32.02070999145508, 37.10067367553711, 36.77397155761719, 37.69231414794922, 28.634937286376953, 35.047584533691406, 32.990692138671875, 34.96704864501953, 33.94436264038086], "PM10": [0.012932945974171162, 1.6020954847335815, 0.07185783237218857, 0.06426034867763519, 0.0685831755399704, 0.042006563395261765, 0.23558257520198822, 3.0592973232269287, 2.7842698097229004, 0.7045431733131409, 0.045132238417863846, 0.022766033187508583, 0.3718271553516388, 0.36432111263275146, 0.20142892003059387, 0.27046117186546326, 0.2866553068161011, 0.5168061256408691, 0.2495909482240677, 0.2190423309803009, 0.27299362421035767, 0.26298099756240845, 0.2814718782901764, 0.28258657455444336], "PM25": [0.005254592280834913, 0.17548376321792603, 0.0032044718973338604, 0.00015233701560646296, 0.0036120654549449682, 0.0020198109559714794, 0.01142424438148737, 0.4892466366291046, 0.12441735714673996, 0.04126377031207085, 0.0006106186774559319, 0.0002527834440115839, 0.022103313356637955, 0.04279537871479988, 0.006197791546583176, 6.527068035211414e-05, 0.008148492313921452, 0.05918674170970917, 0.00044383248314261436, 6.246586417546496e-05, 2.1495279725058936e-06, 1.2015445918223122e-06, 0.0009758084779605269, 0.00366204627789557]}