{"CO": [9.812365533434786e-07, 0.004280174616724253, 0.006354351527988911, 0.007730212062597275, 0.00859924592077732, 0.009731600992381573, 0.009899679571390152, 0.013428238220512867, 0.027925724163651466, 0.11606069654226303, 0.4362359344959259, 0.5506802797317505, 1.1892971992492676, 1.2632585763931274, 2.0476934909820557, 3.4942047595977783, 4.966492176055908, 5.579207897186279, 5.975950717926025, 5.972439765930176, 6.194616317749023, 6.300246715545654, 6.44263219833374, 6.622042179107666], "NO2": [4.120158791920403e-06, 0.006697928998619318, 0.007396632805466652, 0.10035718232393265, 0.22707457840442657, 0.40583306550979614, 0.46490761637687683, 0.7326509356498718, 0.14887787401676178, 0.10411425679922104, 0.22398561239242554, 0.21779128909111023, 0.38505226373672485, 0.5901766419410706, 0.5404932498931885, 0.7510327696800232, 0.36822429299354553, 0.2333459109067917, 0.33120763301849365, 0.4676928222179413, 0.33742833137512207, 0.4635474681854248, 0.5054029226303101, 0.7939788103103638], "SO2": [1.932037321239477e-06, 1.4024709571458516e-06, 7.461461063940078e-05, 8.98160578799434e-07, 4.83719441035646e-06, 7.757475941616576e-06, 5.121879894431913e-06, 1.7973910644286661e-06, 7.911598913779017e-06, 0.009834547527134418, 0.00675415201112628, 0.0006402116268873215, 2.3292757305171108e-06, 1.412704397907305e-09, 7.113566243788227e-05, 0.00030149827944114804, 0.005961028393357992, 0.0011946461163461208, 0.0011802968801930547, 0.0006112016271799803, 0.00046349072363227606, 2.5497678507235833e-05, 0.012111427262425423, 0.03769295662641525], "O3": [0.00010229652980342507, 0.2973026633262634, 0.2828045189380646, 0.23992188274860382, 0.20565839111804962, 0.0554211363196373, 0.023224253207445145, 0.01149232592433691, 1.5892910957336426, 3.8844878673553467, 9.720678329467773, 8.402276039123535, 10.022269248962402, 8.949930191040039, 11.665297508239746, 17.079919815063477, 29.060657501220703, 32.51137161254883, 35.174720764160156, 37.53716278076172, 30.787906646728516, 28.108972549438477, 24.9475154876709, 22.802898406982422], "PM10": [0.002451987937092781, 0.008991300128400326, 0.011149219237267971, 0.05719303712248802, 0.04246939718723297, 0.042647555470466614, 0.04104815796017647, 0.038344431668519974, 0.05410704016685486, 0.0941694974899292, 0.041540756821632385, 0.031590480357408524, 0.05313146114349365, 0.05270091071724892, 0.0848439410328865, 0.13938216865062714, 0.205240398645401, 0.217623770236969, 0.25158432126045227, 0.24161705374717712, 0.2407553642988205, 0.2489338219165802, 0.24632614850997925, 0.23136471211910248], "PM25": [1.7305200117334607e-06, 3.975872914452339e-06, 9.476365084992722e-05, 0.010850952938199043, 0.005855640396475792, 0.0050209625624120235, 0.005561786703765392, 0.005394644103944302, 0.011448903009295464, 0.01239030808210373, 0.0003340664552524686, 0.0006308183656074107, 0.00046125121298246086, 0.00032676116097718477, 0.00013949917047284544, 0.0001102405512938276, 8.695570431882516e-05, 0.0003313658817205578, 1.4005002412886824e-05, 1.7907045730680693e-06, 2.0730656160594663e-06, 3.4377067095192615e-06, 4.729826741822762e-06, 0.0005139534478075802]}