{"CO": [1.8195044049207354e-07, 0.00674991263076663, 0.0028578522615134716, 0.018308008089661598, 0.012592252343893051, 0.008731859736144543, 0.029787519946694374, 1.8022552467300557e-05, 0.03843564912676811, 0.40465882420539856, 0.5452032685279846, 0.5415701270103455, 0.6309669017791748, 1.1053367853164673, 3.834279775619507, 6.338423728942871, 6.533638954162598, 6.62000036239624, 6.307369232177734, 5.384525775909424, 6.697164535522461, 6.86088752746582, 6.790380954742432, 6.864522933959961], "NO2": [6.263674094952876e-07, 0.016750961542129517, 0.013163653202354908, 0.08282062411308289, 0.3438466191291809, 0.9334248304367065, 0.463772714138031, 0.32278570532798767, 0.029200589284300804, 0.03420773521065712, 0.07226397842168808, 0.22894664108753204, 0.5196353197097778, 0.5460941195487976, 0.5520505309104919, 0.30131796002388, 0.25031381845474243, 0.14937980473041534, 0.13444721698760986, 0.36561331152915955, 0.2752581834793091, 0.4275086522102356, 0.33069583773612976, 0.2844160795211792], "SO2": [1.434799014532473e-05, 5.743495876231464e-06, 0.00017603329615667462, 1.2978705167770386, 0.27428656816482544, 0.0004903422086499631, 2.486257791519165, 0.00010511514847166836, 3.8741869502700865e-05, 0.6507788896560669, 0.940406858921051, 0.7254304885864258, 0.7468100786209106, 0.3993571102619171, 5.921286287957628e-07, 0.19801431894302368, 1.0628892183303833, 0.0524711050093174, 0.23543791472911835, 1.0133365392684937, 9.175156446872279e-05, 2.6692527171690017e-05, 3.8167347971365673e-13, 2.551582098007202], "O3": [5.663719662152289e-07, 0.544289767742157, 0.21894988417625427, 0.236941397190094, 0.6784020662307739, 0.15311811864376068, 8.632817480247468e-05, 0.013169197365641594, 0.426810085773468, 3.026470899581909, 4.531661033630371, 4.479068756103516, 4.092501640319824, 6.525032043457031, 22.91167449951172, 35.539798736572266, 36.73638916015625, 36.71391677856445, 38.79020309448242, 34.581939697265625, 37.19108963012695, 34.34203338623047, 34.57805252075195, 34.22323226928711], "PM10": [0.8295853734016418, 0.009061506949365139, 0.008446265943348408, 2.8433945178985596, 0.6020830869674683, 1.1436519622802734, 5.7212934494018555, 4.805183410644531, 1.5096819400787354, 1.5015602111816406, 3.3212666511535645, 3.719834089279175, 13.310729026794434, 1.6171221733093262, 11.370573043823242, 6.528934955596924, 2.4541454315185547, 0.739598274230957, 1.2320592403411865, 3.4538564682006836, 0.15655255317687988, 0.466595858335495, 4.868246555328369, 4.652158260345459], "PM25": [0.4347412586212158, 2.1342254967748886e-06, 0.00016631491598673165, 1.5860837697982788, 0.3148602247238159, 0.4446795880794525, 2.9641544818878174, 1.585202932357788, 0.824992299079895, 0.2710619866847992, 1.6358332633972168, 1.272938847541809, 1.3874132633209229, 0.5637621879577637, 0.7846009135246277, 1.212228536605835, 0.6650996804237366, 0.20261302590370178, 0.48218610882759094, 1.3385789394378662, 0.00027067973860539496, 0.0001272489025723189, 1.7740339040756226, 2.117741107940674]}