{"CO": [0.0004166538128629327, 0.0038092005997896194, 0.01075921393930912, 0.05003020167350769, 0.027719207108020782, 0.026234500110149384, 0.04558751732110977, 0.030332209542393684, 0.023630771785974503, 0.10863164812326431, 1.7883111238479614, 2.2459709644317627, 3.2000179290771484, 3.254486083984375, 2.871758460998535, 3.9346139430999756, 5.221246719360352, 5.8453779220581055, 6.445163726806641, 6.790868282318115, 6.105007171630859, 6.570946216583252, 5.768706321716309, 5.9097723960876465], "NO2": [0.001666664844378829, 0.0033240586053580046, 0.05111413076519966, 0.15334822237491608, 0.3459509611129761, 0.5278440713882446, 1.3616971969604492, 0.5381715297698975, 1.016550064086914, 0.47944289445877075, 0.19105328619480133, 0.5102843642234802, 0.4302383065223694, 0.6677072048187256, 1.2744942903518677, 0.7901555299758911, 0.6221370697021484, 0.40917325019836426, 0.2225245237350464, 0.41996869444847107, 0.48866984248161316, 0.6145491003990173, 0.5352699756622314, 0.5138584971427917], "SO2": [3.8167331708333085e-13, 3.81673154453005e-13, 3.816733983984938e-13, 2.0612307000122954e-11, 6.167552579761093e-11, 1.4014607183088224e-11, 1.0860558286029942e-10, 9.36737232920537e-12, 3.946400283894036e-06, 1.4275398825702723e-05, 6.665533146588132e-05, 1.7174294271171675e-06, 7.96690073912032e-07, 1.942870085258619e-06, 9.59897050734071e-09, 0.0011363219236955047, 6.681045488221571e-05, 0.000116602452180814, 0.07531718164682388, 0.007265415042638779, 5.423020411399193e-05, 0.0006501030875369906, 7.4839313413122e-08, 4.07564511988312e-05], "O3": [0.014546114951372147, 0.1346995234489441, 0.3891446590423584, 1.7959097623825073, 0.3675650954246521, 0.3872300088405609, 0.3046253025531769, 0.1695965826511383, 2.9055004119873047, 3.941756248474121, 8.412692070007324, 9.539998054504395, 7.001039028167725, 14.936327934265137, 9.731992721557617, 17.829795837402344, 18.964599609375, 30.292341232299805, 31.02328872680664, 25.694326400756836, 29.263769149780273, 21.4940128326416, 21.75927734375, 25.137130737304688], "PM10": [0.005934435874223709, 0.006101483944803476, 0.006054705008864403, 0.008274950087070465, 0.00924973376095295, 0.008599312044680119, 0.008339574560523033, 0.008117524906992912, 0.00942634791135788, 0.005526473745703697, 0.05682947114109993, 0.06855253130197525, 0.09249924123287201, 0.137332022190094, 0.1566532701253891, 0.14601518213748932, 0.18267887830734253, 0.2004774808883667, 0.203778475522995, 0.208809033036232, 0.21573548018932343, 0.35084837675094604, 0.5362343788146973, 0.36929163336753845], "PM25": [1.0000000168623835e-16, 1.0000000168623835e-16, 1.0000000830368325e-16, 9.999999506879345e-17, 2.2485853179432524e-09, 5.52760504035632e-10, 4.3843614849770063e-10, 4.347655482156432e-12, 7.447207692916954e-15, 4.845802646408388e-15, 1.7839918995191106e-12, 5.578368171034465e-13, 7.306984336173661e-13, 3.260610981214995e-08, 6.178184008831522e-08, 5.2232199010404656e-08, 2.4950683297220166e-08, 3.858412966906144e-08, 7.460227102740191e-09, 4.2252645471307915e-07, 3.6755095607077237e-06, 3.255298452131683e-06, 7.252245268318802e-05, 6.009321805322543e-05]}