{"CO": [0.000142820761539042, 0.03206120803952217, 0.018093207851052284, 0.008016890846192837, 0.011915739625692368, 0.008614911697804928, 0.007830498740077019, 0.007717080879956484, 0.024320485070347786, 0.06515032052993774, 0.3619723916053772, 0.8050953149795532, 2.071293354034424, 2.3219003677368164, 2.031637668609619, 2.0372955799102783, 2.3649346828460693, 3.746981620788574, 5.459618091583252, 5.409754276275635, 4.936290264129639, 5.02158260345459, 5.597273349761963, 5.6708173751831055], "NO2": [0.004949453752487898, 0.5940285325050354, 0.5019779801368713, 0.5827121734619141, 0.6211050748825073, 0.6733918190002441, 0.6875463128089905, 0.6667675971984863, 0.8768948316574097, 2.64640474319458, 4.023461818695068, 5.043018817901611, 5.247079372406006, 3.5297658443450928, 6.428454399108887, 10.290538787841797, 1.806085467338562, 1.8006802797317505, 1.0875160694122314, 2.3900673389434814, 4.229034423828125, 12.857353210449219, 5.0278425216674805, 8.160146713256836], "SO2": [3.816716636750178e-13, 3.816668931854589e-13, 3.816721244609411e-13, 3.8167347971365673e-13, 3.816729918226791e-13, 2.1619152648644224e-11, 4.001891595883933e-10, 1.0785901061183267e-08, 3.288154104552632e-08, 3.543591253762912e-10, 3.8167347971365673e-13, 3.816734526086024e-13, 2.99245650481339e-09, 2.7299809635117356e-10, 7.293216031101224e-10, 7.914843536127592e-08, 4.1675320971990004e-08, 1.3350059946404258e-10, 3.816734526086024e-13, 3.816734526086024e-13, 1.0646836017258465e-06, 2.9144877089493093e-07, 0.0001261666911887005, 4.220434846047283e-08], "O3": [0.024234503507614136, 3.2914934158325195, 1.0783177614212036, 0.13317357003688812, 0.2016654908657074, 0.018077190965414047, 0.0003670254664029926, 0.0008807932026684284, 2.3875584602355957, 3.795365571975708, 6.879664421081543, 4.824215888977051, 5.678791522979736, 8.584150314331055, 3.120744466781616, 0.47583597898483276, 10.526570320129395, 22.093597412109375, 28.491397857666016, 29.646711349487305, 25.26396942138672, 14.10757827758789, 26.185884475708008, 21.07244110107422], "PM10": [0.0024622094351798296, 0.007680507376790047, 0.007904876954853535, 0.008433437906205654, 0.00931469164788723, 0.008530688472092152, 0.008367513306438923, 0.008255824446678162, 0.008079157210886478, 0.0077369497157633305, 0.010133884847164154, 0.023510299623012543, 0.06187617778778076, 0.06802716106176376, 0.0646265298128128, 0.10789284110069275, 0.08463522791862488, 0.27282968163490295, 0.18048599362373352, 0.20369431376457214, 0.21303234994411469, 0.25935012102127075, 0.42841729521751404, 0.3726806938648224], "PM25": [1.0089857129437716e-16, 1.0070078910119328e-16, 1.0139515759459479e-16, 2.236934548704994e-08, 1.4075617116304784e-08, 2.3886805866624172e-09, 4.218087823470995e-10, 1.6334385233296445e-10, 9.591188954161112e-11, 1.3919862658362536e-11, 1.6440608640103105e-12, 1.5278902275317474e-12, 3.866128771290445e-12, 3.128729567092314e-11, 1.5961904864525422e-06, 0.000457140791695565, 0.0009345482103526592, 0.006831773091107607, 5.745735620621417e-08, 4.406612060847692e-05, 4.806655124411918e-05, 0.0006659969221800566, 0.01247258111834526, 0.005806861445307732]}