{"CO": [4.4544726733874995e-06, 0.006726840976625681, 0.012243017554283142, 0.020633667707443237, 0.048475492745637894, 0.03416522592306137, 0.026026790961623192, 0.019738376140594482, 0.031252361834049225, 0.27465108036994934, 1.4875396490097046, 3.1663589477539062, 3.079019784927368, 3.3261585235595703, 4.966232776641846, 3.301555871963501, 6.429756164550781, 6.593166351318359, 6.338687419891357, 5.766664028167725, 6.309821605682373, 6.6313018798828125, 6.789966583251953, 6.901195049285889], "NO2": [0.00016469716501887888, 0.008803639560937881, 0.06451049447059631, 0.5810766220092773, 0.7740517854690552, 0.8433865308761597, 1.1948189735412598, 1.0401372909545898, 0.07066480815410614, 0.18377545475959778, 0.191408172249794, 0.4693881571292877, 1.1360260248184204, 1.4989733695983887, 0.848747968673706, 1.6065151691436768, 0.2540978491306305, 0.1305512934923172, 0.26565471291542053, 0.44077372550964355, 0.4448549151420593, 0.5165102481842041, 0.5390772819519043, 0.9184668064117432], "SO2": [3.816723413013756e-13, 3.815480917324088e-13, 5.025992400042867e-10, 3.816730189277334e-13, 3.816730189277334e-13, 2.485615446107259e-12, 1.1554778661659881e-10, 2.088753836559931e-09, 3.1631086585548474e-06, 3.4568940463941544e-05, 0.0052018011920154095, 0.00043008223292417824, 6.269024197536055e-06, 1.7849386324542138e-07, 3.742419707464251e-08, 1.8426916659208814e-09, 8.298585640886813e-08, 8.1101585237775e-05, 0.0007011359557509422, 0.00034028905793093145, 9.318029015048523e-09, 0.029475199058651924, 0.09191932529211044, 0.2327800840139389], "O3": [0.0010399871971458197, 0.37717869877815247, 0.44857150316238403, 0.5434012413024902, 1.9661388397216797, 1.0940803289413452, 0.28953349590301514, 0.20846901834011078, 1.5630091428756714, 2.5295586585998535, 10.25314712524414, 23.210556030273438, 22.05670928955078, 19.102294921875, 25.17737579345703, 12.77872085571289, 34.6094856262207, 38.18876266479492, 37.34926986694336, 34.08019256591797, 34.69691467285156, 33.263851165771484, 30.932825088500977, 31.472702026367188], "PM10": [0.0034015432465821505, 0.19754105806350708, 0.10155332833528519, 0.018898459151387215, 0.007813735865056515, 0.02075088396668434, 0.07079292088747025, 0.12613190710544586, 0.2668096125125885, 0.24914559721946716, 0.053734324872493744, 0.12085077166557312, 0.11259966343641281, 0.11369828134775162, 0.17997899651527405, 0.1151285320520401, 0.23028865456581116, 0.24977558851242065, 0.2512621283531189, 0.25725263357162476, 0.2608776092529297, 0.24032925069332123, 0.20255562663078308, 0.189779594540596], "PM25": [0.00046599021879956126, 0.06774508208036423, 0.03947192057967186, 0.003696111496537924, 9.702825565227613e-08, 0.004861312918365002, 0.026323117315769196, 0.05506771802902222, 0.12728166580200195, 0.10303537547588348, 0.000285664398688823, 0.00011206808994757012, 0.00022798439022153616, 2.8672553753494867e-07, 5.2808976761298254e-05, 0.00016417671577073634, 0.00020022309035994112, 2.5829367586993612e-05, 1.0309510798833799e-05, 4.05353530368302e-05, 4.334450295573333e-06, 5.2753784984815866e-06, 5.284225699142553e-05, 0.0025318434927612543]}