{"CO": [0.0002319849154446274, 0.021305672824382782, 0.02258101850748062, 0.0059739043936133385, 0.004559082444757223, 0.03133857622742653, 0.02954687550663948, 0.012102465145289898, 0.02918940596282482, 0.1684308648109436, 0.47475001215934753, 0.5021639466285706, 0.9876148104667664, 2.1668875217437744, 3.117389678955078, 4.780884265899658, 5.481837749481201, 6.4458208084106445, 4.478555679321289, 5.2914228439331055, 6.275364398956299, 6.547053337097168, 6.657903671264648, 6.790043354034424], "NO2": [0.0027260601054877043, 0.01904214546084404, 0.009494914673268795, 0.10933525115251541, 0.1763036698102951, 1.136210322380066, 1.4136943817138672, 0.717535138130188, 0.20623564720153809, 0.11665388196706772, 0.212941512465477, 0.39833858609199524, 1.2728300094604492, 0.7688211798667908, 1.3176093101501465, 0.8332123160362244, 0.41270968317985535, 0.1768195778131485, 0.4104880392551422, 0.4407879114151001, 0.30307212471961975, 0.4675889015197754, 0.703455924987793, 1.0493426322937012], "SO2": [0.04144177958369255, 0.012555827386677265, 0.012599914334714413, 2.7798287192126736e-06, 8.332602728471084e-13, 1.5923647879390046e-05, 6.564624527527485e-06, 0.642655074596405, 1.5470564365386963, 0.9743699431419373, 0.004871112760156393, 4.5921966375317425e-05, 7.465348971891217e-06, 3.816734526086024e-13, 1.3193149697721118e-11, 0.004904592875391245, 4.9663634854368865e-05, 0.0001661373971728608, 0.0006987895467318594, 0.0010193678317591548, 2.0928907815687126e-06, 0.00018305148114450276, 0.04188712313771248, 0.16730664670467377], "O3": [0.025008268654346466, 1.116286039352417, 0.8796970248222351, 0.23763658106327057, 0.048018988221883774, 0.5142509341239929, 0.14427217841148376, 0.03564000502228737, 2.2184653282165527, 5.542078971862793, 7.859064102172852, 5.3334550857543945, 5.737371444702148, 14.26042652130127, 16.42389678955078, 24.246292114257812, 30.50827980041504, 38.8109130859375, 29.954612731933594, 31.637489318847656, 35.77741622924805, 35.62974166870117, 28.59307098388672, 31.19663429260254], "PM10": [0.135891854763031, 0.051713090389966965, 0.06776285916566849, 0.024164466187357903, 0.022491808980703354, 0.16193783283233643, 0.1459648162126541, 3.956369161605835, 5.5133376121521, 3.555595636367798, 0.06810219585895538, 0.061626553535461426, 0.03486086055636406, 0.11175205558538437, 0.12137261033058167, 0.19486775994300842, 0.21747207641601562, 0.28337547183036804, 0.23137299716472626, 0.23629125952720642, 0.2555708885192871, 0.2689145505428314, 0.3289775848388672, 0.34866708517074585], "PM25": [0.03277450054883957, 0.0049180383794009686, 0.005429667420685291, 0.00032172005739994347, 0.0013519935309886932, 0.07412411272525787, 0.022090522572398186, 0.4780607521533966, 1.342703104019165, 0.43987488746643066, 0.001653886865824461, 0.00600410858169198, 0.000669046479742974, 0.012909892946481705, 0.0004843632341362536, 0.0007655700901523232, 0.0029018926434218884, 0.009874243289232254, 0.0004018278559669852, 0.00018409326730761677, 1.308291029999964e-05, 3.029444269486703e-05, 0.02771979570388794, 0.007294683717191219]}