{"CO": [0.002679388737305999, 0.004406686872243881, 0.007702474482357502, 0.00590146379545331, 0.011806515045464039, 0.022080805152654648, 0.02354033850133419, 0.022542772814631462, 0.024542218074202538, 0.12643566727638245, 0.7055248618125916, 2.9339168071746826, 3.503216028213501, 3.475206136703491, 2.512275457382202, 2.7197580337524414, 4.4838409423828125, 5.948716640472412, 5.75079345703125, 6.436471462249756, 5.635965347290039, 5.56606388092041, 5.704885482788086, 5.736203670501709], "NO2": [0.08784474432468414, 2.2756172256777063e-05, 5.04596609971486e-05, 0.006393985357135534, 1.9066886901855469, 2.603715181350708, 1.9050970077514648, 2.2449214458465576, 2.709794282913208, 2.7677762508392334, 0.7154523730278015, 1.7705906629562378, 4.727420806884766, 6.784245014190674, 6.910054683685303, 7.744418621063232, 2.1645567417144775, 0.20069576799869537, 0.3028842806816101, 0.16693620383739471, 5.150219440460205, 5.9855055809021, 6.3289337158203125, 4.515196323394775], "SO2": [3.8166884474936935e-13, 3.816733712934395e-13, 3.816734526086024e-13, 3.816734526086024e-13, 3.834462586858878e-13, 4.206222176117436e-12, 1.362520651859711e-10, 8.301441756231043e-10, 5.368242517178601e-10, 2.0758581342761318e-07, 4.9918144213734195e-05, 3.044369805138558e-07, 3.027998118909636e-08, 3.9577745525321006e-08, 1.4664423009236316e-09, 2.465410489094211e-07, 4.483715747483075e-05, 5.775300948585027e-08, 0.0029670423828065395, 3.751360782189295e-05, 1.2938651252625277e-06, 6.894874360341419e-08, 9.47082341440364e-08, 8.304240850520728e-08], "O3": [0.8540787100791931, 0.10716961324214935, 0.24449336528778076, 0.1441846787929535, 3.307012548248167e-06, 9.573643910698593e-05, 0.0007623464916832745, 0.0021647184621542692, 0.9473649859428406, 10.11518669128418, 6.872839450836182, 12.058534622192383, 9.175960540771484, 5.831255912780762, 2.5343687534332275, 3.433759927749634, 21.48166847229004, 25.745891571044922, 32.68794631958008, 21.9488582611084, 18.86284637451172, 14.132814407348633, 8.712261199951172, 14.586122512817383], "PM10": [0.007551171816885471, 0.005992886144667864, 0.006079766899347305, 0.006771977990865707, 0.009262069128453732, 0.008232192136347294, 0.008120073936879635, 0.00811740756034851, 0.008462363854050636, 0.0077835689298808575, 0.02459627389907837, 0.08957067877054214, 0.12583595514297485, 0.28206297755241394, 0.27086368203163147, 0.2257958948612213, 0.24448369443416595, 0.2000553160905838, 0.19587796926498413, 0.4279513657093048, 0.48030853271484375, 0.5079225301742554, 0.7124730348587036, 0.6642212271690369], "PM25": [1.0000000168623835e-16, 1.0000000168623835e-16, 1.0000000830368325e-16, 4.403960269377949e-12, 1.3894337902442544e-09, 3.009469340398141e-10, 3.3431655881155375e-13, 1.6641729498351882e-13, 6.7838572284065375e-15, 2.3862073477093695e-14, 4.832872180248783e-14, 1.3522054569808928e-12, 1.8658276421286424e-13, 1.4147483531901095e-11, 1.001433602709767e-08, 3.4660136094544214e-08, 3.2391753279625846e-08, 3.311255436511118e-11, 1.3310079260975272e-08, 6.626135018450441e-07, 2.8325690436759032e-05, 0.00012048057396896183, 0.00016529297863598913, 0.00034585496177896857]}