{"CO": [2.452208320846694e-07, 0.00026821656501851976, 0.008343972265720367, 0.005096131470054388, 0.011223428882658482, 0.02122187241911888, 0.01042252779006958, 0.0021401033736765385, 0.034235332161188126, 0.23966899514198303, 0.5708592534065247, 0.7728271484375, 0.7851983904838562, 1.7865443229675293, 5.21911096572876, 6.680880069732666, 6.706386089324951, 6.47329568862915, 5.916133403778076, 5.276754856109619, 6.746110439300537, 6.883334636688232, 6.800378799438477, 6.889214038848877], "NO2": [1.5582874766550958e-05, 0.0015531765529885888, 0.03831162303686142, 0.049816474318504333, 0.24804750084877014, 0.8809479475021362, 0.8148530125617981, 0.27192923426628113, 0.028251463547348976, 0.04857522249221802, 0.04527128487825394, 0.3267724812030792, 0.4847274720668793, 0.9300211668014526, 0.36329421401023865, 0.3284953236579895, 0.1995059847831726, 0.19212600588798523, 0.09834735095500946, 0.16046904027462006, 0.3294792175292969, 0.5223850011825562, 0.6122999787330627, 0.4901774227619171], "SO2": [2.291577220603358e-05, 8.78078125765569e-08, 0.5683043003082275, 0.32851606607437134, 0.00011870332673424855, 1.3190717697143555, 1.2216985851409845e-05, 9.964570926968008e-05, 0.39919787645339966, 0.9340378046035767, 0.008792685344815254, 2.70709506366984e-07, 1.0587310791015625, 0.3777155876159668, 0.002691491274163127, 0.3792605996131897, 1.2189035415649414, 0.8969936370849609, 0.40299227833747864, 0.00018311743042431772, 0.10995117574930191, 0.017982132732868195, 3.816734526086024e-13, 1.6377343925455534e-08], "O3": [2.1829857814736897e-06, 0.030463578179478645, 0.341008722782135, 0.19001485407352448, 0.7563403248786926, 0.5737305283546448, 0.14759306609630585, 0.03606636822223663, 0.444975346326828, 2.997826337814331, 4.13031530380249, 5.383660793304443, 5.338064193725586, 11.340591430664062, 30.669160842895508, 37.22209548950195, 38.47377014160156, 35.40013122558594, 37.84782028198242, 41.771690368652344, 37.70833206176758, 35.00299835205078, 32.55582809448242, 33.976131439208984], "PM10": [0.5571607351303101, 0.28811413049697876, 1.9646538496017456, 0.6334489583969116, 0.06537298858165741, 8.86612319946289, 2.8946218490600586, 0.007759346626698971, 1.1254565715789795, 3.363717555999756, 0.14958766102790833, 0.5982328653335571, 4.8852715492248535, 2.198230504989624, 2.229680061340332, 4.711417198181152, 4.010427474975586, 5.851510524749756, 1.6404837369918823, 0.22922682762145996, 0.1691616326570511, 0.4427495300769806, 15.760488510131836, 4.269294261932373], "PM25": [0.29428017139434814, 0.15336190164089203, 1.0107029676437378, 0.19236350059509277, 0.05573108419775963, 2.149261713027954, 1.487689733505249, 1.0136356820567016e-07, 0.5042632222175598, 0.9075689315795898, 0.0007364873890765011, 0.15039853751659393, 1.3561882972717285, 0.7516142725944519, 0.8432598114013672, 0.0020461222156882286, 0.3589974343776703, 2.3577558994293213, 0.7126393914222717, 0.0003380273701623082, 0.022576509043574333, 0.00011548101610969752, 2.0478573787841015e-05, 1.5487126111984253]}