{"CO": [1.4094899469796474e-08, 0.0004443101934157312, 0.02980571798980236, 0.06155490130186081, 0.03013351559638977, 0.025110961869359016, 0.019229089841246605, 0.019391706213355064, 0.0371415950357914, 2.9050064086914062, 4.1303510665893555, 2.5025012493133545, 2.33066987991333, 4.308563232421875, 4.811565399169922, 4.959702014923096, 5.349654197692871, 6.1346116065979, 5.991736888885498, 6.074019908905029, 6.199840068817139, 6.285650730133057, 6.7373576164245605, 6.805086612701416], "NO2": [6.539351602441457e-07, 0.002182146068662405, 0.049958303570747375, 0.37491780519485474, 0.7342661023139954, 1.0566166639328003, 1.1433204412460327, 1.486556887626648, 0.26773393154144287, 0.223641037940979, 0.5187548398971558, 1.157625675201416, 1.3449161052703857, 1.0834318399429321, 1.0047686100006104, 0.9696834087371826, 0.5786865949630737, 0.2654414176940918, 0.428455114364624, 0.7500689029693604, 0.9979667663574219, 0.8227142095565796, 0.8931883573532104, 1.9106229543685913], "SO2": [3.8167285629740755e-13, 3.8164542598244366e-13, 3.815222606156493e-13, 2.5918887262138535e-12, 1.7647225694639168e-11, 2.3514485497644344e-11, 3.587942790095333e-11, 1.0819342088908002e-09, 4.314328236887377e-07, 0.024810640141367912, 0.0009410438360646367, 1.1597237971727736e-05, 1.3645329488554125e-07, 3.1687676926850372e-09, 1.3381996621930625e-09, 7.479157848599982e-10, 7.8327309438464e-07, 0.0008473752532154322, 0.0014714875724166632, 0.00024147337535396218, 1.7978645701077767e-05, 0.0030229862313717604, 0.06754983961582184, 0.13732661306858063], "O3": [4.961583144336146e-08, 0.052754998207092285, 1.161697506904602, 3.0948190689086914, 1.0593417882919312, 0.43099653720855713, 0.12668368220329285, 0.00743462610989809, 3.1539788246154785, 23.007946014404297, 33.07835006713867, 24.431846618652344, 20.649076461791992, 29.42962646484375, 28.121585845947266, 25.19403076171875, 31.189697265625, 41.322509765625, 39.32975387573242, 39.23558044433594, 35.91471862792969, 31.852022171020508, 29.387718200683594, 26.358989715576172], "PM10": [0.002446603961288929, 0.0033299352508038282, 0.008329859003424644, 0.00841618049889803, 0.009501751512289047, 0.008923019282519817, 0.012287166900932789, 2.615797758102417, 0.2631681263446808, 0.10524245351552963, 0.15920862555503845, 0.0949677899479866, 0.08423051983118057, 0.16252410411834717, 0.18360967934131622, 0.18423941731452942, 0.19588486850261688, 0.2434190809726715, 0.24840837717056274, 0.25345978140830994, 0.2372702956199646, 0.23834967613220215, 0.31969934701919556, 1.219903826713562], "PM25": [6.410932340550346e-10, 7.566906674583151e-07, 5.289328441904217e-07, 2.6927401280962826e-12, 4.712541554902083e-12, 8.03287639428163e-06, 0.0017483042320236564, 1.1789309978485107, 0.114438995718956, 3.7568574043689296e-05, 4.057989713146526e-07, 2.360711348625699e-10, 2.4516559572404506e-13, 5.201987463010482e-08, 2.5538398062963097e-07, 0.0003390975180082023, 5.012233668821864e-05, 2.7955134100920986e-06, 1.2473838069126941e-05, 1.7598014210307156e-06, 2.9632606128870975e-06, 6.883718015160412e-05, 0.007473962847143412, 0.07261379808187485]}