{"CO": [4.272447768016718e-06, 0.008548007346689701, 0.005926432088017464, 0.006228043232113123, 0.039194125682115555, 0.0343678779900074, 0.024675384163856506, 0.011088305152952671, 0.027133740484714508, 0.15498527884483337, 1.6521607637405396, 1.7084723711013794, 2.782869815826416, 2.9148507118225098, 3.927252769470215, 3.991563320159912, 6.551084995269775, 6.794272422790527, 6.420375823974609, 5.945774078369141, 6.16708517074585, 6.702775955200195, 6.799988269805908, 6.867393493652344], "NO2": [0.00013699465489480644, 0.012503272853791714, 0.01739497296512127, 0.2236485481262207, 0.820259690284729, 1.0137097835540771, 0.8693321347236633, 0.5781249403953552, 0.08372156322002411, 0.27343329787254333, 0.14186887443065643, 0.22086942195892334, 1.1958808898925781, 1.4971107244491577, 1.3738240003585815, 2.158740520477295, 0.25680986046791077, 0.08281122148036957, 0.26354581117630005, 0.6605323553085327, 0.4094153046607971, 0.7042747735977173, 0.7542346119880676, 1.2924771308898926], "SO2": [3.8167244972159287e-13, 3.8153237080090774e-13, 9.602303396860634e-10, 4.0594866877741165e-12, 2.3370316792892254e-09, 6.807073351169923e-13, 1.0300765102000398e-10, 2.2274042521530646e-07, 1.929663767441525e-06, 2.7407784273236757e-06, 0.00010802256292663515, 8.940227417042479e-05, 1.3667406095763113e-10, 7.194660449003076e-13, 3.816730189277334e-13, 4.033334222164342e-10, 1.6555337367663014e-07, 0.00024254775780718774, 0.0006573150749318302, 0.0008809809223748744, 3.816734526086024e-13, 0.040805988013744354, 0.10490509867668152, 0.1792365163564682], "O3": [0.0009290965972468257, 0.48366910219192505, 0.21574287116527557, 0.1506071239709854, 1.2393685579299927, 0.8815212845802307, 0.5557746887207031, 0.1274084448814392, 1.606574296951294, 2.134814977645874, 11.76962947845459, 14.307220458984375, 20.46570587158203, 15.635883331298828, 18.6220645904541, 14.489429473876953, 35.541282653808594, 39.76801300048828, 37.45274353027344, 33.98011016845703, 36.68178176879883, 31.940359115600586, 31.057565689086914, 28.945281982421875], "PM10": [0.003084469586610794, 0.21162666380405426, 0.03524566814303398, 0.04141642898321152, 0.0600743405520916, 0.08193003386259079, 0.13327714800834656, 0.10946696251630783, 0.10213787108659744, 0.32447561621665955, 0.06567633152008057, 0.15459604561328888, 0.1478288769721985, 0.10674530267715454, 0.13768476247787476, 0.17765459418296814, 0.23623113334178925, 0.26944538950920105, 0.25273168087005615, 0.2490692287683487, 0.2446817308664322, 0.23419862985610962, 0.2375371903181076, 0.567033588886261], "PM25": [0.0003125794464722276, 0.09362718462944031, 0.007555397227406502, 0.013616046868264675, 0.015955153852701187, 0.03123580664396286, 0.06039402261376381, 0.0475938618183136, 0.041793350130319595, 0.14667576551437378, 5.7677905715536326e-05, 0.0006706331623718143, 0.02352484129369259, 1.464960064367915e-08, 5.923908975091763e-05, 0.019737480208277702, 0.0008677958394400775, 3.9379705413011834e-05, 6.218440103111789e-05, 0.0007112515158951283, 5.000359124096576e-06, 0.000726806465536356, 0.0016625340795144439, 0.051106154918670654]}