{"CO": [0.0007088991114869714, 0.01608089543879032, 0.00828608963638544, 0.0037605175748467445, 0.005643550772219896, 0.043746910989284515, 0.0304842721670866, 0.009415947832167149, 0.047310471534729004, 0.13727186620235443, 0.36599963903427124, 1.4639031887054443, 1.4016966819763184, 2.3500723838806152, 3.122013807296753, 3.267179012298584, 5.465121746063232, 6.408917427062988, 6.51416540145874, 5.58851957321167, 6.306319236755371, 6.543373107910156, 6.6112260818481445, 6.761269569396973], "NO2": [0.02689516358077526, 0.041244398802518845, 0.0695047602057457, 0.06831708550453186, 0.19856511056423187, 1.094400405883789, 1.4341694116592407, 0.6041399240493774, 0.19444569945335388, 0.23965848982334137, 0.09338361769914627, 0.7972835302352905, 1.4840244054794312, 1.198877215385437, 1.9795738458633423, 2.0007903575897217, 0.5245401263237, 0.33254897594451904, 0.3139475882053375, 0.5021135210990906, 0.8003692626953125, 0.6833065152168274, 0.7443002462387085, 1.486437439918518], "SO2": [1.1474010186418582e-08, 1.3539919185845406e-09, 0.00013760117872152478, 6.981418465556999e-08, 8.883658608738187e-08, 2.2202517158120827e-08, 1.3926281098974869e-05, 0.0022308584302663803, 0.0010838905582204461, 0.00012865265307482332, 0.00046580631169490516, 0.0002596178383100778, 1.1509779369589523e-06, 1.1832798629818342e-10, 9.549467119840394e-12, 6.952006060600979e-06, 5.567352673097048e-06, 0.00011812874436145648, 0.00030433532083407044, 0.00049695058260113, 8.463614808995601e-10, 5.721799993807508e-07, 0.0008236839785240591, 0.06447451561689377], "O3": [0.20187127590179443, 1.3084118366241455, 0.3473496437072754, 0.1590549796819687, 0.10945377498865128, 1.197057843208313, 0.26628604531288147, 0.005232139024883509, 2.033212423324585, 2.698127508163452, 4.8864641189575195, 9.59715747833252, 8.975640296936035, 15.960326194763184, 16.5459041595459, 13.804807662963867, 30.10489845275879, 33.71106719970703, 34.45960235595703, 36.10559844970703, 35.01664733886719, 34.90105438232422, 28.957820892333984, 26.616806030273438], "PM10": [0.003613493638113141, 0.008849497884511948, 0.016307897865772247, 0.016838809475302696, 0.0207767803221941, 0.18320950865745544, 0.22398315370082855, 2.421416997909546, 0.01737041585147381, 0.054097920656204224, 0.01551460288465023, 0.16600342094898224, 0.04439571127295494, 0.24112506210803986, 0.1173802986741066, 0.12167587131261826, 0.38509082794189453, 0.29596421122550964, 0.2548710107803345, 0.24598976969718933, 0.26315852999687195, 0.27412641048431396, 1.0598490238189697, 0.30429336428642273], "PM25": [1.7044790467934945e-08, 2.7294738913496985e-08, 6.955541920206088e-08, 1.5341900507337414e-05, 0.0023700452875345945, 0.08807941526174545, 0.033908911049366, 0.1040133386850357, 0.0013179673114791512, 0.0037470217794179916, 0.0014572733780369163, 0.04474801942706108, 1.738470878365206e-08, 0.07629576325416565, 3.1131636157866183e-10, 0.0003040713199879974, 0.08624710887670517, 0.02669905498623848, 0.00351657229475677, 0.0002791580918710679, 1.1569599337235559e-05, 0.0013626263244077563, 0.059324439615011215, 0.003313343273475766]}