{"CO": [1.979828448384069e-05, 0.0011326383100822568, 0.009304426610469818, 0.0044638230465352535, 0.007958347909152508, 0.02765580639243126, 0.008304289542138577, 0.006217350251972675, 0.035890862345695496, 0.21321633458137512, 0.2737492620944977, 0.4897564947605133, 0.9398256540298462, 2.4471309185028076, 3.5804405212402344, 3.4834418296813965, 5.745354652404785, 6.526165008544922, 6.923884868621826, 5.410478591918945, 6.299192905426025, 6.67753267288208, 6.529244899749756, 6.835346221923828], "NO2": [0.0003022174641955644, 0.014411102049052715, 0.054838038980960846, 0.12465688586235046, 0.35918548703193665, 1.2752625942230225, 0.528566837310791, 0.2195679247379303, 0.0892728641629219, 0.45230457186698914, 0.08122844994068146, 0.5791158676147461, 1.0742177963256836, 1.7091914415359497, 1.3893471956253052, 1.8541415929794312, 0.6589416861534119, 0.26902762055397034, 0.3118879497051239, 0.40103840827941895, 0.3420683443546295, 0.5321734547615051, 1.0485066175460815, 0.7821605801582336], "SO2": [4.120747689739801e-05, 2.0263668520925648e-10, 0.0005341783980838954, 2.1816447315359255e-07, 1.5703844837844372e-06, 3.816734526086024e-13, 0.006874843500554562, 0.008329562842845917, 0.01891062781214714, 1.3812621268982639e-08, 8.11631980468519e-05, 4.9924874474527314e-05, 2.7884534574695863e-06, 3.213492583142852e-09, 5.60555291420628e-13, 3.816734526086024e-13, 1.6539787566216546e-06, 8.455752686131746e-05, 3.614111392380437e-07, 0.0001260828139493242, 3.5475983262145405e-10, 3.816734526086024e-13, 1.1914607078722383e-09, 0.1731950342655182], "O3": [0.001508984831161797, 0.1723337471485138, 0.48959070444107056, 0.17797692120075226, 0.20716768503189087, 0.16537441313266754, 0.04501666873693466, 0.0051556904800236225, 0.48249852657318115, 2.221773862838745, 3.083881139755249, 4.057546138763428, 6.577410697937012, 15.348992347717285, 19.124862670898438, 15.177807807922363, 31.785953521728516, 35.44178009033203, 33.360191345214844, 36.54457092285156, 36.98253631591797, 35.226009368896484, 28.272186279296875, 34.360382080078125], "PM10": [0.002822709735482931, 0.0038589020259678364, 0.012901965528726578, 0.014599060639739037, 0.015560148283839226, 0.2165476232767105, 2.4269959926605225, 0.1864835023880005, 0.10119643807411194, 0.011145440861582756, 0.03207731619477272, 0.03842361271381378, 0.02680809423327446, 0.682479977607727, 0.13333232700824738, 0.12884047627449036, 0.2576107680797577, 0.29665249586105347, 0.2754816710948944, 0.2512356638908386, 0.2290971279144287, 0.1975034773349762, 0.8626827597618103, 0.2705715596675873], "PM25": [0.00018414377700537443, 1.3903911355583887e-10, 0.00012543574848677963, 5.235591743257828e-06, 3.008568637596909e-05, 0.10525096952915192, 0.15996181964874268, 0.008746142499148846, 0.02084849402308464, 0.0003719301021192223, 0.0018896409310400486, 0.003903428092598915, 3.205960092600435e-05, 0.3050769865512848, 0.0003722977708093822, 0.000221901893382892, 0.0221173707395792, 0.027033278718590736, 0.01031228806823492, 0.0023430485744029284, 4.89278208988253e-05, 3.7673166843887884e-06, 0.1050528809428215, 0.002552286023274064]}