{"CO": [2.312948481630883e-06, 0.0007539541111327708, 0.007446517702192068, 0.0025707946624606848, 0.004990437068045139, 0.009194950573146343, 0.007062030024826527, 0.007859624922275543, 0.017564544454216957, 0.09943193197250366, 0.0813426747918129, 0.4171452522277832, 0.7802847623825073, 0.9823223352432251, 1.182045817375183, 2.261406660079956, 4.957331657409668, 5.23651123046875, 6.015618324279785, 6.3300251960754395, 6.712418079376221, 6.653227806091309, 6.498722076416016, 6.635073184967041], "NO2": [9.866951586445794e-06, 0.0022082526702433825, 0.006340867839753628, 0.024439789354801178, 0.13247263431549072, 0.31885939836502075, 0.31219786405563354, 0.3606838285923004, 0.054430436342954636, 0.05705566704273224, 0.046629227697849274, 0.42229387164115906, 0.5799936652183533, 0.9399506449699402, 1.0933948755264282, 0.850686252117157, 0.3987356722354889, 0.3040641248226166, 0.1922035962343216, 0.6802569031715393, 1.1783746480941772, 0.6753988265991211, 0.689190685749054, 0.7807300686836243], "SO2": [1.569067933360202e-07, 0.01463253516703844, 0.0617944598197937, 0.0006924327462911606, 2.7521085854687044e-08, 2.7638819233288814e-07, 6.800255505368114e-07, 4.047848514709962e-11, 1.5783635944899288e-06, 0.21492552757263184, 0.042797770351171494, 0.0003693444305099547, 8.807898854712448e-11, 2.442947406866569e-11, 2.0071337925031685e-09, 0.0001398691238136962, 0.007060824427753687, 0.0046679312363266945, 0.0007730016950517893, 0.0002962623839266598, 0.0005506172310560942, 0.003416316816583276, 0.0023565306328237057, 0.04001878574490547], "O3": [4.558461660053581e-05, 0.07226822525262833, 0.33034253120422363, 0.08300863951444626, 0.11842135339975357, 0.14149600267410278, 0.02544471248984337, 0.03333607688546181, 0.9571757316589355, 3.8460052013397217, 2.3117549419403076, 6.320370674133301, 8.454789161682129, 8.165932655334473, 7.622544765472412, 13.693060874938965, 30.566791534423828, 32.62947463989258, 35.97920227050781, 30.58060646057129, 30.23946189880371, 28.923757553100586, 24.51325035095215, 25.069042205810547], "PM10": [0.0024319987278431654, 0.040930867195129395, 0.246735617518425, 0.08860733360052109, 0.13663643598556519, 0.04348829761147499, 0.05087408050894737, 0.055197715759277344, 0.02059231325984001, 1.073998212814331, 0.4237210154533386, 0.01870192028582096, 0.028099631890654564, 0.02986595220863819, 0.0390082448720932, 0.1036553606390953, 0.22965723276138306, 0.21774664521217346, 0.25163033604621887, 0.2692304849624634, 0.2812447249889374, 0.2626795172691345, 0.25768911838531494, 0.24092641472816467], "PM25": [2.086459858219314e-07, 0.003416390623897314, 0.017378168180584908, 0.0029516115318983793, 0.004005319904536009, 0.0032746409997344017, 0.0021592832636088133, 0.0017512161284685135, 0.00019751142826862633, 0.07288187742233276, 0.025246301665902138, 0.00029696119599975646, 0.0002716886519920081, 0.0001377356966258958, 4.182276825304143e-05, 0.0015233276644721627, 0.0006963681662455201, 0.00039115638355724514, 1.5261792214005254e-05, 1.3671861779585015e-05, 2.1938481040706392e-06, 7.360526410593593e-07, 4.286779130779905e-06, 0.00019802623137366027]}