{"CO": [9.137085044130799e-07, 0.023212052881717682, 0.0009522209875285625, 0.031816694885492325, 0.027862077578902245, 0.019202018156647682, 0.011629927903413773, 0.010075719095766544, 0.20516175031661987, 0.9433875679969788, 0.6196311116218567, 1.4600545167922974, 2.0562827587127686, 2.529808282852173, 3.4094085693359375, 4.149252414703369, 6.2069010734558105, 5.751298427581787, 6.151102542877197, 6.429876804351807, 6.447656631469727, 6.641698837280273, 6.885652542114258, 6.8763298988342285], "NO2": [4.221732524456456e-06, 0.03200003504753113, 0.000648924324195832, 0.39303678274154663, 0.876434326171875, 0.7071517705917358, 0.7224785685539246, 0.16900402307510376, 0.08360926061868668, 0.15736986696720123, 0.24410054087638855, 1.0814294815063477, 0.8815303444862366, 0.7992138862609863, 1.1511213779449463, 1.6984018087387085, 0.5987406373023987, 0.5188435316085815, 0.971149206161499, 0.6037929058074951, 0.9365382194519043, 0.5862632393836975, 0.5797505974769592, 1.018468976020813], "SO2": [3.8167328997827654e-13, 3.814836359132545e-13, 1.0361388830260054e-11, 3.8167347971365673e-13, 3.816732086631136e-13, 7.020859046046046e-13, 8.974256338056819e-10, 1.9710988397037e-08, 8.586980584368575e-07, 0.00034582873922772706, 7.038356102384569e-07, 1.0471503004982896e-11, 4.469261603596425e-13, 4.267961851989188e-13, 3.816734526086024e-13, 9.677921797290878e-10, 2.2179607185535133e-05, 8.133326651060813e-11, 4.244957163557217e-11, 4.595941405227677e-10, 4.8503593502724485e-11, 3.816734526086024e-13, 0.21320579946041107, 0.18243055045604706], "O3": [3.570032640709542e-05, 0.9896050691604614, 0.06698764860630035, 1.3550786972045898, 0.9989318251609802, 0.5822657942771912, 0.1190158873796463, 0.009663163684308529, 1.6253163814544678, 5.482992649078369, 6.7322468757629395, 14.574623107910156, 17.13916778564453, 18.684818267822266, 21.329824447631836, 19.435302734375, 34.252601623535156, 35.07129669189453, 34.351722717285156, 35.92719650268555, 31.555370330810547, 33.29594039916992, 33.865447998046875, 32.21495056152344], "PM10": [0.0027695694006979465, 0.008042849600315094, 0.007543593179434538, 0.007402809336781502, 0.011002179235219955, 0.05521000921726227, 0.15350285172462463, 0.013289126567542553, 0.15385201573371887, 0.03857475146651268, 0.01902303285896778, 0.04646873474121094, 0.06935131549835205, 0.08371003717184067, 0.12195368856191635, 0.1899304836988449, 0.444196879863739, 0.23176126182079315, 0.20213332772254944, 0.20561040937900543, 0.20244942605495453, 0.7230627536773682, 0.2767202854156494, 0.25803127884864807], "PM25": [0.0001952557940967381, 5.508885078597814e-05, 3.4648788727054125e-08, 9.481446738845989e-09, 0.0011860382510349154, 0.015598293393850327, 0.0713161826133728, 0.0015879747224971652, 0.0636434331536293, 0.0025726621970534325, 4.3353475120966323e-07, 7.0634532676194794e-06, 0.0004305099428165704, 0.0015471786027774215, 0.007342210039496422, 0.024625908583402634, 0.10446542501449585, 4.013935904367827e-05, 4.199773684376851e-05, 1.5605097214432817e-09, 0.0004154368652962148, 0.00018649107369128615, 0.014826491475105286, 0.01625514030456543]}