{"CO": [6.0487095652206335e-06, 0.000699066324159503, 0.006951441988348961, 0.0035689666401594877, 0.007437005173414946, 0.0040605803951621056, 0.004697037395089865, 0.009755072183907032, 0.01661810092628002, 0.09022517502307892, 0.32697662711143494, 1.318696141242981, 1.4915074110031128, 1.8991390466690063, 2.367598533630371, 2.207310914993286, 4.324188232421875, 5.539699077606201, 5.967210292816162, 6.663514614105225, 6.350930213928223, 6.477411270141602, 6.401464462280273, 6.589936256408691], "NO2": [0.00012369368050713092, 0.003169034840539098, 0.003015792230144143, 0.05698448792099953, 0.2434910088777542, 0.17116667330265045, 0.20609037578105927, 0.4440409243106842, 0.06269648671150208, 0.05973982438445091, 0.15164849162101746, 0.2162623256444931, 0.17517033219337463, 0.6974199414253235, 1.2851637601852417, 1.0930103063583374, 0.647537887096405, 0.2700391411781311, 0.8833796977996826, 0.5929210186004639, 0.5985996127128601, 0.8952169418334961, 0.9725368022918701, 1.1426701545715332], "SO2": [1.9971118508932406e-11, 4.03596800424566e-09, 3.1400186344399117e-06, 1.2941819704792579e-06, 5.2028433117357054e-08, 2.630778928036648e-09, 5.975122174817216e-09, 4.425541177965897e-08, 1.6181689321825843e-09, 6.832113285781816e-05, 0.0022409800440073013, 0.0006466932245530188, 5.755980510002701e-06, 1.4456704722221048e-09, 3.3408655326638836e-06, 9.330042303190567e-06, 0.006024746689945459, 0.00080808688653633, 0.0003360009868629277, 0.004997107200324535, 0.0011087367311120033, 0.0015096624847501516, 0.0054791588336229324, 0.04697372391819954], "O3": [0.0012213842710480094, 0.09088490158319473, 0.3119068443775177, 0.09412818402051926, 0.1397857964038849, 0.006473938934504986, 0.020112132653594017, 0.07536415010690689, 0.9161862134933472, 3.4578065872192383, 3.640895128250122, 11.850665092468262, 11.553648948669434, 12.087106704711914, 13.000286102294922, 11.05862045288086, 25.087244033813477, 33.341026306152344, 29.125322341918945, 31.490615844726562, 27.907827377319336, 21.40996742248535, 23.91628646850586, 21.4603271484375], "PM10": [0.002433605957776308, 0.003654776606708765, 0.013370697386562824, 0.031421225517988205, 0.028747618198394775, 0.026563221588730812, 0.027376092970371246, 0.031302955001592636, 0.030886393040418625, 0.04365692660212517, 0.024033140391111374, 0.04048828408122063, 0.05070104822516441, 0.07435349375009537, 0.09326197952032089, 0.0877460166811943, 0.17413467168807983, 0.2144068032503128, 0.23487567901611328, 0.2698347866535187, 0.2555951476097107, 0.2464519590139389, 0.24714341759681702, 0.2195868343114853], "PM25": [2.1420266602123483e-11, 3.4837107705243398e-06, 0.00041866087121888995, 0.0016831582179293036, 0.0019988720305263996, 0.0011046335566788912, 0.0011586215114220977, 0.004237484186887741, 0.0037128629628568888, 0.009643537923693657, 0.002231063786894083, 0.00019490117847453803, 0.00019452341075520962, 0.00010287969780620188, 8.232113759731874e-05, 0.00013250915799289942, 4.1663111915113404e-05, 1.7601485524210148e-05, 2.560533403084264e-06, 5.573517682933016e-07, 3.4581020713631005e-07, 2.0330269023816072e-07, 1.078659465747478e-06, 1.123752099374542e-06]}