{"CO": [0.0003074105188716203, 0.0004498898924794048, 0.037288933992385864, 0.0068343826569616795, 0.006044493522495031, 0.005890468135476112, 0.0058339256793260574, 0.008502372540533543, 0.026992931962013245, 0.1478918045759201, 0.2397546023130417, 0.5947099328041077, 1.1690424680709839, 1.0758209228515625, 2.1323208808898926, 2.765625238418579, 5.85097599029541, 5.748839855194092, 5.608556747436523, 5.86277961730957, 5.8296942710876465, 6.424077033996582, 6.553125381469727, 6.791289329528809], "NO2": [0.004129630047827959, 0.0011425227858126163, 0.039306510239839554, 0.11391014605760574, 0.2385396659374237, 0.27507367730140686, 0.2723960876464844, 0.5612171292304993, 0.33622410893440247, 0.13195089995861053, 0.15501181781291962, 0.7355381846427917, 0.3237229287624359, 0.6177888512611389, 0.5702654123306274, 0.6567280292510986, 0.3721400499343872, 0.41432663798332214, 0.14378102123737335, 1.0064066648483276, 0.497758150100708, 0.6247719526290894, 0.9572550654411316, 0.4838748574256897], "SO2": [0.08470575511455536, 0.05045368894934654, 0.12065646052360535, 0.000927767890971154, 2.583357854746282e-06, 2.4224349193247008e-09, 1.1991089650109643e-06, 0.10293503105640411, 0.011091419495642185, 0.14014025032520294, 0.024327043443918228, 1.976957264560042e-06, 4.026658828593099e-08, 5.971801275705957e-09, 6.392887144102133e-07, 0.0004955241456627846, 0.04065170884132385, 0.008774037472903728, 0.00240422529168427, 0.0004523900570347905, 0.00023964763386175036, 0.0010080887004733086, 0.016336027532815933, 0.06300045549869537], "O3": [0.028430664911866188, 0.03154115378856659, 1.8742462396621704, 0.18247349560260773, 0.08403810858726501, 0.021135592833161354, 0.01554889976978302, 0.0032521153334528208, 3.0271923542022705, 5.824485778808594, 4.3799238204956055, 8.032134056091309, 8.365102767944336, 8.89504623413086, 10.067663192749023, 11.824834823608398, 33.08048629760742, 33.023841857910156, 36.78559112548828, 31.350831985473633, 23.823240280151367, 23.346017837524414, 25.311193466186523, 27.732013702392578], "PM10": [0.24916444718837738, 0.12372559309005737, 0.4032716453075409, 0.1385689228773117, 0.03831470385193825, 0.10322541743516922, 0.08222197741270065, 0.5754528641700745, 0.251789391040802, 0.7201375961303711, 0.30153146386146545, 0.021911485120654106, 0.05216033011674881, 0.04160134121775627, 0.12793301045894623, 0.1440766453742981, 0.23692730069160461, 0.22551681101322174, 0.2837865948677063, 0.2369600385427475, 0.24947071075439453, 0.30809199810028076, 0.2784768342971802, 0.2402488738298416], "PM25": [0.061889857053756714, 0.012631375342607498, 0.031217485666275024, 0.004145824816077948, 0.001232482842169702, 0.0031942748464643955, 0.0038562887348234653, 0.04148154333233833, 0.016015546396374702, 0.05776451528072357, 0.015958931297063828, 0.0003017287526745349, 1.951439662661869e-05, 0.001085859490558505, 0.004281360190361738, 0.003443210618570447, 0.004239095374941826, 0.0006333027849905193, 4.441501369001344e-05, 5.005938987778791e-07, 1.2633273399842437e-05, 6.778387614758685e-06, 0.00041235893149860203, 2.7876485546585172e-05]}