{"CO": [1.36911939989659e-05, 0.0004643342981580645, 0.00248116347938776, 0.01594807766377926, 0.007239964324980974, 0.009551464579999447, 0.007781262043863535, 0.11893976479768753, 0.22601373493671417, 0.31329089403152466, 0.5386844873428345, 1.0483475923538208, 1.3218289613723755, 1.8870601654052734, 5.077792167663574, 6.12608003616333, 6.681215286254883, 6.066864013671875, 5.760499954223633, 6.042306423187256, 6.290638446807861, 6.635244846343994, 6.890969753265381, 6.925337791442871], "NO2": [0.00016841123579069972, 0.0021112302783876657, 0.006631052121520042, 0.10364580154418945, 0.41547998785972595, 0.5612047910690308, 0.0868312418460846, 0.4617474675178528, 0.07317487895488739, 0.28424936532974243, 0.22025810182094574, 0.4688091278076172, 0.7146657705307007, 0.7073153853416443, 0.450854629278183, 0.4352113604545593, 0.23848070204257965, 0.27516236901283264, 0.2231079638004303, 0.3711897134780884, 0.7282196283340454, 0.5406007170677185, 0.11030584573745728, 0.10455288738012314], "SO2": [3.816723413013756e-13, 3.8164564282287816e-13, 3.1435107850086297e-09, 2.011544069091542e-07, 1.8867503115416184e-09, 1.9962511998983246e-07, 6.045104694596404e-11, 3.2981081403704593e-06, 3.0232686754061433e-07, 0.00013501114153768867, 0.0002111542271450162, 1.4352687685459387e-05, 4.5282439486982184e-07, 5.402200713433558e-07, 5.603914554619394e-10, 1.1020830243069213e-05, 3.854362148558721e-05, 5.819651505589718e-06, 0.00016043333744164556, 6.721637328155339e-05, 1.7761189155862667e-05, 1.488730987375675e-07, 0.08731459826231003, 0.21926787495613098], "O3": [0.001932665822096169, 0.04721810296177864, 0.14007706940174103, 0.6840424537658691, 0.4611489474773407, 0.23094266653060913, 0.032488614320755005, 0.11919794976711273, 1.5019409656524658, 2.508652925491333, 4.706023216247559, 8.598426818847656, 9.102100372314453, 11.045670509338379, 30.51020622253418, 35.51582336425781, 38.225372314453125, 37.10905456542969, 38.45032501220703, 38.02714538574219, 30.88990592956543, 33.33622741699219, 37.70915603637695, 38.611385345458984], "PM10": [0.002424485981464386, 0.0033743467647582293, 0.006100385449826717, 0.015438463538885117, 0.007801626343280077, 0.007988883182406425, 0.005191503092646599, 0.006408535875380039, 0.011363692581653595, 0.024742990732192993, 0.021883945912122726, 0.0361771360039711, 0.038812439888715744, 0.06136210262775421, 0.17761434614658356, 0.24766209721565247, 0.25195759534835815, 0.23672440648078918, 0.22291319072246552, 0.22207744419574738, 0.20977149903774261, 0.30425214767456055, 0.22011318802833557, 0.17330467700958252], "PM25": [2.5450830729885484e-16, 8.747807166142874e-12, 2.56226655892533e-07, 1.0103598469868302e-05, 4.694919297776323e-08, 2.0034525732626207e-05, 1.586027664757239e-08, 0.00012110237730666995, 0.000284436100628227, 0.0021311233285814524, 0.00011698698654072359, 6.045913323760033e-06, 3.856099283439107e-06, 1.1708516467479058e-05, 4.924188033328392e-06, 0.013092661276459694, 0.005006742663681507, 7.345502672251314e-05, 7.673073014302645e-06, 2.6386282115709037e-05, 6.277179636526853e-06, 0.007752419915050268, 0.0005594424437731504, 0.0003669344587251544]}