{"CO": [6.728140579070896e-05, 0.00027359186788089573, 0.010301107540726662, 0.003739862237125635, 0.005315380170941353, 0.008912858553230762, 0.006932143121957779, 0.005670885089784861, 0.015176715329289436, 0.08868060261011124, 0.19500897824764252, 0.6828257441520691, 0.8911816477775574, 1.0153789520263672, 1.1905603408813477, 1.9364514350891113, 4.211793899536133, 5.07864236831665, 5.921727180480957, 6.6392903327941895, 6.330920219421387, 6.399453639984131, 6.421854019165039, 6.6743316650390625], "NO2": [0.002271095057949424, 0.001234827097505331, 0.0026541019324213266, 0.02598215825855732, 0.20128916203975677, 0.264577716588974, 0.2819811999797821, 0.23932862281799316, 0.0940169095993042, 0.07094690948724747, 0.048916906118392944, 0.9543272256851196, 1.3262383937835693, 1.3892136812210083, 1.3451899290084839, 1.180472493171692, 0.6413136720657349, 0.360599547624588, 0.3076412081718445, 1.1308982372283936, 1.5963430404663086, 0.9122462868690491, 1.1432448625564575, 0.7799519300460815], "SO2": [1.0186930012423545e-05, 0.005873117130249739, 0.07958544790744781, 0.0004153990594204515, 4.744183570437599e-07, 1.119365720114729e-06, 3.483519094515941e-06, 3.2633699902362423e-06, 1.4303053852415815e-08, 0.08767154812812805, 0.025923941284418106, 0.00012170667469035834, 2.2543403588315414e-07, 4.288224886295211e-09, 3.1693841151536617e-07, 5.009515007259324e-05, 0.008832561783492565, 0.006519399117678404, 0.0010451292619109154, 0.0008867925498634577, 0.000984857091680169, 0.0015469298232346773, 0.0007003307109698653, 0.03530070185661316], "O3": [0.016867972910404205, 0.029789380729198456, 0.4190995395183563, 0.1251715123653412, 0.055146705359220505, 0.13526199758052826, 0.04636133089661598, 0.02214030548930168, 0.8548702001571655, 3.3047547340393066, 4.721534252166748, 9.503423690795898, 7.988595485687256, 8.414484977722168, 6.729252338409424, 9.09260082244873, 24.583656311035156, 32.45023727416992, 34.1810188293457, 33.779083251953125, 25.405357360839844, 24.748777389526367, 19.86261749267578, 23.566598892211914], "PM10": [0.0027754076290875673, 0.01526474766433239, 0.32334843277931213, 0.15142637491226196, 0.09911870211362839, 0.04824531823396683, 0.08023451268672943, 0.09667370468378067, 0.05388576537370682, 0.6105141043663025, 0.2722201943397522, 0.02808821201324463, 0.03694619983434677, 0.03076954558491707, 0.04606964439153671, 0.10947270691394806, 0.19303812086582184, 0.21286140382289886, 0.24096012115478516, 0.28599146008491516, 0.2598891854286194, 0.2549944519996643, 0.2531781792640686, 0.23754723370075226], "PM25": [1.623345451662317e-05, 0.000925710832234472, 0.0228145569562912, 0.0034036608412861824, 0.002989670727401972, 0.003511345712468028, 0.003493074793368578, 0.0026464073453098536, 0.0020388602279126644, 0.04067365452647209, 0.014114011079072952, 0.00022439844906330109, 0.0004004446673206985, 0.00011424598778830841, 0.0011101403506472707, 0.0037046116776764393, 0.0012359163956716657, 0.00048656988656148314, 1.9582666936912574e-05, 1.691168677098176e-06, 1.3907948641644907e-06, 1.7390054836141644e-06, 1.6331730876117945e-05, 5.7925335568143055e-05]}