{"CO": [1.398162794430391e-06, 3.4548338589956984e-05, 0.0016532776644453406, 0.0028246676083654165, 0.019398782402276993, 0.014640011824667454, 0.00730582419782877, 0.004333838354796171, 0.034789424389600754, 0.46433934569358826, 0.7231419086456299, 1.5828806161880493, 1.1920405626296997, 1.175575613975525, 3.610901117324829, 5.373775959014893, 6.880526542663574, 6.764392375946045, 6.724912643432617, 5.2261857986450195, 6.45816707611084, 6.876846790313721, 6.819072723388672, 6.812366008758545], "NO2": [4.994617847842164e-05, 0.0003487200301606208, 0.005137346684932709, 0.0127848070114851, 0.32874029874801636, 0.711631178855896, 0.5518991351127625, 0.15840882062911987, 0.013921333476901054, 0.013196222484111786, 0.16898570954799652, 0.20175041258335114, 0.3699571192264557, 0.5450982451438904, 0.9513541460037231, 1.0478142499923706, 0.1817885935306549, 0.07859508693218231, 0.0618007555603981, 0.29128873348236084, 0.6115774512290955, 0.4676843583583832, 0.5324610471725464, 0.610382080078125], "SO2": [3.2316116449493393e-09, 2.427283085637555e-08, 1.1249599083384965e-06, 3.0758104685446597e-07, 3.442061824898701e-06, 5.1640585297718644e-05, 2.5034778445842676e-05, 3.5228174965595827e-05, 1.768476067809388e-05, 2.461541589582339e-05, 0.002026509027928114, 0.0010387888178229332, 2.986087929457426e-05, 0.00043184729292988777, 3.816734526086024e-13, 0.0003794012009166181, 0.003175190184265375, 0.10325655341148376, 0.003403582377359271, 0.04952404648065567, 0.0002157919661840424, 3.4010438412224175e-06, 0.00045484889415092766, 0.00038185034645721316], "O3": [0.00020272817346267402, 0.0061828866600990295, 0.12108428031206131, 0.2052794247865677, 1.0910080671310425, 0.7431663870811462, 0.15884999930858612, 0.03297286108136177, 0.3597584664821625, 2.789306163787842, 5.178305149078369, 8.370323181152344, 7.152736186981201, 7.615575313568115, 18.399845123291016, 27.119253158569336, 37.83550262451172, 38.422908782958984, 39.179931640625, 36.417724609375, 34.88676071166992, 37.017120361328125, 30.571596145629883, 28.830034255981445], "PM10": [0.012433353811502457, 0.17477662861347198, 0.013928389176726341, 0.009971952065825462, 0.0759807676076889, 1.5006282329559326, 0.5693734288215637, 0.019071316346526146, 0.00783270038664341, 0.015383880585432053, 0.13946208357810974, 0.18981629610061646, 0.3915155827999115, 0.09319709241390228, 5.8802876472473145, 3.613905906677246, 0.4280698001384735, 1.76463782787323, 0.30937713384628296, 0.5717502236366272, 0.2968670725822449, 0.33918800950050354, 2.8616878986358643, 4.744422435760498], "PM25": [0.005513225682079792, 0.09561527520418167, 0.0011587267508730292, 0.00027647989918477833, 0.029592011123895645, 0.7863491773605347, 0.2843266427516937, 7.7510386997659e-10, 0.00022606462880503386, 4.0549383584220777e-07, 0.03289700672030449, 0.06127024069428444, 0.13371747732162476, 0.009457259438931942, 0.24281378090381622, 1.006839632987976, 0.039162684231996536, 0.3852449357509613, 0.010597172193229198, 0.15600337088108063, 0.005887283012270927, 0.015284801833331585, 0.24041752517223358, 0.37193453311920166]}