{"CO": [2.929716356447898e-05, 0.0051485029980540276, 0.002044040011242032, 0.026148708537220955, 0.04557663947343826, 0.02976791188120842, 0.022380508482456207, 0.01897427812218666, 0.05169541388750076, 0.5980046987533569, 0.6984915733337402, 1.5249015092849731, 1.9757505655288696, 2.3581082820892334, 3.372758626937866, 4.645396709442139, 5.839301109313965, 5.567291259765625, 5.579662799835205, 5.945500373840332, 6.350770473480225, 6.544625282287598, 6.887040138244629, 6.897505760192871], "NO2": [0.0007500243373215199, 0.00972083117812872, 0.02820582501590252, 0.4753754138946533, 1.088977336883545, 0.7307392954826355, 0.7858810424804688, 0.5518401861190796, 0.16376836597919464, 0.4532950818538666, 0.6282581686973572, 1.177884578704834, 2.6328155994415283, 2.4954006671905518, 2.2518045902252197, 2.51431941986084, 1.1924115419387817, 0.4590437710285187, 0.7173051238059998, 1.0429737567901611, 1.3377971649169922, 1.0843961238861084, 1.1350148916244507, 1.7575807571411133], "SO2": [3.816723413013756e-13, 3.8157617256867615e-13, 7.581617083272929e-13, 7.630620310963843e-13, 3.8167347971365673e-13, 3.816734526086024e-13, 3.8167347971365673e-13, 4.757626754781086e-07, 1.879333098031566e-07, 0.0006877901614643633, 0.0007198580424301326, 3.2891493901843205e-05, 4.182510338068823e-09, 3.816729918226791e-13, 3.8167347971365673e-13, 1.443918222321372e-06, 8.523904398316517e-06, 0.0012860404094681144, 0.0008091302588582039, 0.0007776391576044261, 5.282212001134212e-08, 2.5193560571068474e-09, 0.23135875165462494, 0.2458057403564453], "O3": [0.005498986225575209, 0.2748573124408722, 0.07823555171489716, 0.9387776851654053, 1.687747836112976, 0.9884332418441772, 0.5281941890716553, 0.02006588876247406, 1.2515743970870972, 4.981478214263916, 6.3415703773498535, 12.83837890625, 13.345776557922363, 13.268616676330566, 16.839702606201172, 19.634906768798828, 28.516624450683594, 35.14521026611328, 34.88088607788086, 34.202125549316406, 33.507362365722656, 32.38483428955078, 33.66921615600586, 33.350059509277344], "PM10": [0.2901480197906494, 0.05174049362540245, 0.06511298567056656, 0.9557304382324219, 2.4742977619171143, 3.131711721420288, 1.883589744567871, 0.9614211320877075, 4.8358025550842285, 0.37641382217407227, 0.0606214739382267, 0.44639554619789124, 2.106346607208252, 4.236004829406738, 1.9791927337646484, 1.588680386543274, 4.87208890914917, 0.3918229639530182, 0.35765543580055237, 0.4487531781196594, 1.107794165611267, 2.764291763305664, 0.8241579532623291, 0.6749419569969177], "PM25": [0.14970800280570984, 0.022645555436611176, 0.02414396032691002, 0.4983065724372864, 1.2969796657562256, 1.6208597421646118, 0.9621198177337646, 0.4901273250579834, 2.436528205871582, 0.20790788531303406, 0.009979115799069405, 0.2090989053249359, 1.0714421272277832, 2.122783660888672, 0.9194853901863098, 0.67600417137146, 2.1164941787719727, 0.08486365526914597, 0.07416464388370514, 0.12860159575939178, 0.4142301678657532, 1.2579957246780396, 0.2944983243942261, 0.2167574018239975]}