{"CO": [5.465310550789582e-06, 0.00491619436070323, 0.0048097665421664715, 0.026269851252436638, 0.04587813839316368, 0.033276382833719254, 0.028651554137468338, 0.02098095417022705, 0.03537755087018013, 0.37083595991134644, 1.6001672744750977, 2.0372776985168457, 2.9091289043426514, 3.2503809928894043, 5.394382953643799, 3.651233196258545, 6.356142044067383, 6.5167412757873535, 6.374759197235107, 5.504593849182129, 6.508284091949463, 6.592075824737549, 6.784453392028809, 6.893905162811279], "NO2": [0.00019125008839182556, 0.008809797465801239, 0.03223023936152458, 0.5927314162254333, 0.7504270672798157, 0.815414547920227, 1.3089048862457275, 1.0883783102035522, 0.07295607030391693, 0.14174821972846985, 0.24203449487686157, 0.4782394468784332, 1.0586357116699219, 1.8504019975662231, 0.8005724549293518, 1.485999345779419, 0.2960427701473236, 0.19394353032112122, 0.2792086601257324, 0.305935800075531, 0.5385412573814392, 0.6379702091217041, 0.6665728688240051, 0.9239139556884766], "SO2": [8.614666055159481e-13, 3.815570364003318e-13, 2.4536839574040847e-11, 2.4938425890325133e-12, 3.2067101751742655e-10, 3.819903377985656e-13, 6.264114227327866e-11, 1.0918595805264886e-08, 2.0216091343172593e-06, 0.000297235295874998, 0.007737100124359131, 0.0006236120243556798, 8.733591130294371e-06, 2.910407678746729e-11, 6.07303149990912e-08, 9.3169729709075e-09, 7.823248182603493e-08, 8.955066732596606e-05, 0.0005178662831895053, 0.00017519976245239377, 3.4882255022239406e-06, 0.020846132189035416, 0.08573942631483078, 0.22380684316158295], "O3": [0.0014186343178153038, 0.30698293447494507, 0.20522864162921906, 0.9361507296562195, 1.951019048690796, 1.134447693824768, 0.3824199438095093, 0.2325548678636551, 1.43287992477417, 3.0899903774261475, 10.619534492492676, 16.279678344726562, 22.499759674072266, 19.07567024230957, 28.051734924316406, 13.634300231933594, 34.26308822631836, 37.45376205444336, 37.85095977783203, 35.586814880371094, 36.98899459838867, 32.622642517089844, 30.982681274414062, 30.41116714477539], "PM10": [0.002799757057800889, 0.21977178752422333, 0.029592523351311684, 0.01514069177210331, 0.008633223362267017, 0.024192430078983307, 0.05318306013941765, 0.10599231719970703, 0.385220468044281, 0.07056087255477905, 0.06177208200097084, 0.0993470549583435, 0.10857981443405151, 0.11533285677433014, 0.19808903336524963, 0.12725001573562622, 0.22679679095745087, 0.24310116469860077, 0.2532660663127899, 0.26275908946990967, 0.2652517855167389, 0.24100914597511292, 0.20418423414230347, 0.18484951555728912], "PM25": [0.0001857871247921139, 0.086652010679245, 0.00825834833085537, 0.001923298928886652, 1.1131189239677042e-05, 0.006528947502374649, 0.018875643610954285, 0.045600775629282, 0.18724186718463898, 0.014168092049658298, 0.0005858018412254751, 2.9744890071015107e-06, 0.00027371221221983433, 6.289776592893759e-06, 1.2405828783812467e-05, 9.230348950950429e-05, 5.277569289319217e-05, 3.7609817809425294e-05, 2.221499244114966e-06, 2.2654094209428877e-05, 2.7842977488035103e-06, 1.063826130121015e-05, 0.0001401714835083112, 0.001429836731404066]}