{"CO": [0.00029785727383568883, 0.022012636065483093, 0.006575091741979122, 0.0043732658959925175, 0.008064116351306438, 0.009505681693553925, 0.009624519385397434, 0.00936263706535101, 0.020703967660665512, 0.14210911095142365, 0.23820757865905762, 0.4164738357067108, 1.4927666187286377, 2.042865753173828, 2.1993541717529297, 2.0830395221710205, 2.298187732696533, 3.9069716930389404, 5.541082859039307, 5.381969928741455, 5.102065563201904, 5.101058006286621, 5.527261734008789, 5.452217102050781], "NO2": [0.015721576288342476, 0.3127818703651428, 0.4918021261692047, 0.3932682275772095, 0.7673404216766357, 0.7629096508026123, 0.8708583116531372, 0.8509457111358643, 1.4592616558074951, 5.586075305938721, 4.425504684448242, 8.9136962890625, 10.582571029663086, 11.48012924194336, 9.326345443725586, 11.04908561706543, 6.955725193023682, 1.873732566833496, 2.0982091426849365, 6.1382622718811035, 10.926368713378906, 22.14078140258789, 7.482316970825195, 19.3481502532959], "SO2": [3.81670552367791e-13, 3.816436912589677e-13, 3.8167174499018075e-13, 3.816734526086024e-13, 3.816733983984938e-13, 1.4182741352869455e-12, 1.867069554517542e-10, 2.0366093256285467e-09, 4.4432098889046756e-08, 3.816713655194204e-13, 3.816734526086024e-13, 3.816734526086024e-13, 3.180761254384379e-08, 2.033026004488736e-11, 6.828681620163479e-09, 1.325837359900106e-07, 1.2681967120897752e-07, 1.0130254924842208e-12, 3.8167347971365673e-13, 3.816734526086024e-13, 6.122852937551215e-05, 2.655030129972147e-06, 0.0008504242869094014, 0.00029406577232293785], "O3": [0.07881299406290054, 2.8168087005615234, 0.2864174544811249, 0.08612429350614548, 0.004202612675726414, 0.000923040381167084, 6.0982956711086445e-06, 0.0009267225977964699, 1.724881887435913, 6.312072277069092, 7.5876336097717285, 1.4868942499160767, 0.07294614613056183, 0.0007870919653214514, 1.5527421236038208, 0.06232346594333649, 4.587275505065918, 21.876651763916016, 25.957782745361328, 23.121061325073242, 16.40752410888672, 5.258962154388428, 26.075864791870117, 9.862298011779785], "PM10": [0.002824169583618641, 0.007961045950651169, 0.0080590033903718, 0.010054528713226318, 0.008770888671278954, 0.008460773155093193, 0.008200300857424736, 0.008157007396221161, 0.008373384363949299, 0.007514265365898609, 0.005823883693665266, 0.011131271719932556, 0.0446150004863739, 0.0564565472304821, 0.06333586573600769, 0.09679131209850311, 0.0821007639169693, 0.1294308304786682, 0.1600661277770996, 0.2152678668498993, 0.22691722214221954, 0.23768995702266693, 0.2929133176803589, 0.35851287841796875], "PM25": [1.0000000168623835e-16, 1.0000000830368325e-16, 9.999999506879345e-17, 1.1827721380086587e-07, 1.7226176041162944e-08, 4.17209422565179e-09, 7.365660859015577e-10, 3.7347808179433173e-10, 9.928018129823357e-11, 9.191684739728867e-12, 1.2458624626746073e-12, 1.989550885150848e-12, 1.2364220758342981e-11, 8.287738828549607e-10, 4.2700077074186993e-07, 7.408796227537096e-05, 0.0006229050923138857, 0.000980742508545518, 9.730861347634345e-05, 3.0382756449398585e-05, 9.078272705664858e-05, 0.00015063690079841763, 0.004358940292149782, 0.002237191190943122]}