{"CO": [1.5384048310806975e-06, 0.02431723102927208, 0.06808003038167953, 0.01010358240455389, 0.0026172646321356297, 0.004493174608796835, 0.004612459801137447, 0.0060414038598537445, 0.02218487858772278, 0.5644973516464233, 0.7594254612922668, 0.9274629354476929, 1.470881700515747, 1.8667089939117432, 2.177947759628296, 3.65541934967041, 5.60565710067749, 5.962368011474609, 5.545151710510254, 5.207057476043701, 5.410489082336426, 6.1865668296813965, 6.8757171630859375, 6.890354633331299], "NO2": [1.0634851605573203e-05, 0.3189757466316223, 0.44534555077552795, 0.0342700257897377, 0.17680507898330688, 0.2556973397731781, 0.4291408658027649, 0.5388193726539612, 0.3063725233078003, 1.079019546508789, 0.3665911853313446, 1.3262306451797485, 1.841231346130371, 2.3780198097229004, 2.5405914783477783, 1.251103162765503, 0.5100545883178711, 0.2593165934085846, 0.37009909749031067, 0.6941415667533875, 1.6358957290649414, 0.5125414133071899, 0.2122807651758194, 0.26035812497138977], "SO2": [3.816733712934395e-13, 3.816734526086024e-13, 3.816660529287752e-13, 3.8167223288115837e-13, 3.816733712934395e-13, 7.164426170380711e-12, 3.816734526086024e-13, 3.816734526086024e-13, 3.0472393271890885e-12, 3.816712028890945e-13, 3.816734526086024e-13, 3.816726936670817e-13, 3.8167347971365673e-13, 3.816734526086024e-13, 3.816734526086024e-13, 3.097355705250493e-09, 8.637194923721836e-07, 3.816734526086024e-13, 3.816734526086024e-13, 3.816734526086024e-13, 2.661610665199987e-08, 2.153206878574565e-06, 7.208147412285371e-09, 0.2208946943283081], "O3": [0.00017021283565554768, 1.7701268196105957, 4.422336101531982, 1.1086941957473755, 0.16571320593357086, 0.09102558344602585, 0.005195238161832094, 0.007609510328620672, 0.5416185259819031, 9.588846206665039, 5.594357013702393, 8.689769744873047, 6.849986553192139, 5.725988864898682, 7.682095050811768, 19.415056228637695, 30.57830810546875, 36.492889404296875, 49.12386703491211, 27.130191802978516, 25.840295791625977, 34.64978790283203, 36.48431396484375, 37.14262390136719], "PM10": [0.002401545410975814, 0.007334293331950903, 0.007322290446609259, 0.008176594041287899, 0.006048399023711681, 0.0065991817973554134, 0.007728001102805138, 0.007963161915540695, 0.007279107812792063, 0.014642728492617607, 0.024528635665774345, 0.02682458981871605, 0.04348661005496979, 0.0599549375474453, 0.07713101804256439, 0.18015797436237335, 0.2415313571691513, 0.248536616563797, 0.24093186855316162, 0.20754872262477875, 0.20223459601402283, 0.23440857231616974, 0.2758621573448181, 0.1958610713481903], "PM25": [1.0853053667248542e-16, 1.0813456862197873e-16, 1.614313110313178e-16, 2.8911842364642837e-10, 3.1432039193646233e-09, 7.538005775131751e-09, 3.3286762235462675e-09, 1.2597476395370677e-09, 4.4318868019921354e-10, 3.7891825094282794e-11, 6.524048228734314e-12, 3.926273195453689e-10, 1.1528895171863951e-08, 6.109336680992783e-08, 4.931586772727314e-06, 0.004448190797120333, 0.0033543200697749853, 0.002032732591032982, 0.0002052137569990009, 1.731973134155851e-05, 2.5951643692678772e-05, 0.0017791989957913756, 0.0005182634922675788, 0.000676795607432723]}