{"CO": [4.333442285564537e-11, 0.055693868547677994, 0.009909034706652164, 0.013697212561964989, 0.012411080300807953, 0.007462834473699331, 0.006350225768983364, 0.006107178051024675, 0.032579828053712845, 0.04833392798900604, 0.7057066559791565, 1.705255150794983, 2.4760241508483887, 2.5942108631134033, 2.1358156204223633, 2.1895902156829834, 2.5890331268310547, 3.4342639446258545, 5.467665195465088, 5.386011123657227, 5.075887680053711, 5.024883270263672, 5.338613510131836, 5.685272693634033], "NO2": [2.6447099799042917e-07, 0.7245955467224121, 0.6178399920463562, 0.8086057901382446, 1.0788494348526, 0.5813252925872803, 0.4992050230503082, 0.5211241841316223, 0.6299464106559753, 1.073101282119751, 1.1018813848495483, 2.070289373397827, 4.1307878494262695, 6.43745231628418, 6.350081920623779, 7.252854347229004, 1.5557609796524048, 0.8413363695144653, 1.1819002628326416, 2.2606558799743652, 4.991349697113037, 5.651597023010254, 4.46439790725708, 5.232271194458008], "SO2": [3.8167347971365673e-13, 3.8166149927965076e-13, 3.816716636750178e-13, 3.816734526086024e-13, 3.816732086631136e-13, 6.255250224046494e-13, 1.4623889654785671e-08, 5.222131704840649e-08, 1.2942591354203614e-07, 1.6192680973858842e-08, 2.2927251208670896e-09, 2.0152192414801817e-10, 1.3999004733200593e-10, 1.3016323574532862e-09, 4.167649836350762e-10, 2.5259208769057295e-07, 1.892119456670116e-07, 1.875256394612279e-08, 3.833225783230615e-13, 3.816734526086024e-13, 6.574971962436393e-07, 4.5683318603551015e-06, 3.176438440277707e-06, 0.00017005711561068892], "O3": [2.3344240318579068e-08, 4.2081828117370605, 0.6278129816055298, 0.2238289713859558, 0.046963028609752655, 6.2225126384873874e-06, 0.006520227529108524, 0.0020585618913173676, 2.866380453109741, 1.2982438802719116, 9.054938316345215, 8.444670677185059, 7.486250877380371, 5.525770664215088, 3.166933536529541, 3.8579206466674805, 11.2286958694458, 25.164154052734375, 26.13111686706543, 20.95872688293457, 22.224889755249023, 23.746906280517578, 27.383167266845703, 27.984840393066406], "PM10": [0.0024065528996288776, 0.007721142843365669, 0.00790801364928484, 0.008531248196959496, 0.008288978599011898, 0.008197208866477013, 0.008195008151233196, 0.008036771789193153, 0.007496234029531479, 0.006182901095598936, 0.02212917059659958, 0.06121574342250824, 0.06986124813556671, 0.07655389606952667, 0.06787452846765518, 0.1022939532995224, 0.09946684539318085, 0.24462994933128357, 0.1767377406358719, 0.1922144591808319, 0.24331410229206085, 0.27400675415992737, 0.35451555252075195, 0.4364906847476959], "PM25": [1.0116933066992291e-16, 1.0153440187018952e-16, 1.0073838942311749e-16, 1.2979598729145891e-08, 1.4147389926222331e-09, 3.6758371346756746e-10, 7.123994449909077e-11, 1.8225802811411285e-11, 2.4557583397366578e-11, 9.274917639467972e-12, 3.411008238016211e-12, 1.2445694431637011e-12, 2.928735162374685e-12, 3.12469169462537e-12, 1.4872090048356768e-07, 0.0005711641861125827, 0.0007382787298411131, 0.005491935648024082, 0.0001624886062927544, 6.281588139245287e-05, 0.0004206768062431365, 0.0008269038517028093, 0.0033740494400262833, 0.008466986007988453]}