{"CO": [0.0020439845975488424, 0.0011077789822593331, 0.005206624045968056, 0.006207059603184462, 0.005915041081607342, 0.01040091272443533, 0.01146592665463686, 0.016286833211779594, 0.042405594140291214, 0.17304497957229614, 0.17701175808906555, 0.9723913669586182, 1.8102774620056152, 1.8712050914764404, 1.8897141218185425, 2.096536159515381, 2.603933334350586, 4.609118938446045, 4.91262149810791, 5.87821102142334, 5.406127452850342, 5.250166893005371, 5.235448360443115, 5.340324878692627], "NO2": [0.16067253053188324, 0.04639976844191551, 0.2660316824913025, 0.9892827272415161, 0.9471147060394287, 0.9142809510231018, 1.0497044324874878, 1.4515031576156616, 2.4921741485595703, 2.0670125484466553, 3.0583338737487793, 4.274046897888184, 10.078282356262207, 10.5234956741333, 11.427019119262695, 12.170283317565918, 5.514269828796387, 1.2053219079971313, 1.1322176456451416, 3.149754762649536, 7.829796314239502, 15.34188175201416, 19.302749633789062, 16.14325523376465], "SO2": [3.81659520610686e-13, 3.8166548372263465e-13, 3.816713655194204e-13, 3.816725310367558e-13, 3.816734526086024e-13, 3.816734526086024e-13, 4.734498383618391e-12, 3.222488109688726e-10, 1.6321893170356816e-08, 2.0544048595638742e-07, 4.792835284206376e-07, 4.3792684323307185e-07, 7.577226597277331e-07, 4.7581912099303736e-07, 4.68679581899778e-06, 4.264577910362277e-06, 1.5156064364418853e-05, 2.437583468406501e-10, 0.00248543219640851, 0.019293878227472305, 0.0003217929042875767, 0.00014319615729618818, 0.000349234149325639, 5.637403592118062e-05], "O3": [0.716920793056488, 0.11207302659749985, 0.1229342445731163, 0.11589546501636505, 0.0016909574624150991, 1.5609990441589616e-05, 9.76391120732778e-11, 0.0009414318483322859, 4.740753650665283, 8.098698616027832, 9.285652160644531, 6.928175926208496, 1.3082988262176514, 1.2224948406219482, 0.49787503480911255, 0.5927811861038208, 9.16035270690918, 26.696481704711914, 31.331710815429688, 20.894393920898438, 19.539016723632812, 13.694539070129395, 8.873188018798828, 7.342620849609375], "PM10": [0.008136075921356678, 0.0063066305592656136, 0.006476681213825941, 0.00839229766279459, 0.008763421326875687, 0.008635425008833408, 0.008342116139829159, 0.008329209871590137, 0.008580419234931469, 0.005767219699919224, 0.005993690807372332, 0.032021526247262955, 0.054299842566251755, 0.0560678094625473, 0.09578696638345718, 0.1668049544095993, 0.07954306155443192, 0.14722852408885956, 0.18507567048072815, 0.27874571084976196, 0.30410513281822205, 0.3968668282032013, 0.27495503425598145, 0.46185269951820374], "PM25": [1.0000000168623835e-16, 1.0000000168623835e-16, 9.999999506879345e-17, 5.542120984358689e-09, 3.106337942426762e-08, 1.3283707467337535e-08, 4.581600876463199e-09, 4.848156875958409e-10, 3.323610137107025e-11, 1.0455748680054944e-12, 2.3353064274034274e-13, 3.4536698587800396e-12, 7.395232426432585e-09, 1.5950155329846893e-07, 3.395181238374789e-07, 1.0483245205250569e-06, 1.755944140313659e-05, 5.349811260657589e-09, 2.6488376079214504e-06, 8.21152025309857e-06, 3.5755820135818794e-05, 0.00010251142521155998, 0.00020129683252889663, 0.0005554357776418328]}