{"CO": [2.4467135517625138e-05, 0.00036204486968927085, 0.05022510886192322, 0.06616271287202835, 0.004105355124920607, 0.003118903376162052, 0.0032298376318067312, 0.026935450732707977, 0.32489514350891113, 0.6439299583435059, 0.9597829580307007, 1.1307660341262817, 0.8843052983283997, 0.9982092976570129, 2.5758860111236572, 4.576708793640137, 6.147302627563477, 6.69401741027832, 6.756479740142822, 5.737160682678223, 5.809030532836914, 6.46652364730835, 6.723654270172119, 6.839793682098389], "NO2": [0.00047727706260047853, 0.004869845695793629, 0.0432809516787529, 0.29990607500076294, 0.4243658781051636, 0.2627307176589966, 0.2562088966369629, 0.10353214293718338, 0.0878247395157814, 0.07589823007583618, 0.12215335667133331, 0.8537298440933228, 1.070840835571289, 1.3987672328948975, 1.5433576107025146, 1.2493221759796143, 0.45598915219306946, 0.1264413297176361, 0.25100070238113403, 0.508041262626648, 0.4719092845916748, 0.6105387806892395, 0.4344625174999237, 0.5458261966705322], "SO2": [2.645057783912108e-12, 8.7265646098178e-12, 1.8104655274964188e-10, 5.575366557319938e-13, 3.816730189277334e-13, 3.5147667176715913e-07, 0.00025374084361828864, 7.858553544792812e-06, 1.6397233366660657e-06, 0.001070164842531085, 0.00013453060819301754, 3.9267703755285766e-08, 5.421530886451364e-07, 8.081525493253139e-07, 1.9316925836676546e-10, 2.249063157933051e-08, 2.2029080355423503e-06, 4.447353148862021e-06, 2.692047758046101e-07, 0.00011802883091149852, 8.059043210550954e-08, 1.9117776250965335e-09, 1.309793901782541e-06, 0.15086184442043304], "O3": [0.004142464138567448, 0.07071103900671005, 2.0274341106414795, 4.370237827301025, 0.2953251302242279, 0.051616404205560684, 0.011793275363743305, 0.0776333436369896, 2.042975425720215, 4.461379051208496, 6.272060394287109, 7.708942890167236, 6.561450004577637, 6.561176300048828, 13.317233085632324, 20.06694793701172, 33.89491653442383, 38.26210403442383, 36.305355072021484, 34.42194366455078, 37.28159713745117, 34.02174758911133, 33.42797088623047, 32.24953842163086], "PM10": [0.0030687726102769375, 0.003539743833243847, 0.008477626368403435, 0.00855074729770422, 0.007919316180050373, 0.0071679092943668365, 0.009050839580595493, 0.005339284893125296, 0.011682541109621525, 0.03133430704474449, 0.033438004553318024, 0.03193800896406174, 0.02489551343023777, 0.031528715044260025, 0.5193946957588196, 0.18154276907444, 0.25964194536209106, 0.3329484462738037, 0.2680796980857849, 0.2753688395023346, 0.23490850627422333, 0.24028852581977844, 0.33953192830085754, 0.24362973868846893], "PM25": [9.079006535288314e-13, 1.973275926339668e-12, 3.0367715720541755e-12, 3.2917508718810495e-08, 2.028804013676222e-09, 5.276561978462269e-07, 0.0001137164217652753, 1.3429854334390257e-05, 2.2202466425369494e-06, 2.4649061742820777e-05, 3.1953177312971093e-06, 1.909876118588727e-06, 1.3840717656421475e-06, 0.0002464322606101632, 0.2225273698568344, 0.0025469372048974037, 0.006564844865351915, 0.04435998946428299, 0.012559355236589909, 0.022058116272091866, 0.011035586707293987, 0.0005246164510026574, 0.004237828776240349, 0.00204806518740952]}