{"CO": [4.856492523686029e-05, 0.007793977856636047, 0.003996285144239664, 0.004773963242769241, 0.01656753197312355, 0.024741899222135544, 0.008044476620852947, 0.015755999833345413, 0.07469737529754639, 0.2253485471010208, 0.36222919821739197, 2.2608604431152344, 2.0601563453674316, 2.477396249771118, 3.386777639389038, 4.817154884338379, 6.329421520233154, 6.720286846160889, 5.871133804321289, 6.149096965789795, 6.055729389190674, 6.7098517417907715, 6.869654178619385, 6.882879257202148], "NO2": [0.0009040858130902052, 0.025328515097498894, 0.005438501015305519, 0.15571175515651703, 0.6149904131889343, 1.0296502113342285, 0.5943142771720886, 0.19194842875003815, 0.08951316028833389, 0.06259740889072418, 0.07195200771093369, 0.7922159433364868, 1.39883291721344, 1.5328739881515503, 1.399206280708313, 1.2097700834274292, 0.31215977668762207, 0.09643213450908661, 0.35030657052993774, 0.6998021602630615, 0.6194150447845459, 0.42106929421424866, 0.39149272441864014, 0.924761176109314], "SO2": [5.126159479534875e-12, 3.8160875284395934e-13, 2.5311588380816374e-09, 2.3235021018308544e-08, 4.549620769012108e-07, 8.232170500832581e-08, 2.3701129947539812e-08, 4.654239660339954e-07, 7.042471565910091e-07, 2.358245820843763e-09, 0.00016877219604793936, 5.574394890572876e-06, 9.764001873691086e-08, 4.733108904808603e-10, 3.816734526086024e-13, 3.7778463024551456e-08, 1.0913222467934247e-05, 0.0007322141318581998, 0.0003800304839387536, 4.087201159563847e-05, 3.2889140584302368e-06, 0.01401757076382637, 0.19540411233901978, 0.18716192245483398], "O3": [0.008502851240336895, 0.6941072344779968, 0.20434778928756714, 0.08717351406812668, 0.46974417567253113, 0.5792608261108398, 0.08387521654367447, 0.03666287288069725, 1.2020854949951172, 3.070671319961548, 4.375627040863037, 17.28435707092285, 15.743950843811035, 14.906476974487305, 17.85976791381836, 23.27098274230957, 34.634029388427734, 39.778907775878906, 33.580726623535156, 34.964786529541016, 36.74321746826172, 35.349727630615234, 35.58317184448242, 30.662092208862305], "PM10": [0.0024933756794780493, 0.009014873765408993, 0.005697413347661495, 0.012561970390379429, 0.09993348270654678, 0.23794002830982208, 0.05584972724318504, 0.010372958146035671, 0.02970079332590103, 0.8427702784538269, 0.024052076041698456, 0.07758054882287979, 0.0719873309135437, 0.7100582122802734, 1.178127646446228, 0.9524869918823242, 0.46422260999679565, 0.5638588070869446, 0.29794561862945557, 0.23697949945926666, 0.25701454281806946, 0.27775993943214417, 0.20134522020816803, 0.23795197904109955], "PM25": [2.1925920634657814e-08, 1.9060053091379814e-05, 2.4721023237361806e-06, 1.971065557881957e-06, 0.0461050420999527, 0.1197921484708786, 0.02325063943862915, 0.0007263701409101486, 0.009354465641081333, 0.407436341047287, 0.0005830852896906435, 8.429863373748958e-05, 7.29977571722884e-08, 0.31671905517578125, 0.5241705775260925, 0.3811986744403839, 0.11100321263074875, 0.13986751437187195, 0.026151517406105995, 0.011745712719857693, 0.002013196237385273, 0.0073389350436627865, 0.0007079123752191663, 0.00805535726249218]}