{"CO": [1.4248057595978025e-05, 0.021908773109316826, 0.007938859052956104, 0.01887843944132328, 0.010804732330143452, 0.00894927978515625, 0.004002363421022892, 0.010940940119326115, 0.06066516041755676, 0.3562333285808563, 0.5398898720741272, 1.7465686798095703, 2.059678792953491, 2.952383041381836, 3.16599440574646, 4.043311595916748, 6.010961055755615, 6.013596057891846, 5.904911041259766, 6.295852184295654, 6.4339094161987305, 6.765119552612305, 6.837889671325684, 6.908262252807617], "NO2": [0.0003504185297060758, 0.028841659426689148, 0.14787828922271729, 0.25033289194107056, 0.40557169914245605, 0.5569497346878052, 0.3213503658771515, 0.16276030242443085, 0.08265162259340286, 0.6456834077835083, 0.32004278898239136, 0.6477617025375366, 0.8893073797225952, 0.829326331615448, 1.4400533437728882, 1.7062675952911377, 0.6971869468688965, 0.45444199442863464, 0.5806476473808289, 0.6459531784057617, 0.9381226897239685, 0.5942192077636719, 0.38539811968803406, 0.27402403950691223], "SO2": [3.816718805154523e-13, 3.9742186863471474e-13, 7.29706295388155e-11, 1.5458074056895477e-11, 9.547150625621725e-08, 1.8261754064496927e-07, 1.8570183613064728e-08, 9.841628845208561e-09, 7.526903118559858e-07, 0.00014669036318082362, 2.9570785045507364e-05, 1.925742338926284e-07, 3.1720996940265422e-09, 3.8167331708333085e-13, 4.831237406660582e-13, 1.295751700380876e-11, 4.549585355562158e-05, 8.96697565622162e-06, 4.072045201031216e-10, 2.733069777605124e-06, 2.149751594515692e-07, 0.0012015958782285452, 0.09847374260425568, 0.2210208624601364], "O3": [0.0028231623582541943, 1.0452481508255005, 0.3722575902938843, 0.6670280694961548, 0.713398277759552, 0.4285696744918823, 0.027093946933746338, 0.010972796939313412, 1.0870290994644165, 2.5810813903808594, 5.055523872375488, 16.199844360351562, 16.080320358276367, 19.270828247070312, 17.717071533203125, 18.9144344329834, 31.686134338378906, 35.7877311706543, 37.14663314819336, 34.9891242980957, 31.304542541503906, 33.29853820800781, 32.55891799926758, 34.46500015258789], "PM10": [0.0024882659781724215, 0.008619782514870167, 0.011922392062842846, 0.010678988881409168, 0.008978665806353092, 0.016959991306066513, 0.018033498898148537, 0.00680031580850482, 0.012197220697999, 0.6641213297843933, 0.018640628084540367, 0.0577942356467247, 0.0693715512752533, 0.09956910461187363, 0.12039780616760254, 0.16092345118522644, 0.3301343619823456, 0.25415629148483276, 0.22288845479488373, 0.20636123418807983, 0.20689210295677185, 0.28236326575279236, 0.23077967762947083, 0.19990792870521545], "PM25": [7.923962641598337e-08, 1.2305247309996048e-06, 5.660045303557126e-07, 6.16994793745107e-06, 4.543240265775239e-06, 0.004520101938396692, 0.001955779269337654, 0.00013882707571610808, 0.0007109811413101852, 0.3004394769668579, 6.075846977182664e-05, 3.6534067930915626e-06, 3.9829901652410626e-05, 1.7256987803193624e-06, 0.01197165995836258, 0.0136454151943326, 0.05304279178380966, 0.00912940502166748, 1.6302706740134454e-08, 1.4291597835836e-05, 0.00010886057134484872, 0.00535395834594965, 0.0038285008631646633, 0.0027064357418566942]}