{"CO": [1.1918535847144085e-06, 4.166544385952875e-05, 0.0020560126286000013, 0.016044562682509422, 0.018036462366580963, 0.014782775193452835, 0.012143452651798725, 0.003916710149496794, 0.039040613919496536, 0.3365277647972107, 0.5712432265281677, 0.9782732725143433, 1.2226544618606567, 1.3389023542404175, 6.136768341064453, 6.897108554840088, 6.8147125244140625, 6.6656413078308105, 6.52682638168335, 5.034183979034424, 6.855194568634033, 6.896182537078857, 6.7845587730407715, 6.883932590484619], "NO2": [2.823211980285123e-05, 0.00031161634251475334, 0.0030123251490294933, 0.004984383471310139, 0.27356505393981934, 0.8114610314369202, 0.9629965424537659, 0.22983792424201965, 0.016297107562422752, 0.030267570167779922, 0.045542746782302856, 0.19017329812049866, 0.1941727250814438, 0.5646274089813232, 0.3444565534591675, 0.3254055678844452, 0.1515553891658783, 0.11284099519252777, 0.0633479431271553, 0.09972146898508072, 0.3087904155254364, 0.40930041670799255, 0.6295681595802307, 0.341108113527298], "SO2": [2.2778608865792194e-07, 1.4006110177433584e-05, 0.00010466694220667705, 0.00029467290733009577, 0.003985871095210314, 0.004419966135174036, 0.0006183770019561052, 6.413896497248217e-11, 7.887881459112123e-09, 0.00010265952005283907, 0.0012339507229626179, 0.00833044108003378, 3.816734526086024e-13, 0.005783442407846451, 0.0013847920345142484, 0.004609906114637852, 0.1926703155040741, 0.0605497844517231, 0.003754450473934412, 0.008510405197739601, 0.0006609336705878377, 1.173778400698211e-05, 0.00035265018232166767, 3.816734526086024e-13], "O3": [0.0001733949757181108, 0.005749474745243788, 0.13588398694992065, 0.25627341866493225, 0.9233156442642212, 0.6537299156188965, 0.2230551838874817, 0.03580860048532486, 0.42426422238349915, 2.456723928451538, 5.217383861541748, 6.4538421630859375, 6.405745983123779, 8.564950942993164, 37.54398727416992, 39.98240280151367, 38.400691986083984, 37.00880432128906, 38.41596221923828, 40.49351119995117, 39.15387725830078, 37.46355056762695, 28.65718650817871, 33.141395568847656], "PM10": [0.002495377790182829, 0.9099014401435852, 0.021363329142332077, 0.00971127301454544, 0.04713951796293259, 5.030505180358887, 1.1060154438018799, 0.15070697665214539, 0.008181641809642315, 0.4976387917995453, 0.09528380632400513, 0.6381109356880188, 0.2593691945075989, 0.17116518318653107, 0.5899502635002136, 0.3575863242149353, 0.9676477313041687, 2.5670294761657715, 0.3032091557979584, 0.4304680824279785, 0.2719455361366272, 0.2811627686023712, 12.134453773498535, 5.248345375061035], "PM25": [2.5242101401090622e-05, 0.4993322491645813, 0.000200570430024527, 0.0009707550052553415, 0.01489137951284647, 2.6062896251678467, 0.5527473092079163, 0.0706774890422821, 0.001473675132729113, 0.2673414647579193, 0.01716865599155426, 0.18349508941173553, 0.045466091483831406, 0.029147952795028687, 0.028416287153959274, 0.042248040437698364, 0.22785264253616333, 0.5015527606010437, 0.014058477245271206, 0.06916290521621704, 0.0002765378449112177, 7.151844329200685e-06, 0.8157956004142761, 0.4556664228439331]}