{"CO": [1.8324107031730819e-06, 0.0006365971057675779, 0.0022999385837465525, 0.004418198950588703, 0.014665074646472931, 0.014366921968758106, 0.013634877279400826, 0.003911629319190979, 0.056757453829050064, 0.34653961658477783, 0.4482831358909607, 0.6967658400535583, 0.9852925539016724, 1.3984178304672241, 5.702909469604492, 6.850685119628906, 6.727948188781738, 6.588071823120117, 6.087955474853516, 4.72764778137207, 6.84483528137207, 6.891847133636475, 6.767794609069824, 6.876589775085449], "NO2": [3.082324838032946e-05, 0.0020537013188004494, 0.004750391468405724, 0.012896206229925156, 0.2809752821922302, 0.9261305332183838, 1.2447495460510254, 0.27070197463035583, 0.02202802337706089, 0.028978470712900162, 0.07873523980379105, 0.15696898102760315, 0.1764070987701416, 0.40001362562179565, 0.2778469920158386, 0.2280118763446808, 0.1620982438325882, 0.1423722356557846, 0.06876158714294434, 0.14960028231143951, 0.28034406900405884, 0.417312353849411, 0.40048983693122864, 0.18863524496555328], "SO2": [4.6380898766074097e-07, 1.578789670020342e-05, 0.002278266940265894, 0.0021098835859447718, 0.018623702228069305, 0.007350785192102194, 0.002318696351721883, 0.0001628342579351738, 1.8072453533690691e-09, 1.2569640603032894e-05, 0.0019417566945776343, 0.016135254874825478, 0.001648407313041389, 8.375757865053401e-09, 0.02398161217570305, 0.05022317171096802, 0.34664416313171387, 0.3181370496749878, 0.1446821540594101, 0.0001095948027796112, 0.002038814127445221, 0.0013451409758999944, 4.204457582090981e-05, 4.677882316173054e-05], "O3": [0.0002252291887998581, 0.05992754548788071, 0.15738455951213837, 0.2718030512332916, 0.8080899119377136, 0.5102331042289734, 0.119676373898983, 0.022980093955993652, 0.5566712617874146, 2.432917356491089, 4.510746955871582, 5.403773784637451, 5.839714527130127, 8.884117126464844, 34.88441467285156, 39.40176773071289, 37.876068115234375, 36.20248031616211, 38.266361236572266, 38.38534164428711, 38.66141891479492, 36.28520965576172, 31.11249351501465, 33.31256103515625], "PM10": [1.6035616397857666, 0.412416011095047, 0.03846100717782974, 0.023491311818361282, 0.09581230580806732, 5.722137451171875, 7.356905460357666, 0.6099604368209839, 0.16630145907402039, 0.9407824873924255, 0.10818492621183395, 1.223995327949524, 0.4468472898006439, 0.18798837065696716, 0.603172779083252, 0.6531471014022827, 1.6353590488433838, 6.52781343460083, 0.8195705413818359, 0.7064168453216553, 0.3054482042789459, 0.4228847324848175, 10.425264358520508, 0.18342293798923492], "PM25": [0.8559606671333313, 0.22128206491470337, 0.00222016591578722, 0.007300552446395159, 0.04156021028757095, 2.927726984024048, 3.7256367206573486, 0.3126218914985657, 0.08486521989107132, 0.5050745606422424, 0.0153571255505085, 0.2903531789779663, 0.07376307994127274, 0.009975784458220005, 0.07414308935403824, 0.0904509499669075, 0.355269193649292, 2.0276269912719727, 0.27998411655426025, 0.06772661954164505, 0.014662283472716808, 0.01324300467967987, 0.6942079663276672, 0.0006109045934863389]}