{"CO": [0.00035323452902957797, 0.014649949967861176, 0.011340371333062649, 0.0031504721846431494, 0.009893215261399746, 0.04039270803332329, 0.031229037791490555, 0.013081924989819527, 0.07129678130149841, 0.11098712682723999, 0.37091103196144104, 1.4394867420196533, 1.9454988241195679, 2.3720996379852295, 2.7903213500976562, 3.2248542308807373, 5.97731876373291, 6.414732933044434, 6.1896586418151855, 5.32291316986084, 6.371962547302246, 6.436631202697754, 6.712820053100586, 6.7968645095825195], "NO2": [0.009900406934320927, 0.03237272426486015, 0.06891685724258423, 0.06031494587659836, 0.3818622827529907, 1.0257142782211304, 1.1896475553512573, 0.8148824572563171, 0.14172254502773285, 0.2017444372177124, 0.13643015921115875, 0.8508773446083069, 1.3571679592132568, 1.290987491607666, 1.9091668128967285, 1.7905223369598389, 0.38871803879737854, 0.3309851884841919, 0.3132900893688202, 0.4366440773010254, 0.5517745018005371, 0.6293613314628601, 0.746513843536377, 1.15269935131073], "SO2": [1.6621610257061548e-06, 1.0779020840345765e-06, 1.726818663883023e-05, 5.681559045456197e-08, 1.2478739819243856e-08, 4.3949799355402774e-09, 3.816734526086024e-13, 3.816734526086024e-13, 0.00015721045201644301, 0.0002026789734372869, 0.0009485621121712029, 0.00019132676243316382, 5.6503813539166e-06, 4.251400934855015e-13, 3.816732357681679e-13, 2.533740826038411e-06, 4.699704277300043e-06, 4.249129051459022e-05, 0.00032663022284395993, 0.00029917166102677584, 2.2840243585342535e-11, 2.1969450244796462e-05, 0.0031810360960662365, 0.09408082067966461], "O3": [0.08925087749958038, 1.0956648588180542, 0.5021211504936218, 0.11043886095285416, 0.23407107591629028, 1.1995153427124023, 0.5052428245544434, 0.014028213918209076, 1.9400639533996582, 2.512645721435547, 5.104859828948975, 10.539037704467773, 12.509681701660156, 15.832254409790039, 13.337105751037598, 14.966486930847168, 32.613975524902344, 34.20335006713867, 34.23772048950195, 33.75031280517578, 37.931129455566406, 34.62620162963867, 31.05961799621582, 28.06883430480957], "PM10": [0.0034258817322552204, 0.00921349786221981, 0.01699628308415413, 0.017494171857833862, 0.12224225699901581, 0.15887148678302765, 0.2613718807697296, 1.2003728151321411, 0.017293179407715797, 0.09969045221805573, 0.041029833257198334, 0.23096197843551636, 0.15338116884231567, 0.1990412026643753, 0.09797585010528564, 0.12029232829809189, 0.4264448881149292, 0.30968061089515686, 0.2523552179336548, 0.2500804364681244, 0.252714604139328, 0.32768628001213074, 0.6597912311553955, 0.2862471342086792], "PM25": [2.6257259833073476e-06, 1.4271317013481166e-05, 0.00021474742970895022, 0.00018468438065610826, 0.051520589739084244, 0.07628326117992401, 0.12767226994037628, 0.06544195115566254, 0.0038848284166306257, 0.03685351088643074, 0.0047973343171179295, 0.07143756747245789, 0.0406796894967556, 0.05581262335181236, 0.0006829416961409152, 0.0009411632781848311, 0.09594839811325073, 0.031463779509067535, 0.0013753980165347457, 0.0011517266975715756, 0.00022766269103158265, 0.009496414102613926, 4.027639988635201e-06, 0.0028743783477693796]}