{"CO": [3.9170652598841116e-05, 0.03325893357396126, 0.029799500480294228, 0.0032060877420008183, 0.005960449110716581, 0.005640627350658178, 0.005964760668575764, 0.009358623996376991, 0.012108894996345043, 0.14999623596668243, 0.27391645312309265, 0.4219219982624054, 1.0180422067642212, 1.0509034395217896, 2.4322710037231445, 5.38515567779541, 5.233663082122803, 6.050998687744141, 6.124607086181641, 6.0575432777404785, 6.599299430847168, 6.608842849731445, 6.717257022857666, 6.881322860717773], "NO2": [0.00012663380766753107, 0.06020794436335564, 0.03240881487727165, 6.205751560628414e-06, 0.16735605895519257, 0.28185489773750305, 0.30008992552757263, 0.4891640245914459, 0.2022981196641922, 0.15003590285778046, 0.37294816970825195, 1.2268964052200317, 0.41781631112098694, 1.5542973279953003, 0.7754458785057068, 2.498586654663086, 1.3722470998764038, 0.24284009635448456, 0.2723023295402527, 1.0589170455932617, 0.5385943055152893, 0.7678796648979187, 0.40685203671455383, 0.24991534650325775], "SO2": [0.012893866747617722, 0.4032707214355469, 0.14780297875404358, 0.001105911680497229, 6.762031716789352e-06, 2.876794269468519e-07, 1.6541799823244219e-06, 0.3161749839782715, 0.23947788774967194, 0.277193158864975, 0.01546277105808258, 0.0016822131583467126, 3.255712499594665e-06, 3.816730189277334e-13, 8.311123565363232e-06, 0.005140740890055895, 0.023949652910232544, 0.028157271444797516, 0.0031803695019334555, 0.0004529272555373609, 0.002124026883393526, 0.001219409517943859, 0.0005850258748978376, 0.030841190367937088], "O3": [0.0007281731814146042, 2.1268513202667236, 1.2315130233764648, 0.11641554534435272, 0.13758358359336853, 0.03601489216089249, 7.772561366437003e-05, 0.03052961267530918, 0.7082896828651428, 5.901491165161133, 5.199638843536377, 5.61758279800415, 7.910841941833496, 7.26784610748291, 13.17945384979248, 23.824417114257812, 24.238359451293945, 35.68294143676758, 36.91092300415039, 29.0317325592041, 34.19392776489258, 33.79103469848633, 31.147262573242188, 33.83880615234375], "PM10": [0.04054252430796623, 1.1756740808486938, 0.7854335904121399, 0.07221289724111557, 0.04511807858943939, 0.08036233484745026, 0.08675801753997803, 1.6303855180740356, 1.5483468770980835, 1.4590080976486206, 0.24279099702835083, 0.08632306009531021, 0.06581049412488937, 0.03404216840863228, 0.21957938373088837, 0.23859648406505585, 0.23602665960788727, 0.27671971917152405, 0.2557673752307892, 0.2362380027770996, 0.2814299762248993, 0.273567259311676, 0.2794622480869293, 0.26478978991508484], "PM25": [0.018151691183447838, 0.11857826262712479, 0.04475636035203934, 0.0005177191342227161, 0.0017197731649503112, 0.0029307114891707897, 0.0023762367200106382, 0.18599824607372284, 0.06125122308731079, 0.14094683527946472, 0.01336025632917881, 0.0035758758895099163, 0.0006335514481179416, 1.2211507964821067e-05, 0.012308713980019093, 0.0007824875647202134, 0.00465734489262104, 0.007652944885194302, 0.00018636856111697853, 1.3911419955547899e-05, 3.25075438922795e-06, 1.540679704703507e-06, 0.000334203417878598, 0.0007314261747524142]}