{"CO": [2.25997300731251e-05, 0.00044203695142641664, 0.008640049025416374, 0.07086791843175888, 0.004605439025908709, 0.0017263347981497645, 0.003118579275906086, 0.009696491062641144, 0.2595827281475067, 0.9618988037109375, 0.8292087316513062, 0.8048954606056213, 0.6654208898544312, 1.203686237335205, 3.0122458934783936, 4.165652751922607, 6.594498634338379, 6.425630569458008, 5.6970672607421875, 5.640600681304932, 6.243172645568848, 6.5420427322387695, 6.84928560256958, 6.913909435272217], "NO2": [0.0007470111013390124, 0.004587947390973568, 0.03833874315023422, 0.5530227422714233, 0.30139440298080444, 0.20997850596904755, 0.24118152260780334, 0.13205267488956451, 0.35272228717803955, 0.055307962000370026, 0.11535610258579254, 0.09590203315019608, 0.8991921544075012, 0.7739593386650085, 0.6689519882202148, 1.1354981660842896, 0.18930651247501373, 0.4078563153743744, 0.2535511255264282, 0.21476146578788757, 0.7157219052314758, 0.3719121217727661, 0.19260188937187195, 0.13565339148044586], "SO2": [3.8167128420425744e-13, 3.8163962550082087e-13, 9.874666188902648e-12, 1.6135516317170029e-12, 3.816732357681679e-13, 1.0415938944685621e-10, 1.2181205377714832e-08, 3.290475945050275e-07, 6.66512889324622e-08, 0.000504231546074152, 1.3188483535486739e-05, 6.71136785967974e-06, 3.112605554633774e-05, 5.6859731557779014e-05, 8.167750330245749e-12, 1.0348586432229467e-09, 7.851115515222773e-05, 1.7845602542365668e-06, 0.0008580160792917013, 0.0006355074001476169, 1.2061990673828404e-05, 2.9797143952237093e-07, 0.028189385309815407, 0.24597066640853882], "O3": [0.005164240952581167, 0.07145578414201736, 0.4046480059623718, 4.401108264923096, 0.4244721829891205, 0.024702003225684166, 0.010230392217636108, 0.01409756951034069, 1.266422986984253, 4.819866180419922, 5.823922634124756, 6.716936111450195, 5.781590938568115, 8.742767333984375, 16.91476058959961, 20.703960418701172, 36.86897277832031, 35.849220275878906, 36.33348083496094, 39.92110824584961, 31.109708786010742, 33.919132232666016, 34.41715621948242, 34.85457229614258], "PM10": [0.00299021415412426, 0.0030968496575951576, 0.012294191867113113, 0.008030175231397152, 0.007840096950531006, 0.005899162031710148, 0.006691294722259045, 0.005060907453298569, 0.009975466877222061, 0.048121243715286255, 0.030119866132736206, 0.02620365098118782, 0.016049163416028023, 0.036086712032556534, 0.0958336815237999, 0.15871661901474, 0.25635528564453125, 0.28355270624160767, 0.24008873105049133, 0.23551517724990845, 0.21784335374832153, 0.23062753677368164, 0.28118085861206055, 0.18651503324508667], "PM25": [1.1078351196328385e-16, 3.986775373807788e-14, 2.642510342487636e-12, 2.665985876504351e-09, 8.091312508895498e-09, 2.445954550012175e-08, 1.5171116316339828e-13, 1.269725800057131e-07, 1.315525537393114e-07, 5.104669617139734e-05, 2.3944890017446596e-06, 1.0667328751878813e-05, 2.308449438714888e-06, 8.330972195835784e-05, 0.0002018613158725202, 0.0035617202520370483, 0.00913679413497448, 0.0241283867508173, 0.0021310397423803806, 0.002752981847152114, 3.38992613251321e-05, 0.0010693254880607128, 0.00881693884730339, 0.001691989367827773]}