{"CO": [0.00013057651813142002, 0.0007401321199722588, 0.0017696066061034799, 0.006487678736448288, 0.013024809770286083, 0.007425324525684118, 0.011769267730414867, 0.01222966704517603, 0.055809229612350464, 0.3547039031982422, 0.426410973072052, 0.6962922215461731, 1.5528693199157715, 1.9119350910186768, 4.86128568649292, 4.375132083892822, 5.64700984954834, 6.5822434425354, 3.412092685699463, 5.01652717590332, 6.087533950805664, 6.650154113769531, 6.692413806915283, 6.756833076477051], "NO2": [0.0017796168103814125, 0.0016778474673628807, 0.004007553681731224, 0.06203915923833847, 0.3527241349220276, 0.5076411962509155, 0.6045945882797241, 0.5686888694763184, 0.08399540930986404, 0.2865030765533447, 0.06578440964221954, 0.37975502014160156, 0.6807453632354736, 1.3913456201553345, 0.42791396379470825, 0.5600112080574036, 0.5090984106063843, 0.17805215716362, 0.14384227991104126, 0.2259162962436676, 0.3160097301006317, 0.4070640206336975, 0.49125444889068604, 0.5076443552970886], "SO2": [0.004014895297586918, 2.474263283147593e-07, 0.0013015479780733585, 0.0003245825646445155, 2.980588533318951e-06, 0.013900402002036572, 0.8405424952507019, 2.0622947216033936, 0.5817714929580688, 0.05103502795100212, 0.0007835232536308467, 6.698002835037187e-05, 0.0003999884647782892, 0.0009371159831061959, 7.135822215786902e-06, 3.816734526086024e-13, 1.631020859349519e-05, 6.0219826991669834e-05, 0.0017669155495241284, 0.00530210742726922, 3.816734526086024e-13, 3.816734526086024e-13, 5.2730520110344514e-06, 0.05324825644493103], "O3": [0.021756157279014587, 0.07237819582223892, 0.10087229311466217, 0.314186155796051, 0.7907722592353821, 0.09471148252487183, 0.09212091565132141, 0.02481207624077797, 0.9058049321174622, 2.453943967819214, 4.9193902015686035, 5.5754475593566895, 10.386493682861328, 11.415056228637695, 28.518375396728516, 21.06625747680664, 29.567508697509766, 37.3871955871582, 35.75034713745117, 35.289825439453125, 33.31206130981445, 33.35755920410156, 32.00774002075195, 29.843467712402344], "PM10": [0.065353162586689, 0.009080173447728157, 0.012993098236620426, 0.01149692665785551, 0.025884076952934265, 0.3175935745239258, 6.269645690917969, 10.88965129852295, 3.442495107650757, 0.8844155073165894, 0.01701616495847702, 0.11446526646614075, 0.05348977819085121, 0.09322179853916168, 0.18922008574008942, 1.2382595539093018, 0.42741695046424866, 0.28364887833595276, 0.17430736124515533, 0.24711847305297852, 0.34941616654396057, 0.30728909373283386, 0.3970412313938141, 0.35274046659469604], "PM25": [0.031926192343235016, 0.0016980689251795411, 0.0006799882976338267, 2.5049617491390563e-08, 0.009662635624408722, 0.02046901360154152, 0.2758624851703644, 3.1602776050567627, 1.4912515878677368, 0.15181070566177368, 0.0004729056090582162, 0.03937195986509323, 5.244353928901546e-07, 0.01536391582340002, 5.224228161182509e-08, 0.32316023111343384, 0.025638790801167488, 0.017098089680075645, 1.1777806321333628e-05, 0.006489441264420748, 2.9636559702339582e-05, 0.008886272087693214, 0.03505607321858406, 0.007337694056332111]}