{"CO": [7.746973729183537e-09, 0.021829916164278984, 0.003813565708696842, 0.007064042147248983, 0.008485488593578339, 0.0066622099839150906, 0.0123108746483922, 0.01640986278653145, 0.03911377117037773, 0.24684973061084747, 0.343700110912323, 0.5753324031829834, 0.604142427444458, 0.9720981121063232, 1.506636619567871, 2.049574613571167, 2.3832666873931885, 3.8373470306396484, 5.133666038513184, 5.404262065887451, 5.43707275390625, 5.721776008605957, 5.851703643798828, 5.7372660636901855], "NO2": [4.642158444312372e-07, 0.33470088243484497, 0.3610840439796448, 1.027235984802246, 0.8545397520065308, 0.798374593257904, 1.2996586561203003, 1.5467431545257568, 2.046569585800171, 1.253065824508667, 1.3026014566421509, 8.544822692871094, 9.490800857543945, 11.036794662475586, 7.634091377258301, 11.109691619873047, 6.86602783203125, 2.4692153930664062, 1.667069673538208, 4.744143486022949, 12.145065307617188, 20.16102409362793, 20.564434051513672, 15.13749885559082], "SO2": [3.816734526086024e-13, 3.8162935268523657e-13, 3.8167223288115837e-13, 3.993630242043328e-13, 5.921259576407989e-13, 8.898126159506692e-12, 1.2909624758083993e-11, 6.862652807138048e-11, 1.2687736195005073e-08, 3.816734526086024e-13, 2.194977355429728e-07, 8.051172528666939e-08, 8.728290442835962e-13, 4.1742794564925134e-05, 3.2082969028124353e-06, 1.4464063724517473e-06, 1.1814734534709714e-05, 1.0195153663516976e-06, 3.682501770185809e-08, 0.00310517312027514, 0.002593809273093939, 0.006213766988366842, 0.007339701056480408, 0.0035972227342426777], "O3": [8.207227608636458e-08, 2.819624185562134, 0.11958960443735123, 0.043765872716903687, 0.057997576892375946, 0.0001983009569812566, 0.0013278800761327147, 0.003912755288183689, 3.7879371643066406, 13.552960395812988, 15.063396453857422, 1.9454162120819092, 1.8922206163406372, 0.0483948290348053, 3.0051794052124023, 1.0133429765701294, 6.772610664367676, 26.021499633789062, 33.036720275878906, 28.509552001953125, 15.533799171447754, 10.57909870147705, 9.646482467651367, 13.70289421081543], "PM10": [0.0024036618415266275, 0.008259439840912819, 0.006572650745511055, 0.009399748407304287, 0.00912156980484724, 0.008114435710012913, 0.008325206115841866, 0.008036859333515167, 0.008215080015361309, 0.005396276246756315, 0.006279275752604008, 0.016849899664521217, 0.0170549675822258, 0.029852086678147316, 0.04733576625585556, 0.06512676924467087, 0.07152388244867325, 0.10636984556913376, 0.1690363585948944, 0.1966492086648941, 0.19447456300258636, 0.19477465748786926, 0.2675645351409912, 0.36703014373779297], "PM25": [1.0000000830368325e-16, 1.0000000168623835e-16, 1.0000000168623835e-16, 2.3858407871557574e-07, 5.269466996082883e-08, 1.3889903449637586e-08, 9.428801739375103e-09, 1.0188486720963397e-09, 2.624649976523674e-11, 2.6149427675287162e-12, 1.8910983889952604e-12, 1.2628593992758397e-07, 7.754808279969438e-07, 4.3215237610638724e-07, 9.403768217453035e-07, 3.4918118672067067e-06, 1.5667692423448898e-05, 1.6747882909839973e-05, 3.1671628676122054e-05, 8.259127753262874e-06, 1.5286042980733328e-05, 1.908734157041181e-05, 5.330116982804611e-05, 0.0002314780722372234]}