{"CO": [1.248964736078051e-06, 3.186638787155971e-05, 0.0017457898939028382, 0.01606530137360096, 0.019163310527801514, 0.015846697613596916, 0.009550838731229305, 0.004190596751868725, 0.038736697286367416, 0.39540064334869385, 0.6870216131210327, 1.2477827072143555, 1.3649271726608276, 1.2465295791625977, 5.247573375701904, 5.72873592376709, 6.868352890014648, 6.763375759124756, 6.688144207000732, 5.27971076965332, 6.822770118713379, 6.8924641609191895, 6.801592826843262, 6.8286824226379395], "NO2": [4.2663083149818704e-05, 0.0004001959750894457, 0.0044630831107497215, 0.036500755697488785, 0.2106008231639862, 0.8545088171958923, 0.7499443888664246, 0.19340333342552185, 0.013223342597484589, 0.030693121254444122, 0.07567090541124344, 0.14012159407138824, 0.4602191746234894, 0.48691877722740173, 0.5652180910110474, 0.9646043181419373, 0.10985944420099258, 0.06730833649635315, 0.043431371450424194, 0.17118115723133087, 0.32774174213409424, 0.4116114377975464, 0.44981157779693604, 0.4094056487083435], "SO2": [3.1934071272748943e-12, 1.5985008872121398e-07, 1.320088017564558e-06, 4.35065385318012e-06, 2.441268225084059e-05, 8.88072099769488e-05, 4.8646590585121885e-05, 4.532895763986744e-05, 7.574318260594737e-06, 9.761116416484583e-06, 0.01588379219174385, 0.003578218398615718, 5.875093393115094e-06, 0.001111257472075522, 0.0002064064028672874, 0.0027913732919842005, 0.052556101232767105, 0.16589923202991486, 0.004827044438570738, 0.08366261422634125, 0.00036305509274825454, 9.089232662518043e-06, 0.0006935260607860982, 0.0002720581251196563], "O3": [0.00020642906019929796, 0.006325043737888336, 0.12874385714530945, 0.05112843215465546, 1.2169898748397827, 0.7415683269500732, 0.1859489381313324, 0.03246451914310455, 0.3943260908126831, 2.5933938026428223, 5.3869452476501465, 7.410224437713623, 6.735733509063721, 7.886092185974121, 29.35579490661621, 27.321014404296875, 38.68799591064453, 38.32296371459961, 39.18449783325195, 37.594970703125, 40.05970764160156, 37.9173469543457, 29.67208480834961, 29.890411376953125], "PM10": [0.014731732197105885, 0.790880560874939, 0.024719497188925743, 0.10484655201435089, 0.08366000652313232, 3.4400274753570557, 1.1473726034164429, 0.33490365743637085, 0.022601163014769554, 0.030563246458768845, 0.332507848739624, 0.3557189702987671, 0.1777956187725067, 0.20065653324127197, 2.5793542861938477, 2.8403806686401367, 0.5481968522071838, 2.3783655166625977, 0.30713582038879395, 0.6875488758087158, 0.26116424798965454, 0.28995856642723083, 4.706302165985107, 5.572787284851074], "PM25": [0.006691070273518562, 0.43636494874954224, 0.006795313209295273, 0.04205111414194107, 0.03290025517344475, 1.8008230924606323, 0.5848850607872009, 0.1664290428161621, 0.008285822346806526, 0.007234132383018732, 0.11602126061916351, 0.11843695491552353, 0.03950795531272888, 0.046980120241642, 0.14721503853797913, 0.748805046081543, 0.0717478021979332, 0.5666707158088684, 0.008903896436095238, 0.22734001278877258, 0.0003799062978941947, 0.0010829624952748418, 0.3548318147659302, 0.37623435258865356]}