{"CO": [0.00034003640757873654, 0.009526745416224003, 0.005057750269770622, 0.0045984904281795025, 0.006347080692648888, 0.010286658070981503, 0.010570991784334183, 0.014040560461580753, 0.025799568742513657, 0.15894395112991333, 0.18613681197166443, 0.5534574389457703, 1.9816521406173706, 2.189676284790039, 2.2063863277435303, 2.182173490524292, 2.23998761177063, 3.9106717109680176, 5.44816780090332, 5.32946252822876, 5.312383651733398, 5.1909871101379395, 5.377748966217041, 5.342524528503418], "NO2": [0.019717052578926086, 0.12497961521148682, 0.18137185275554657, 0.6742489337921143, 0.76170814037323, 0.8899806141853333, 0.9419804811477661, 1.2854137420654297, 1.5462417602539062, 3.6486735343933105, 3.84020733833313, 6.856888771057129, 7.717329502105713, 10.556843757629395, 11.46167278289795, 12.245579719543457, 8.261905670166016, 1.061974048614502, 1.6014149188995361, 6.081024169921875, 14.619531631469727, 19.96697425842285, 15.329773902893066, 21.421241760253906], "SO2": [3.816683297533374e-13, 3.816528798723795e-13, 3.816703084223022e-13, 3.8167282919235324e-13, 3.816734526086024e-13, 4.30130648980398e-13, 4.4547698863084406e-11, 4.326908831231435e-10, 3.1232971764438844e-08, 1.0592741794823723e-08, 9.332003259032717e-08, 1.6823541670873965e-07, 1.259588913171683e-07, 4.942531843868392e-13, 1.411839036791207e-07, 8.460136200483248e-07, 1.6961956839089964e-10, 4.422811059612286e-07, 3.2842933705978794e-06, 0.00025586894480511546, 0.0003415927349124104, 0.00011051665205741301, 0.00027009169571101665, 0.0005624627228826284], "O3": [0.10162313282489777, 1.1903966665267944, 0.24811743199825287, 0.08392918109893799, 0.0010248246835544705, 3.908226972271223e-06, 3.469951082024636e-07, 0.0010284394957125187, 2.617992639541626, 7.6477274894714355, 8.774640083312988, 3.5971169471740723, 4.177632808685303, 1.1326769590377808, 0.2271208018064499, 0.03951219096779823, 3.32564377784729, 24.101736068725586, 27.970748901367188, 22.96034049987793, 12.516775131225586, 9.175886154174805, 16.848745346069336, 5.971556186676025], "PM10": [0.003250086447224021, 0.008401875384151936, 0.006424829363822937, 0.010868278332054615, 0.008341711945831776, 0.00845174491405487, 0.008046429604291916, 0.008196962997317314, 0.008568163961172104, 0.006815269123762846, 0.005680992268025875, 0.01658574864268303, 0.061640795320272446, 0.06294269114732742, 0.06448693573474884, 0.1223994717001915, 0.06957496702671051, 0.11154486984014511, 0.1624843329191208, 0.24533624947071075, 0.2886705994606018, 0.2355683594942093, 0.2516728341579437, 0.36724966764450073], "PM25": [1.0000000168623835e-16, 1.0000000168623835e-16, 1.0000000830368325e-16, 6.517155526353235e-08, 1.1296924284920351e-08, 9.321493799063774e-09, 2.1212966938577438e-09, 5.010948322947684e-10, 9.376149162632075e-11, 3.0418115942731916e-12, 7.091074147140553e-13, 4.36216557667124e-12, 1.9517833182991495e-10, 2.2374200270292022e-08, 8.557820763144264e-08, 7.950328836159315e-06, 0.0002172779495595023, 1.140943459176924e-05, 1.4983536857471336e-05, 2.7258107365923934e-05, 5.9088448324473575e-05, 8.594413520768285e-05, 0.0020057952497154474, 0.001294749672524631]}