{"CO": [1.7750990082276985e-05, 0.0008157905540429056, 0.018542319536209106, 0.0054127429611980915, 0.007260614540427923, 0.00818492379039526, 0.007731808349490166, 0.015488378703594208, 0.02567741833627224, 0.14916972815990448, 0.9047176241874695, 1.8249335289001465, 2.06076717376709, 2.5654115676879883, 2.638570547103882, 3.2242679595947266, 4.098483085632324, 6.138350486755371, 5.786525726318359, 6.238964557647705, 6.324023723602295, 6.470547676086426, 6.526311874389648, 6.8163228034973145], "NO2": [0.000587474147323519, 0.008165583945810795, 0.039118945598602295, 0.12954537570476532, 0.32645383477211, 0.3204464614391327, 0.3257891535758972, 0.8765250444412231, 0.23935729265213013, 0.08499327301979065, 0.10860734432935715, 0.2760776877403259, 0.35216403007507324, 2.0145442485809326, 2.889812469482422, 3.187854528427124, 1.0601825714111328, 0.27530962228775024, 0.249824658036232, 0.3368756175041199, 1.051061749458313, 1.684570074081421, 1.4793320894241333, 1.9628221988677979], "SO2": [3.8167244972159287e-13, 3.2748536521465255e-11, 3.251427772854587e-12, 1.089546924903928e-10, 4.300378456112419e-11, 2.2659601972563337e-10, 5.4831986173731195e-11, 2.6201674163672806e-10, 6.2009542466101575e-12, 5.327655344444793e-06, 0.01477916818112135, 0.00019828940276056528, 5.3995599955669604e-06, 2.2392791265701817e-07, 2.8582544473465532e-05, 8.503946446580812e-06, 4.049322160426527e-05, 3.813995499513112e-05, 0.008000056259334087, 0.002754680812358856, 0.0006015048129484057, 0.005021619610488415, 0.010649323463439941, 0.1501532346010208], "O3": [0.0036980733275413513, 0.1388915330171585, 0.9444546103477478, 0.1559077501296997, 0.1412186622619629, 0.030501240864396095, 0.03283664956688881, 0.0015373025089502335, 1.9191936254501343, 4.315530776977539, 12.484112739562988, 13.617311477661133, 14.08105754852295, 12.017725944519043, 10.87992000579834, 9.805656433105469, 17.968509674072266, 34.332740783691406, 45.478546142578125, 38.38773727416992, 34.090599060058594, 24.189136505126953, 23.872480392456055, 28.46790313720703], "PM10": [0.00314998347312212, 0.03926600143313408, 0.1533239483833313, 0.03477367386221886, 0.01863151602447033, 0.02080044522881508, 0.02159907855093479, 0.022879671305418015, 0.025647712871432304, 0.058767013251781464, 0.028028586879372597, 0.07507871836423874, 0.08909282833337784, 0.09592727571725845, 0.10107623785734177, 0.11626981198787689, 0.14821375906467438, 0.2216223180294037, 0.26093289256095886, 0.27454814314842224, 0.27147719264030457, 0.2542826235294342, 0.22722339630126953, 0.1971053034067154], "PM25": [9.547667190190623e-08, 0.0037145765963941813, 0.06346309930086136, 0.000737460853997618, 0.00017673052207101136, 0.00020967950695194304, 0.0006443699239753187, 0.003025712678208947, 0.004439534619450569, 0.018715694546699524, 0.0005832223105244339, 3.6409954191185534e-05, 2.7040194254368544e-05, 8.931670549827686e-07, 1.0245356634186464e-06, 1.2910674740851391e-05, 2.7863963623531163e-05, 2.4721028239582665e-05, 3.0735836844542064e-06, 5.184389237911091e-07, 2.150186446669977e-06, 9.647355909692124e-07, 3.230448055546731e-05, 0.00024797921651043]}