{"CO": [2.4057233531493694e-05, 0.034114859998226166, 0.0016608652658760548, 0.02668819949030876, 0.02661028318107128, 0.0201345756649971, 0.011263860389590263, 0.02881229855120182, 0.20065483450889587, 0.4795444905757904, 0.5625112056732178, 0.924407958984375, 1.6995725631713867, 2.6494953632354736, 3.3948922157287598, 4.963613986968994, 6.321054935455322, 6.21731424331665, 6.214312553405762, 6.286911487579346, 6.499953746795654, 6.689911365509033, 6.8722076416015625, 6.914173603057861], "NO2": [0.00018193932191934437, 0.06398012489080429, 0.01606581173837185, 0.34467655420303345, 0.8136952519416809, 0.8503161072731018, 0.48736193776130676, 0.3250105381011963, 0.11237963289022446, 1.7331560850143433, 0.31347835063934326, 0.7414435744285583, 0.8948495984077454, 1.198317050933838, 1.1241315603256226, 1.3559409379959106, 0.4685666263103485, 0.8425742983818054, 0.7159959077835083, 1.1008596420288086, 0.8937802314758301, 0.6041829586029053, 0.2919842302799225, 0.33824288845062256], "SO2": [3.8167242261653855e-13, 3.814852080064046e-13, 3.816734526086024e-13, 3.816734526086024e-13, 3.816734526086024e-13, 3.816734526086024e-13, 3.015852456655921e-08, 1.632383970218143e-07, 3.7372703900473425e-06, 1.2097343127237536e-09, 3.1629316943337926e-09, 3.816734526086024e-13, 3.816734526086024e-13, 3.816732357681679e-13, 3.8167328997827654e-13, 1.6440494798874994e-10, 7.452503632521257e-05, 8.659989362058695e-06, 3.816734526086024e-13, 3.816734526086024e-13, 4.253950969257403e-09, 3.816734526086024e-13, 0.09921688586473465, 0.19152693450450897], "O3": [0.0019131622975692153, 1.6131237745285034, 0.10317747294902802, 1.1975228786468506, 0.9536910653114319, 0.5152298212051392, 0.09443758428096771, 0.022239653393626213, 1.6219865083694458, 2.2364346981048584, 6.291799068450928, 11.48598861694336, 14.134414672851562, 19.01596450805664, 21.11610221862793, 24.2669620513916, 36.115543365478516, 33.9251708984375, 31.573972702026367, 32.41184997558594, 33.91453170776367, 32.20110321044922, 35.884639739990234, 36.886871337890625], "PM10": [0.002400825032964349, 0.007970339618623257, 0.007567820139229298, 0.007898435927927494, 0.008325360715389252, 0.008679390884935856, 0.012901080772280693, 0.016748525202274323, 0.04219665005803108, 0.018873076885938644, 0.016911447048187256, 0.02718511037528515, 0.052408814430236816, 0.08795786648988724, 0.10765422880649567, 0.17354975640773773, 0.23231418430805206, 0.22091180086135864, 0.18949927389621735, 0.1909007430076599, 0.21098144352436066, 0.30532899498939514, 0.22594653069972992, 0.18842855095863342], "PM25": [2.4344599225400998e-08, 4.5121795189118075e-09, 4.472297199242803e-09, 8.175439347724023e-07, 1.4170756124087802e-08, 7.511775038437918e-05, 0.001782149076461792, 0.0010694140801206231, 0.007986437529325485, 4.770261625708372e-07, 5.95761093791225e-06, 2.492290889222204e-07, 4.952895324095152e-06, 2.5029272364918143e-05, 0.00010284758172929287, 0.0010877485619857907, 0.00247193849645555, 2.9577595483942787e-08, 2.6668451482692035e-06, 4.5775441321893595e-06, 9.43276518228231e-07, 0.010936721228063107, 0.00282132625579834, 0.0013299696147441864]}