{"t2m": [15.617828369140625, 14.60028076171875, 12.29083251953125, 12.327301025390625, 16.721954345703125, 16.479766845703125, 16.68109130859375, 15.328765869140625, 15.155914306640625, 15.462310791015625, 12.019287109375, 11.52972412109375, 16.807952880859375, 16.368804931640625, 16.152557373046875, 15.464599609375, 13.58001708984375, 12.8438720703125, 12.216949462890625, 11.872314453125, 16.99676513671875, 16.75592041015625, 15.94537353515625, 15.154510498046875], "wnd": [10.902587890625, 2.4807732105255127, 5.348136901855469, 4.050814151763916, 10.226729393005371, 14.242934226989746, 9.841667175292969, 3.8838179111480713, 1.8532154560089111, 1.0103434324264526, 8.700684547424316, 7.923461437225342, 9.732677459716797, 11.480694770812988, 13.824081420898438, 1.2277154922485352, 5.909550666809082, 6.291886806488037, 4.525176048278809, 2.932312488555908, 9.104747772216797, 13.217652320861816, 14.136763572692871, 1.9119435548782349], "dir": [22.452423095703125, 190.78855895996094, 122.77758026123047, 184.99960327148438, 25.232887268066406, 19.164085388183594, 50.83194351196289, 149.66650390625, 291.59991455078125, 36.522300720214844, 206.9422607421875, 208.719482421875, 16.95867156982422, 38.818519592285156, 31.119792938232422, 50.3253173828125, 180.51901245117188, 123.38819885253906, 175.61083984375, 158.15670776367188, 25.75389862060547, 41.290061950683594, 45.13058853149414, 32.54844284057617], "psl": [812.9249877929688, 812.89404296875, 811.5533447265625, 811.9288330078125, 813.191650390625, 813.3720092773438, 812.1632690429688, 812.315673828125, 813.1177368164062, 813.442626953125, 812.3536987304688, 812.6253051757812, 813.9305419921875, 814.0108032226562, 812.879150390625, 812.8094482421875, 813.6425170898438, 813.9861450195312, 812.9053344726562, 812.8482666015625, 813.8640747070312, 813.875, 812.6890869140625, 812.81591796875], "pre": [1.852124571800232, 0.6030672788619995, 0.0, 0.0, 0.0, 0.1647263765335083, 0.01851591467857361, 0.09007629752159119, 0.0023413002490997314, 1.1622905731201172e-06, 6.258487701416016e-07, 0.0, 0.0, 0.018962591886520386, 1.9293270111083984, 0.4007692039012909, 3.874301910400391e-06, 0.0, 0.0, 0.0, 0.0, 0.00622132420539856, 2.307802200317383, 1.3746061325073242], "sw": [0.0, 0.0, 0.0, 0.0, 625.3489379882812, 196.96702575683594, 353.4969177246094, 40.28905487060547, 0.0, 0.0, 0.0, 0.0, 615.868408203125, 341.05438232421875, 227.0139923095703, 2.4244720935821533, 0.0, 0.0, 0.0, 0.0, 611.0927734375, 353.72576904296875, 168.7484130859375, 7.245900630950928], "rh": [100.0538558959961, 98.91644287109375, 78.82923126220703, 80.66419219970703, 83.14146423339844, 98.62835693359375, 94.86791229248047, 97.67286682128906, 99.64803314208984, 90.91312408447266, 85.76210021972656, 77.66309356689453, 78.2096176147461, 96.68959045410156, 99.68707275390625, 96.96597290039062, 89.8499984741211, 83.31179809570312, 78.51963806152344, 76.43378448486328, 77.84908294677734, 92.84331512451172, 99.67749786376953, 99.92514038085938]}