{"t2m": [21.417449951171875, 19.896148681640625, 19.237701416015625, 19.4725341796875, 23.972991943359375, 25.85479736328125, 25.05194091796875, 22.701324462890625, 20.661285400390625, 20.673614501953125, 20.512176513671875, 19.773101806640625, 23.3363037109375, 25.74798583984375, 24.0548095703125, 22.653076171875, 20.737457275390625, 19.90277099609375, 19.64471435546875, 19.307647705078125, 24.18701171875, 25.869415283203125, 25.017913818359375, 22.26165771484375], "wnd": [4.664421081542969, 5.4188737869262695, 5.689994812011719, 8.711673736572266, 5.710394382476807, 10.543648719787598, 5.651298522949219, 4.036799430847168, 6.2669677734375, 5.463590621948242, 7.279285907745361, 11.274524688720703, 8.34435749053955, 9.1962308883667, 3.360700845718384, 1.6997320652008057, 6.396239757537842, 6.36772346496582, 6.432860374450684, 9.79081916809082, 5.023386001586914, 9.405508041381836, 4.8616251945495605, 2.7217071056365967], "dir": [228.45359802246094, 263.3401184082031, 297.6227722167969, 287.168701171875, 17.504478454589844, 31.724430084228516, 73.2944564819336, 62.81012725830078, 202.3125457763672, 250.89443969726562, 297.6575012207031, 269.4531555175781, 355.9210510253906, 33.151554107666016, 68.4102783203125, 106.95468139648438, 220.05471801757812, 222.2617950439453, 275.07562255859375, 276.0368957519531, 24.412017822265625, 38.39867401123047, 75.18478393554688, 160.055908203125], "psl": [930.4317016601562, 930.3323364257812, 928.8584594726562, 929.419189453125, 930.74853515625, 930.3911743164062, 929.0784301757812, 929.5003662109375, 930.4445190429688, 930.7039184570312, 929.6422119140625, 929.9254150390625, 931.5992431640625, 931.2463989257812, 930.10009765625, 930.10791015625, 930.892333984375, 931.2413330078125, 930.2125244140625, 930.20361328125, 931.385986328125, 931.0836791992188, 929.7778930664062, 930.0812377929688], "pre": [1.115628719329834, 1.3205863069742918e-08, 0.0, 0.0, 0.0007152557373046875, 0.0, 10.990131378173828, 9.785221099853516, 1.7415971755981445, 0.0, 0.0, 0.0, 0.0, 0.0, 7.675960063934326, 3.5522549152374268, 0.230804443359375, 0.0, 0.0, 0.0, 0.0, 0.0, 7.809987545013428, 7.604582786560059], "sw": [0.0, 0.0, 0.0, 0.0, 589.5956420898438, 999.1321411132812, 221.34912109375, 28.689376831054688, 0.0, 0.0, 0.0, 0.0, 368.4227600097656, 1019.2907104492188, 138.56576538085938, 39.65453338623047, 0.0, 0.0, 0.0, 0.0, 564.0578002929688, 1014.1881713867188, 532.2958374023438, 31.049678802490234], "rh": [98.72252655029297, 86.5831069946289, 82.79801177978516, 81.84091186523438, 78.93901824951172, 75.8980941772461, 80.53480529785156, 93.17464447021484, 93.66181945800781, 83.34698486328125, 74.81497192382812, 71.95169067382812, 78.99268341064453, 72.54591369628906, 84.46117401123047, 96.58607482910156, 87.06414031982422, 78.2944107055664, 69.3156509399414, 69.06883239746094, 69.98983764648438, 73.10812377929688, 80.49095153808594, 97.307861328125]}