{"t2m": [11.479766845703125, 11.11883544921875, 11.113616943359375, 10.085418701171875, 16.7677001953125, 15.236968994140625, 15.20758056640625, 14.328338623046875, 11.655487060546875, 12.846221923828125, 11.383514404296875, 10.756195068359375, 16.46435546875, 15.5032958984375, 14.552703857421875, 13.96185302734375, 12.4708251953125, 11.536407470703125, 10.75970458984375, 10.155120849609375, 16.536163330078125, 15.759185791015625, 14.440338134765625, 13.923248291015625], "wnd": [2.1103246212005615, 4.328213214874268, 5.689228057861328, 4.276420593261719, 6.313239097595215, 8.478862762451172, 8.770631790161133, 5.080308437347412, 2.039376735687256, 2.332882881164551, 4.641426086425781, 4.021160125732422, 6.740859508514404, 8.208251953125, 4.880804538726807, 3.923497438430786, 4.112677097320557, 4.363232612609863, 5.14932107925415, 5.701391696929932, 4.071530342102051, 12.458033561706543, 10.354092597961426, 3.4254987239837646], "dir": [296.11083984375, 224.8134765625, 236.661376953125, 223.99208068847656, 55.002655029296875, 103.45458221435547, 47.49153518676758, 25.412307739257812, 139.38880920410156, 282.4429931640625, 285.6167907714844, 246.17880249023438, 74.91890716552734, 94.12330627441406, 77.26055145263672, 124.95204162597656, 196.632568359375, 212.91587829589844, 231.06210327148438, 240.0823211669922, 58.56776428222656, 87.34439086914062, 69.56462860107422, 299.1114196777344], "psl": [789.533203125, 789.453125, 787.941162109375, 788.2360229492188, 789.5667114257812, 789.887939453125, 788.59765625, 788.8203125, 789.54443359375, 789.6788330078125, 788.8071899414062, 788.9395141601562, 790.4508056640625, 790.486572265625, 789.4782104492188, 789.2951049804688, 790.112060546875, 790.5484619140625, 789.255615234375, 789.1666259765625, 790.33349609375, 790.3370361328125, 789.0445556640625, 789.2919311523438], "pre": [0.18264302611351013, 0.013725868426263332, 0.0, 0.0, 0.0, 0.4091407060623169, 1.8400864601135254, 0.32785820960998535, 3.337860107421875e-06, 0.0, 0.0, 0.0, 0.0, 0.7477660179138184, 9.746231079101562, 0.28977322578430176, 0.0, 0.0, 0.0, 0.0, 0.0, 3.7038230895996094, 11.821028709411621, 3.950086832046509], "sw": [0.0, 0.0, 0.0, 0.0, 638.1792602539062, 189.0877685546875, 173.402099609375, 9.999999717180685e-10, 0.0, 0.0, 0.0, 0.0, 627.3429565429688, 225.16468811035156, 187.7915802001953, 3.5120832920074463, 0.0, 0.0, 0.0, 0.0, 625.1201782226562, 404.33538818359375, 33.46089553833008, 26.544445037841797], "rh": [89.02965545654297, 71.9798355102539, 66.36335754394531, 58.51739501953125, 62.58970642089844, 99.58161163330078, 99.65132141113281, 100.00540924072266, 78.33112335205078, 68.33975219726562, 71.94901275634766, 58.29292678833008, 65.33199310302734, 95.80109405517578, 100.04024505615234, 99.93916320800781, 75.27251434326172, 71.37262725830078, 64.96826934814453, 64.17088317871094, 68.50672912597656, 95.42768096923828, 100.043701171875, 97.51317596435547]}