{"t2m": [15.68218994140625, 13.082122802734375, 12.911041259765625, 11.154052734375, 19.29473876953125, 23.274505615234375, 24.565582275390625, 21.011322021484375, 16.423675537109375, 14.822357177734375, 12.941986083984375, 12.950836181640625, 19.25677490234375, 23.54791259765625, 23.82415771484375, 20.6280517578125, 16.878265380859375, 14.51361083984375, 12.5107421875, 11.516265869140625, 18.944671630859375, 23.349517822265625, 23.448486328125, 18.569580078125], "wnd": [10.189882278442383, 6.831175327301025, 12.767641067504883, 11.201591491699219, 10.527536392211914, 19.841096878051758, 25.254358291625977, 25.435205459594727, 17.117923736572266, 10.923526763916016, 14.054122924804688, 13.544575691223145, 11.264609336853027, 19.934425354003906, 26.534542083740234, 23.400869369506836, 18.764875411987305, 21.571046829223633, 15.047746658325195, 10.82470989227295, 12.633393287658691, 20.922109603881836, 26.332515716552734, 19.718881607055664], "dir": [119.46576690673828, 87.94824981689453, 58.51606750488281, 81.6517562866211, 84.47911834716797, 128.50030517578125, 123.52339172363281, 112.53844451904297, 112.43614196777344, 102.90081024169922, 91.92784118652344, 51.731605529785156, 99.24423217773438, 124.98137664794922, 127.14234161376953, 84.9350357055664, 105.1526870727539, 99.60334777832031, 90.68673706054688, 59.49987030029297, 85.6288070678711, 133.33169555664062, 135.81051635742188, 50.21063995361328], "psl": [806.0088500976562, 806.8173217773438, 805.6522827148438, 805.7357788085938, 806.8392944335938, 806.3663330078125, 804.50927734375, 805.1470947265625, 806.536865234375, 807.0099487304688, 806.3697509765625, 806.550048828125, 807.675048828125, 806.8814086914062, 805.0806274414062, 805.5466918945312, 807.126220703125, 807.6780395507812, 806.7742919921875, 806.900390625, 807.6970825195312, 806.8114624023438, 805.0354614257812, 806.2169799804688], "pre": [4.8538942188740325e-22, 9.206322308291296e-25, 0.0, 0.0, 0.0, 0.0, 0.0, 0.0, 4.596219178179703e-23, 0.0, 0.0, 0.0, 0.0, 0.0, 0.0, 0.0, 3.5103022861337705e-23, 0.0, 0.0, 0.0, 0.0, 0.0, 0.0, 1.3759329319000244], "sw": [0.0, 0.0, 0.0, 0.0, 624.2044067382812, 1072.3612060546875, 873.6376342773438, 158.98892211914062, 0.0, 0.0, 0.0, 0.0, 615.0271606445312, 1064.855712890625, 779.6294555664062, 150.98719787597656, 0.0, 0.0, 0.0, 0.0, 616.04541015625, 1059.220458984375, 855.432373046875, 9.999999717180685e-10], "rh": [74.61263275146484, 88.98989868164062, 85.32428741455078, 85.73143005371094, 48.47003936767578, 38.061038970947266, 35.059722900390625, 48.7399787902832, 74.9018783569336, 82.70177459716797, 90.20870208740234, 78.04523468017578, 51.33964538574219, 37.434898376464844, 41.76976776123047, 56.078060150146484, 69.43833923339844, 79.46683502197266, 92.6082763671875, 89.42049407958984, 54.46053695678711, 42.318660736083984, 44.4862060546875, 70.88623046875]}