{"t2m": [21.384246826171875, 19.9014892578125, 17.894134521484375, 16.606414794921875, 21.373321533203125, 25.9468994140625, 28.12274169921875, 24.529571533203125, 20.620330810546875, 19.06622314453125, 17.610626220703125, 16.659912109375, 21.514068603515625, 26.134979248046875, 28.028076171875, 24.53631591796875, 20.514617919921875, 18.761932373046875, 17.205047607421875, 16.263641357421875, 21.12939453125, 25.8148193359375, 27.786895751953125, 24.472503662109375], "wnd": [11.635104179382324, 6.859348297119141, 3.303819179534912, 6.079289436340332, 5.2203688621521, 12.984973907470703, 19.10308074951172, 19.78658103942871, 8.340453147888184, 6.0705695152282715, 4.665162086486816, 7.548376083374023, 6.261526584625244, 13.935201644897461, 19.629772186279297, 18.01069450378418, 8.316801071166992, 7.213766098022461, 5.093873023986816, 7.390839099884033, 5.645949840545654, 13.431853294372559, 15.000181198120117, 17.42841148376465], "dir": [164.90280151367188, 93.18956756591797, 4.964790344238281, 348.4161376953125, 159.246337890625, 149.95840454101562, 135.76815795898438, 148.71287536621094, 113.41573333740234, 45.75308609008789, 12.534049987792969, 0.02611541748046875, 149.230712890625, 147.14703369140625, 92.37348175048828, 105.71902465820312, 92.46007537841797, 49.34720993041992, 13.359733581542969, 2.5561370849609375, 145.8636932373047, 146.15628051757812, 101.10185241699219, 100.37217712402344], "psl": [881.1395263671875, 882.132568359375, 880.8407592773438, 881.315673828125, 882.3983764648438, 881.2535400390625, 878.9959106445312, 879.9871215820312, 881.8041381835938, 882.4932861328125, 881.710205078125, 881.9994506835938, 883.3055419921875, 881.8179931640625, 879.5733642578125, 880.591552734375, 882.6780395507812, 883.7011108398438, 882.5350952148438, 882.615234375, 883.4835815429688, 881.9531860351562, 879.6766357421875, 880.5538940429688], "pre": [5.656173678364918e-17, 6.366180517555114e-19, 0.0, 0.0, 0.0, 0.0, 3.3682794543159287e-21, 1.4737711537734783e-19, 6.82801199715572e-19, 1.3234889800848443e-23, 0.0, 0.0, 0.0, 0.0, 3.9703345913565244e-19, 7.699397141643582e-20, 2.2565487110446595e-21, 0.0, 0.0, 0.0, 0.0, 0.0, 1.5021599923962983e-20, 1.43105554694124e-18], "sw": [0.0, 0.0, 0.0, 0.0, 611.3141479492188, 1046.99365234375, 827.8133544921875, 26.47243309020996, 0.0, 0.0, 0.0, 0.0, 596.91796875, 1041.511474609375, 769.7742919921875, 132.73284912109375, 0.0, 0.0, 0.0, 0.0, 602.3350830078125, 1040.61767578125, 832.3226928710938, 128.7401885986328], "rh": [70.73401641845703, 72.6930923461914, 80.07567596435547, 82.35745239257812, 63.32228088378906, 47.911495208740234, 40.7127685546875, 52.95749282836914, 70.8057861328125, 75.02323913574219, 82.80590057373047, 81.41826629638672, 62.281734466552734, 47.351924896240234, 39.56058883666992, 51.237266540527344, 68.39195251464844, 75.2324447631836, 82.7698974609375, 84.41395568847656, 64.96792602539062, 49.4792594909668, 40.458473205566406, 53.41935729980469]}