{"t2m": [12.003143310546875, 11.4976806640625, 10.244415283203125, 9.298187255859375, 16.355133056640625, 20.88671875, 21.88348388671875, 17.679473876953125, 13.588104248046875, 12.012298583984375, 10.894500732421875, 9.825836181640625, 16.2001953125, 20.6759033203125, 21.3802490234375, 16.941131591796875, 13.732513427734375, 11.80780029296875, 10.7059326171875, 9.637359619140625, 15.822723388671875, 20.510040283203125, 19.30645751953125, 16.4024658203125], "wnd": [5.9645795822143555, 14.076310157775879, 10.973455429077148, 9.250983238220215, 7.402307987213135, 9.67940902709961, 19.48675537109375, 17.613107681274414, 10.129109382629395, 10.914669036865234, 11.35549545288086, 9.481324195861816, 5.990272045135498, 11.442093849182129, 17.696489334106445, 14.40778923034668, 7.902745246887207, 12.504137992858887, 12.49901294708252, 10.050114631652832, 4.699031352996826, 10.383773803710938, 10.114266395568848, 17.391687393188477], "dir": [0.6462783813476562, 278.564208984375, 279.37310791015625, 307.56256103515625, 27.331157684326172, 70.41089630126953, 53.92486572265625, 40.2196044921875, 291.2298278808594, 282.6591796875, 288.29119873046875, 292.29150390625, 30.64293670654297, 50.58213806152344, 55.58945846557617, 36.8142204284668, 282.23309326171875, 286.0609130859375, 284.68994140625, 292.3916015625, 19.419906616210938, 59.71479797363281, 47.655086517333984, 47.20270919799805], "psl": [767.0880737304688, 767.30615234375, 766.2774047851562, 766.470703125, 767.5933837890625, 767.1661987304688, 765.4558715820312, 766.3409423828125, 767.3641357421875, 767.7257080078125, 766.877197265625, 767.2614135742188, 768.3696899414062, 767.7400512695312, 766.0610961914062, 766.8707885742188, 768.0326538085938, 768.3499755859375, 767.2963256835938, 767.3407592773438, 768.3917236328125, 767.58154296875, 766.2876586914062, 766.7923583984375], "pre": [0.02416396141052246, 4.42219061369542e-09, 0.0, 0.0, 0.0, 0.0, 0.0, 0.05598488450050354, 6.682967068627477e-09, 0.0, 0.0, 0.0, 0.0, 0.0, 0.006786607205867767, 3.809673309326172, 0.0, 0.0, 0.0, 0.0, 0.0, 0.0, 1.6416101455688477, 5.796152114868164], "sw": [0.0, 0.0, 0.0, 0.0, 633.7966918945312, 1085.6644287109375, 874.4645385742188, 165.02723693847656, 0.0, 0.0, 0.0, 0.0, 625.6958618164062, 881.5458984375, 813.6801147460938, 74.76667022705078, 0.0, 0.0, 0.0, 0.0, 624.593017578125, 1070.582275390625, 702.1133422851562, 72.17056274414062], "rh": [92.46063232421875, 86.86893463134766, 79.752197265625, 71.58282470703125, 50.27400207519531, 33.18107223510742, 45.168094635009766, 65.07494354248047, 68.78922271728516, 72.30206298828125, 72.16253662109375, 69.93753051757812, 53.55241775512695, 38.67674255371094, 47.96223068237305, 69.523193359375, 73.54046630859375, 72.53447723388672, 69.5999526977539, 71.94750213623047, 59.1468620300293, 42.597835540771484, 60.559059143066406, 70.7475357055664]}