{"t2m": [24.342987060546875, 24.023193359375, 23.5703125, 22.8184814453125, 26.462249755859375, 29.52117919921875, 30.82122802734375, 25.861358642578125, 25.00103759765625, 24.10076904296875, 23.26605224609375, 23.107818603515625, 26.985565185546875, 29.07952880859375, 30.7427978515625, 27.31640625, 25.09466552734375, 24.14898681640625, 23.805084228515625, 22.85101318359375, 27.090728759765625, 29.687347412109375, 28.985382080078125, 27.3052978515625], "wnd": [5.456380367279053, 4.31345272064209, 2.6422061920166016, 6.368268966674805, 6.323434352874756, 8.392284393310547, 7.713801383972168, 11.572952270507812, 1.5108771324157715, 2.2387194633483887, 3.4143881797790527, 6.895511150360107, 7.100429058074951, 6.08682918548584, 7.011801242828369, 5.144988536834717, 2.8662121295928955, 3.676422595977783, 2.3346173763275146, 4.035496711730957, 3.8185131549835205, 5.86752462387085, 13.153534889221191, 4.642836093902588], "dir": [184.43455505371094, 262.123779296875, 189.62313842773438, 302.33380126953125, 297.97308349609375, 4.5135345458984375, 43.46620178222656, 160.64645385742188, 234.7610321044922, 231.69691467285156, 177.04083251953125, 248.99630737304688, 300.87725830078125, 329.74462890625, 55.1301155090332, 141.0441131591797, 247.01890563964844, 225.77517700195312, 194.99404907226562, 139.34732055664062, 304.30755615234375, 353.874267578125, 104.81454467773438, 111.92422485351562], "psl": [987.0632934570312, 987.0411987304688, 985.5504150390625, 986.118408203125, 987.5980224609375, 986.87939453125, 984.9840087890625, 985.741943359375, 987.1326293945312, 987.3856201171875, 986.1199951171875, 986.54150390625, 988.3052368164062, 987.9308471679688, 985.9893188476562, 986.300537109375, 987.4810180664062, 987.9473266601562, 986.8365478515625, 987.0660400390625, 988.222412109375, 987.6107788085938, 986.03662109375, 986.313720703125], "pre": [1.576992147978018e-10, 3.502753642692369e-14, 0.0, 0.0, 0.0, 0.0, 1.2485759648406258e-10, 0.6365906596183777, 2.834240149240941e-07, 0.0, 0.0, 0.0, 0.0, 0.0, 0.0, 0.6076335310935974, 1.777543306350708, 0.0, 0.0, 0.0, 0.0, 0.0, 1.4514669179916382, 0.8764081001281738], "sw": [0.0, 0.0, 0.0, 0.0, 573.1979370117188, 1011.3009033203125, 794.5547485351562, 33.63401412963867, 0.0, 0.0, 0.0, 0.0, 579.3799438476562, 955.5106201171875, 752.96630859375, 41.480159759521484, 0.0, 0.0, 0.0, 0.0, 567.9657592773438, 1001.5921020507812, 516.0563354492188, 56.21928787231445], "rh": [93.78807830810547, 88.41600799560547, 83.03782653808594, 72.34008026123047, 75.63648223876953, 67.11624145507812, 54.706295013427734, 86.3558120727539, 83.92204284667969, 84.26087951660156, 79.71590423583984, 64.59890747070312, 65.75489807128906, 67.76813507080078, 54.67868423461914, 82.4743423461914, 83.70056915283203, 77.26974487304688, 67.06216430664062, 75.58265686035156, 61.240726470947266, 62.705039978027344, 72.0543212890625, 81.32637023925781]}