{"t2m": [16.891357421875, 14.155609130859375, 13.1407470703125, 12.812042236328125, 18.97955322265625, 22.902557373046875, 25.048828125, 21.975830078125, 17.971435546875, 15.293792724609375, 12.927764892578125, 13.093841552734375, 19.007965087890625, 22.69366455078125, 24.739532470703125, 20.789581298828125, 17.4150390625, 15.098388671875, 12.840484619140625, 12.670684814453125, 18.541107177734375, 22.470611572265625, 23.769500732421875, 18.044281005859375], "wnd": [13.838602066040039, 10.511489868164062, 11.338567733764648, 15.964289665222168, 15.08265209197998, 10.719841957092285, 16.75564193725586, 19.66046905517578, 16.26056480407715, 9.878059387207031, 9.019747734069824, 15.36742115020752, 14.134974479675293, 8.095429420471191, 17.686243057250977, 15.569380760192871, 19.274776458740234, 12.41501522064209, 9.905488967895508, 12.57604694366455, 8.70267105102539, 10.014493942260742, 20.513097763061523, 19.522140502929688], "dir": [44.857261657714844, 75.5311050415039, 14.923652648925781, 18.527206420898438, 59.118377685546875, 140.9679718017578, 130.37782287597656, 128.375, 52.76029968261719, 62.047325134277344, 57.1318244934082, 14.657875061035156, 62.62743377685547, 112.37203979492188, 132.25755310058594, 61.567649841308594, 73.99819946289062, 88.0042953491211, 57.48725128173828, 21.38848114013672, 67.80821228027344, 160.4656524658203, 162.00299072265625, 76.47946166992188], "psl": [797.1845092773438, 797.942138671875, 796.6521606445312, 796.6776733398438, 797.8316650390625, 797.4739990234375, 795.3449096679688, 796.2876586914062, 797.4673461914062, 798.1355590820312, 797.3323364257812, 797.5216674804688, 798.723388671875, 798.0712280273438, 795.966064453125, 796.71533203125, 798.074462890625, 798.719482421875, 797.853271484375, 797.886474609375, 798.7704467773438, 798.0352172851562, 795.9656372070312, 797.1947021484375], "pre": [0.47312912344932556, 0.0, 0.0, 0.0, 0.0, 0.0, 0.0, 0.0, 3.725290298461914e-08, 0.0, 0.0, 0.0, 0.0, 0.0, 0.0, 0.38031768798828125, 0.1692141890525818, 0.0, 0.0, 0.0, 0.0, 0.0, 1.0013580322265625e-05, 1.1185128688812256], "sw": [0.0, 0.0, 0.0, 0.0, 623.6242065429688, 1076.942138671875, 873.9560546875, 163.19252014160156, 0.0, 0.0, 0.0, 0.0, 614.9751586914062, 1068.1363525390625, 782.6653442382812, 7.999542236328125, 0.0, 0.0, 0.0, 0.0, 615.6502075195312, 1068.264892578125, 857.736572265625, 109.4741439819336], "rh": [77.95172882080078, 83.56903839111328, 82.81233978271484, 67.99565887451172, 46.953529357910156, 31.059864044189453, 29.62860107421875, 41.13706970214844, 63.814056396484375, 74.08159637451172, 79.43531036376953, 64.5341796875, 46.603694915771484, 34.03467559814453, 29.110097885131836, 57.10331344604492, 68.4847412109375, 69.66472625732422, 79.17776489257812, 65.45125579833984, 49.84401321411133, 33.59537887573242, 39.984580993652344, 73.67862701416016]}