{"t2m": [20.47314453125, 18.530670166015625, 17.392303466796875, 16.512969970703125, 21.50732421875, 27.3616943359375, 29.37017822265625, 26.58740234375, 21.500335693359375, 19.03387451171875, 18.01080322265625, 17.29705810546875, 22.641204833984375, 28.138946533203125, 31.30426025390625, 27.94378662109375, 22.099609375, 19.502838134765625, 18.344451904296875, 16.16973876953125, 22.685577392578125, 28.14544677734375, 30.3592529296875, 26.945098876953125], "wnd": [9.202369689941406, 2.4196691513061523, 8.548365592956543, 4.807041645050049, 0.7677780985832214, 5.464222431182861, 15.537174224853516, 15.065362930297852, 10.983599662780762, 8.29604434967041, 6.328616142272949, 3.277224063873291, 9.557127952575684, 7.834428310394287, 5.519078731536865, 22.50774574279785, 14.274876594543457, 10.603434562683105, 2.526078939437866, 9.568750381469727, 6.960738182067871, 7.578203201293945, 10.779133796691895, 9.328910827636719], "dir": [245.31134033203125, 178.16673278808594, 278.70745849609375, 249.7713165283203, 345.97882080078125, 123.28044891357422, 295.1436767578125, 235.76303100585938, 182.28997802734375, 171.53892517089844, 160.43402099609375, 209.40957641601562, 104.50743865966797, 104.81391143798828, 33.71963119506836, 95.35684967041016, 162.30606079101562, 197.1508331298828, 145.70703125, 157.6795654296875, 118.28962707519531, 122.12013244628906, 287.79754638671875, 341.7386474609375], "psl": [884.630615234375, 885.3465576171875, 883.9683837890625, 884.457763671875, 885.5111694335938, 884.3250732421875, 881.5741577148438, 881.9314575195312, 884.3638305664062, 885.1962280273438, 884.5962524414062, 884.9837646484375, 886.25146484375, 884.6797485351562, 881.5999145507812, 882.001220703125, 884.64208984375, 885.8558349609375, 885.1029052734375, 885.3911743164062, 886.349365234375, 885.0642700195312, 882.05224609375, 882.3543701171875], "pre": [7.845611572265625, 0.01298612356185913, 0.0, 0.0, 0.0, 0.0, 0.0, 0.0, 0.668670654296875, 0.005901336669921875, 0.0, 0.0, 0.0, 0.0, 0.0, 0.0, 0.0, 0.0, 0.0, 0.0, 0.0, 0.0, 0.0, 0.002002716064453125], "sw": [0.0, 0.0, 0.0, 0.0, 586.0652465820312, 1044.56884765625, 851.942626953125, 158.68507385253906, 0.0, 0.0, 0.0, 0.0, 584.9219970703125, 1041.3914794921875, 849.77734375, 153.3424530029297, 0.0, 0.0, 0.0, 0.0, 590.075439453125, 1045.7476806640625, 847.630615234375, 12.495845794677734], "rh": [89.90078735351562, 94.14249420166016, 97.21723175048828, 94.63888549804688, 78.9356689453125, 43.27616500854492, 42.61512756347656, 61.78280258178711, 79.55240631103516, 76.61724853515625, 72.5774917602539, 73.21234130859375, 58.092308044433594, 38.72203826904297, 29.50820541381836, 39.39240264892578, 56.04153823852539, 69.43633270263672, 68.71666717529297, 73.51687622070312, 54.89923858642578, 36.06686782836914, 33.6698112487793, 43.7515754699707]}