{"t2m": [21.546875, 21.800384521484375, 21.123291015625, 20.53680419921875, 25.042633056640625, 27.45343017578125, 27.871917724609375, 23.89385986328125, 22.003326416015625, 21.9620361328125, 21.7962646484375, 21.232208251953125, 25.52166748046875, 27.358978271484375, 27.62750244140625, 24.07598876953125, 22.7923583984375, 21.469482421875, 21.16400146484375, 21.282501220703125, 25.740875244140625, 27.39874267578125, 27.991607666015625, 24.072418212890625], "wnd": [5.929111957550049, 3.569084882736206, 2.957521915435791, 7.203612327575684, 2.57009220123291, 12.237688064575195, 9.95409107208252, 4.719010353088379, 4.901332855224609, 5.858126640319824, 5.097079753875732, 8.975879669189453, 6.853217601776123, 7.791076183319092, 5.307995796203613, 3.7351608276367188, 3.6292355060577393, 6.40718412399292, 8.62793254852295, 4.811787128448486, 4.371790409088135, 9.785792350769043, 10.131183624267578, 1.2730474472045898], "dir": [253.44386291503906, 246.7222137451172, 286.58758544921875, 299.932861328125, 335.0123291015625, 52.45604705810547, 59.76472473144531, 262.63629150390625, 246.3375244140625, 294.00311279296875, 288.4967041015625, 258.84088134765625, 357.82122802734375, 46.259098052978516, 37.4986457824707, 191.59634399414062, 226.3388214111328, 247.16717529296875, 273.28851318359375, 271.5178527832031, 7.74749755859375, 58.300445556640625, 68.09927368164062, 356.0335693359375], "psl": [955.5911865234375, 955.4533081054688, 953.9877319335938, 954.5445556640625, 955.961669921875, 955.3936767578125, 953.9061889648438, 954.587158203125, 955.59375, 955.8663940429688, 954.6400146484375, 955.0192260742188, 956.740478515625, 956.2879638671875, 954.8298950195312, 955.17529296875, 955.943359375, 956.4188232421875, 955.3272094726562, 955.3817138671875, 956.5526733398438, 956.1314086914062, 954.5477905273438, 955.1433715820312], "pre": [2.593302011489868, 1.1687552614603192e-07, 0.0, 0.0, 0.0, 0.02566981315612793, 0.051863353699445724, 8.090008735656738, 5.976797580718994, 0.0, 0.0, 0.0, 0.0, 0.0, 0.061113081872463226, 0.9348416328430176, 0.5000263452529907, 0.0, 0.0, 0.0, 0.0, 0.0, 0.017265446484088898, 7.100605010986328], "sw": [0.0, 0.0, 0.0, 0.0, 585.1051025390625, 1017.9744262695312, 599.2190551757812, 9.999999717180685e-10, 0.0, 0.0, 0.0, 0.0, 417.9189453125, 980.0296630859375, 594.4070434570312, 35.27812194824219, 0.0, 0.0, 0.0, 0.0, 570.38427734375, 1006.0178833007812, 726.997314453125, 28.1707706451416], "rh": [97.47084045410156, 82.8668212890625, 79.58293914794922, 79.47538757324219, 76.1658935546875, 74.81266021728516, 67.94816589355469, 89.95857238769531, 93.73587036132812, 83.5160903930664, 71.25981903076172, 70.85673522949219, 68.85090637207031, 70.62484741210938, 67.49420166015625, 91.11141204833984, 83.46775817871094, 80.25370788574219, 71.85099792480469, 67.23777770996094, 64.82891845703125, 70.24463653564453, 65.7272720336914, 94.37286376953125]}