{"t2m": [18.725494384765625, 16.760528564453125, 16.8133544921875, 15.75982666015625, 20.849761962890625, 21.995086669921875, 20.583709716796875, 19.1480712890625, 17.81597900390625, 17.440155029296875, 16.74920654296875, 16.05718994140625, 20.811370849609375, 21.162872314453125, 20.534942626953125, 19.385101318359375, 17.335418701171875, 16.7684326171875, 16.159881591796875, 16.15447998046875, 21.0303955078125, 22.049652099609375, 20.7449951171875, 18.721435546875], "wnd": [1.83945631980896, 6.561463356018066, 2.4564437866210938, 5.066196918487549, 5.064631462097168, 11.945974349975586, 7.682210445404053, 3.103583812713623, 4.566244602203369, 6.304904460906982, 4.465810298919678, 7.012331008911133, 4.731916427612305, 8.72127914428711, 3.5312178134918213, 0.7102434039115906, 3.3770737648010254, 4.496749401092529, 6.445479869842529, 3.296799898147583, 4.1583571434021, 10.489859580993652, 7.979059219360352, 1.908841609954834], "dir": [258.5533447265625, 237.14892578125, 292.083740234375, 281.23883056640625, 0.10045623779296875, 55.54608154296875, 61.33924865722656, 200.833984375, 221.85928344726562, 269.8945007324219, 284.41766357421875, 257.585693359375, 33.3745002746582, 61.45949935913086, 56.05319595336914, 77.34012603759766, 203.0731964111328, 238.31251525878906, 261.807373046875, 260.560302734375, 30.245365142822266, 53.83121109008789, 58.14432144165039, 110.49435424804688], "psl": [879.5089111328125, 879.4710693359375, 878.0032958984375, 878.495361328125, 879.873779296875, 879.6974487304688, 878.6581420898438, 878.8258666992188, 879.6073608398438, 879.9027099609375, 878.8640747070312, 879.1350708007812, 880.6246337890625, 880.543701171875, 879.4697875976562, 879.4171142578125, 880.0650634765625, 880.396728515625, 879.435791015625, 879.3906860351562, 880.4552612304688, 880.3616943359375, 879.1671752929688, 879.3275756835938], "pre": [3.5722737312316895, 0.024982478469610214, 0.0, 0.0, 0.0, 2.665855646133423, 10.571308135986328, 4.345604419708252, 0.14778923988342285, 0.0, 0.0, 0.0, 0.0, 0.7581653594970703, 8.057730674743652, 6.745282173156738, 0.6769866943359375, 0.0, 0.0, 0.0, 0.0, 0.0157623291015625, 10.25780200958252, 8.92072868347168], "sw": [0.0, 0.0, 0.0, 0.0, 583.5979614257812, 932.8807373046875, 355.5155334472656, 27.146154403686523, 0.0, 0.0, 0.0, 0.0, 429.2628173828125, 275.3661193847656, 369.5470886230469, 30.569765090942383, 0.0, 0.0, 0.0, 0.0, 594.9776000976562, 674.4486694335938, 309.2018737792969, 24.977294921875], "rh": [99.4968490600586, 87.46578979492188, 81.03057861328125, 81.22856903076172, 81.11678314208984, 88.9322509765625, 96.35383605957031, 97.51154327392578, 89.08309173583984, 85.18132781982422, 74.85316467285156, 72.56913757324219, 77.39918518066406, 87.61334991455078, 94.17942810058594, 96.68521881103516, 86.77271270751953, 71.35379791259766, 70.86399841308594, 68.86282348632812, 74.03904724121094, 83.05695343017578, 93.75920867919922, 99.42130279541016]}