{"t2m": [20.05230712890625, 20.2633056640625, 19.927215576171875, 16.964813232421875, 23.875030517578125, 29.95062255859375, 31.557373046875, 28.396331787109375, 21.8651123046875, 20.02923583984375, 18.606536865234375, 18.463104248046875, 25.210723876953125, 29.858551025390625, 31.269378662109375, 27.14007568359375, 21.670806884765625, 20.40838623046875, 19.44830322265625, 18.726959228515625, 24.84564208984375, 29.815643310546875, 31.358551025390625, 27.875762939453125], "wnd": [4.835793495178223, 14.195737838745117, 12.986238479614258, 10.726283073425293, 4.82122278213501, 19.360910415649414, 21.216127395629883, 27.14443588256836, 9.441399574279785, 9.702903747558594, 9.932308197021484, 13.57380485534668, 12.609128952026367, 22.635719299316406, 24.66688346862793, 25.931968688964844, 9.244287490844727, 11.597858428955078, 15.783437728881836, 16.09609603881836, 12.80008602142334, 18.96228790283203, 18.948389053344727, 28.519062042236328], "dir": [322.770751953125, 37.11668395996094, 38.064754486083984, 38.66303253173828, 142.27334594726562, 74.04610443115234, 83.50682067871094, 96.82032775878906, 359.28277587890625, 11.513160705566406, 359.9525146484375, 6.04010009765625, 77.84471130371094, 77.64089965820312, 81.3275375366211, 98.84190368652344, 346.45758056640625, 312.5420837402344, 352.8040771484375, 358.62860107421875, 67.45130920410156, 83.30685424804688, 89.03843688964844, 82.00603485107422], "psl": [878.128662109375, 878.5814819335938, 877.322021484375, 877.802734375, 878.6682739257812, 877.3193969726562, 874.864013671875, 875.5103149414062, 878.013671875, 878.7321166992188, 878.0529174804688, 878.3928833007812, 879.5136108398438, 877.938720703125, 875.4730224609375, 876.3284301757812, 878.1507568359375, 879.3689575195312, 878.46337890625, 878.7112426757812, 879.5833740234375, 878.0965576171875, 875.3358764648438, 876.2080688476562], "pre": [3.3697140199601784e-25, 0.0, 0.0, 4.067564042545842e-30, 8.265783172518914e-29, 0.0, 0.0, 0.0, 0.0, 0.0, 0.0, 0.0, 0.0, 0.0, 0.0, 0.0, 0.0, 0.0, 0.0, 0.0, 0.0, 0.0, 0.0, 2.782342073884545e-23], "sw": [0.0, 0.0, 0.0, 0.0, 600.1470336914062, 1052.158203125, 857.1356811523438, 157.09877014160156, 0.0, 0.0, 0.0, 0.0, 593.3948974609375, 1046.328369140625, 848.3285522460938, 139.51527404785156, 0.0, 0.0, 0.0, 0.0, 597.9411010742188, 1045.733154296875, 844.643798828125, 141.9328155517578], "rh": [88.98395538330078, 63.67162322998047, 63.032142639160156, 70.1600112915039, 46.64750671386719, 27.083515167236328, 24.902679443359375, 31.26058578491211, 52.721763610839844, 62.14111328125, 64.6192398071289, 61.97028350830078, 41.81314468383789, 27.575010299682617, 27.04718017578125, 39.58083724975586, 54.46355438232422, 57.04734420776367, 61.187137603759766, 62.53263854980469, 42.829322814941406, 28.492372512817383, 24.94428062438965, 39.68001937866211]}