{"t2m": [20.803497314453125, 18.8790283203125, 17.81640625, 17.10028076171875, 24.262420654296875, 27.7705078125, 30.697021484375, 27.705535888671875, 22.629791259765625, 20.2039794921875, 17.994964599609375, 17.89556884765625, 24.789031982421875, 28.183013916015625, 30.7886962890625, 27.387298583984375, 23.517486572265625, 20.328521728515625, 17.755157470703125, 17.82220458984375, 24.17840576171875, 27.774749755859375, 29.81060791015625, 24.311309814453125], "wnd": [8.087115287780762, 6.405455112457275, 7.158977031707764, 11.902593612670898, 0.3505893647670746, 5.0555548667907715, 5.609645366668701, 10.792243003845215, 12.619048118591309, 10.458395004272461, 8.951225280761719, 12.80187702178955, 3.0818755626678467, 3.9899983406066895, 8.510440826416016, 21.08730697631836, 6.203373432159424, 6.521124362945557, 8.38140869140625, 13.019814491271973, 4.889947891235352, 3.6126997470855713, 4.893985748291016, 12.87204647064209], "dir": [10.921615600585938, 61.35365295410156, 14.866889953613281, 0.5024948120117188, 356.9833679199219, 237.69818115234375, 129.64247131347656, 134.61474609375, 191.5568084716797, 344.19354248046875, 19.964637756347656, 354.99285888671875, 51.56971740722656, 212.0521240234375, 115.40015411376953, 100.64583587646484, 113.98738098144531, 218.8272705078125, 21.132919311523438, 14.5050048828125, 145.45840454101562, 204.72213745117188, 235.46044921875, 78.11141204833984], "psl": [865.2284545898438, 866.23046875, 864.8681030273438, 864.8187255859375, 865.8922119140625, 864.9573974609375, 862.1624145507812, 863.064697265625, 865.3325805664062, 866.094482421875, 865.54296875, 865.7874145507812, 866.794677734375, 865.4747924804688, 862.727294921875, 863.2372436523438, 865.3616333007812, 866.8571166992188, 866.1961059570312, 866.1118774414062, 866.9435424804688, 865.6409301757812, 862.8865356445312, 864.403076171875], "pre": [0.6160764098167419, 1.4368660572472436e-07, 0.0, 0.0, 0.0, 0.0, 0.0, 7.534027099609375e-05, 0.0029948949813842773, 0.0, 0.0, 0.0, 0.0, 0.0, 0.0, 0.0, 0.0, 0.0, 0.0, 0.0, 0.0, 0.0, 0.0, 0.9114954471588135], "sw": [0.0, 0.0, 0.0, 0.0, 595.8004150390625, 1055.29541015625, 860.536376953125, 14.856903076171875, 0.0, 0.0, 0.0, 0.0, 589.9073486328125, 1048.721435546875, 850.4454345703125, 149.8551025390625, 0.0, 0.0, 0.0, 0.0, 596.4390869140625, 1048.727294921875, 847.2493286132812, 10.936588287353516], "rh": [77.9608383178711, 82.72512817382812, 77.21405792236328, 72.10861206054688, 44.22822570800781, 32.82622528076172, 25.051740646362305, 38.641273498535156, 51.360172271728516, 61.640464782714844, 66.25768280029297, 58.04111862182617, 40.06753921508789, 31.030088424682617, 24.63988494873047, 37.61898422241211, 50.66056823730469, 57.04173278808594, 64.88761901855469, 58.22969055175781, 40.72145080566406, 32.43039321899414, 29.59611701965332, 57.93111801147461]}