{"t2m": [15.8980712890625, 13.82830810546875, 13.0823974609375, 12.966949462890625, 17.012176513671875, 16.754058837890625, 17.345733642578125, 15.8961181640625, 15.666046142578125, 15.392974853515625, 13.1280517578125, 12.605499267578125, 17.122955322265625, 17.546356201171875, 16.72296142578125, 15.920928955078125, 14.783538818359375, 13.884979248046875, 13.177520751953125, 12.70184326171875, 17.371337890625, 16.60919189453125, 16.49176025390625, 15.819854736328125], "wnd": [8.29512882232666, 4.428888320922852, 7.299159049987793, 4.225597858428955, 8.751777648925781, 11.916055679321289, 10.19311237335205, 2.2151939868927, 2.6313552856445312, 1.690208077430725, 7.9385666847229, 6.069559097290039, 7.897353649139404, 9.400223731994629, 15.902032852172852, 3.530869483947754, 3.8015823364257812, 7.04081916809082, 4.588401794433594, 3.278324604034424, 7.262852668762207, 12.276965141296387, 12.563665390014648, 5.192092418670654], "dir": [18.974761962890625, 163.76031494140625, 120.04708862304688, 172.63589477539062, 4.919990539550781, 4.469047546386719, 26.945358276367188, 261.91693115234375, 292.70574951171875, 70.53138732910156, 200.09957885742188, 206.8238983154297, 1.2436370849609375, 0.38720703125, 13.865646362304688, 7.215301513671875, 163.62899780273438, 128.55418395996094, 153.47268676757812, 142.94387817382812, 4.6149749755859375, 30.216625213623047, 22.545082092285156, 356.5915222167969], "psl": [821.5413208007812, 821.4940795898438, 820.1398315429688, 820.5519409179688, 821.8373413085938, 821.9986572265625, 820.7594604492188, 820.9449462890625, 821.7262573242188, 822.0546875, 820.9472045898438, 821.2527465820312, 822.5798950195312, 822.6040649414062, 821.5030517578125, 821.4421997070312, 822.2518920898438, 822.5932006835938, 821.5159912109375, 821.4907836914062, 822.4996948242188, 822.5242309570312, 821.30517578125, 821.4259643554688], "pre": [4.233968734741211, 0.7489169239997864, 0.0, 0.0, 0.0, 0.18790596723556519, 0.569343090057373, 1.5302189588546753, 0.1647660732269287, 4.887580871582031e-06, 2.0265579223632812e-06, 0.0, 0.0, 0.049311280250549316, 3.134510040283203, 1.9992696046829224, 0.026789188385009766, 0.0, 0.0, 0.0, 0.0, 0.131891131401062, 4.87741756439209, 4.892616271972656], "sw": [0.0, 0.0, 0.0, 0.0, 623.4332275390625, 259.82965087890625, 623.7310791015625, 39.75060272216797, 0.0, 0.0, 0.0, 0.0, 615.3348388671875, 723.6508178710938, 143.78587341308594, 2.941859733596175e-08, 0.0, 0.0, 0.0, 0.0, 609.4095458984375, 215.0832977294922, 143.9847412109375, 0.06995680928230286], "rh": [100.05001831054688, 95.35452270507812, 77.26449584960938, 78.9378433227539, 84.50071716308594, 98.33683013916016, 96.343505859375, 98.91669464111328, 99.36500549316406, 91.02703094482422, 83.67205810546875, 75.69795989990234, 79.9127426147461, 89.65348052978516, 99.68391418457031, 99.94573974609375, 87.77104187011719, 82.17704772949219, 76.10945892333984, 75.4912109375, 78.52090454101562, 97.9843521118164, 99.80661010742188, 99.9872817993164]}