{"t2m": [11.475250244140625, 9.70062255859375, 8.147125244140625, 8.28387451171875, 14.663726806640625, 18.645263671875, 20.573577880859375, 17.78179931640625, 12.488525390625, 11.185394287109375, 8.822662353515625, 8.672821044921875, 14.82659912109375, 18.53179931640625, 19.190765380859375, 17.5628662109375, 12.97607421875, 10.5546875, 9.316131591796875, 8.981719970703125, 15.16259765625, 18.37841796875, 17.871673583984375, 16.5609130859375], "wnd": [11.858492851257324, 7.55859375, 5.579560279846191, 4.581826686859131, 3.5843262672424316, 10.33481502532959, 10.007804870605469, 7.814401626586914, 4.876152992248535, 5.961258888244629, 5.216133117675781, 1.9931753873825073, 4.139979362487793, 8.099658966064453, 9.785709381103516, 8.777417182922363, 3.8341798782348633, 3.763519048690796, 6.401851177215576, 5.52858829498291, 5.851373195648193, 8.088822364807129, 7.352581024169922, 11.98978328704834], "dir": [155.35556030273438, 186.12783813476562, 191.40225219726562, 206.33035278320312, 294.15142822265625, 237.84130859375, 265.0196838378906, 6.315269470214844, 172.37689208984375, 336.0059509277344, 225.15179443359375, 346.9755554199219, 258.94671630859375, 257.1510009765625, 289.93646240234375, 19.30242919921875, 192.38632202148438, 30.07091522216797, 187.29550170898438, 169.17938232421875, 256.04547119140625, 263.469482421875, 340.67169189453125, 11.075881958007812], "psl": [746.039794921875, 746.4793090820312, 745.59521484375, 745.643798828125, 746.8590087890625, 746.7352905273438, 744.9996948242188, 745.2385864257812, 746.6898193359375, 746.806884765625, 746.1189575195312, 746.5307006835938, 747.63720703125, 747.2818603515625, 745.485107421875, 745.7628173828125, 747.20947265625, 747.4517822265625, 746.5165405273438, 746.5775146484375, 747.6387329101562, 747.10302734375, 745.62255859375, 745.9234619140625], "pre": [8.89739478525814e-22, 7.775013081858292e-27, 2.6582697154609036e-10, 9.069006656758916e-11, 0.0, 0.0, 0.0, 0.0, 0.0, 0.0, 0.0, 0.0, 0.0, 0.0, 0.0, 1.815141388306074e-07, 0.0, 0.0, 0.0, 0.0, 0.0, 0.0, 0.016816938295960426, 0.02181106247007847], "sw": [0.0, 0.0, 0.0, 0.0, 643.7191162109375, 1087.039794921875, 875.4592895507812, 64.7728042602539, 0.0, 0.0, 0.0, 0.0, 634.2191162109375, 1079.0972900390625, 142.74496459960938, 145.48236083984375, 0.0, 0.0, 0.0, 0.0, 635.2545776367188, 1077.1138916015625, 140.52096557617188, 117.85983276367188], "rh": [69.22838592529297, 73.76941680908203, 80.59123992919922, 65.84110260009766, 61.14762496948242, 43.57785415649414, 39.4358024597168, 45.249263763427734, 74.77848815917969, 74.01055908203125, 86.14724731445312, 72.7340087890625, 55.681663513183594, 43.23874282836914, 46.692161560058594, 49.35106658935547, 70.91117858886719, 70.85466766357422, 72.5669937133789, 64.70752716064453, 53.91047668457031, 45.818328857421875, 53.00484848022461, 55.698490142822266]}