{"t2m": [22.4178466796875, 22.476959228515625, 22.109466552734375, 21.444061279296875, 25.84814453125, 28.308685302734375, 28.69049072265625, 25.58447265625, 23.505157470703125, 22.6932373046875, 22.964813232421875, 22.134063720703125, 25.4697265625, 28.176666259765625, 28.717926025390625, 25.550323486328125, 23.770599365234375, 22.55108642578125, 21.961181640625, 21.639373779296875, 26.19183349609375, 28.242584228515625, 28.479766845703125, 25.30364990234375], "wnd": [6.566439151763916, 6.164186000823975, 5.9110331535339355, 11.124752044677734, 8.22649097442627, 10.627399444580078, 10.893640518188477, 4.958498477935791, 7.39431095123291, 7.840787887573242, 6.135928630828857, 12.520929336547852, 9.502263069152832, 8.860504150390625, 9.780220031738281, 4.128394603729248, 6.9673943519592285, 6.842060565948486, 6.679112911224365, 11.248090744018555, 5.787132740020752, 9.157472610473633, 11.452503204345703, 8.833745002746582], "dir": [212.08981323242188, 198.57879638671875, 291.15570068359375, 285.1761474609375, 335.3603515625, 38.398677825927734, 55.6336669921875, 197.94290161132812, 231.12881469726562, 220.93014526367188, 293.83880615234375, 284.487548828125, 333.5148620605469, 39.327064514160156, 50.462364196777344, 176.9564208984375, 217.45974731445312, 227.2950897216797, 293.96533203125, 279.4085388183594, 350.9436340332031, 57.80604934692383, 96.33079528808594, 174.76388549804688], "psl": [968.4682006835938, 968.3377075195312, 966.9435424804688, 967.6511840820312, 968.9534912109375, 968.3582153320312, 966.6953735351562, 967.2988891601562, 968.3892211914062, 968.5990600585938, 967.6498413085938, 968.0477294921875, 969.8456420898438, 969.1964111328125, 967.4827270507812, 967.9682006835938, 968.9793090820312, 969.2363891601562, 968.2570190429688, 968.2676391601562, 969.6035766601562, 969.0564575195312, 967.415283203125, 967.7839965820312], "pre": [1.8923407793045044, 7.016609515630989e-13, 0.0, 0.0, 0.0, 0.0, 1.2874211072921753, 4.515947341918945, 5.265720844268799, 0.0, 0.0, 0.0, 0.0, 0.0, 0.4614849090576172, 8.591846466064453, 0.56468266248703, 0.0, 0.0, 0.0, 0.0, 0.0, 0.4958648681640625, 5.576918125152588], "sw": [0.0, 0.0, 0.0, 0.0, 541.3445434570312, 1014.1348266601562, 356.4051513671875, 35.04129409790039, 0.0, 0.0, 0.0, 0.0, 455.7190856933594, 972.2847290039062, 247.557373046875, 38.84536361694336, 0.0, 0.0, 0.0, 0.0, 560.6002807617188, 1001.5859985351562, 604.2200927734375, 41.00265121459961], "rh": [97.37759399414062, 87.5963363647461, 85.69332122802734, 83.64795684814453, 80.87926483154297, 71.07685089111328, 68.36432647705078, 86.43326568603516, 90.61148834228516, 85.34037780761719, 73.53700256347656, 74.50625610351562, 79.9533920288086, 71.824951171875, 67.93788146972656, 86.48055267333984, 87.84439849853516, 82.13554382324219, 78.60200500488281, 68.69914245605469, 73.7465591430664, 69.03244018554688, 70.98007202148438, 87.72720336914062]}