{"t2m": [24.604278564453125, 23.14501953125, 23.43060302734375, 22.269439697265625, 27.386199951171875, 29.869720458984375, 31.170623779296875, 27.73590087890625, 24.657318115234375, 24.10791015625, 23.4324951171875, 23.348541259765625, 26.553253173828125, 29.86248779296875, 30.805419921875, 27.399871826171875, 24.796539306640625, 23.577667236328125, 22.87322998046875, 22.76544189453125, 27.467803955078125, 29.853179931640625, 29.375457763671875, 27.5223388671875], "wnd": [1.0309308767318726, 8.894401550292969, 1.9099012613296509, 9.327345848083496, 3.639075517654419, 8.77092456817627, 8.290525436401367, 5.760510444641113, 6.924378395080566, 3.3237218856811523, 5.855907917022705, 11.659005165100098, 12.47146224975586, 6.719659328460693, 9.894295692443848, 5.953464508056641, 3.6336557865142822, 5.096004962921143, 7.3676981925964355, 8.218156814575195, 1.9522472620010376, 7.109645843505859, 14.684133529663086, 3.9361910820007324], "dir": [286.9736328125, 253.88760375976562, 292.422119140625, 288.34429931640625, 299.1040954589844, 25.47595977783203, 49.83152389526367, 110.03811645507812, 229.51231384277344, 245.6189727783203, 247.7801513671875, 295.3613586425781, 323.3550109863281, 26.241851806640625, 53.28439712524414, 97.03719329833984, 227.3724822998047, 236.56353759765625, 249.84288024902344, 297.158203125, 7.268974304199219, 45.46331024169922, 76.53250122070312, 126.67059326171875], "psl": [990.6347045898438, 990.6583862304688, 989.1099853515625, 989.7918090820312, 991.1463012695312, 990.4982299804688, 988.5993041992188, 989.1882934570312, 990.63330078125, 990.9777221679688, 989.7999267578125, 990.2605590820312, 991.9845581054688, 991.3517456054688, 989.569091796875, 989.90771484375, 991.1629028320312, 991.52392578125, 990.4381103515625, 990.5463256835938, 991.8442993164062, 991.1763916015625, 989.3480224609375, 989.8655395507812], "pre": [2.802596928649634e-41, 0.0, 0.0, 0.0, 0.0, 0.0, 1.2038100902368958e-17, 0.10540025681257248, 1.908114427351393e-06, 0.0, 0.0, 0.0, 0.0, 0.0, 0.0, 1.871310830116272, 3.336894989013672, 0.0, 0.0, 0.0, 0.0, 0.0, 1.2373557090759277, 1.4816160202026367], "sw": [0.0, 0.0, 0.0, 0.0, 580.2835693359375, 1008.9017944335938, 772.6767578125, 50.592220306396484, 0.0, 0.0, 0.0, 0.0, 425.128662109375, 1002.0809936523438, 605.8992309570312, 45.811214447021484, 0.0, 0.0, 0.0, 0.0, 543.8423461914062, 987.615966796875, 200.61920166015625, 44.60359573364258], "rh": [92.96016693115234, 93.65922546386719, 90.71676635742188, 90.98229217529297, 76.08997344970703, 66.30331420898438, 57.40699768066406, 78.45132446289062, 89.07042694091797, 88.97407531738281, 87.60753631591797, 76.54078674316406, 78.17615509033203, 66.39747619628906, 59.05424880981445, 85.78108978271484, 92.25770568847656, 92.40133666992188, 88.38726043701172, 84.58417510986328, 73.27239227294922, 65.65946960449219, 70.4683609008789, 83.04888153076172]}