{"t2m": [12.402313232421875, 11.764495849609375, 10.965728759765625, 10.827606201171875, 15.4530029296875, 17.30926513671875, 16.99127197265625, 13.538787841796875, 12.41064453125, 11.5262451171875, 10.954132080078125, 11.045867919921875, 15.167999267578125, 17.42266845703125, 16.523834228515625, 13.306121826171875, 12.19415283203125, 11.846923828125, 11.125274658203125, 10.929901123046875, 15.405792236328125, 17.072235107421875, 16.228546142578125, 13.218292236328125], "wnd": [33.758033752441406, 32.06950378417969, 22.381128311157227, 21.438039779663086, 27.32465362548828, 28.936260223388672, 33.56485366821289, 36.094078063964844, 28.51984977722168, 28.848102569580078, 23.69780158996582, 21.701383590698242, 31.08384132385254, 29.934139251708984, 34.09318542480469, 37.3697624206543, 29.466758728027344, 25.78134536743164, 25.8748779296875, 23.238088607788086, 25.977012634277344, 29.61790657043457, 35.835411071777344, 33.4993896484375], "dir": [77.055908203125, 76.12944030761719, 69.95162200927734, 67.8931884765625, 76.34439086914062, 79.90667724609375, 77.45587921142578, 77.3702621459961, 72.54813385009766, 76.1861572265625, 73.52008056640625, 72.35638427734375, 75.87521362304688, 81.18531799316406, 75.82048034667969, 72.97900390625, 73.22543334960938, 75.85197448730469, 74.7516098022461, 66.7879638671875, 72.70574951171875, 79.5597915649414, 72.12983703613281, 76.04501342773438], "psl": [771.6486206054688, 771.802001953125, 770.6087646484375, 770.8799438476562, 772.119384765625, 772.365966796875, 770.9352416992188, 770.9548950195312, 771.9912719726562, 772.124267578125, 771.2556762695312, 771.55517578125, 772.88525390625, 772.8883666992188, 771.4255981445312, 771.434814453125, 772.5321044921875, 772.975830078125, 771.6832885742188, 771.7454833984375, 772.9773559570312, 772.8663940429688, 771.1683349609375, 771.60498046875], "pre": [0.0012423020089045167, 0.004262168426066637, 0.0, 0.0, 0.0, 0.0, 1.5366822481155396e-08, 1.4440156519412994e-06, 0.00010794773697853088, 1.3718381524085999e-06, 0.0, 0.0, 0.0, 0.0, 0.0, 0.00038062245585024357, 0.0007653939537703991, 0.0, 0.0, 0.0, 0.0, 0.0, 0.0, 0.6356203556060791], "sw": [0.0, 0.0, 0.0, 0.0, 640.4323120117188, 1088.847900390625, 886.2621459960938, 80.947998046875, 0.0, 0.0, 0.0, 0.0, 629.048828125, 1075.8775634765625, 870.184814453125, 97.17003631591797, 0.0, 0.0, 0.0, 0.0, 629.2225341796875, 1074.357177734375, 858.79833984375, 143.25616455078125], "rh": [98.165283203125, 97.90953063964844, 95.23509216308594, 87.6705093383789, 59.76388931274414, 57.37364959716797, 70.5987777709961, 93.00867462158203, 94.32928466796875, 96.2320327758789, 97.55482482910156, 85.67613983154297, 65.07567596435547, 55.967491149902344, 74.04920196533203, 91.50324249267578, 90.39381408691406, 90.20668029785156, 91.77838897705078, 88.62008666992188, 65.85740661621094, 63.741512298583984, 78.00724792480469, 93.71841430664062]}