{"t2m": [20.585662841796875, 19.5340576171875, 17.762054443359375, 17.211700439453125, 22.4427490234375, 27.371978759765625, 30.535919189453125, 28.6875, 22.640533447265625, 21.6163330078125, 19.790313720703125, 18.05596923828125, 24.279693603515625, 29.3201904296875, 32.076080322265625, 30.004608154296875, 23.22625732421875, 21.35394287109375, 19.482635498046875, 18.286407470703125, 24.63458251953125, 29.08160400390625, 30.911865234375, 29.493255615234375], "wnd": [16.48055648803711, 8.091120719909668, 7.979891777038574, 2.668834924697876, 2.908278226852417, 5.260782718658447, 9.853714942932129, 17.434776306152344, 6.258155822753906, 0.8754175305366516, 4.2739152908325195, 7.219711780548096, 4.613669395446777, 6.0919036865234375, 4.69053316116333, 12.832987785339355, 7.071136474609375, 6.072915077209473, 6.983088493347168, 10.251835823059082, 2.4377617835998535, 3.1933023929595947, 16.100133895874023, 15.231266021728516], "dir": [176.7675323486328, 271.71636962890625, 89.95643615722656, 155.80517578125, 215.90281677246094, 256.3009948730469, 247.37315368652344, 247.61553955078125, 152.94683837890625, 156.09442138671875, 90.20045471191406, 38.678836822509766, 94.9043960571289, 47.084529876708984, 290.26190185546875, 244.6113739013672, 131.2985382080078, 132.8851318359375, 115.25021362304688, 18.04560089111328, 133.22042846679688, 283.09405517578125, 251.19760131835938, 245.05538940429688], "psl": [898.5558471679688, 899.8828735351562, 898.4002075195312, 898.7214965820312, 899.9974975585938, 898.8314819335938, 895.9544677734375, 895.7594604492188, 898.3029174804688, 899.4120483398438, 898.9140625, 899.3526000976562, 900.5463256835938, 898.8883056640625, 895.7553100585938, 895.7372436523438, 898.8800659179688, 900.0597534179688, 899.434326171875, 899.6727905273438, 900.572265625, 899.244873046875, 896.4216918945312, 896.2365112304688], "pre": [3.4974019527435303, 6.918609142303467e-05, 0.0, 0.0, 0.0, 0.0, 0.0, 0.0, 0.0, 0.24596214294433594, 0.0, 0.0, 0.0, 0.0, 0.0, 0.0, 0.0, 0.0, 0.0, 0.0, 0.0, 0.0, 0.0, 0.0], "sw": [0.0, 0.0, 0.0, 0.0, 577.955322265625, 1037.600341796875, 856.1802368164062, 163.9873046875, 0.0, 0.0, 0.0, 0.0, 573.1640625, 1033.2451171875, 849.5540161132812, 154.82376098632812, 0.0, 0.0, 0.0, 0.0, 577.7527465820312, 1038.197509765625, 848.8897705078125, 152.39234924316406], "rh": [93.50651550292969, 94.34661865234375, 96.46461486816406, 93.86204528808594, 73.4404296875, 44.355918884277344, 34.00184631347656, 44.03424835205078, 77.9466781616211, 79.8067855834961, 76.1429443359375, 79.849853515625, 52.26972579956055, 34.105987548828125, 27.597450256347656, 37.652496337890625, 62.217323303222656, 65.22733306884766, 68.44445037841797, 68.28559875488281, 47.55813217163086, 34.52128219604492, 33.880279541015625, 36.80225372314453]}