{"t2m": [15.043304443359375, 13.782928466796875, 12.35528564453125, 12.02166748046875, 16.38287353515625, 16.27911376953125, 16.057586669921875, 15.609130859375, 13.937774658203125, 13.192169189453125, 12.28485107421875, 11.798187255859375, 16.54107666015625, 15.905548095703125, 15.89892578125, 15.236572265625, 13.787506103515625, 12.843414306640625, 11.873748779296875, 11.5106201171875, 16.77386474609375, 16.05181884765625, 15.550506591796875, 15.133392333984375], "wnd": [6.410154342651367, 9.757203102111816, 10.927359580993652, 3.7784066200256348, 7.503361701965332, 12.284345626831055, 9.177579879760742, 0.555342972278595, 2.399918794631958, 5.521137237548828, 7.057737350463867, 5.739616870880127, 7.334404468536377, 8.186298370361328, 12.606657981872559, 4.174853324890137, 5.538618087768555, 8.869453430175781, 8.654720306396484, 5.268836975097656, 6.849078178405762, 9.804115295410156, 11.332487106323242, 5.556999683380127], "dir": [78.97111511230469, 152.1746826171875, 151.6153106689453, 191.27516174316406, 38.06733703613281, 43.9322509765625, 48.47575378417969, 301.20135498046875, 109.74053192138672, 144.48434448242188, 177.67324829101562, 194.20538330078125, 32.378910064697266, 47.73612976074219, 60.93171691894531, 357.55450439453125, 155.6106414794922, 154.62747192382812, 159.05825805664062, 161.97366333007812, 48.90205764770508, 31.272380828857422, 50.49340057373047, 75.43013000488281], "psl": [807.286376953125, 807.1495971679688, 805.7982788085938, 806.2380981445312, 807.4857177734375, 807.6766967773438, 806.5170288085938, 806.60498046875, 807.3968505859375, 807.6947021484375, 806.60791015625, 806.892578125, 808.215576171875, 808.302978515625, 807.2003173828125, 807.1032104492188, 807.9447631835938, 808.2843627929688, 807.1306762695312, 807.1337280273438, 808.1671142578125, 808.2215576171875, 807.0388793945312, 807.0940551757812], "pre": [3.6394424438476562, 0.46782171726226807, 0.0, 0.0, 0.0, 0.3815501928329468, 0.23667338490486145, 0.06404593586921692, 0.005928605794906616, 2.682209014892578e-06, 0.0, 0.0, 0.0, 0.46566852927207947, 3.0034701824188232, 0.45991837978363037, 0.1255122423171997, 0.0, 0.0, 0.0, 0.0, 0.0340120792388916, 3.5510125160217285, 0.9990458488464355], "sw": [0.0, 0.0, 0.0, 0.0, 628.350830078125, 171.07717895507812, 282.343017578125, 41.76693344116211, 0.0, 0.0, 0.0, 0.0, 620.8290405273438, 211.5092010498047, 150.34005737304688, 4.739804744720459, 0.0, 0.0, 0.0, 0.0, 613.9893798828125, 208.38763427734375, 173.50759887695312, 0.9155958294868469], "rh": [99.9089126586914, 92.9207763671875, 80.52958679199219, 79.41890716552734, 84.30117797851562, 99.24026489257812, 98.95027160644531, 94.83733367919922, 98.67101287841797, 90.3022232055664, 82.40769958496094, 74.03809356689453, 77.93356323242188, 99.23297882080078, 99.52206420898438, 99.82398986816406, 88.3385238647461, 84.5265121459961, 79.06339263916016, 78.52923583984375, 78.43756866455078, 98.92003631591797, 99.47358703613281, 99.85038757324219]}