{"t2m": [20.605926513671875, 18.662384033203125, 18.1561279296875, 17.29302978515625, 24.23095703125, 28.916595458984375, 30.801849365234375, 28.026123046875, 22.024078369140625, 20.491943359375, 18.391448974609375, 17.983306884765625, 24.33013916015625, 28.948822021484375, 30.686859130859375, 26.5838623046875, 23.332794189453125, 19.82427978515625, 18.89483642578125, 17.932952880859375, 23.8870849609375, 28.458404541015625, 29.4842529296875, 24.450042724609375], "wnd": [6.949519157409668, 8.6611909866333, 17.07303810119629, 17.487804412841797, 13.260558128356934, 8.499124526977539, 8.868812561035156, 12.606709480285645, 1.975781798362732, 18.194623947143555, 14.986495971679688, 17.498533248901367, 12.625345230102539, 8.543280601501465, 11.787995338439941, 21.094919204711914, 22.653308868408203, 3.7473738193511963, 20.534292221069336, 18.50363540649414, 13.79482650756836, 3.118342876434326, 8.131875991821289, 21.111133575439453], "dir": [253.36563110351562, 33.8351936340332, 81.38143920898438, 69.46304321289062, 63.7789192199707, 75.6656723022461, 114.49092102050781, 128.479248046875, 316.532958984375, 63.63439178466797, 70.15257263183594, 70.66403198242188, 63.04441833496094, 74.45365905761719, 99.98918151855469, 92.66453552246094, 78.25363159179688, 2.6226959228515625, 62.06752014160156, 68.82023620605469, 68.46110534667969, 319.09051513671875, 224.29824829101562, 62.02625274658203], "psl": [864.6896362304688, 865.5435791015625, 864.3419799804688, 864.472900390625, 865.304931640625, 864.1671752929688, 861.570068359375, 862.3076782226562, 864.8399047851562, 865.540771484375, 864.9346313476562, 865.2251586914062, 866.2730712890625, 864.7178955078125, 862.152587890625, 862.8021850585938, 864.585205078125, 866.3408813476562, 865.42333984375, 865.56640625, 866.375732421875, 864.8474731445312, 862.274169921875, 863.49169921875], "pre": [0.00020614766981452703, 0.0, 0.0, 0.0, 0.0, 0.0, 0.0, 0.0, 0.0, 0.0, 0.0, 0.0, 0.0, 0.0, 0.0, 0.0, 0.0, 0.0, 0.0, 0.0, 0.0, 0.0, 0.0, 0.1756376475095749], "sw": [0.0, 0.0, 0.0, 0.0, 604.6915283203125, 1058.125, 857.799560546875, 139.6819610595703, 0.0, 0.0, 0.0, 0.0, 597.0946655273438, 1050.71826171875, 848.5922241210938, 52.02767562866211, 0.0, 0.0, 0.0, 0.0, 598.9096069335938, 1048.2681884765625, 333.4189453125, 142.7282257080078], "rh": [83.74059295654297, 87.36627960205078, 69.20574951171875, 65.23253631591797, 41.85731506347656, 26.649639129638672, 26.49906349182129, 37.74654006958008, 55.00249099731445, 58.84111404418945, 66.335205078125, 63.11980438232422, 41.43700408935547, 27.641767501831055, 27.906665802001953, 41.175743103027344, 47.20209503173828, 58.639461517333984, 63.94646072387695, 64.16585540771484, 43.71763229370117, 30.606216430664062, 30.985748291015625, 54.69435501098633]}