{"t2m": [15.794708251953125, 15.8321533203125, 12.2039794921875, 11.831817626953125, 18.186492919921875, 22.173828125, 23.738555908203125, 21.75537109375, 16.337066650390625, 14.32257080078125, 12.253631591796875, 10.9892578125, 18.339385986328125, 22.366424560546875, 23.798370361328125, 21.14306640625, 16.85198974609375, 15.620452880859375, 13.505706787109375, 11.101043701171875, 17.969482421875, 22.226959228515625, 23.13116455078125, 19.110198974609375], "wnd": [5.72320556640625, 4.107782363891602, 9.52173137664795, 13.288496971130371, 12.617561340332031, 4.442840099334717, 8.979533195495605, 14.836690902709961, 8.628241539001465, 8.359275817871094, 9.89438247680664, 10.953352928161621, 14.26154613494873, 3.8843531608581543, 10.763392448425293, 17.56280517578125, 5.983064651489258, 1.83380925655365, 3.256152868270874, 11.213213920593262, 11.160512924194336, 3.4529902935028076, 17.273059844970703, 14.877134323120117], "dir": [11.322456359863281, 335.86993408203125, 347.17266845703125, 352.1681213378906, 1.995697021484375, 150.7985076904297, 163.24374389648438, 123.76020812988281, 167.06739807128906, 266.3521728515625, 343.59149169921875, 4.660743713378906, 6.2973480224609375, 102.00384521484375, 142.6772918701172, 120.0517578125, 331.78131103515625, 65.3410415649414, 256.1259765625, 3.7407302856445312, 20.226760864257812, 119.76486206054688, 217.7050018310547, 106.26982116699219], "psl": [792.9939575195312, 793.836181640625, 792.528564453125, 792.6219482421875, 793.6771240234375, 793.3584594726562, 791.3911743164062, 791.7332763671875, 793.3365478515625, 793.9052124023438, 793.093994140625, 793.4976806640625, 794.5914306640625, 793.9442138671875, 791.9790649414062, 792.144775390625, 793.66259765625, 794.5482788085938, 793.6414184570312, 793.6157836914062, 794.6209106445312, 793.877685546875, 791.8368530273438, 792.6344604492188], "pre": [2.949889659881592, 0.7110009789466858, 0.0, 0.0, 0.0, 0.0, 0.0, 0.0, 0.0, 0.0, 0.0, 0.0, 0.0, 0.0, 0.0, 0.0, 0.0, 0.0, 0.0, 0.0, 0.0, 0.0, 0.0, 0.09430646896362305], "sw": [0.0, 0.0, 0.0, 0.0, 616.2350463867188, 1069.9290771484375, 875.2928466796875, 168.40023803710938, 0.0, 0.0, 0.0, 0.0, 609.2573852539062, 1065.650634765625, 868.0631103515625, 1.2927929162979126, 0.0, 0.0, 0.0, 0.0, 609.4967651367188, 1064.3814697265625, 857.650634765625, 20.33423614501953], "rh": [92.11328125, 87.0320053100586, 87.66384887695312, 81.58484649658203, 54.31834411621094, 38.13114929199219, 38.58627700805664, 46.79098129272461, 69.1212387084961, 79.1342544555664, 78.54900360107422, 78.39845275878906, 50.258262634277344, 34.76569747924805, 37.161705017089844, 48.790809631347656, 73.48565673828125, 70.63404083251953, 73.77040100097656, 74.35227966308594, 51.046871185302734, 36.81866455078125, 43.60021209716797, 66.451904296875]}