{"t2m": [16.315032958984375, 13.6099853515625, 11.86529541015625, 11.83636474609375, 18.436187744140625, 22.88604736328125, 24.43572998046875, 21.10894775390625, 17.335540771484375, 15.49041748046875, 13.1312255859375, 12.7171630859375, 18.3779296875, 22.703765869140625, 24.205230712890625, 20.67919921875, 16.959747314453125, 14.456817626953125, 12.5438232421875, 11.505859375, 18.213165283203125, 22.52508544921875, 23.64288330078125, 16.057861328125], "wnd": [8.214951515197754, 5.250570297241211, 6.890976428985596, 13.06152057647705, 11.7561616897583, 6.149911880493164, 18.782079696655273, 13.658281326293945, 10.550311088562012, 5.554799556732178, 6.156910419464111, 12.92811393737793, 10.908989906311035, 2.3420615196228027, 17.072717666625977, 11.678544044494629, 11.149121284484863, 6.182847023010254, 6.673672676086426, 8.821571350097656, 6.196791172027588, 7.469178676605225, 10.1937894821167, 9.469677925109863], "dir": [17.81336212158203, 59.43505859375, 20.494064331054688, 28.651615142822266, 47.03242492675781, 163.65866088867188, 140.1908416748047, 114.5702133178711, 54.13728332519531, 79.36713409423828, 76.29570770263672, 15.992546081542969, 53.250892639160156, 76.77312469482422, 132.58277893066406, 51.91228485107422, 68.69413757324219, 96.60621643066406, 76.64933013916016, 20.367469787597656, 45.54948806762695, 191.7332763671875, 152.25106811523438, 134.34979248046875], "psl": [797.4905395507812, 798.1777954101562, 796.9932861328125, 797.0505981445312, 798.1632690429688, 797.677001953125, 795.6152954101562, 796.5842895507812, 797.8763427734375, 798.4432983398438, 797.6253662109375, 797.845458984375, 799.0283813476562, 798.2578125, 796.2815551757812, 797.0117797851562, 798.5281982421875, 799.04638671875, 798.1240844726562, 798.2022094726562, 799.0275268554688, 798.1865844726562, 796.0159912109375, 797.5433349609375], "pre": [0.704106867313385, 0.0, 0.0, 0.0, 0.0, 0.0, 0.0, 0.0, 0.0020554661750793457, 0.0, 0.0, 0.0, 0.0, 0.0, 0.0, 1.2967591285705566, 0.34056806564331055, 0.0, 0.0, 0.0, 0.0, 0.0, 0.0, 3.4073662757873535], "sw": [0.0, 0.0, 0.0, 0.0, 625.2767944335938, 1077.3892822265625, 717.3005981445312, 15.889811515808105, 0.0, 0.0, 0.0, 0.0, 617.0296020507812, 1067.7225341796875, 815.0640258789062, 9.999999717180685e-10, 0.0, 0.0, 0.0, 0.0, 617.6126098632812, 1068.080810546875, 221.40150451660156, 9.999999717180685e-10], "rh": [80.44342041015625, 86.88187408447266, 86.6010513305664, 74.78022003173828, 49.5118522644043, 32.06448745727539, 36.53953552246094, 46.24522018432617, 69.17682647705078, 72.20321655273438, 80.57229614257812, 68.76116180419922, 50.43524932861328, 34.2812614440918, 34.5960578918457, 57.91758728027344, 70.43106079101562, 73.54176330566406, 80.00379943847656, 72.31585693359375, 51.67314910888672, 35.05216598510742, 38.72701644897461, 86.10790252685547]}