{"t2m": [20.11920166015625, 18.2362060546875, 18.010284423828125, 16.923004150390625, 21.7147216796875, 22.92999267578125, 22.47320556640625, 21.03192138671875, 20.326934814453125, 18.888427734375, 18.107879638671875, 17.43817138671875, 21.150634765625, 23.290863037109375, 22.28118896484375, 20.6070556640625, 18.7421875, 18.21331787109375, 17.3765869140625, 17.02398681640625, 22.003326416015625, 23.270050048828125, 21.30084228515625, 20.482269287109375], "wnd": [1.2596222162246704, 6.4835286140441895, 4.003079414367676, 7.724385738372803, 4.857506275177002, 11.716049194335938, 8.009249687194824, 2.2657504081726074, 5.47424840927124, 7.483067512512207, 7.92948579788208, 10.559724807739258, 6.188935279846191, 10.5003023147583, 9.804486274719238, 5.9850544929504395, 5.659282207489014, 6.005031585693359, 8.829168319702148, 8.652894020080566, 5.402699947357178, 10.829730987548828, 6.508308410644531, 4.007922172546387], "dir": [63.45547103881836, 217.1756591796875, 235.1748809814453, 275.6758117675781, 314.2300109863281, 40.43523406982422, 78.31092071533203, 269.25982666015625, 165.4229736328125, 240.78155517578125, 270.87420654296875, 259.12408447265625, 2.7756118774414062, 29.741336822509766, 65.07720947265625, 97.93273162841797, 201.0498046875, 206.45306396484375, 251.54734802246094, 258.59521484375, 346.30291748046875, 40.23607635498047, 93.61329650878906, 135.71441650390625], "psl": [896.7257690429688, 896.709228515625, 895.2222900390625, 895.7985229492188, 897.1341552734375, 896.9131469726562, 895.7586669921875, 895.8961791992188, 896.7619018554688, 897.0901489257812, 896.1489868164062, 896.3928833007812, 897.9500122070312, 897.6900024414062, 896.595947265625, 896.5367431640625, 897.31103515625, 897.5845336914062, 896.6141357421875, 896.589111328125, 897.7463989257812, 897.553466796875, 896.349365234375, 896.4351806640625], "pre": [3.6681201457977295, 0.00011226534843444824, 0.0, 0.0, 0.0, 2.1753933429718018, 9.790833473205566, 6.291723251342773, 2.540224075317383, 0.009734809398651123, 0.0, 0.0, 0.0, 1.2367963790893555e-06, 9.324542045593262, 9.002705574035645, 0.30109405517578125, 0.0, 0.0, 0.0, 0.0, 0.0, 9.002913475036621, 6.442916393280029], "sw": [0.0, 0.0, 0.0, 0.0, 514.3010864257812, 839.9805908203125, 496.9222106933594, 13.515178680419922, 0.0, 0.0, 0.0, 0.0, 351.1258239746094, 1024.7904052734375, 499.35699462890625, 8.472475051879883, 0.0, 0.0, 0.0, 0.0, 572.1431274414062, 777.7266845703125, 91.99171447753906, 35.68803787231445], "rh": [100.64848327636719, 89.70439147949219, 84.23741149902344, 87.16075134277344, 80.32998657226562, 87.8465576171875, 88.7627182006836, 94.8516616821289, 93.7300796508789, 86.53822326660156, 79.39546966552734, 76.52820587158203, 82.18937683105469, 79.98912048339844, 90.22964477539062, 99.81158447265625, 89.03238677978516, 76.80332946777344, 72.61786651611328, 71.78119659423828, 73.83615112304688, 80.96387481689453, 93.66625213623047, 97.20055389404297]}