{"t2m": [22.878143310546875, 21.92926025390625, 21.335601806640625, 20.863983154296875, 25.6846923828125, 27.64874267578125, 27.069732666015625, 22.51531982421875, 22.86895751953125, 22.257415771484375, 21.97955322265625, 21.438629150390625, 26.0587158203125, 28.05718994140625, 26.40234375, 23.755218505859375, 23.15435791015625, 22.36663818359375, 21.0784912109375, 20.789642333984375, 25.80517578125, 28.200836181640625, 24.948577880859375, 23.40679931640625], "wnd": [6.70800256729126, 6.911341667175293, 4.951667785644531, 5.2928314208984375, 3.682025671005249, 6.9093122482299805, 4.464616298675537, 3.741283655166626, 7.289321422576904, 6.079631328582764, 6.930189609527588, 7.985988140106201, 2.4122538566589355, 6.82711935043335, 6.696544170379639, 7.210649013519287, 6.363317489624023, 5.34298038482666, 6.723782539367676, 7.7177734375, 3.4189348220825195, 7.057043552398682, 7.475186824798584, 6.948407173156738], "dir": [244.29054260253906, 224.130615234375, 271.8544921875, 291.24774169921875, 34.96185302734375, 34.69357681274414, 338.96966552734375, 298.9129638671875, 225.7530975341797, 265.0043029785156, 265.6286926269531, 262.8981628417969, 331.74981689453125, 33.56199645996094, 295.830322265625, 239.1623077392578, 221.23776245117188, 260.77313232421875, 280.29150390625, 269.5745849609375, 326.3103942871094, 46.31230163574219, 350.148681640625, 243.69248962402344], "psl": [959.4341430664062, 959.1574096679688, 957.3517456054688, 957.6238403320312, 959.417236328125, 958.929931640625, 957.1563110351562, 958.506103515625, 959.1734619140625, 959.6233520507812, 958.0502319335938, 958.0440063476562, 960.217529296875, 959.7020874023438, 958.3404541015625, 958.897705078125, 959.8106079101562, 960.1998291015625, 958.7951049804688, 958.8643798828125, 960.2249755859375, 959.6503295898438, 958.42236328125, 959.1390380859375], "pre": [9.218907356262207, 1.2667826414108276, 0.0, 0.0, 0.0, 0.0, 4.194578170776367, 12.012184143066406, 3.5685765743255615, 0.33882057666778564, 0.0, 0.0, 0.0, 0.0, 3.0736465454101562, 3.8373382091522217, 0.06382369995117188, 0.0, 0.0, 0.0, 0.0, 0.0, 6.717082977294922, 5.663473129272461], "sw": [0.0, 0.0, 0.0, 0.0, 596.0380859375, 918.4959716796875, 685.0491943359375, 0.22105370461940765, 0.0, 0.0, 0.0, 0.0, 439.87451171875, 1019.1875610351562, 439.10772705078125, 10.75251293182373, 0.0, 0.0, 0.0, 0.0, 593.0999755859375, 1017.425048828125, 104.60189819335938, 17.440284729003906], "rh": [89.11514282226562, 82.64562225341797, 75.97796630859375, 70.27619934082031, 69.11253356933594, 67.95420837402344, 76.39325714111328, 95.84239959716797, 83.34674072265625, 81.58682250976562, 74.7235107421875, 65.124755859375, 60.35536575317383, 60.536319732666016, 74.51029205322266, 79.96405029296875, 75.36338806152344, 73.49851989746094, 72.63264465332031, 70.24712371826172, 64.14795684814453, 61.28589630126953, 86.15022277832031, 83.55760192871094]}