{"t2m": [21.137939453125, 19.40850830078125, 18.0460205078125, 18.40283203125, 22.403839111328125, 27.82379150390625, 30.61328125, 28.444610595703125, 24.588470458984375, 21.871002197265625, 20.021728515625, 18.743804931640625, 25.084869384765625, 29.3701171875, 31.5537109375, 30.051788330078125, 24.050994873046875, 24.16741943359375, 19.932159423828125, 18.36248779296875, 24.585845947265625, 28.915802001953125, 30.96038818359375, 29.340179443359375], "wnd": [23.957111358642578, 6.481253147125244, 3.432664394378662, 0.24152719974517822, 1.007912278175354, 2.5715649127960205, 8.326265335083008, 16.486753463745117, 17.019655227661133, 1.3762843608856201, 5.583505630493164, 3.7009871006011963, 8.526750564575195, 4.289085865020752, 8.267081260681152, 10.80978012084961, 12.029180526733398, 15.451251983642578, 8.754990577697754, 8.126221656799316, 8.246039390563965, 5.090592384338379, 6.968459606170654, 13.909652709960938], "dir": [199.62109375, 311.5793762207031, 316.5733642578125, 96.71173858642578, 14.506233215332031, 171.15670776367188, 300.5721435546875, 238.26866149902344, 129.41397094726562, 162.1879119873047, 121.00498962402344, 88.51000213623047, 106.20756530761719, 82.46673583984375, 262.6138916015625, 253.79017639160156, 133.58636474609375, 149.1923370361328, 170.7891845703125, 130.69876098632812, 109.66142272949219, 137.92733764648438, 297.4798583984375, 252.02174377441406], "psl": [898.684814453125, 900.5779418945312, 899.1693115234375, 899.4929809570312, 900.689453125, 899.4484252929688, 896.5914916992188, 896.502197265625, 899.0992431640625, 900.1046752929688, 899.5504760742188, 900.1102905273438, 901.217529296875, 899.5689086914062, 896.5675659179688, 896.4071655273438, 899.4591674804688, 900.7081909179688, 900.0878295898438, 900.4442138671875, 901.337158203125, 900.0074462890625, 897.1343994140625, 896.9298706054688], "pre": [7.933097839355469, 0.11801671981811523, 0.0, 0.0, 0.0, 0.0, 0.0, 0.0, 0.0, 0.03762960433959961, 0.0, 0.0, 0.0, 0.0, 0.0, 0.0, 0.0, 0.0, 0.0, 0.0, 0.0, 0.0, 0.0, 0.0], "sw": [0.0, 0.0, 0.0, 0.0, 578.3297729492188, 1036.958984375, 855.109130859375, 163.19549560546875, 0.0, 0.0, 0.0, 0.0, 574.650390625, 1033.658203125, 849.0505981445312, 153.75425720214844, 0.0, 0.0, 0.0, 0.0, 580.287109375, 1039.8067626953125, 849.74755859375, 152.24276733398438], "rh": [88.62251281738281, 94.68679809570312, 95.73870086669922, 93.49979400634766, 74.61824035644531, 43.951690673828125, 34.14546203613281, 49.932308197021484, 67.53913879394531, 78.05335998535156, 73.693603515625, 70.70899963378906, 48.08652877807617, 33.687068939208984, 29.85610580444336, 41.80184555053711, 64.53612518310547, 54.78208541870117, 68.051513671875, 67.44281768798828, 48.513702392578125, 36.14152526855469, 31.155637741088867, 39.8919677734375]}