{"t2m": [18.166839599609375, 16.58734130859375, 16.003875732421875, 15.503143310546875, 18.83203125, 20.067535400390625, 20.209381103515625, 18.779632568359375, 17.1866455078125, 17.385406494140625, 16.7169189453125, 15.17962646484375, 19.612518310546875, 19.07305908203125, 20.121978759765625, 18.340423583984375, 17.31494140625, 16.485870361328125, 15.80462646484375, 15.20391845703125, 19.7415771484375, 20.45245361328125, 18.81988525390625, 18.648406982421875], "wnd": [5.134666442871094, 3.4561922550201416, 10.394479751586914, 8.203153610229492, 6.77764892578125, 14.405486106872559, 12.6353759765625, 2.175680160522461, 5.386081218719482, 3.7301783561706543, 9.161161422729492, 10.869107246398926, 8.362825393676758, 12.777246475219727, 13.495088577270508, 4.215925693511963, 8.543852806091309, 7.089797019958496, 8.773463249206543, 8.635143280029297, 8.282370567321777, 13.076354026794434, 10.53073787689209, 6.1360554695129395], "dir": [320.9023132324219, 184.2686767578125, 190.23944091796875, 183.85379028320312, 314.3785400390625, 15.508003234863281, 25.369476318359375, 331.70245361328125, 212.3807373046875, 186.74246215820312, 186.18162536621094, 202.45492553710938, 327.1131896972656, 0.5351943969726562, 21.978622436523438, 290.1298828125, 190.72247314453125, 147.90505981445312, 175.72525024414062, 198.3636932373047, 320.55322265625, 1.9148406982421875, 48.69247817993164, 327.8941345214844], "psl": [863.4141235351562, 863.4330444335938, 861.975341796875, 862.3828125, 863.80126953125, 863.7887573242188, 862.4968872070312, 862.7658081054688, 863.5780639648438, 863.8810424804688, 862.7449951171875, 863.1459350585938, 864.5396118164062, 864.56884765625, 863.3438110351562, 863.307373046875, 864.0535888671875, 864.382568359375, 863.3657836914062, 863.38134765625, 864.4261474609375, 864.310546875, 863.2070922851562, 863.2659301757812], "pre": [3.789766550064087, 0.1688442826271057, 2.2118911147117615e-09, 0.0, 0.0, 0.2993190586566925, 6.130507946014404, 7.634079933166504, 1.1431325674057007, 0.0, 0.0, 0.0, 0.0, 0.4201164245605469, 7.390192031860352, 10.638885498046875, 0.09741562604904175, 0.0, 0.0, 0.0, 0.0, 2.2798776626586914e-06, 9.895551681518555, 8.01891040802002], "sw": [0.0, 0.0, 0.0, 0.0, 410.0245666503906, 555.2478637695312, 375.8639221191406, 20.042545318603516, 0.0, 0.0, 0.0, 0.0, 601.1663818359375, 281.7185974121094, 432.5647888183594, 3.045194625854492, 0.0, 0.0, 0.0, 0.0, 594.0779418945312, 390.3721008300781, 19.48924446105957, 0.0019980401266366243], "rh": [100.14749908447266, 92.46004486083984, 80.48776245117188, 76.83511352539062, 86.63009643554688, 93.03407287597656, 91.6111831665039, 97.7901611328125, 95.95039367675781, 85.32844543457031, 81.8604507446289, 76.02764129638672, 79.90708923339844, 97.75552368164062, 90.62112426757812, 100.21592712402344, 86.62590026855469, 77.75701904296875, 76.3665771484375, 73.35045623779297, 73.64684295654297, 83.47677612304688, 97.89111328125, 100.25923156738281]}