{"t2m": [21.07708740234375, 19.41070556640625, 19.39862060546875, 18.76409912109375, 22.311370849609375, 23.71929931640625, 23.8106689453125, 21.9774169921875, 21.4261474609375, 19.52349853515625, 20.024993896484375, 18.958038330078125, 22.8427734375, 23.21337890625, 24.777099609375, 21.9671630859375, 20.451934814453125, 19.604339599609375, 19.359130859375, 18.941925048828125, 22.956268310546875, 24.273590087890625, 23.160614013671875, 22.02587890625], "wnd": [0.2784440517425537, 4.424427032470703, 1.3560580015182495, 6.012571334838867, 8.872389793395996, 9.9052734375, 9.23370361328125, 4.459881782531738, 3.284189462661743, 4.787663459777832, 1.5635960102081299, 11.157353401184082, 7.782585144042969, 9.71166706085205, 10.167762756347656, 3.0186495780944824, 4.254157543182373, 4.821764945983887, 4.753847122192383, 5.338704586029053, 7.727017402648926, 10.27407455444336, 8.699321746826172, 3.7263996601104736], "dir": [178.11968994140625, 241.42526245117188, 186.1375732421875, 242.50885009765625, 298.3140869140625, 21.767669677734375, 41.949737548828125, 109.80150604248047, 271.24420166015625, 233.99623107910156, 227.05775451660156, 229.07896423339844, 329.2905578613281, 357.8490905761719, 32.78947448730469, 72.63389587402344, 228.9989776611328, 192.2879638671875, 183.29315185546875, 213.2603302001953, 320.16168212890625, 15.807235717773438, 85.46836853027344, 77.70108795166016], "psl": [914.720703125, 914.6744384765625, 913.1528930664062, 913.630126953125, 915.1132202148438, 914.9227905273438, 913.473388671875, 913.78662109375, 914.8582153320312, 915.0424194335938, 913.8487548828125, 914.2310180664062, 915.850830078125, 915.818603515625, 914.3362426757812, 914.3746948242188, 915.2371215820312, 915.5665893554688, 914.489501953125, 914.6046752929688, 915.7320556640625, 915.5363159179688, 914.2218627929688, 914.3328247070312], "pre": [3.7769789695739746, 3.684318780899048, 0.0, 0.0, 0.0, 3.0025126934051514, 7.86398458480835, 2.2991137504577637, 1.3296585083007812, 0.0, 0.0, 0.0, 0.0, 2.7157535552978516, 3.471998691558838, 4.652773380279541, 0.6614280939102173, 0.0, 0.0, 0.0, 0.0, 0.0, 6.14813232421875, 1.9866485595703125], "sw": [0.0, 0.0, 0.0, 0.0, 595.6954345703125, 879.99755859375, 189.02243041992188, 35.21803665161133, 0.0, 0.0, 0.0, 0.0, 591.3842163085938, 862.4957885742188, 825.1353759765625, 35.790409088134766, 0.0, 0.0, 0.0, 0.0, 576.3269653320312, 1020.6439819335938, 159.7362823486328, 37.51741409301758], "rh": [100.4006118774414, 91.11540985107422, 78.61256408691406, 74.14716339111328, 82.85526275634766, 88.27285766601562, 81.04999542236328, 95.23041534423828, 92.72769927978516, 83.37228393554688, 74.48552703857422, 72.2801513671875, 77.28616333007812, 88.10879516601562, 73.7769775390625, 96.15693664550781, 85.0727310180664, 77.19122314453125, 71.3934097290039, 66.9092025756836, 73.70907592773438, 77.32740020751953, 85.16622924804688, 95.51909637451172]}