{"t2m": [18.78424072265625, 17.54583740234375, 15.76214599609375, 14.79150390625, 21.5220947265625, 28.26007080078125, 29.389892578125, 25.744659423828125, 21.381317138671875, 18.72442626953125, 16.88739013671875, 15.379180908203125, 22.75506591796875, 27.924713134765625, 28.75634765625, 24.694610595703125, 19.753265380859375, 18.510345458984375, 16.070831298828125, 14.339141845703125, 22.534210205078125, 27.90423583984375, 28.955596923828125, 25.8037109375], "wnd": [2.9706058502197266, 8.37459945678711, 3.985203266143799, 1.6741715669631958, 1.274675726890564, 17.907747268676758, 19.69881820678711, 22.527849197387695, 4.641468048095703, 9.582457542419434, 9.89576530456543, 10.33544921875, 4.519080638885498, 21.829627990722656, 25.714197158813477, 21.765565872192383, 8.417031288146973, 1.212715983390808, 8.768159866333008, 7.401086330413818, 1.2894914150238037, 18.227540969848633, 19.261104583740234, 22.69626235961914], "dir": [231.50706481933594, 39.776546478271484, 113.66651916503906, 61.134193420410156, 210.50384521484375, 68.4238052368164, 80.52777862548828, 85.11624145507812, 31.927799224853516, 15.950752258300781, 25.086257934570312, 43.17109680175781, 133.79244995117188, 79.91574096679688, 83.49433135986328, 86.20230865478516, 87.96908569335938, 328.7767028808594, 25.069992065429688, 32.211238861083984, 19.59703826904297, 83.98979187011719, 87.24101257324219, 78.27330780029297], "psl": [858.546142578125, 859.1372680664062, 857.9310913085938, 858.3060913085938, 859.1807861328125, 858.0362548828125, 855.99169921875, 856.7503051757812, 858.4813842773438, 859.1389770507812, 858.4422607421875, 858.802734375, 860.0451049804688, 858.770263671875, 856.6546630859375, 857.3624267578125, 858.7679443359375, 859.7455444335938, 858.874755859375, 859.2807006835938, 860.063720703125, 858.98583984375, 856.5652465820312, 857.233642578125], "pre": [1.4338942920649769e-22, 0.0, 0.0, 4.0805914177524067e-22, 1.2970599258272514e-13, 0.0, 0.0, 0.0, 0.0, 0.0, 0.0, 0.0, 0.0, 0.0, 0.0, 0.0, 0.0, 0.0, 0.0, 0.0, 0.0, 0.0, 0.0, 0.0], "sw": [0.0, 0.0, 0.0, 0.0, 605.4901123046875, 1055.4378662109375, 860.3740234375, 156.30088806152344, 0.0, 0.0, 0.0, 0.0, 599.6554565429688, 1050.537841796875, 853.4168701171875, 75.26884460449219, 0.0, 0.0, 0.0, 0.0, 604.9346923828125, 1051.564208984375, 848.8699951171875, 142.94818115234375], "rh": [90.84252166748047, 75.38642883300781, 89.31597900390625, 90.05101013183594, 58.38819885253906, 29.374208450317383, 26.212757110595703, 37.44612121582031, 52.235347747802734, 66.1869888305664, 71.16636657714844, 78.40165710449219, 48.95182800292969, 30.968730926513672, 30.84326171875, 45.34315490722656, 59.005767822265625, 62.259334564208984, 72.39722442626953, 80.13184356689453, 47.25599670410156, 30.50634765625, 29.32988166809082, 42.917205810546875]}