{"t2m": [14.350250244140625, 11.998504638671875, 12.02825927734375, 11.313323974609375, 17.835601806640625, 21.842559814453125, 22.57427978515625, 19.226043701171875, 15.3857421875, 13.412139892578125, 12.133148193359375, 12.035552978515625, 17.674835205078125, 21.707489013671875, 22.2110595703125, 19.75970458984375, 15.70257568359375, 12.920196533203125, 11.471710205078125, 11.19683837890625, 17.581787109375, 21.766387939453125, 21.8187255859375, 16.76226806640625], "wnd": [5.327065467834473, 4.696120738983154, 14.134540557861328, 13.579852104187012, 3.5390450954437256, 5.881932735443115, 20.11820411682129, 18.510438919067383, 7.437498569488525, 2.43110728263855, 10.822443008422852, 17.667098999023438, 3.6941781044006348, 4.969665050506592, 19.740449905395508, 5.443267345428467, 7.058931827545166, 7.161618709564209, 9.369564056396484, 12.944795608520508, 3.5239367485046387, 7.02957010269165, 11.280594825744629, 7.102260589599609], "dir": [148.7399444580078, 145.35325622558594, 34.196258544921875, 51.16371536254883, 334.5462951660156, 189.4388427734375, 142.0824432373047, 139.63101196289062, 128.57037353515625, 123.336181640625, 37.98262405395508, 41.16786193847656, 191.739013671875, 200.42221069335938, 140.78549194335938, 123.32524108886719, 139.82879638671875, 75.41309356689453, 34.66903305053711, 43.4373893737793, 248.86387634277344, 229.9800567626953, 141.3812255859375, 272.6627197265625], "psl": [787.7455444335938, 788.2742919921875, 787.0879516601562, 787.2344360351562, 788.3262329101562, 787.9637451171875, 786.1040649414062, 786.7658081054688, 788.1748657226562, 788.5825805664062, 787.7281494140625, 788.0331420898438, 789.1845092773438, 788.544189453125, 786.7462768554688, 787.2622680664062, 788.7933349609375, 789.1738891601562, 788.235595703125, 788.2689819335938, 789.187744140625, 788.3959350585938, 786.6091918945312, 787.796142578125], "pre": [0.4390033483505249, 0.0, 0.0, 0.0, 0.0, 0.0, 0.0, 0.0, 0.0, 0.0, 0.0, 0.0, 0.0, 0.0, 0.0, 0.28363004326820374, 0.0, 0.0, 0.0, 0.0, 0.0, 0.0, 0.33730703592300415, 5.687129974365234], "sw": [0.0, 0.0, 0.0, 0.0, 629.74169921875, 1078.9393310546875, 866.8566284179688, 158.0128631591797, 0.0, 0.0, 0.0, 0.0, 621.9628295898438, 1068.11181640625, 857.2890625, 106.66547393798828, 0.0, 0.0, 0.0, 0.0, 621.7850952148438, 1069.1693115234375, 829.5823974609375, 14.911090850830078], "rh": [84.30525970458984, 90.54385375976562, 86.33037567138672, 80.35182189941406, 51.50519561767578, 36.39651870727539, 46.8614387512207, 64.70425415039062, 77.41593170166016, 83.5285873413086, 82.48733520507812, 75.96249389648438, 52.55573272705078, 39.60343933105469, 46.23400115966797, 56.789093017578125, 72.36776733398438, 79.97541046142578, 78.22624206542969, 73.41036987304688, 52.265811920166016, 35.99144744873047, 50.9951171875, 78.89596557617188]}