{"t2m": [12.244140625, 10.05914306640625, 9.421722412109375, 8.356231689453125, 14.44415283203125, 17.9542236328125, 19.748046875, 13.988037109375, 11.419708251953125, 10.275054931640625, 9.446533203125, 8.440338134765625, 14.92218017578125, 17.9871826171875, 19.773468017578125, 14.831298828125, 12.57421875, 10.668304443359375, 9.697998046875, 8.2969970703125, 14.747650146484375, 17.821990966796875, 19.570068359375, 12.4891357421875], "wnd": [8.148500442504883, 8.397455215454102, 8.122737884521484, 9.320268630981445, 7.364029884338379, 9.254190444946289, 8.035552024841309, 10.226513862609863, 7.008580684661865, 7.5573883056640625, 5.187564849853516, 8.510726928710938, 3.8228888511657715, 5.246153831481934, 7.546693801879883, 11.175348281860352, 4.529703617095947, 7.312417507171631, 6.479631423950195, 10.851617813110352, 4.958547115325928, 6.839552402496338, 9.922977447509766, 5.592252731323242], "dir": [49.43041229248047, 294.1744689941406, 302.983642578125, 296.56378173828125, 46.44700622558594, 102.529296875, 129.9781036376953, 91.33199310302734, 179.18106079101562, 253.82168579101562, 214.57009887695312, 248.8433074951172, 38.12791442871094, 89.60780334472656, 115.3416748046875, 139.12570190429688, 313.4075927734375, 269.2630615234375, 226.6218719482422, 278.20404052734375, 37.61104202270508, 82.4081039428711, 110.91116333007812, 21.39533233642578], "psl": [742.7957763671875, 743.6896362304688, 742.1953125, 742.3890380859375, 743.4025268554688, 743.345458984375, 741.6610717773438, 742.4413452148438, 743.338623046875, 743.603515625, 742.8087768554688, 743.1400756835938, 744.2935180664062, 743.9662475585938, 742.2427368164062, 742.9149780273438, 743.9122924804688, 744.4556274414062, 743.2293090820312, 743.2157592773438, 744.253662109375, 743.8312377929688, 741.9698486328125, 742.9349365234375], "pre": [5.441006660461426, 14.340997695922852, 0.0, 0.0, 0.0, 0.0, 0.0, 0.8745274543762207, 0.42794370651245117, 0.0, 0.0, 0.0, 0.0, 0.0, 0.0, 1.1010065078735352, 1.8203186988830566, 0.0, 0.0, 0.0, 0.0, 0.0, 0.0, 2.9257144927978516], "sw": [0.0, 0.0, 0.0, 0.0, 624.30859375, 1088.369140625, 893.3103637695312, 16.230926513671875, 0.0, 0.0, 0.0, 0.0, 617.3035278320312, 1012.1491088867188, 884.7074584960938, 9.999999717180685e-10, 0.0, 0.0, 0.0, 0.0, 620.8330078125, 1081.7518310546875, 882.8826293945312, 21.307905197143555], "rh": [99.78742218017578, 94.09609985351562, 83.97439575195312, 75.78758239746094, 59.769596099853516, 41.1973876953125, 37.792484283447266, 84.2228775024414, 86.18861389160156, 84.48546600341797, 75.0397720336914, 64.21564483642578, 50.56542205810547, 40.295249938964844, 38.547706604003906, 79.45561981201172, 83.93473052978516, 83.93191528320312, 73.84477996826172, 71.12555694580078, 52.01355743408203, 43.34495162963867, 38.834564208984375, 93.79243469238281]}