{"t2m": [18.66741943359375, 17.1361083984375, 15.23626708984375, 14.17352294921875, 19.0008544921875, 22.96630859375, 25.45269775390625, 22.059112548828125, 17.970184326171875, 16.58099365234375, 15.183135986328125, 14.276092529296875, 19.097442626953125, 23.210968017578125, 25.568817138671875, 22.795135498046875, 17.91986083984375, 16.0556640625, 14.6572265625, 13.7330322265625, 18.74371337890625, 22.7454833984375, 25.4827880859375, 22.15167236328125], "wnd": [9.85200023651123, 8.000447273254395, 2.345961332321167, 4.623686790466309, 7.3678741455078125, 14.690746307373047, 25.662181854248047, 20.572500228881836, 8.459556579589844, 6.159303188323975, 4.602956295013428, 6.757296085357666, 9.260802268981934, 16.36686897277832, 22.4036865234375, 10.68238639831543, 8.352883338928223, 6.942102432250977, 2.5882468223571777, 6.0196380615234375, 6.579244136810303, 14.590993881225586, 21.563507080078125, 12.096443176269531], "dir": [177.2077178955078, 104.83226013183594, 353.0887145996094, 347.804931640625, 149.59848022460938, 145.61122131347656, 150.65164184570312, 158.73287963867188, 107.10015869140625, 62.37870788574219, 17.142593383789062, 330.2961730957031, 146.6527099609375, 145.7025604248047, 153.95028686523438, 133.8572235107422, 110.35173034667969, 75.52518463134766, 44.918575286865234, 330.64404296875, 147.9488983154297, 144.78472900390625, 137.42538452148438, 62.83460998535156], "psl": [847.2183837890625, 848.04150390625, 846.6943969726562, 847.0384521484375, 848.1444702148438, 847.46923828125, 845.2614135742188, 846.0427856445312, 847.8399047851562, 848.3482666015625, 847.509521484375, 847.7257690429688, 849.0328979492188, 847.9961547851562, 845.7546997070312, 846.5773315429688, 848.5904541015625, 849.4808349609375, 848.233154296875, 848.2438354492188, 849.1495361328125, 848.13134765625, 845.762939453125, 846.5408325195312], "pre": [1.7271028677885092e-18, 3.6490038747011125e-20, 0.0, 0.0, 0.0, 0.0, 2.496017498378761e-22, 9.494627225067418e-20, 1.9396930415031595e-19, 0.0, 2.669725427014897e-22, 0.0, 0.0, 0.0, 3.628634552116994e-21, 7.629562418428792e-20, 1.1968412176532285e-18, 0.0, 0.0, 0.0, 0.0, 0.0, 6.760133556089619e-22, 1.4596842679417003e-19], "sw": [0.0, 0.0, 0.0, 0.0, 618.7470703125, 1057.0731201171875, 854.7046508789062, 25.462995529174805, 0.0, 0.0, 0.0, 0.0, 606.3590698242188, 1051.2908935546875, 801.567626953125, 137.80850219726562, 0.0, 0.0, 0.0, 0.0, 608.3870849609375, 1048.163330078125, 841.7698974609375, 14.593070030212402], "rh": [74.74617004394531, 79.8822250366211, 88.76483154296875, 86.24451446533203, 67.60248565673828, 55.178863525390625, 45.76780700683594, 56.185691833496094, 78.20243072509766, 82.3255615234375, 88.78831481933594, 86.87145233154297, 67.63920593261719, 54.677494049072266, 42.06846237182617, 53.06464385986328, 76.6572036743164, 83.93804931640625, 90.82540130615234, 89.87065124511719, 70.65458679199219, 57.91952133178711, 43.738853454589844, 56.42741775512695]}