{"t2m": [17.4564208984375, 17.20782470703125, 14.766876220703125, 14.5743408203125, 19.5482177734375, 21.84588623046875, 23.820770263671875, 21.8035888671875, 16.865234375, 15.48541259765625, 14.29736328125, 14.554840087890625, 19.371002197265625, 22.32940673828125, 24.582427978515625, 22.15673828125, 17.833709716796875, 16.633026123046875, 14.763458251953125, 14.252777099609375, 18.637237548828125, 22.120391845703125, 23.578033447265625, 20.66082763671875], "wnd": [17.561628341674805, 11.140134811401367, 1.8399693965911865, 2.939145088195801, 7.3020405769348145, 10.434619903564453, 7.603374004364014, 17.204078674316406, 14.756930351257324, 6.893351078033447, 7.935956954956055, 1.1786127090454102, 5.406754493713379, 11.846020698547363, 9.049800872802734, 8.302370071411133, 8.299538612365723, 12.017159461975098, 7.744278907775879, 3.066983222961426, 6.06963586807251, 12.007660865783691, 9.150078773498535, 3.9657459259033203], "dir": [25.72772216796875, 15.460533142089844, 195.5230255126953, 286.8786926269531, 179.4451904296875, 153.29171752929688, 164.74069213867188, 284.6768798828125, 352.9850769042969, 339.8204345703125, 324.8133850097656, 281.029541015625, 146.47433471679688, 160.76495361328125, 159.8516387939453, 162.90457153320312, 316.2452392578125, 275.53863525390625, 350.6242370605469, 356.38934326171875, 136.55859375, 168.78164672851562, 206.3095703125, 7.851806640625], "psl": [809.466552734375, 810.4380493164062, 809.1490478515625, 809.0946655273438, 810.3406982421875, 810.1732788085938, 808.2000732421875, 808.1094360351562, 810.349609375, 810.63818359375, 809.897216796875, 810.061279296875, 811.215087890625, 810.6461791992188, 808.6573486328125, 808.57568359375, 810.2485961914062, 811.140625, 810.378173828125, 810.3308715820312, 811.3549194335938, 810.7824096679688, 808.7974243164062, 809.0695190429688], "pre": [1.1054928302764893, 0.8047844767570496, 6.556510925292969e-07, 0.0, 0.0, 0.0, 0.0, 0.0, 0.7027379274368286, 5.7220458984375e-06, 0.0, 0.0, 0.0, 0.0, 0.0, 0.0, 0.0, 0.0, 0.0, 0.0, 0.0, 0.0, 0.0, 1.9108641147613525], "sw": [0.0, 0.0, 0.0, 0.0, 604.595947265625, 1062.35400390625, 866.4323120117188, 170.78848266601562, 0.0, 0.0, 0.0, 0.0, 598.6013793945312, 1057.7960205078125, 864.3990478515625, 64.8792495727539, 0.0, 0.0, 0.0, 0.0, 599.7380981445312, 1057.0606689453125, 858.6995849609375, 32.36792755126953], "rh": [76.672607421875, 76.23640441894531, 79.18020629882812, 60.29446792602539, 61.51984405517578, 55.21924591064453, 46.12370300292969, 65.70679473876953, 81.24554443359375, 80.69615936279297, 75.6260757446289, 67.56173706054688, 55.83259963989258, 48.209991455078125, 38.3838996887207, 45.05150604248047, 66.54364013671875, 71.51518249511719, 76.07286071777344, 69.53404998779297, 62.591087341308594, 48.12065505981445, 45.60066604614258, 67.16840362548828]}