{"t2m": [22.091339111328125, 22.13018798828125, 21.6810302734375, 21.015106201171875, 25.534637451171875, 27.93927001953125, 28.879608154296875, 24.97955322265625, 23.158538818359375, 22.476318359375, 22.68646240234375, 21.817108154296875, 25.24566650390625, 27.85357666015625, 28.563446044921875, 25.218597412109375, 23.110198974609375, 22.200927734375, 21.603057861328125, 21.22906494140625, 25.96661376953125, 27.91357421875, 27.829986572265625, 25.037994384765625], "wnd": [6.822308540344238, 6.656850814819336, 6.521782398223877, 10.247335433959961, 7.4080986976623535, 11.285157203674316, 10.595349311828613, 6.857978343963623, 6.955934047698975, 9.472580909729004, 5.536118984222412, 11.399759292602539, 9.409829139709473, 9.59630012512207, 9.8027982711792, 2.4480581283569336, 7.363445281982422, 7.242706775665283, 6.406867980957031, 11.095839500427246, 5.200251579284668, 9.508917808532715, 10.10791301727295, 7.246850490570068], "dir": [207.423828125, 192.94784545898438, 283.6729736328125, 278.3450927734375, 346.3346862792969, 41.892791748046875, 45.550193786621094, 197.17552185058594, 235.37811279296875, 224.0240020751953, 288.11614990234375, 274.3839111328125, 347.3276062011719, 44.277305603027344, 57.8193244934082, 171.8699188232422, 204.19061279296875, 229.95806884765625, 290.5718994140625, 266.87774658203125, 8.5687255859375, 55.978660583496094, 109.96235656738281, 170.76705932617188], "psl": [964.114013671875, 963.9879760742188, 962.5862426757812, 963.3008422851562, 964.5861206054688, 964.0116577148438, 962.3904418945312, 962.9576416015625, 964.0335083007812, 964.259765625, 963.3094482421875, 963.7059936523438, 965.4773559570312, 964.8432006835938, 963.2017822265625, 963.6629028320312, 964.6026611328125, 964.8761596679688, 963.91064453125, 963.9293823242188, 965.2228393554688, 964.7100830078125, 963.1409301757812, 963.44873046875], "pre": [2.1603095531463623, 0.0, 0.0, 0.0, 0.0, 0.0, 7.139169611036777e-08, 2.2913384437561035, 3.785029172897339, 0.0, 0.0, 0.0, 0.0, 0.0, 0.35913753509521484, 10.274728775024414, 0.9864052534103394, 0.0, 0.0, 0.0, 0.0, 0.0, 1.4302711486816406, 4.372962951660156], "sw": [0.0, 0.0, 0.0, 0.0, 516.3951416015625, 1015.177734375, 706.8779296875, 34.64972686767578, 0.0, 0.0, 0.0, 0.0, 442.3941955566406, 978.6881713867188, 517.4517211914062, 38.83104705810547, 0.0, 0.0, 0.0, 0.0, 556.4161987304688, 1003.77734375, 571.7058715820312, 46.39323806762695], "rh": [96.93167114257812, 86.83516693115234, 84.92141723632812, 82.42709350585938, 81.20018768310547, 72.99214935302734, 66.03738403320312, 86.56080627441406, 90.76493072509766, 83.2514419555664, 72.65696716308594, 71.19192504882812, 80.57975769042969, 72.54948425292969, 68.66729736328125, 88.0166015625, 87.95445251464844, 80.11476135253906, 77.15528106689453, 67.79694366455078, 73.56471252441406, 69.33920288085938, 74.45671081542969, 86.88471984863281]}