{"t2m": [16.60791015625, 14.5189208984375, 13.4010009765625, 12.768585205078125, 18.427337646484375, 21.86328125, 22.94281005859375, 20.039031982421875, 16.729248046875, 15.11785888671875, 13.5286865234375, 12.780303955078125, 18.204803466796875, 22.150238037109375, 22.98297119140625, 20.156463623046875, 16.576629638671875, 14.501983642578125, 12.712432861328125, 12.39276123046875, 17.8179931640625, 21.413970947265625, 22.857696533203125, 19.5076904296875], "wnd": [4.156464576721191, 4.431026935577393, 4.699906826019287, 4.2066850662231445, 8.442516326904297, 10.817183494567871, 7.933635234832764, 10.717545509338379, 4.164029598236084, 3.6722023487091064, 3.9085934162139893, 3.0500600337982178, 7.816254615783691, 11.934701919555664, 9.484756469726562, 23.68390655517578, 3.50860857963562, 7.599545001983643, 4.017735481262207, 3.099393606185913, 7.499088764190674, 12.61299991607666, 3.3913276195526123, 28.41609764099121], "dir": [102.42247772216797, 42.05588912963867, 4.32611083984375, 57.65457534790039, 181.66867065429688, 154.26010131835938, 114.96246337890625, 36.65772247314453, 108.694091796875, 109.14234924316406, 85.68000793457031, 90.27029418945312, 177.35348510742188, 151.41189575195312, 56.06901931762695, 52.713134765625, 94.4892349243164, 108.98841857910156, 107.93614196777344, 56.98749923706055, 186.42050170898438, 151.68408203125, 125.48806762695312, 49.29093933105469], "psl": [820.8386840820312, 821.55419921875, 820.1939086914062, 820.4664916992188, 821.470458984375, 821.125732421875, 819.4176025390625, 819.9740600585938, 821.496337890625, 821.8363037109375, 820.9910888671875, 821.1383666992188, 822.4061889648438, 821.6339111328125, 819.9202880859375, 820.1708374023438, 822.1945190429688, 822.8289184570312, 821.5968017578125, 821.5332641601562, 822.4329833984375, 821.7482299804688, 819.7927856445312, 820.11279296875], "pre": [4.236766493193045e-11, 3.4912767121753063e-12, 2.3505503099485736e-14, 0.0, 0.0, 0.0, 0.0, 5.48172618408671e-16, 3.5176583867979616e-12, 7.254613576535007e-15, 0.0, 0.0, 0.0, 0.0, 0.0, 0.0, 3.17804810245903e-13, 0.0, 0.0, 0.0, 0.0, 0.0, 0.0, 1.7211212252732366e-05], "sw": [0.0, 0.0, 0.0, 0.0, 623.6696166992188, 1061.6424560546875, 202.0526123046875, 26.54045867919922, 0.0, 0.0, 0.0, 0.0, 612.2305908203125, 1054.494873046875, 263.8781433105469, 143.97454833984375, 0.0, 0.0, 0.0, 0.0, 613.6634521484375, 1051.3035888671875, 726.1424560546875, 137.94297790527344], "rh": [73.4572982788086, 86.9022216796875, 86.4708480834961, 80.63008880615234, 60.51742935180664, 54.6524772644043, 49.93404006958008, 62.400333404541016, 78.90071868896484, 86.3780288696289, 90.5422134399414, 83.3917465209961, 63.6488037109375, 53.69891357421875, 49.12468719482422, 60.76958084106445, 78.066650390625, 85.68011474609375, 90.24459838867188, 83.27638244628906, 68.48353576660156, 59.81085968017578, 51.438350677490234, 65.27128601074219]}