{"t2m": [21.1728515625, 19.859130859375, 18.892791748046875, 18.779266357421875, 22.470916748046875, 25.510223388671875, 24.569976806640625, 21.85546875, 19.899871826171875, 20.213226318359375, 19.66766357421875, 19.094573974609375, 23.539215087890625, 25.081939697265625, 24.894775390625, 22.050201416015625, 20.633758544921875, 19.41339111328125, 19.106048583984375, 18.870697021484375, 23.68170166015625, 25.327484130859375, 25.0645751953125, 21.920501708984375], "wnd": [2.4858763217926025, 7.218458652496338, 6.1039958000183105, 6.489189147949219, 4.906958103179932, 11.484840393066406, 7.137660026550293, 1.4400256872177124, 2.52382493019104, 7.48212194442749, 8.356822967529297, 8.555440902709961, 6.225905418395996, 9.256407737731934, 7.822364807128906, 4.028995990753174, 4.41271448135376, 5.39980411529541, 7.96998929977417, 7.4601545333862305, 5.577442169189453, 10.113319396972656, 9.417147636413574, 2.960036277770996], "dir": [154.2963409423828, 219.96844482421875, 323.77606201171875, 280.45172119140625, 357.1124267578125, 28.961856842041016, 51.77146911621094, 269.4354248046875, 262.2816467285156, 269.4286193847656, 247.0015106201172, 257.92291259765625, 9.884010314941406, 30.85088348388672, 30.56195068359375, 188.3253173828125, 231.2892303466797, 253.92564392089844, 262.96038818359375, 263.21502685546875, 10.030960083007812, 28.404014587402344, 47.8419075012207, 296.6176452636719], "psl": [922.7345581054688, 922.615966796875, 921.1228637695312, 921.6858520507812, 923.1551513671875, 922.7218017578125, 921.4142456054688, 921.8766479492188, 922.8363037109375, 923.068359375, 921.8635864257812, 922.2993774414062, 923.8753662109375, 923.6077880859375, 922.2713012695312, 922.4765014648438, 923.2100219726562, 923.599365234375, 922.5330200195312, 922.6019287109375, 923.7064208984375, 923.4083862304688, 922.0281982421875, 922.4346923828125], "pre": [5.963385581970215, 0.5776911973953247, 0.0, 0.0, 0.0, 0.0010237693786621094, 11.754453659057617, 10.848097801208496, 2.9268078804016113, 0.0, 0.0, 0.0, 0.0, 0.0031909942626953125, 5.056164264678955, 8.720404624938965, 0.7478969693183899, 0.0, 0.0, 0.0, 0.0, 0.0, 3.863518238067627, 13.084543228149414], "sw": [0.0, 0.0, 0.0, 0.0, 367.79913330078125, 1027.6851806640625, 202.2279815673828, 29.75444221496582, 0.0, 0.0, 0.0, 0.0, 577.7515258789062, 1008.739013671875, 510.2270202636719, 11.951844215393066, 0.0, 0.0, 0.0, 0.0, 583.4334716796875, 1017.9780883789062, 599.7658081054688, 25.661155700683594], "rh": [98.06302642822266, 85.28498840332031, 81.65802001953125, 79.70030975341797, 81.4455795288086, 75.90354919433594, 80.15950012207031, 96.30970001220703, 92.14666748046875, 81.99893951416016, 71.60187530517578, 74.1514892578125, 73.59942626953125, 75.82469940185547, 76.31395721435547, 91.5031967163086, 81.86780548095703, 74.72782135009766, 70.57222747802734, 69.28369140625, 69.46031951904297, 72.56437683105469, 75.60614013671875, 95.84076690673828]}