{"t2m": [18.35369873046875, 18.636444091796875, 18.3365478515625, 17.0816650390625, 23.41748046875, 27.744415283203125, 29.3770751953125, 26.0386962890625, 19.303131103515625, 19.593292236328125, 16.593505859375, 15.886444091796875, 23.560791015625, 27.675750732421875, 28.926727294921875, 24.92138671875, 21.185943603515625, 19.42645263671875, 15.764007568359375, 15.092254638671875, 23.22808837890625, 27.65435791015625, 28.97479248046875, 25.2484130859375], "wnd": [3.387340545654297, 13.788040161132812, 17.973175048828125, 18.740814208984375, 19.520549774169922, 24.211917877197266, 23.796533584594727, 28.527734756469727, 4.091928958892822, 17.77068328857422, 11.115288734436035, 12.77707576751709, 22.447647094726562, 26.468338012695312, 27.8266658782959, 31.84377098083496, 35.08586502075195, 24.980886459350586, 10.107344627380371, 12.135385513305664, 21.31455421447754, 23.30318260192871, 22.471351623535156, 30.49973487854004], "dir": [293.05889892578125, 70.403564453125, 64.87400817871094, 77.84690856933594, 89.06830596923828, 81.70741271972656, 89.23285675048828, 103.9970474243164, 118.20758056640625, 84.36929321289062, 41.20601272583008, 43.49626922607422, 87.82747650146484, 87.04207611083984, 86.72181701660156, 100.0782699584961, 89.80291748046875, 92.28460693359375, 38.75883483886719, 26.10523223876953, 81.29942321777344, 92.26597595214844, 94.59142303466797, 83.95001220703125], "psl": [855.6668701171875, 856.0595092773438, 854.7823486328125, 855.0303955078125, 856.0499877929688, 855.2384643554688, 852.99169921875, 853.5739135742188, 855.5680541992188, 856.0701293945312, 855.55908203125, 855.8428344726562, 856.9690551757812, 855.8251342773438, 853.58837890625, 854.0645141601562, 855.3005981445312, 856.3722534179688, 855.92822265625, 856.1951293945312, 857.033203125, 855.9595947265625, 853.4324340820312, 854.3038940429688], "pre": [0.0, 0.0, 0.0, 0.0, 3.760720606122432e-36, 0.0, 0.0, 0.0, 0.0, 0.0, 0.0, 0.0, 0.0, 0.0, 0.0, 0.0, 0.0, 0.0, 0.0, 0.0, 0.0, 0.0, 0.0, 2.9115715003294234e-22], "sw": [0.0, 0.0, 0.0, 0.0, 607.70703125, 1059.4169921875, 862.8388671875, 158.35496520996094, 0.0, 0.0, 0.0, 0.0, 600.0087890625, 1053.3809814453125, 854.4607543945312, 144.84671020507812, 0.0, 0.0, 0.0, 0.0, 604.4383544921875, 1051.2567138671875, 846.376220703125, 142.5133056640625], "rh": [93.81876373291016, 68.44864654541016, 68.58887481689453, 68.888916015625, 42.76939010620117, 29.352184295654297, 25.915903091430664, 36.662925720214844, 61.088645935058594, 63.52732849121094, 72.34810638427734, 73.04622650146484, 43.07635498046875, 29.77817153930664, 29.17403221130371, 44.961021423339844, 53.48073196411133, 60.91154098510742, 75.78529357910156, 75.65386962890625, 45.06108474731445, 31.677263259887695, 29.201141357421875, 46.044742584228516]}