{"t2m": [14.804779052734375, 12.535400390625, 12.107666015625, 11.40625, 17.929229736328125, 22.093292236328125, 23.307373046875, 20.13525390625, 15.711944580078125, 14.069122314453125, 12.139404296875, 12.2099609375, 17.886749267578125, 21.98199462890625, 22.63238525390625, 20.1544189453125, 15.766357421875, 13.284088134765625, 12.0208740234375, 11.67230224609375, 17.9466552734375, 21.8255615234375, 21.880706787109375, 16.04449462890625], "wnd": [5.6114935874938965, 1.1941721439361572, 14.46407699584961, 17.07976531982422, 9.626910209655762, 7.994901180267334, 16.96453285217285, 8.596068382263184, 2.947615623474121, 1.8650330305099487, 10.241000175476074, 17.411771774291992, 2.7285876274108887, 6.612088680267334, 15.694798469543457, 12.594983100891113, 3.5573477745056152, 9.539508819580078, 12.115008354187012, 15.610466003417969, 1.871565341949463, 7.997754096984863, 6.121618270874023, 5.079518795013428], "dir": [288.452880859375, 102.3531494140625, 19.820587158203125, 29.17422866821289, 28.173236846923828, 185.86611938476562, 148.49554443359375, 154.6800537109375, 179.1820526123047, 2.20208740234375, 15.536041259765625, 26.723857879638672, 81.8293685913086, 202.43162536621094, 147.24533081054688, 31.20539093017578, 164.43646240234375, 19.453880310058594, 12.48260498046875, 25.181838989257812, 346.3196105957031, 213.9095458984375, 19.7081298828125, 229.83534240722656], "psl": [788.379150390625, 788.8931884765625, 787.6735229492188, 787.831298828125, 788.9576416015625, 788.525634765625, 786.5943603515625, 787.450927734375, 788.8104858398438, 789.16748046875, 788.3096313476562, 788.6442260742188, 789.802490234375, 789.1180419921875, 787.3283081054688, 787.7684326171875, 789.4118041992188, 789.6654663085938, 788.7965087890625, 788.8573608398438, 789.774169921875, 788.982666015625, 787.2687377929688, 788.42333984375], "pre": [0.8586852550506592, 0.0, 0.0, 0.0, 0.0, 0.0, 0.0, 0.010550916194915771, 0.0, 0.0, 0.0, 0.0, 0.0, 0.0, 0.0, 0.21407318115234375, 0.0, 0.0, 0.0, 0.0, 0.0, 0.0, 2.8194335754960775e-10, 7.387134075164795], "sw": [0.0, 0.0, 0.0, 0.0, 628.9227294921875, 1078.1358642578125, 867.5021362304688, 158.72621154785156, 0.0, 0.0, 0.0, 0.0, 621.5662231445312, 1070.0980224609375, 856.5146484375, 71.5743179321289, 0.0, 0.0, 0.0, 0.0, 621.25390625, 1067.564697265625, 117.6965103149414, 16.00526237487793], "rh": [87.01734924316406, 88.4227066040039, 84.297607421875, 77.81108856201172, 50.63364028930664, 35.017974853515625, 42.573177337646484, 57.368892669677734, 79.45793151855469, 80.1258316040039, 78.77925872802734, 73.20466613769531, 51.537662506103516, 35.6483268737793, 43.87843322753906, 54.68776321411133, 76.01073455810547, 76.9438705444336, 71.18419647216797, 69.98934936523438, 51.0488166809082, 37.36593246459961, 44.342742919921875, 83.68571472167969]}