{"t2m": [20.600799560546875, 18.9700927734375, 18.520233154296875, 18.241851806640625, 22.764892578125, 24.239898681640625, 23.347625732421875, 21.65423583984375, 20.710479736328125, 19.5416259765625, 18.984619140625, 18.3919677734375, 22.843414306640625, 24.397247314453125, 23.14752197265625, 21.202301025390625, 19.878631591796875, 18.750762939453125, 18.4486083984375, 18.495361328125, 23.04510498046875, 24.396942138671875, 23.22283935546875, 21.032623291015625], "wnd": [2.459963798522949, 7.563753604888916, 3.4356369972229004, 6.3913350105285645, 4.068719387054443, 11.829484939575195, 1.9770841598510742, 1.569594383239746, 3.323129653930664, 6.32234525680542, 6.313956260681152, 8.788108825683594, 6.452148914337158, 9.600205421447754, 1.9713759422302246, 2.415665626525879, 2.4062094688415527, 4.88162899017334, 7.954164981842041, 4.0999956130981445, 5.401228904724121, 10.632804870605469, 5.534931182861328, 1.181217908859253], "dir": [342.5013427734375, 235.29263305664062, 300.221923828125, 287.08740234375, 14.954788208007812, 48.68257522583008, 50.897823333740234, 234.888916015625, 236.66928100585938, 272.589599609375, 279.51104736328125, 263.2715759277344, 31.12789535522461, 46.956974029541016, 71.57599639892578, 47.75733947753906, 215.32984924316406, 251.3082733154297, 270.775390625, 279.8795166015625, 32.7891960144043, 53.35420227050781, 56.008460998535156, 111.59972381591797], "psl": [912.6688842773438, 912.56689453125, 911.1068725585938, 911.641845703125, 913.0365600585938, 912.7503662109375, 911.5128784179688, 911.872802734375, 912.744140625, 913.0245971679688, 911.8919677734375, 912.2249755859375, 913.8219604492188, 913.5823974609375, 912.4285278320312, 912.4586791992188, 913.1763305664062, 913.5385131835938, 912.4979858398438, 912.526611328125, 913.6320190429688, 913.4277954101562, 912.1447143554688, 912.4046630859375], "pre": [4.44373083114624, 0.017066828906536102, 0.0, 0.0, 0.0, 0.550501823425293, 15.939482688903809, 6.723281383514404, 0.7621514797210693, 0.0, 0.0, 0.0, 0.0, 0.0, 10.468615531921387, 3.8967175483703613, 0.3124656677246094, 0.0, 0.0, 0.0, 0.0, 0.0, 9.041494369506836, 10.331384658813477], "sw": [0.0, 0.0, 0.0, 0.0, 581.710693359375, 986.23193359375, 457.5633544921875, 44.512420654296875, 0.0, 0.0, 0.0, 0.0, 451.6614074707031, 1024.651123046875, 526.1951904296875, 36.29385757446289, 0.0, 0.0, 0.0, 0.0, 586.1763305664062, 1015.1596069335938, 164.69708251953125, 24.44826889038086], "rh": [100.41470336914062, 85.31011199951172, 80.6714096069336, 81.61799621582031, 79.95222473144531, 83.57058715820312, 85.91852569580078, 89.33015441894531, 95.22040557861328, 84.98167419433594, 74.57657623291016, 72.88670349121094, 75.66796875, 77.28897094726562, 87.2976303100586, 98.68453979492188, 85.79635620117188, 78.66496276855469, 73.27642822265625, 68.72209930419922, 73.306396484375, 78.70901489257812, 84.93912506103516, 97.23514556884766]}