{"t2m": [20.763641357421875, 18.944366455078125, 18.17584228515625, 15.67791748046875, 22.99462890625, 26.893096923828125, 29.500732421875, 27.359466552734375, 21.1072998046875, 19.6600341796875, 18.132568359375, 16.914398193359375, 23.578521728515625, 28.026336669921875, 30.910919189453125, 27.98590087890625, 23.9012451171875, 22.364410400390625, 19.382476806640625, 17.515594482421875, 23.877685546875, 27.71533203125, 30.120208740234375, 26.841583251953125], "wnd": [8.684582710266113, 8.914579391479492, 2.4274542331695557, 9.161636352539062, 2.927626609802246, 4.217471599578857, 10.15844440460205, 13.110380172729492, 8.506518363952637, 9.104114532470703, 8.463622093200684, 10.530492782592773, 6.959681510925293, 3.5543158054351807, 6.242448806762695, 14.52678394317627, 5.796389579772949, 5.653040885925293, 1.6018177270889282, 9.048505783081055, 0.4924916625022888, 6.603304862976074, 7.819506645202637, 16.85320281982422], "dir": [103.8626480102539, 61.508121490478516, 133.989990234375, 60.497554779052734, 162.0616455078125, 238.8141326904297, 238.0855255126953, 284.54095458984375, 343.0749816894531, 8.938133239746094, 345.8003845214844, 17.541839599609375, 135.51742553710938, 154.63504028320312, 162.41262817382812, 136.73944091796875, 194.33758544921875, 285.5091552734375, 356.78302001953125, 6.6182098388671875, 78.22169494628906, 179.30172729492188, 230.468994140625, 83.80362701416016], "psl": [876.0938110351562, 876.9110717773438, 875.7501831054688, 875.7664794921875, 876.9537353515625, 876.09423828125, 873.3341674804688, 873.245361328125, 875.9841918945312, 876.8781127929688, 876.2833862304688, 876.6881103515625, 877.7418212890625, 876.3978881835938, 873.5106201171875, 873.654052734375, 876.28515625, 877.7201538085938, 876.876708984375, 876.9392700195312, 877.808349609375, 876.6876831054688, 873.8323364257812, 874.4275512695312], "pre": [3.7157490253448486, 1.1868723630905151, 0.0, 0.0, 0.0, 0.0, 0.0, 0.0, 0.39534837007522583, 0.0, 0.0, 0.0, 0.0, 0.0, 0.0, 0.0, 0.0, 0.0, 0.0, 0.0, 0.0, 0.0, 0.0, 0.005046859383583069], "sw": [0.0, 0.0, 0.0, 0.0, 586.1395874023438, 1045.9837646484375, 857.363037109375, 159.3572998046875, 0.0, 0.0, 0.0, 0.0, 583.1175537109375, 1041.89013671875, 855.1942749023438, 127.74251556396484, 0.0, 0.0, 0.0, 0.0, 583.9811401367188, 1044.24853515625, 852.8572998046875, 6.772067546844482], "rh": [87.61726379394531, 89.19467163085938, 84.57125091552734, 81.86709594726562, 56.748146057128906, 42.71302795410156, 34.98409652709961, 50.10115432739258, 74.0847396850586, 71.6231460571289, 75.55864715576172, 70.83816528320312, 50.80201721191406, 35.70649337768555, 26.61343002319336, 39.26050567626953, 48.98176956176758, 54.938934326171875, 67.18221282958984, 71.57313537597656, 51.625282287597656, 35.63313674926758, 27.81878089904785, 42.65140151977539]}