{"t2m": [17.3135986328125, 14.010589599609375, 12.759124755859375, 12.0609130859375, 18.034698486328125, 22.2117919921875, 24.12030029296875, 20.83734130859375, 16.90045166015625, 15.782257080078125, 13.647308349609375, 13.15386962890625, 17.927825927734375, 21.935028076171875, 23.52484130859375, 20.687164306640625, 17.02899169921875, 15.160552978515625, 13.399139404296875, 12.7078857421875, 17.825836181640625, 21.786102294921875, 23.546234130859375, 16.617950439453125], "wnd": [7.935089111328125, 4.699920177459717, 9.505412101745605, 12.436226844787598, 11.55256175994873, 6.722967624664307, 19.720855712890625, 14.394203186035156, 11.022778511047363, 5.496360778808594, 5.541415214538574, 15.714887619018555, 8.514878273010254, 3.1977920532226562, 18.356786727905273, 15.471477508544922, 10.845463752746582, 5.317989826202393, 5.001065731048584, 10.706344604492188, 5.501850605010986, 7.5213422775268555, 6.636895656585693, 9.330079078674316], "dir": [22.968338012695312, 63.00259017944336, 3.066192626953125, 17.459930419921875, 37.82781982421875, 192.88482666015625, 138.55775451660156, 108.68866729736328, 73.6517333984375, 126.21800231933594, 76.09483337402344, 5.939430236816406, 52.74775695800781, 241.90960693359375, 121.56147766113281, 31.851219177246094, 85.51648712158203, 99.8421630859375, 55.80744934082031, 2.2652053833007812, 28.36614227294922, 210.6192169189453, 155.76165771484375, 165.72457885742188], "psl": [792.91796875, 793.4932861328125, 792.3152465820312, 792.44775390625, 793.5164794921875, 793.0982055664062, 791.0289306640625, 791.9854736328125, 793.3118896484375, 793.7720947265625, 792.9813842773438, 793.217041015625, 794.3812255859375, 793.7142333984375, 791.7594604492188, 792.3911743164062, 793.9310302734375, 794.4169311523438, 793.458984375, 793.4989013671875, 794.35986328125, 793.5885009765625, 791.45654296875, 792.8980712890625], "pre": [0.7885419726371765, 0.0, 0.0, 0.0, 0.0, 0.0, 0.0, 0.039133429527282715, 0.0, 0.0, 0.0, 0.0, 0.0, 0.0, 0.0, 1.1915807723999023, 0.33048057556152344, 0.0, 0.0, 0.0, 0.0, 0.0, 0.0, 5.8336992263793945], "sw": [0.0, 0.0, 0.0, 0.0, 627.0447387695312, 1079.26904296875, 850.3527221679688, 108.21279907226562, 0.0, 0.0, 0.0, 0.0, 618.8676147460938, 1070.902587890625, 832.8399658203125, 45.81071853637695, 0.0, 0.0, 0.0, 0.0, 619.2430419921875, 1069.426513671875, 170.11212158203125, 15.643184661865234], "rh": [72.97684478759766, 85.32169342041016, 79.32275390625, 73.06615447998047, 48.94089126586914, 30.998882293701172, 36.3350830078125, 49.58843994140625, 71.74107360839844, 69.42420959472656, 76.64855194091797, 66.70092010498047, 50.531314849853516, 31.098854064941406, 36.56581497192383, 56.95082473754883, 68.36045837402344, 68.77814483642578, 71.69400024414062, 65.9391098022461, 51.556522369384766, 33.90263748168945, 35.1425895690918, 80.38417053222656]}