{"t2m": [10.669891357421875, 10.5069580078125, 9.6131591796875, 9.463775634765625, 14.39727783203125, 16.11358642578125, 15.97760009765625, 12.093536376953125, 11.363922119140625, 10.06988525390625, 9.67596435546875, 9.54168701171875, 13.817718505859375, 16.031982421875, 15.531280517578125, 11.705841064453125, 11.278900146484375, 10.892822265625, 9.794586181640625, 9.582733154296875, 14.114471435546875, 15.71270751953125, 15.3541259765625, 11.672454833984375], "wnd": [23.23175811767578, 21.818572998046875, 18.219539642333984, 18.55388832092285, 20.762359619140625, 17.225391387939453, 19.292030334472656, 20.713565826416016, 21.843059539794922, 21.95473861694336, 20.75275993347168, 17.97610092163086, 22.17778778076172, 17.63287925720215, 19.894132614135742, 23.248085021972656, 23.5808162689209, 26.53313446044922, 20.92542839050293, 19.340341567993164, 20.42005729675293, 17.26886558532715, 20.416332244873047, 22.872114181518555], "dir": [57.51457595825195, 58.279335021972656, 54.67042541503906, 52.382911682128906, 60.448883056640625, 57.98515701293945, 45.84465789794922, 50.539798736572266, 48.54844665527344, 51.62080383300781, 54.40109634399414, 55.18825912475586, 57.84285354614258, 65.35403442382812, 45.50127029418945, 52.23347854614258, 56.634918212890625, 56.53831100463867, 54.64008712768555, 51.98054885864258, 55.0568733215332, 58.69379425048828, 43.23728561401367, 50.83252716064453], "psl": [744.519287109375, 744.5433349609375, 743.2765502929688, 743.4937744140625, 744.6468505859375, 745.0349731445312, 743.7686767578125, 743.80029296875, 744.5574951171875, 744.8084106445312, 743.9652099609375, 744.1736450195312, 745.4190063476562, 745.5648193359375, 744.1743774414062, 744.269287109375, 745.2796020507812, 745.370361328125, 744.4224853515625, 744.3646240234375, 745.402587890625, 745.48876953125, 743.9547729492188, 744.2748413085938], "pre": [2.9583649419073765e-10, 1.3495790653905715e-06, 1.1141310096718371e-11, 0.0, 0.0, 0.0, 0.0, 6.960874543437967e-08, 2.6328584681323264e-06, 4.514722149906447e-06, 0.0, 0.0, 0.0, 0.0, 8.384631655644625e-09, 4.3527415982680395e-07, 2.047422640316654e-06, 0.0, 0.0, 0.0, 0.0, 0.0, 1.9277731553302146e-06, 8.791703294264153e-07], "sw": [0.0, 0.0, 0.0, 0.0, 649.0191650390625, 1094.017333984375, 754.56787109375, 55.47660827636719, 0.0, 0.0, 0.0, 0.0, 634.880615234375, 1025.2847900390625, 872.6203002929688, 34.49290084838867, 0.0, 0.0, 0.0, 0.0, 636.8590698242188, 1081.18212890625, 869.8027954101562, 145.13131713867188], "rh": [86.57789611816406, 85.60952758789062, 84.12237548828125, 77.44264221191406, 54.77786636352539, 58.35840606689453, 62.869747161865234, 86.1233139038086, 83.76404571533203, 94.35005950927734, 86.50702667236328, 81.91215515136719, 64.78204345703125, 59.52070999145508, 69.49324798583984, 90.30929565429688, 77.06918334960938, 82.79468536376953, 88.36314392089844, 85.76251983642578, 69.68201446533203, 67.14628601074219, 72.15299987792969, 93.49108123779297]}