{"t2m": [17.408233642578125, 14.217498779296875, 12.83087158203125, 12.016204833984375, 19.132537841796875, 23.965972900390625, 25.75091552734375, 22.314666748046875, 17.428375244140625, 15.899871826171875, 13.80328369140625, 12.812835693359375, 19.23651123046875, 24.325714111328125, 25.29241943359375, 21.568450927734375, 18.089324951171875, 15.605224609375, 13.850494384765625, 11.894256591796875, 18.804595947265625, 23.318115234375, 24.502685546875, 16.956298828125], "wnd": [14.888298988342285, 10.884957313537598, 12.47082233428955, 15.1115140914917, 12.986680030822754, 7.034331321716309, 22.30139923095703, 22.107919692993164, 14.8279390335083, 11.174405097961426, 13.04885482788086, 15.25403881072998, 11.752164840698242, 13.170036315917969, 23.293701171875, 24.2208194732666, 19.67925453186035, 13.436284065246582, 14.401609420776367, 10.348170280456543, 8.967500686645508, 2.4248170852661133, 25.623071670532227, 24.7244930267334], "dir": [18.04625701904297, 53.35807800292969, 63.58534240722656, 48.771331787109375, 47.81846237182617, 123.38279724121094, 114.99240112304688, 116.01592254638672, 84.37223815917969, 46.454986572265625, 92.6846923828125, 60.70245361328125, 47.872493743896484, 103.22404479980469, 121.9580078125, 91.65816497802734, 79.14999389648438, 74.81974792480469, 84.1476821899414, 66.48948669433594, 47.762733459472656, 218.41258239746094, 155.21975708007812, 56.57355880737305], "psl": [807.2125854492188, 808.055908203125, 806.8998413085938, 807.0078125, 808.0404663085938, 807.427734375, 805.4336547851562, 806.2870483398438, 807.6746215820312, 808.2515869140625, 807.5289916992188, 807.7813110351562, 808.9146728515625, 807.9570922851562, 806.0189208984375, 806.633544921875, 808.2608032226562, 808.9277954101562, 807.9945068359375, 808.1646118164062, 808.97412109375, 808.005126953125, 805.9696044921875, 807.451416015625], "pre": [1.0176642462056407e-07, 0.0, 0.0, 0.0, 0.0, 0.0, 0.0, 0.0, 0.0, 0.0, 0.0, 0.0, 0.0, 0.0, 0.0, 0.0, 0.014948232099413872, 0.0, 0.0, 0.0, 0.0, 0.0, 0.0, 3.0811703205108643], "sw": [0.0, 0.0, 0.0, 0.0, 621.8660888671875, 1069.877197265625, 873.8095092773438, 160.61412048339844, 0.0, 0.0, 0.0, 0.0, 613.7997436523438, 1064.5396728515625, 794.5944213867188, 151.73268127441406, 0.0, 0.0, 0.0, 0.0, 614.8101806640625, 1060.1680908203125, 854.9242553710938, 18.03106689453125], "rh": [71.47174072265625, 81.98262786865234, 85.99109649658203, 80.43571472167969, 49.75729751586914, 32.894081115722656, 27.247486114501953, 41.87739944458008, 68.5081558227539, 68.38592529296875, 79.62650299072266, 77.74256896972656, 49.22894287109375, 30.98230743408203, 30.31926727294922, 51.07549285888672, 59.395103454589844, 65.89488220214844, 78.75606536865234, 82.56622314453125, 49.96958923339844, 37.6707649230957, 38.87949752807617, 84.02885437011719]}