{"t2m": [19.973297119140625, 18.687103271484375, 17.91064453125, 17.509033203125, 21.298431396484375, 23.793212890625, 22.729888916015625, 20.7816162109375, 19.2945556640625, 19.120361328125, 18.85406494140625, 17.794891357421875, 22.114593505859375, 23.4935302734375, 22.9197998046875, 20.83929443359375, 19.47381591796875, 18.340423583984375, 17.846466064453125, 17.66705322265625, 22.30902099609375, 23.593017578125, 22.51727294921875, 20.59197998046875], "wnd": [1.5224745273590088, 7.34606409072876, 5.1373372077941895, 6.645954132080078, 5.966452121734619, 12.074769020080566, 7.2394537925720215, 2.5684354305267334, 1.6222065687179565, 7.466752052307129, 6.846273899078369, 8.409321784973145, 6.425235271453857, 9.868125915527344, 6.589967250823975, 3.2762904167175293, 3.8863959312438965, 5.557431221008301, 8.2760648727417, 6.24732780456543, 6.124300956726074, 10.519088745117188, 8.19460391998291, 2.660374402999878], "dir": [306.3749084472656, 217.66525268554688, 318.56256103515625, 272.14862060546875, 0.5003204345703125, 35.214134216308594, 51.757137298583984, 16.1043701171875, 259.544189453125, 260.0599060058594, 249.2029571533203, 255.43368530273438, 20.722702026367188, 32.14231491088867, 19.23511505126953, 148.70974731445312, 223.40176391601562, 251.96397399902344, 259.315185546875, 267.8338623046875, 16.65209197998047, 35.97673034667969, 43.28150177001953, 244.66989135742188], "psl": [900.9539184570312, 900.9110107421875, 899.449462890625, 899.9768676757812, 901.4048461914062, 901.1375732421875, 899.9344482421875, 900.2213134765625, 901.11474609375, 901.37548828125, 900.220703125, 900.6205444335938, 902.1482543945312, 901.9625244140625, 900.751708984375, 900.853271484375, 901.529052734375, 901.8800659179688, 900.852783203125, 900.9026489257812, 901.9752197265625, 901.7969360351562, 900.5423583984375, 900.7640380859375], "pre": [7.935000896453857, 4.53950834274292, 0.0, 0.0, 0.0, 0.021943092346191406, 11.2977876663208, 10.725740432739258, 1.1834027767181396, 0.0, 0.0, 0.0, 0.0, 0.0, 8.165416717529297, 5.2126922607421875, 0.2199099063873291, 0.0, 0.0, 0.0, 0.0, 0.0, 8.277413368225098, 13.838045120239258], "sw": [0.0, 0.0, 0.0, 0.0, 371.4375, 1033.9901123046875, 201.67202758789062, 39.152626037597656, 0.0, 0.0, 0.0, 0.0, 582.1962280273438, 1028.2808837890625, 504.2091979980469, 13.207538604736328, 0.0, 0.0, 0.0, 0.0, 591.44873046875, 1023.7584838867188, 137.38601684570312, 27.425397872924805], "rh": [99.91268920898438, 86.73401641845703, 81.50399017333984, 81.45840454101562, 83.53692626953125, 80.72134399414062, 85.84150695800781, 95.03480529785156, 91.452392578125, 83.59112548828125, 73.36493682861328, 75.89668273925781, 76.90283966064453, 78.988525390625, 84.75436401367188, 93.93244934082031, 82.67515563964844, 74.59038543701172, 72.30130767822266, 70.79487609863281, 72.85875701904297, 78.50394439697266, 85.7002944946289, 95.79948425292969]}