{"t2m": [17.198486328125, 15.84210205078125, 14.009429931640625, 13.381591796875, 21.433502197265625, 25.52215576171875, 26.1109619140625, 21.910369873046875, 18.985565185546875, 16.0003662109375, 14.912261962890625, 14.166015625, 21.6304931640625, 24.8349609375, 25.3160400390625, 21.564849853515625, 19.160400390625, 18.028900146484375, 15.011566162109375, 13.58380126953125, 21.198699951171875, 24.957763671875, 25.595458984375, 22.350250244140625], "wnd": [8.712489128112793, 1.7360680103302002, 5.402431011199951, 2.984041452407837, 3.0989413261413574, 12.40274715423584, 17.07759666442871, 17.911664962768555, 2.133265733718872, 3.5508081912994385, 2.2143213748931885, 0.48042207956314087, 4.902328014373779, 16.690244674682617, 21.226909637451172, 22.42154312133789, 36.79726791381836, 24.171043395996094, 1.834510087966919, 4.071756839752197, 3.852125883102417, 14.390349388122559, 17.26464080810547, 21.585145950317383], "dir": [243.9001007080078, 287.99151611328125, 149.42185974121094, 192.24716186523438, 25.640830993652344, 89.74430084228516, 78.70763397216797, 86.88262176513672, 202.31146240234375, 348.9720458984375, 86.54351806640625, 289.12542724609375, 88.81692504882812, 84.15153503417969, 82.12036895751953, 92.50170135498047, 84.40995025634766, 101.83692169189453, 189.66461181640625, 46.3886833190918, 314.2369384765625, 82.87769317626953, 75.09224700927734, 93.23094177246094], "psl": [829.7318725585938, 830.196044921875, 828.9515380859375, 829.1863403320312, 830.15087890625, 829.5654907226562, 827.828369140625, 828.2825927734375, 829.6404418945312, 830.2171630859375, 829.5245361328125, 829.7969360351562, 831.111328125, 830.2996826171875, 828.3904418945312, 828.550048828125, 829.4737548828125, 830.1922607421875, 829.816162109375, 830.11865234375, 831.1205444335938, 830.4993896484375, 828.416259765625, 828.8256225585938], "pre": [2.692439461934942e-25, 6.162975822039155e-31, 0.0, 2.667335935778546e-28, 8.231994524454307e-23, 0.0, 0.0, 0.0, 0.0, 0.0, 0.0, 0.0, 0.0, 0.0, 0.0, 0.0, 0.0, 0.0, 0.0, 0.0, 0.0, 0.0, 0.0, 0.0], "sw": [0.0, 0.0, 0.0, 0.0, 613.9655151367188, 1061.646728515625, 864.415283203125, 70.3642578125, 0.0, 0.0, 0.0, 0.0, 607.4803466796875, 1056.206298828125, 855.4632568359375, 133.34793090820312, 0.0, 0.0, 0.0, 0.0, 612.8917236328125, 1059.8336181640625, 855.2855834960938, 144.179443359375], "rh": [86.62472534179688, 85.8879623413086, 88.15980529785156, 86.6522445678711, 50.775699615478516, 36.47636413574219, 34.53788375854492, 51.25798034667969, 62.91918182373047, 71.90408325195312, 74.62808227539062, 75.61499786376953, 49.8582878112793, 40.79933166503906, 43.722957611083984, 54.15762710571289, 56.384830474853516, 58.95187759399414, 70.96593475341797, 72.52487182617188, 49.533687591552734, 37.25985336303711, 38.11586380004883, 55.84309768676758]}