{"t2m": [22.185028076171875, 20.53472900390625, 20.980712890625, 20.07244873046875, 23.5531005859375, 25.42279052734375, 26.360015869140625, 23.183258056640625, 21.602508544921875, 20.750030517578125, 20.770599365234375, 20.110382080078125, 24.5753173828125, 25.132110595703125, 26.515960693359375, 23.194793701171875, 21.606658935546875, 20.3360595703125, 20.360504150390625, 19.73583984375, 24.576141357421875, 25.628448486328125, 26.1771240234375, 23.275390625], "wnd": [3.925093173980713, 7.970308780670166, 2.816776752471924, 8.810800552368164, 6.959927082061768, 13.273765563964844, 10.931394577026367, 4.721561908721924, 2.666137933731079, 7.261246681213379, 7.735523223876953, 12.470242500305176, 7.212082862854004, 8.679203987121582, 11.447440147399902, 4.187391757965088, 5.598033905029297, 7.685491561889648, 4.608280658721924, 10.331940650939941, 5.235990524291992, 11.346221923828125, 13.382641792297363, 3.6861984729766846], "dir": [208.86810302734375, 230.61508178710938, 194.17135620117188, 255.21688842773438, 271.5909118652344, 38.99835968017578, 44.9920539855957, 73.10557556152344, 193.15321350097656, 249.11448669433594, 234.78790283203125, 232.98963928222656, 342.1927795410156, 31.270706176757812, 46.94097900390625, 281.4302978515625, 246.63970947265625, 237.52699279785156, 225.677490234375, 235.0326690673828, 336.720703125, 40.890380859375, 67.29522705078125, 29.06766128540039], "psl": [935.8403930664062, 935.7293090820312, 934.1947021484375, 934.7469482421875, 936.2578735351562, 935.853759765625, 934.3780517578125, 934.763671875, 935.9057006835938, 936.12353515625, 934.8956909179688, 935.3372802734375, 936.9491577148438, 936.829833984375, 935.2555541992188, 935.4851684570312, 936.2693481445312, 936.671630859375, 935.5982055664062, 935.685302734375, 936.8233642578125, 936.5660400390625, 935.0789184570312, 935.387451171875], "pre": [4.463022708892822, 0.7310006022453308, 0.0, 0.0, 0.0, 1.0023822784423828, 0.521183967590332, 3.8409087657928467, 1.2210299968719482, 0.0, 0.0, 0.0, 0.0, 2.8380308151245117, 0.66473388671875, 6.594799041748047, 1.2540117502212524, 0.0, 0.0, 0.0, 0.0, 0.0, 0.03147776424884796, 0.7740994691848755], "sw": [0.0, 0.0, 0.0, 0.0, 540.8307495117188, 973.8005981445312, 651.9769897460938, 31.308013916015625, 0.0, 0.0, 0.0, 0.0, 582.644287109375, 786.3961791992188, 823.0899658203125, 9.999999717180685e-10, 0.0, 0.0, 0.0, 0.0, 568.5386352539062, 1014.3133544921875, 628.3819580078125, 39.957664489746094], "rh": [98.03448486328125, 89.0689468383789, 75.8970718383789, 83.31300354003906, 81.52893829345703, 83.40461730957031, 68.72962951660156, 94.54193878173828, 92.320068359375, 84.13076782226562, 74.7881851196289, 72.02398681640625, 72.34091186523438, 80.81173706054688, 67.283203125, 92.4132080078125, 86.44947052001953, 84.73226165771484, 71.70403289794922, 68.304931640625, 71.86006164550781, 75.94831848144531, 71.80657196044922, 93.93537902832031]}