{"t2m": [16.541046142578125, 14.279571533203125, 12.33258056640625, 11.45318603515625, 17.476043701171875, 21.2562255859375, 23.032989501953125, 18.09857177734375, 15.54437255859375, 13.22381591796875, 12.5458984375, 11.741119384765625, 17.393218994140625, 21.72857666015625, 22.083770751953125, 17.98406982421875, 15.18896484375, 12.937103271484375, 11.942535400390625, 11.316009521484375, 16.646270751953125, 20.96832275390625, 21.293243408203125, 17.560882568359375], "wnd": [29.615158081054688, 4.406341552734375, 7.432955265045166, 5.3043131828308105, 8.90054988861084, 9.866678237915039, 16.310007095336914, 25.771764755249023, 4.256298542022705, 3.9418129920959473, 5.738729000091553, 5.336813449859619, 8.609962463378906, 11.724072456359863, 20.93693733215332, 29.860498428344727, 3.678964614868164, 4.727894306182861, 3.46610689163208, 2.5501108169555664, 8.825432777404785, 10.770421028137207, 21.60605239868164, 26.04681396484375], "dir": [53.1480598449707, 142.5821990966797, 58.7379150390625, 66.39424133300781, 171.3770751953125, 139.15475463867188, 47.48700714111328, 48.847469329833984, 176.69711303710938, 172.87826538085938, 60.657814025878906, 51.07228088378906, 172.0833740234375, 112.29100036621094, 50.48357391357422, 47.828792572021484, 131.47256469726562, 177.67918395996094, 115.35956573486328, 153.22622680664062, 182.28565979003906, 131.75477600097656, 49.37434768676758, 46.682899475097656], "psl": [802.547119140625, 803.4146728515625, 801.9293212890625, 802.2910766601562, 803.56787109375, 803.3096313476562, 801.4581298828125, 801.8416137695312, 803.3779907226562, 803.7468872070312, 802.6878051757812, 802.9435424804688, 804.4246215820312, 803.8278198242188, 802.025146484375, 802.2626342773438, 804.0155639648438, 804.7658081054688, 803.409912109375, 803.45703125, 804.4910888671875, 803.9046020507812, 801.979248046875, 802.4411010742188], "pre": [1.4113102508872544e-07, 2.175302569185078e-07, 0.0, 0.0, 0.0, 0.0, 0.0, 1.651798697821505e-08, 1.0624034985085018e-09, 0.0, 1.1007728062395472e-10, 0.0, 0.0, 0.0, 9.686118573881686e-11, 1.0413714335300028e-10, 8.56715587360668e-10, 0.0, 0.0, 0.0, 0.0, 0.0, 2.8261695206310833e-09, 4.0248011146104545e-07], "sw": [0.0, 0.0, 0.0, 0.0, 630.879150390625, 1071.3016357421875, 872.2723999023438, 48.83370590209961, 0.0, 0.0, 0.0, 0.0, 619.3453979492188, 1065.734619140625, 774.8638305664062, 143.54412841796875, 0.0, 0.0, 0.0, 0.0, 619.830322265625, 1061.3026123046875, 856.7966918945312, 5.340789794921875], "rh": [65.47869110107422, 85.92377471923828, 81.5332260131836, 77.18653106689453, 63.307456970214844, 50.132667541503906, 39.74613571166992, 63.275569915771484, 80.8756103515625, 92.83782196044922, 83.89768981933594, 78.74979400634766, 65.59207916259766, 45.97999572753906, 45.48359680175781, 67.1920394897461, 78.59748077392578, 94.06658935546875, 86.7912368774414, 84.51919555664062, 73.7310791015625, 54.322601318359375, 51.19478225708008, 70.7560806274414]}