{"t2m": [19.7313232421875, 18.895904541015625, 18.060760498046875, 16.6832275390625, 24.30096435546875, 28.194427490234375, 29.653045654296875, 26.144805908203125, 21.425506591796875, 19.427703857421875, 17.41558837890625, 16.48248291015625, 24.27630615234375, 28.040283203125, 29.137054443359375, 25.212615966796875, 21.444732666015625, 19.400299072265625, 16.62548828125, 16.11114501953125, 24.052459716796875, 28.039794921875, 29.21771240234375, 25.63201904296875], "wnd": [6.213767051696777, 11.29182243347168, 16.318622589111328, 14.01551342010498, 15.863395690917969, 22.173709869384766, 21.61217498779297, 24.05315399169922, 3.1274242401123047, 11.32509708404541, 10.408493995666504, 11.548389434814453, 17.824138641357422, 23.633255004882812, 25.07782745361328, 27.53943634033203, 20.19051170349121, 13.2861328125, 9.75948429107666, 12.248576164245605, 17.7282657623291, 21.620363235473633, 22.501798629760742, 25.005741119384766], "dir": [311.3193054199219, 31.923954010009766, 33.03055953979492, 36.75587463378906, 74.5823974609375, 73.12451171875, 83.12434387207031, 99.54722595214844, 274.0475158691406, 23.8719482421875, 25.706298828125, 20.72315216064453, 78.2336196899414, 75.59574127197266, 83.82744598388672, 95.74414825439453, 76.67996215820312, 56.9393196105957, 21.37920379638672, 14.657157897949219, 67.37922668457031, 72.09634399414062, 77.29354858398438, 89.98356628417969], "psl": [861.801513671875, 862.380859375, 861.0935668945312, 861.4404907226562, 862.2453002929688, 861.4277954101562, 859.2000732421875, 860.0187377929688, 861.7826538085938, 862.4202270507812, 861.8175048828125, 862.0764770507812, 863.2442016601562, 862.0596923828125, 859.838623046875, 860.5055541992188, 862.118896484375, 862.9950561523438, 862.1806030273438, 862.4801635742188, 863.2581787109375, 862.2101440429688, 859.7564086914062, 860.6867065429688], "pre": [0.0, 0.0, 0.0, 0.0, 0.0, 0.0, 0.0, 0.0, 0.0, 0.0, 0.0, 0.0, 0.0, 0.0, 0.0, 0.0, 0.0, 0.0, 0.0, 0.0, 0.0, 0.0, 0.0, 1.4953689781719608e-34], "sw": [0.0, 0.0, 0.0, 0.0, 607.7012329101562, 1055.33984375, 857.1365966796875, 155.9295654296875, 0.0, 0.0, 0.0, 0.0, 600.2578125, 1049.0870361328125, 849.3026123046875, 143.83529663085938, 0.0, 0.0, 0.0, 0.0, 603.5241088867188, 1048.613037109375, 845.59521484375, 141.16014099121094], "rh": [81.10671997070312, 68.22417449951172, 70.7948226928711, 71.82029724121094, 40.59565353393555, 30.913597106933594, 28.390323638916016, 37.78346633911133, 54.709075927734375, 64.62782287597656, 71.5257339477539, 72.94954681396484, 42.27661895751953, 31.802824020385742, 32.170589447021484, 44.638736724853516, 53.703922271728516, 60.24730682373047, 73.62297058105469, 74.63404846191406, 43.382957458496094, 32.58324432373047, 30.080211639404297, 46.351036071777344]}