{"t2m": [15.347747802734375, 14.616790771484375, 11.934600830078125, 11.645263671875, 16.194000244140625, 16.05224609375, 16.172454833984375, 15.27001953125, 14.470062255859375, 15.185302734375, 11.933624267578125, 11.291534423828125, 16.618438720703125, 16.044952392578125, 16.040130615234375, 14.985107421875, 13.062286376953125, 12.236572265625, 11.5091552734375, 10.9835205078125, 16.7828369140625, 16.17742919921875, 15.871978759765625, 15.0950927734375], "wnd": [8.388015747070312, 3.552703380584717, 6.244551658630371, 4.677132606506348, 5.499250888824463, 11.634598731994629, 11.953143119812012, 4.788051128387451, 4.741209506988525, 3.009481191635132, 7.818880081176758, 6.530784606933594, 7.769521713256836, 13.40120792388916, 11.995786666870117, 3.8896586894989014, 7.802465915679932, 7.719444751739502, 6.049254417419434, 6.041035175323486, 4.147924423217773, 13.463338851928711, 13.677183151245117, 3.9664015769958496], "dir": [359.70672607421875, 136.99154663085938, 140.61734008789062, 149.5070037841797, 309.7263488769531, 4.28741455078125, 18.332275390625, 11.75018310546875, 252.6483612060547, 58.76831817626953, 164.66021728515625, 185.0666961669922, 326.5365295410156, 357.5852966308594, 26.294681549072266, 16.302391052246094, 149.82626342773438, 124.49806213378906, 164.10885620117188, 170.13333129882812, 332.4799499511719, 15.172340393066406, 29.90219497680664, 42.163455963134766], "psl": [807.3326416015625, 807.404052734375, 806.021728515625, 806.424072265625, 807.6428833007812, 807.83349609375, 806.6338500976562, 806.7976684570312, 807.5595092773438, 807.905517578125, 806.8460693359375, 807.130859375, 808.3717041015625, 808.4022827148438, 807.3777465820312, 807.303955078125, 808.1101684570312, 808.4497680664062, 807.4065551757812, 807.3096313476562, 808.302490234375, 808.3084106445312, 807.1328125, 807.2706909179688], "pre": [2.9493942260742188, 0.7785561680793762, 0.0, 0.0, 0.0, 0.016097694635391235, 0.1404329240322113, 0.20981162786483765, 0.14045804738998413, 0.0, 0.0, 0.0, 0.0, 0.6720939874649048, 1.7501530647277832, 4.169393539428711, 5.9485435485839844e-05, 0.0, 0.0, 0.0, 0.0, 1.44764244556427, 6.747943878173828, 0.6237571239471436], "sw": [0.0, 0.0, 0.0, 0.0, 625.5133666992188, 225.0946502685547, 185.54331970214844, 0.9783570766448975, 0.0, 0.0, 0.0, 0.0, 613.9632568359375, 153.03627014160156, 271.66943359375, 13.364646911621094, 0.0, 0.0, 0.0, 0.0, 611.3724975585938, 156.5095977783203, 130.1818389892578, 44.49220657348633], "rh": [99.96631622314453, 100.44808197021484, 83.25446319580078, 82.5828857421875, 82.2618637084961, 98.49066162109375, 98.44306945800781, 99.53978729248047, 99.63943481445312, 93.72412872314453, 86.56867980957031, 80.93903350830078, 73.66893005371094, 99.245361328125, 98.31134796142578, 98.99051666259766, 91.59110260009766, 84.81608581542969, 83.65788269042969, 78.94092559814453, 74.60404968261719, 99.59142303466797, 99.7378921508789, 97.77107238769531]}