{"t2m": [22.289306640625, 21.782440185546875, 21.611602783203125, 21.1395263671875, 25.720977783203125, 28.061553955078125, 28.77557373046875, 24.802642822265625, 23.626373291015625, 22.7628173828125, 21.98870849609375, 21.790069580078125, 25.97515869140625, 27.944488525390625, 28.751953125, 24.9814453125, 23.39752197265625, 22.048858642578125, 21.742431640625, 21.846771240234375, 26.24493408203125, 28.011505126953125, 28.637847900390625, 24.99774169921875], "wnd": [6.099790096282959, 4.54491662979126, 4.313035488128662, 7.379562854766846, 4.030594825744629, 12.150439262390137, 10.262201309204102, 4.428499698638916, 5.114206790924072, 4.564194679260254, 4.85530424118042, 6.615486145019531, 7.134790897369385, 8.890374183654785, 8.989997863769531, 5.164459228515625, 3.5204427242279053, 5.566909313201904, 7.717080593109131, 3.3554699420928955, 2.391345262527466, 10.253658294677734, 12.73250961303711, 2.434903144836426], "dir": [247.06199645996094, 278.2068786621094, 306.8556823730469, 307.75323486328125, 298.89642333984375, 53.06550216674805, 65.10040283203125, 236.9341583251953, 255.2213897705078, 293.6227111816406, 319.89910888671875, 264.6890869140625, 322.9908447265625, 45.67976760864258, 65.03488159179688, 223.75328063964844, 238.91746520996094, 243.37730407714844, 275.6078186035156, 299.9961853027344, 315.421142578125, 60.75860595703125, 73.4062728881836, 75.07144927978516], "psl": [963.4832763671875, 963.3777465820312, 961.912841796875, 962.4824829101562, 963.8526611328125, 963.2779541015625, 961.688720703125, 962.4026489257812, 963.4683837890625, 963.7723388671875, 962.551513671875, 962.9273681640625, 964.6381225585938, 964.187744140625, 962.5911865234375, 963.0028686523438, 963.8629760742188, 964.3351440429688, 963.228515625, 963.296875, 964.481201171875, 964.016845703125, 962.3749389648438, 962.9476318359375], "pre": [0.7712461352348328, 3.7053209389625863e-09, 0.0, 0.0, 0.001367032527923584, 0.0, 0.0, 6.387938022613525, 9.003185272216797, 0.0, 0.0, 0.0, 0.0, 0.016722679138183594, 7.081031799316406e-05, 7.474986553192139, 1.05633544921875, 0.0, 0.0, 0.0, 0.0, 0.0, 0.06130409240722656, 3.863008737564087], "sw": [0.0, 0.0, 0.0, 0.0, 584.563720703125, 1015.942626953125, 701.3656616210938, 20.86513900756836, 0.0, 0.0, 0.0, 0.0, 354.14306640625, 868.817626953125, 726.8857421875, 34.24386215209961, 0.0, 0.0, 0.0, 0.0, 561.25341796875, 1003.70947265625, 732.6971435546875, 30.655073165893555], "rh": [98.81260681152344, 89.92912292480469, 86.01702117919922, 84.20109558105469, 77.02444458007812, 72.46028137207031, 64.7392578125, 89.59215545654297, 91.81591033935547, 87.55603790283203, 81.5278549194336, 70.29441833496094, 70.97711181640625, 68.54415893554688, 62.670738220214844, 86.36052703857422, 86.10731506347656, 84.51206970214844, 73.09884643554688, 68.88949584960938, 64.431640625, 68.73970794677734, 67.27884674072266, 90.02400207519531]}