{"t2m": [21.173248291015625, 20.31573486328125, 19.861419677734375, 19.13604736328125, 23.053436279296875, 27.970245361328125, 31.7091064453125, 28.455474853515625, 23.722015380859375, 22.51092529296875, 21.095977783203125, 19.482208251953125, 23.955322265625, 29.04718017578125, 32.438232421875, 31.400421142578125, 23.864105224609375, 22.349700927734375, 21.020538330078125, 18.872894287109375, 24.034149169921875, 28.724090576171875, 32.00048828125, 28.262786865234375], "wnd": [2.9315648078918457, 3.446267604827881, 2.0640761852264404, 3.976327896118164, 1.9785698652267456, 2.6065964698791504, 4.298007011413574, 11.884607315063477, 9.682923316955566, 1.9313228130340576, 0.42139947414398193, 1.7285748720169067, 1.743311882019043, 3.4908416271209717, 4.530359745025635, 5.614985466003418, 6.519455909729004, 9.314701080322266, 2.322814464569092, 4.684654235839844, 1.1471277475357056, 4.846406936645508, 3.559025764465332, 15.780524253845215], "dir": [269.8237609863281, 35.562896728515625, 66.21810150146484, 198.86279296875, 6.121757507324219, 297.2813415527344, 312.0787353515625, 225.35247802734375, 163.975341796875, 120.55485534667969, 263.5794372558594, 206.58840942382812, 274.98583984375, 300.6097106933594, 275.0587158203125, 254.70191955566406, 74.4309310913086, 141.56863403320312, 264.46783447265625, 334.2311706542969, 323.8055419921875, 265.57763671875, 314.84954833984375, 231.32504272460938], "psl": [920.0252075195312, 921.1300048828125, 919.6981201171875, 920.256103515625, 921.3128662109375, 919.858642578125, 916.556640625, 916.7581176757812, 919.31396484375, 920.5540771484375, 920.069091796875, 920.7208862304688, 921.990478515625, 920.0736083984375, 916.5798950195312, 916.524169921875, 919.8551025390625, 921.204833984375, 920.6453247070312, 921.10400390625, 922.0863037109375, 920.5211791992188, 917.173583984375, 917.0166625976562], "pre": [8.162110328674316, 0.0, 0.7278728485107422, 0.0, 0.0, 0.0, 0.0, 0.0, 0.1882481575012207, 0.30385494232177734, 0.0, 0.0, 0.0, 0.0, 0.0, 0.0, 0.0, 0.0, 0.0, 0.0, 0.0, 0.0, 0.0, 0.0], "sw": [0.0, 0.0, 0.0, 0.0, 573.5691528320312, 1029.5899658203125, 846.9783935546875, 159.12339782714844, 0.0, 0.0, 0.0, 0.0, 573.6897583007812, 1029.4111328125, 844.9390258789062, 152.5365753173828, 0.0, 0.0, 0.0, 0.0, 578.1361694335938, 1034.83837890625, 844.8555908203125, 149.03660583496094], "rh": [96.20210266113281, 94.51596069335938, 92.9834976196289, 92.66444396972656, 80.46732330322266, 53.90830612182617, 38.191078186035156, 57.988677978515625, 75.30189514160156, 74.66317749023438, 74.91975402832031, 73.58794403076172, 62.22785186767578, 43.605186462402344, 32.44401168823242, 38.05263900756836, 69.2499008178711, 69.7880859375, 65.34908294677734, 69.3152084350586, 55.442787170410156, 43.86199188232422, 32.92140197753906, 58.512325286865234]}