{"t2m": [21.11322021484375, 19.545135498046875, 19.773834228515625, 19.11944580078125, 22.224090576171875, 24.51904296875, 25.393280029296875, 22.43292236328125, 21.64697265625, 19.619598388671875, 20.5340576171875, 18.993255615234375, 23.793609619140625, 24.013824462890625, 25.57830810546875, 21.8917236328125, 20.47344970703125, 19.421417236328125, 19.75396728515625, 18.81201171875, 23.6639404296875, 24.908538818359375, 24.670196533203125, 22.279541015625], "wnd": [4.05260705947876, 5.994049072265625, 5.5598649978637695, 8.132075309753418, 4.650107383728027, 12.100235939025879, 11.168601036071777, 3.387113332748413, 3.8641021251678467, 6.017600059509277, 5.406610012054443, 11.20164680480957, 5.203673839569092, 8.131745338439941, 11.035070419311523, 4.285153865814209, 6.248884201049805, 5.906095027923584, 2.91304874420166, 8.854591369628906, 4.040431022644043, 10.624872207641602, 11.634263038635254, 3.595736026763916], "dir": [218.7351837158203, 224.21987915039062, 181.845458984375, 239.04983520507812, 282.78753662109375, 33.53411102294922, 36.11858367919922, 55.79233932495117, 189.3756561279297, 235.1619415283203, 201.49566650390625, 221.74916076660156, 344.0142822265625, 25.94379425048828, 34.974815368652344, 271.9096984863281, 221.99293518066406, 226.68463134765625, 193.86170959472656, 214.67529296875, 320.5821228027344, 28.867156982421875, 60.02482986450195, 26.990070343017578], "psl": [921.939453125, 921.8379516601562, 920.2589721679688, 920.8439331054688, 922.36767578125, 921.97705078125, 920.534912109375, 920.9140625, 922.0303344726562, 922.2203369140625, 921.000732421875, 921.4861450195312, 923.011474609375, 922.9534301757812, 921.4039916992188, 921.6363525390625, 922.4140014648438, 922.7722778320312, 921.701904296875, 921.7781982421875, 922.9025268554688, 922.665771484375, 921.2835083007812, 921.534423828125], "pre": [3.7539167404174805, 0.27301228046417236, 0.0, 0.0, 0.0, 1.0600907802581787, 1.095865249633789, 1.6524245738983154, 2.2092175483703613, 0.0, 0.0, 0.0, 0.0, 2.739297866821289, 2.0944433212280273, 4.8445210456848145, 0.7032197713851929, 0.0, 0.0, 0.0, 0.0, 0.0, 0.5551083087921143, 0.9715209007263184], "sw": [0.0, 0.0, 0.0, 0.0, 345.4019775390625, 961.0852661132812, 655.6287231445312, 34.504432678222656, 0.0, 0.0, 0.0, 0.0, 588.5509643554688, 885.3193359375, 825.8564453125, 32.52040100097656, 0.0, 0.0, 0.0, 0.0, 574.67431640625, 1018.0020751953125, 505.7489013671875, 37.073612213134766], "rh": [98.7757568359375, 88.80667114257812, 75.72538757324219, 77.71542358398438, 84.55187225341797, 84.81681060791016, 72.15445709228516, 95.88270568847656, 89.73210144042969, 81.33164978027344, 75.32648468017578, 71.79798889160156, 73.63955688476562, 85.00773620605469, 69.04952239990234, 96.85407257080078, 85.12422943115234, 79.41461944580078, 69.96723175048828, 69.11123657226562, 72.58934020996094, 74.52348327636719, 77.7091064453125, 96.17401123046875]}