{"t2m": [16.137969970703125, 12.60809326171875, 11.55804443359375, 11.286376953125, 18.02130126953125, 21.620513916015625, 23.6021728515625, 19.161590576171875, 15.84112548828125, 13.425323486328125, 11.9434814453125, 11.73699951171875, 17.8521728515625, 21.5374755859375, 22.70928955078125, 18.858642578125, 15.493896484375, 13.158538818359375, 11.440948486328125, 10.740936279296875, 17.455078125, 21.27764892578125, 22.146026611328125, 16.217620849609375], "wnd": [12.335611343383789, 8.073410987854004, 11.346861839294434, 13.94111442565918, 10.981831550598145, 9.31651782989502, 14.059135437011719, 11.230152130126953, 10.3563232421875, 5.022801876068115, 8.84733772277832, 14.02174186706543, 12.979071617126465, 7.822038650512695, 13.540732383728027, 14.671971321105957, 13.762431144714355, 9.37911605834961, 7.24729585647583, 11.508203506469727, 8.108501434326172, 8.424294471740723, 14.097865104675293, 10.360637664794922], "dir": [53.079933166503906, 94.01256561279297, 6.022972106933594, 13.190086364746094, 49.15927505493164, 139.34774780273438, 149.58401489257812, 48.37131881713867, 48.19358444213867, 55.209754943847656, 20.374969482421875, 16.5867919921875, 53.90938949584961, 148.97882080078125, 140.42774963378906, 45.39991760253906, 85.64204406738281, 26.053390502929688, 93.48633575439453, 9.965629577636719, 59.68543243408203, 163.13668823242188, 188.31698608398438, 109.26534271240234], "psl": [782.4675903320312, 783.039794921875, 781.8049926757812, 781.8372802734375, 783.015869140625, 782.7567749023438, 780.7825927734375, 781.8345336914062, 782.8016357421875, 783.3218994140625, 782.4126586914062, 782.6983032226562, 783.886474609375, 783.3560791015625, 781.450439453125, 782.0460815429688, 783.3663940429688, 783.8110961914062, 782.9483642578125, 782.9837646484375, 783.893798828125, 783.25439453125, 781.3696899414062, 782.4573364257812], "pre": [1.778328537940979, 0.0, 0.0, 0.0, 0.0, 0.0, 0.0, 0.055642127990722656, 0.26437216997146606, 0.0, 0.0, 0.0, 0.0, 0.0, 0.0, 1.3496001958847046, 0.02623891830444336, 0.0, 0.0, 0.0, 0.0, 0.0, 0.013219356536865234, 2.3960824012756348], "sw": [0.0, 0.0, 0.0, 0.0, 627.9623413085938, 1079.14990234375, 874.8239135742188, 15.857747077941895, 0.0, 0.0, 0.0, 0.0, 619.3615112304688, 1072.1004638671875, 251.81846618652344, 42.28034591674805, 0.0, 0.0, 0.0, 0.0, 619.8807373046875, 1069.7841796875, 344.9588623046875, 22.02873992919922], "rh": [82.01459503173828, 91.89982604980469, 82.33758544921875, 73.0475845336914, 48.030155181884766, 35.8291015625, 33.99857711791992, 59.062522888183594, 70.95634460449219, 78.88435363769531, 75.8316879272461, 69.11567687988281, 49.13391876220703, 34.96968460083008, 35.5885124206543, 67.94215393066406, 74.72064208984375, 72.98372650146484, 78.6850357055664, 72.5522689819336, 53.19345474243164, 38.38319396972656, 42.91364669799805, 80.31929779052734]}