{"t2m": [16.606170654296875, 14.78179931640625, 13.78961181640625, 12.75750732421875, 21.188446044921875, 24.098236083984375, 25.217681884765625, 21.24591064453125, 17.301177978515625, 15.36822509765625, 13.7939453125, 13.103729248046875, 21.23486328125, 24.173431396484375, 24.8284912109375, 21.026519775390625, 18.08673095703125, 16.105621337890625, 13.73480224609375, 13.0306396484375, 20.79345703125, 24.162994384765625, 24.66815185546875, 21.153472900390625], "wnd": [5.6096062660217285, 4.5972747802734375, 5.333653926849365, 4.686623573303223, 12.7754545211792, 16.105079650878906, 19.841053009033203, 28.467357635498047, 9.976963996887207, 6.312531471252441, 4.103514194488525, 4.452858924865723, 16.289424896240234, 18.80402183532715, 22.850292205810547, 29.24542236328125, 18.35419273376465, 14.361522674560547, 10.027050018310547, 3.899846315383911, 7.133695602416992, 12.294107437133789, 18.383100509643555, 19.583293914794922], "dir": [111.93478393554688, 124.7333755493164, 9.388175964355469, 136.63702392578125, 84.78377532958984, 88.27519989013672, 101.3182373046875, 119.78206634521484, 98.72915649414062, 148.8603515625, 125.15284729003906, 117.75056457519531, 91.61489868164062, 93.4238052368164, 100.20442199707031, 112.11994934082031, 97.17028045654297, 111.18778991699219, 108.83740234375, 287.5836486816406, 87.45064544677734, 89.85570526123047, 94.8177490234375, 92.71436309814453], "psl": [813.8218994140625, 814.5211181640625, 813.3269653320312, 813.3368530273438, 814.5767211914062, 814.235595703125, 812.3350830078125, 812.780029296875, 814.00146484375, 814.5633544921875, 813.9034423828125, 814.131591796875, 815.3740844726562, 814.7723999023438, 812.8496704101562, 813.2845458984375, 814.56884765625, 815.26611328125, 814.1461791992188, 814.4523315429688, 815.4653930664062, 814.7527465820312, 812.7324829101562, 813.7014770507812], "pre": [0.0, 0.0, 0.0, 0.0, 0.0, 0.0, 0.0, 0.0, 0.0, 0.0, 0.0, 0.0, 0.0, 0.0, 0.0, 0.0, 0.0, 0.0, 0.0, 0.0, 0.0, 0.0, 0.0023142248392105103, 1.0428373116155853e-06], "sw": [0.0, 0.0, 0.0, 0.0, 622.5433959960938, 1070.516845703125, 866.3793334960938, 160.329345703125, 0.0, 0.0, 0.0, 0.0, 612.9322509765625, 1063.7098388671875, 813.48779296875, 141.42860412597656, 0.0, 0.0, 0.0, 0.0, 614.3094482421875, 1059.3829345703125, 851.003662109375, 20.515357971191406], "rh": [68.88277435302734, 79.24285888671875, 80.81316375732422, 75.27631378173828, 38.80597686767578, 35.82991409301758, 38.159690856933594, 50.95423889160156, 64.57968139648438, 71.34798431396484, 80.70272827148438, 75.19995880126953, 41.726966857910156, 36.013099670410156, 40.09408187866211, 50.61952590942383, 58.762210845947266, 65.50498962402344, 76.71697235107422, 74.95047760009766, 45.4480094909668, 38.32183074951172, 42.77095413208008, 56.026206970214844]}