{"t2m": [19.153106689453125, 16.778289794921875, 15.270965576171875, 14.66754150390625, 20.47406005859375, 24.532623291015625, 26.10809326171875, 22.753448486328125, 18.842864990234375, 17.279937744140625, 15.5050048828125, 15.307708740234375, 20.56072998046875, 24.4901123046875, 25.9158935546875, 23.1533203125, 19.31243896484375, 18.0560302734375, 15.955841064453125, 15.4368896484375, 20.46783447265625, 24.175811767578125, 25.584381103515625, 20.165557861328125], "wnd": [5.388509750366211, 20.036893844604492, 17.81855583190918, 19.061359405517578, 18.417654037475586, 6.612269401550293, 19.291458129882812, 22.589004516601562, 25.815975189208984, 18.470966339111328, 19.71231460571289, 20.735685348510742, 17.3322696685791, 9.41479206085205, 18.087671279907227, 17.387588500976562, 31.66902732849121, 30.18746566772461, 23.0667781829834, 21.040157318115234, 10.59599494934082, 9.873137474060059, 10.954251289367676, 20.80631446838379], "dir": [227.57752990722656, 55.918121337890625, 40.19728088378906, 33.83882522583008, 53.19807052612305, 153.5529022216797, 130.62901306152344, 93.61126708984375, 55.527801513671875, 48.0401496887207, 41.881263732910156, 32.01299285888672, 50.15143585205078, 151.02227783203125, 125.17929077148438, 92.54747772216797, 60.310508728027344, 54.59261703491211, 52.39409637451172, 42.00236511230469, 48.66020202636719, 205.66378784179688, 155.3857879638672, 63.67464828491211], "psl": [817.7734985351562, 818.202392578125, 817.0261840820312, 817.1234130859375, 818.217529296875, 817.741943359375, 815.6375732421875, 816.177978515625, 817.4572143554688, 818.392333984375, 817.6573486328125, 817.9637451171875, 819.1297607421875, 818.3041381835938, 816.19482421875, 816.56494140625, 817.83349609375, 818.6023559570312, 818.059814453125, 818.2390747070312, 819.2159423828125, 818.3515625, 816.0767211914062, 817.1318969726562], "pre": [0.38868433237075806, 1.344510849321523e-07, 0.0, 0.0, 0.0, 0.0, 0.0, 0.0, 0.0, 0.0, 0.0, 0.0, 0.0, 0.0, 0.0, 0.0, 0.0, 0.0, 0.0, 0.0, 0.0, 0.0, 0.02660045027732849, 1.4264503717422485], "sw": [0.0, 0.0, 0.0, 0.0, 616.2102661132812, 1067.4356689453125, 869.9668579101562, 161.80471801757812, 0.0, 0.0, 0.0, 0.0, 608.4989013671875, 1058.18408203125, 860.1653442382812, 137.5283203125, 0.0, 0.0, 0.0, 0.0, 608.3383178710938, 1059.6282958984375, 854.9996948242188, 147.42001342773438], "rh": [78.08708190917969, 71.69013977050781, 78.04320526123047, 68.6239242553711, 47.14632797241211, 34.81964874267578, 32.366695404052734, 47.60627746582031, 63.37555694580078, 65.2991714477539, 70.37006378173828, 61.5408821105957, 47.027252197265625, 38.1254768371582, 34.103904724121094, 45.063072204589844, 58.59974670410156, 56.55850601196289, 66.845703125, 58.9549560546875, 47.335479736328125, 36.95899200439453, 38.28856658935547, 68.23267364501953]}