{"t2m": [24.33056640625, 23.856231689453125, 23.37481689453125, 22.2381591796875, 26.744049072265625, 29.872467041015625, 31.39605712890625, 27.539276123046875, 24.8070068359375, 23.97821044921875, 23.291778564453125, 22.372344970703125, 27.09442138671875, 29.68701171875, 31.191436767578125, 27.747467041015625, 25.0482177734375, 23.859283447265625, 23.130706787109375, 22.7938232421875, 27.08984375, 29.951324462890625, 30.1898193359375, 27.2706298828125], "wnd": [7.237340450286865, 5.071941375732422, 4.246005058288574, 4.979581356048584, 5.414337635040283, 7.232029914855957, 4.741259574890137, 3.3143670558929443, 3.423893451690674, 3.6460211277008057, 4.439297676086426, 8.627352714538574, 7.285282135009766, 5.64091682434082, 8.354551315307617, 5.407210826873779, 4.695143222808838, 6.071014404296875, 4.367023944854736, 4.0359787940979, 3.9975569248199463, 6.035989761352539, 14.09520435333252, 6.275572299957275], "dir": [177.66177368164062, 258.4543151855469, 178.51670837402344, 275.84716796875, 276.44281005859375, 20.607139587402344, 52.038089752197266, 159.30215454101562, 241.5338592529297, 180.37791442871094, 179.04296875, 243.23550415039062, 295.6397399902344, 352.01898193359375, 60.901817321777344, 79.89035034179688, 252.54022216796875, 204.29888916015625, 223.2601318359375, 232.36178588867188, 264.57470703125, 21.276344299316406, 87.58777618408203, 113.19235229492188], "psl": [993.39404296875, 993.3817749023438, 991.873291015625, 992.4815063476562, 993.9597778320312, 993.2360229492188, 991.2215576171875, 992.073486328125, 993.4646606445312, 993.733154296875, 992.452392578125, 992.9246826171875, 994.6810302734375, 994.203369140625, 992.20751953125, 992.5421142578125, 993.7993774414062, 994.2845458984375, 993.179931640625, 993.4378662109375, 994.6024780273438, 993.9495849609375, 992.1902465820312, 992.638916015625], "pre": [0.000540069944690913, 1.689734101505851e-21, 0.0, 0.0, 0.0, 0.0, 7.032413540386528e-10, 1.128623366355896, 0.0005557176191359758, 0.0, 0.0, 0.0, 0.0, 0.0, 0.0, 0.26073920726776123, 4.582526206970215, 0.0, 0.0, 0.0, 0.0, 0.0, 0.11310577392578125, 0.39585068821907043], "sw": [0.0, 0.0, 0.0, 0.0, 557.190673828125, 1010.4863891601562, 812.8513793945312, 9.999999717180685e-10, 0.0, 0.0, 0.0, 0.0, 577.6082153320312, 940.3295288085938, 692.032470703125, 40.969234466552734, 0.0, 0.0, 0.0, 0.0, 544.8261108398438, 963.49365234375, 619.162353515625, 36.48274612426758], "rh": [95.72415161132812, 92.50425720214844, 89.40941619873047, 85.88492584228516, 78.93729400634766, 64.78290557861328, 54.951698303222656, 79.6418228149414, 90.46375274658203, 88.25224304199219, 85.91922760009766, 72.78245544433594, 69.76565551757812, 66.30533599853516, 55.02735900878906, 79.98870849609375, 89.7131118774414, 86.73999786376953, 84.93980407714844, 73.59967041015625, 64.49529266357422, 64.4395523071289, 67.8381118774414, 83.14534759521484]}