{"t2m": [19.992156982421875, 19.915313720703125, 19.248443603515625, 18.777496337890625, 22.817718505859375, 25.2139892578125, 24.93988037109375, 22.19476318359375, 20.142364501953125, 20.29327392578125, 19.909393310546875, 19.220458984375, 23.58984375, 25.212127685546875, 24.432342529296875, 21.9334716796875, 20.825408935546875, 19.48358154296875, 19.167724609375, 19.0736083984375, 23.781982421875, 25.25799560546875, 25.092742919921875, 22.026458740234375], "wnd": [3.4637491703033447, 6.255667686462402, 3.0506534576416016, 7.433993816375732, 3.5763673782348633, 11.484599113464355, 8.454591751098633, 1.8147531747817993, 3.580919027328491, 7.883335590362549, 5.043547630310059, 9.161873817443848, 6.482129096984863, 9.031325340270996, 6.835988521575928, 2.7563819885253906, 2.265803575515747, 5.8174028396606445, 9.264411926269531, 6.180324554443359, 5.3783345222473145, 10.260226249694824, 8.86910343170166, 1.5541244745254517], "dir": [331.8025207519531, 222.29299926757812, 317.8602294921875, 271.57049560546875, 10.510086059570312, 44.60588836669922, 42.461021423339844, 325.3185119628906, 247.06820678710938, 267.34613037109375, 262.41131591796875, 248.89315795898438, 29.372554779052734, 40.020565032958984, 349.3081970214844, 144.02035522460938, 247.0099639892578, 257.06866455078125, 264.35577392578125, 267.09185791015625, 24.37744140625, 46.64112854003906, 41.85912322998047, 306.69903564453125], "psl": [923.8177490234375, 923.7083740234375, 922.2681274414062, 922.7986450195312, 924.2489624023438, 923.8499145507812, 922.5465087890625, 923.0302124023438, 923.9235229492188, 924.179443359375, 922.9773559570312, 923.3732299804688, 925.001953125, 924.701416015625, 923.4517822265625, 923.6197509765625, 924.322265625, 924.7061157226562, 923.6404418945312, 923.6988525390625, 924.8052978515625, 924.5360107421875, 923.1654663085938, 923.55224609375], "pre": [5.363675117492676, 0.0009140968322753906, 0.0, 0.0, 0.0, 0.194580078125, 10.646923065185547, 7.25895357131958, 2.2814624309539795, 0.0, 0.0, 0.0, 0.0, 0.0, 4.825300216674805, 3.344388008117676, 0.16923022270202637, 0.0, 0.0, 0.0, 0.0, 0.0, 2.1227760314941406, 10.782442092895508], "sw": [0.0, 0.0, 0.0, 0.0, 367.2019958496094, 1014.591552734375, 487.75103759765625, 30.85916519165039, 0.0, 0.0, 0.0, 0.0, 516.2025756835938, 1022.1312255859375, 511.849365234375, 35.190250396728516, 0.0, 0.0, 0.0, 0.0, 584.3392333984375, 1014.9747314453125, 625.0558471679688, 26.806537628173828], "rh": [100.18382263183594, 83.92109680175781, 80.5232162475586, 79.65116882324219, 79.09761047363281, 80.31549072265625, 77.73727416992188, 94.87446594238281, 91.98394775390625, 82.34790802001953, 70.83011627197266, 73.68685913085938, 72.9266357421875, 74.76242065429688, 81.04969787597656, 96.98434448242188, 82.96920776367188, 76.90032958984375, 71.24261474609375, 69.41072082519531, 69.69306945800781, 75.54706573486328, 76.01092529296875, 96.28018188476562]}