{"t2m": [19.09649658203125, 19.094879150390625, 16.532745361328125, 15.744659423828125, 20.672210693359375, 24.503936767578125, 27.248687744140625, 24.9158935546875, 19.362091064453125, 18.157684326171875, 16.7113037109375, 16.043853759765625, 21.911407470703125, 25.482635498046875, 28.24322509765625, 25.6041259765625, 20.742523193359375, 20.7674560546875, 17.36041259765625, 15.6507568359375, 21.7117919921875, 25.441986083984375, 27.006256103515625, 23.76031494140625], "wnd": [19.60238265991211, 10.852347373962402, 2.8726933002471924, 3.5973494052886963, 6.887739181518555, 7.003807544708252, 3.7076878547668457, 13.89657974243164, 15.898545265197754, 6.7890753746032715, 9.134819030761719, 5.293107509613037, 3.5245871543884277, 10.000197410583496, 7.874189376831055, 12.522502899169922, 4.742584705352783, 10.095809936523438, 2.009341239929199, 9.5166654586792, 2.4438743591308594, 10.789605140686035, 8.215995788574219, 9.05578327178955], "dir": [50.635520935058594, 5.0031585693359375, 9.500205993652344, 327.8269348144531, 199.8140869140625, 191.62353515625, 216.60281372070312, 277.80999755859375, 337.90716552734375, 355.6750793457031, 324.40252685546875, 2.7812423706054688, 179.07220458984375, 185.92031860351562, 128.49351501464844, 178.94189453125, 234.0281524658203, 263.42962646484375, 132.76690673828125, 23.052894592285156, 103.24429321289062, 188.9564971923828, 245.12054443359375, 101.35020446777344], "psl": [845.4986572265625, 846.4232177734375, 845.3610229492188, 845.1663208007812, 846.5765380859375, 846.0538330078125, 843.5625610351562, 843.5357055664062, 846.136474609375, 846.6956787109375, 846.0264282226562, 846.249755859375, 847.3484497070312, 846.398193359375, 843.9285888671875, 843.9182739257812, 845.995361328125, 847.4078369140625, 846.48583984375, 846.5443115234375, 847.5054931640625, 846.5841674804688, 844.1970825195312, 844.7462768554688], "pre": [1.7148700952529907, 0.6403395533561707, 0.0, 0.0, 0.0, 0.0, 0.0, 0.0, 0.1302129030227661, 0.0, 0.0, 0.0, 0.0, 0.0, 0.0, 0.0, 0.0, 0.0, 0.0, 0.0, 0.0, 0.0, 0.0, 0.16466844081878662], "sw": [0.0, 0.0, 0.0, 0.0, 594.167236328125, 1050.830078125, 863.6345825195312, 164.64881896972656, 0.0, 0.0, 0.0, 0.0, 586.3934326171875, 1048.2667236328125, 852.1128540039062, 11.182622909545898, 0.0, 0.0, 0.0, 0.0, 589.2344360351562, 1048.6927490234375, 854.0986328125, 21.14912986755371], "rh": [80.74260711669922, 76.78074645996094, 80.35677337646484, 66.60021209716797, 63.661842346191406, 49.43988037109375, 37.4395637512207, 59.421504974365234, 76.03887176513672, 73.03280639648438, 74.0035171508789, 69.6039047241211, 51.401893615722656, 43.06792068481445, 30.332782745361328, 39.83406448364258, 58.89503479003906, 60.54688262939453, 74.30255126953125, 71.48021697998047, 51.9385986328125, 40.14973449707031, 36.01758575439453, 55.99729919433594]}