{"t2m": [21.028564453125, 20.396270751953125, 18.2322998046875, 17.204925537109375, 22.4813232421875, 28.662872314453125, 31.963531494140625, 29.3876953125, 23.886444091796875, 21.25152587890625, 20.187042236328125, 18.84320068359375, 26.31243896484375, 30.279052734375, 34.102752685546875, 30.286895751953125, 23.819183349609375, 21.769989013671875, 20.28289794921875, 18.2911376953125, 25.377227783203125, 29.8409423828125, 32.60113525390625, 27.5758056640625], "wnd": [4.986568927764893, 2.531935453414917, 6.618619918823242, 4.152641296386719, 6.058314800262451, 3.7060604095458984, 10.555898666381836, 23.3007869720459, 1.7854605913162231, 8.486334800720215, 8.620838165283203, 5.022209644317627, 8.477860450744629, 9.884440422058105, 15.450176239013672, 27.679149627685547, 11.074220657348633, 4.42824649810791, 10.711649894714355, 6.58608865737915, 10.926718711853027, 8.06494426727295, 12.66399097442627, 8.366554260253906], "dir": [332.310791015625, 257.63702392578125, 277.3485107421875, 154.84619140625, 147.58717346191406, 242.84251403808594, 276.2025146484375, 247.1248016357422, 136.31588745117188, 97.5176010131836, 80.93560791015625, 198.513916015625, 146.50393676757812, 183.23342895507812, 88.88018798828125, 98.59622192382812, 150.72377014160156, 42.504730224609375, 61.631839752197266, 144.90802001953125, 153.91329956054688, 184.91403198242188, 265.1439208984375, 2.3838577270507812], "psl": [903.245361328125, 903.94970703125, 902.6624145507812, 903.1967163085938, 904.21240234375, 902.5661010742188, 899.5244750976562, 899.9796752929688, 902.7706909179688, 903.63671875, 903.1314086914062, 903.6066284179688, 904.6517333984375, 902.6936645507812, 899.49267578125, 900.101318359375, 903.1475219726562, 904.52392578125, 903.603515625, 904.1017456054688, 904.798095703125, 903.1665649414062, 900.0296630859375, 900.82666015625], "pre": [3.77494740486145, 0.0, 0.0, 0.0, 0.0, 0.0, 0.0, 0.0, 0.0, 0.0, 0.0, 0.0, 0.0, 0.0, 0.0, 0.0, 0.0, 0.0, 0.0, 0.0, 0.0, 0.0, 0.0, 0.5161528587341309], "sw": [0.0, 0.0, 0.0, 0.0, 586.265869140625, 1039.378173828125, 848.7748413085938, 155.87142944335938, 0.0, 0.0, 0.0, 0.0, 582.85546875, 1036.694091796875, 845.6953735351562, 150.5165557861328, 0.0, 0.0, 0.0, 0.0, 587.616455078125, 1037.9052734375, 842.5637817382812, 6.726686954498291], "rh": [93.8565444946289, 93.24909210205078, 96.60285186767578, 92.69358825683594, 73.9604721069336, 40.6669807434082, 30.688610076904297, 46.39491271972656, 63.374263763427734, 60.48918533325195, 62.9791374206543, 68.55979919433594, 42.4627571105957, 32.49315643310547, 22.547210693359375, 33.2354621887207, 51.54737091064453, 58.56477737426758, 60.49879837036133, 68.50132751464844, 45.20134353637695, 33.06899642944336, 27.28896713256836, 44.125099182128906]}