{"t2m": [17.1630859375, 14.643096923828125, 13.638153076171875, 13.00201416015625, 21.635650634765625, 25.146484375, 26.40704345703125, 23.622955322265625, 18.763763427734375, 16.39434814453125, 14.38897705078125, 13.184783935546875, 21.802459716796875, 25.19329833984375, 26.10760498046875, 22.266571044921875, 19.467864990234375, 17.475311279296875, 15.0882568359375, 12.54925537109375, 21.2850341796875, 25.218353271484375, 25.89306640625, 21.482818603515625], "wnd": [5.752674579620361, 9.07138729095459, 9.988335609436035, 4.219579696655273, 14.744970321655273, 13.085036277770996, 16.676240921020508, 21.300336837768555, 21.486377716064453, 2.5618951320648193, 3.6796786785125732, 7.318706035614014, 14.368829727172852, 14.831296920776367, 18.708465576171875, 28.43079948425293, 27.363426208496094, 22.929527282714844, 0.8285514116287231, 9.030008316040039, 10.378392219543457, 12.731851577758789, 15.240966796875, 9.479658126831055], "dir": [253.95069885253906, 64.19503021240234, 76.271484375, 62.96955871582031, 73.89439392089844, 92.50514221191406, 98.54925537109375, 115.57012176513672, 88.89669036865234, 226.67431640625, 122.75189208984375, 351.1372985839844, 74.46038055419922, 98.26567077636719, 100.01792907714844, 94.95695495605469, 84.0837631225586, 106.24474334716797, 252.04244995117188, 20.521133422851562, 56.649024963378906, 82.38041687011719, 87.19620513916016, 71.04850769042969], "psl": [822.7987670898438, 823.228515625, 822.1267700195312, 822.2115478515625, 823.2354736328125, 822.6989135742188, 820.6585693359375, 821.1571044921875, 822.396728515625, 823.3247680664062, 822.65771484375, 823.0479125976562, 824.1224975585938, 823.2343139648438, 821.1953125, 821.7835083007812, 822.974853515625, 823.6201782226562, 823.0093994140625, 823.3601684570312, 824.1361083984375, 823.2235107421875, 821.07568359375, 822.1796264648438], "pre": [6.603487921905991e-33, 0.0, 0.0, 0.0, 0.0, 0.0, 0.0, 0.0, 0.0, 0.0, 0.0, 0.0, 0.0, 0.0, 0.0, 0.0, 0.0, 0.0, 0.0, 0.0, 0.0, 0.0, 1.155077483316443e-34, 2.4396238327026367], "sw": [0.0, 0.0, 0.0, 0.0, 619.0297241210938, 1069.804443359375, 866.1761474609375, 159.4755859375, 0.0, 0.0, 0.0, 0.0, 608.8734130859375, 1061.1094970703125, 857.5994873046875, 150.70135498046875, 0.0, 0.0, 0.0, 0.0, 610.8470458984375, 1057.994873046875, 850.6778564453125, 144.65878295898438], "rh": [76.63834381103516, 82.05399322509766, 86.64347839355469, 74.90792846679688, 39.95158004760742, 32.001094818115234, 34.803382873535156, 43.088565826416016, 61.21742630004883, 70.92249298095703, 78.1703872680664, 76.90158081054688, 42.14462661743164, 33.86512756347656, 37.28099060058594, 50.1403694152832, 55.7143440246582, 60.33915710449219, 73.14278411865234, 82.81474304199219, 46.332237243652344, 34.84627151489258, 38.10224151611328, 61.66785430908203]}