{"t2m": [15.88134765625, 12.64178466796875, 12.14935302734375, 11.294403076171875, 18.49029541015625, 21.720855712890625, 23.62176513671875, 19.768280029296875, 16.362518310546875, 14.324951171875, 13.088836669921875, 11.973236083984375, 18.19696044921875, 21.56439208984375, 22.85784912109375, 18.764617919921875, 15.533477783203125, 14.426239013671875, 11.616058349609375, 10.860015869140625, 17.808380126953125, 21.316314697265625, 22.148895263671875, 17.10150146484375], "wnd": [13.705822944641113, 10.024340629577637, 12.604541778564453, 12.462471008300781, 13.35515308380127, 10.980057716369629, 10.658621788024902, 14.977219581604004, 16.08517074584961, 12.548102378845215, 13.736669540405273, 14.046632766723633, 12.921365737915039, 9.559402465820312, 10.935294151306152, 12.064826011657715, 16.782297134399414, 19.728666305541992, 8.694958686828613, 9.87917423248291, 9.901698112487793, 8.855306625366211, 14.329890251159668, 10.822592735290527], "dir": [67.34774780273438, 85.76444244384766, 10.652740478515625, 11.215484619140625, 30.79861068725586, 139.82241821289062, 163.45303344726562, 67.31232452392578, 42.30176544189453, 26.485382080078125, 18.437828063964844, 3.187408447265625, 45.59626388549805, 142.13441467285156, 139.48114013671875, 52.09245300292969, 72.85902404785156, 23.440025329589844, 63.10301208496094, 14.688789367675781, 50.41339874267578, 144.39974975585938, 157.72726440429688, 91.03270721435547], "psl": [782.0128173828125, 782.61767578125, 781.3255615234375, 781.38134765625, 782.5469360351562, 782.308837890625, 780.3722534179688, 781.381591796875, 782.2464599609375, 782.8287353515625, 781.9473266601562, 782.2527465820312, 783.4327392578125, 782.920166015625, 781.0064086914062, 781.60205078125, 782.779052734375, 783.2839965820312, 782.5101318359375, 782.5198974609375, 783.4373168945312, 782.82958984375, 780.941650390625, 781.9905395507812], "pre": [2.3951330184936523, 0.0, 0.0, 0.0, 0.0, 0.0, 0.0, 0.0, 0.013247430324554443, 0.0, 0.0, 0.0, 0.0, 0.0, 0.0, 1.373179316520691, 0.026892662048339844, 0.0, 0.0, 0.0, 0.0, 0.0, 0.0, 1.844391107559204], "sw": [0.0, 0.0, 0.0, 0.0, 626.6716918945312, 1077.505126953125, 876.4608154296875, 19.54808235168457, 0.0, 0.0, 0.0, 0.0, 618.1815185546875, 1070.56640625, 207.9290313720703, 20.04292869567871, 0.0, 0.0, 0.0, 0.0, 618.5087280273438, 1068.8338623046875, 275.61785888671875, 49.87577438354492], "rh": [84.59934997558594, 91.34284973144531, 82.15576171875, 71.09349060058594, 44.135780334472656, 36.70724105834961, 32.348304748535156, 53.90336990356445, 65.1603012084961, 64.06014251708984, 65.63359069824219, 64.19038391113281, 46.41178512573242, 35.67806625366211, 33.3721809387207, 68.9949722290039, 73.43402862548828, 62.98078155517578, 76.16168212890625, 71.59675598144531, 51.9735107421875, 39.3707160949707, 40.92478942871094, 74.03229522705078]}