{"t2m": [17.02044677734375, 17.249908447265625, 15.643890380859375, 15.165802001953125, 19.895416259765625, 22.8648681640625, 24.40631103515625, 23.126068115234375, 18.52081298828125, 15.815948486328125, 13.883056640625, 15.018035888671875, 21.305145263671875, 24.3203125, 25.13262939453125, 22.348663330078125, 18.80401611328125, 15.831787109375, 16.847808837890625, 13.641632080078125, 20.511444091796875, 23.949005126953125, 24.1270751953125, 18.643646240234375], "wnd": [16.233640670776367, 14.831843376159668, 15.82133674621582, 18.267593383789062, 5.876951694488525, 9.037778854370117, 10.755441665649414, 9.212858200073242, 13.04017162322998, 5.811766147613525, 9.135558128356934, 16.059097290039062, 15.25184154510498, 9.033313751220703, 11.435729026794434, 7.833859443664551, 9.137469291687012, 7.837006092071533, 2.9295144081115723, 7.277453422546387, 5.543324947357178, 8.821233749389648, 13.085427284240723, 15.182760238647461], "dir": [6.910011291503906, 342.3799133300781, 15.854454040527344, 353.9753112792969, 197.38540649414062, 169.15863037109375, 157.03131103515625, 205.3417510986328, 299.80645751953125, 294.9627685546875, 355.57861328125, 1.4178619384765625, 32.49055862426758, 119.09701538085938, 171.39572143554688, 179.69326782226562, 284.6109619140625, 147.0403594970703, 36.000457763671875, 281.35565185546875, 60.40695571899414, 143.95001220703125, 203.0989227294922, 351.76885986328125], "psl": [811.0248413085938, 811.6448364257812, 810.360107421875, 810.2288208007812, 811.544677734375, 811.2557983398438, 809.261962890625, 809.2546997070312, 811.5787353515625, 811.872802734375, 811.0548706054688, 811.2190551757812, 812.2896118164062, 811.60400390625, 809.6898193359375, 809.732177734375, 811.3471069335938, 812.5630493164062, 811.6802368164062, 811.5081787109375, 812.4640502929688, 811.6749267578125, 809.7972412109375, 810.7284545898438], "pre": [1.9235470294952393, 1.4559134244918823, 0.0, 0.0, 0.0, 0.0, 0.0, 0.0, 0.20595788955688477, 0.0, 0.0, 0.0, 0.0, 0.0, 0.0, 0.0, 0.017899274826049805, 0.027991533279418945, 0.0, 0.0, 0.0, 0.0, 0.0, 0.9814866781234741], "sw": [0.0, 0.0, 0.0, 0.0, 606.0533447265625, 1057.091552734375, 862.9957275390625, 168.3400115966797, 0.0, 0.0, 0.0, 0.0, 602.3714599609375, 1057.2218017578125, 859.919677734375, 5.843796253204346, 0.0, 0.0, 0.0, 0.0, 598.73388671875, 1055.662841796875, 858.030029296875, 108.32960510253906], "rh": [86.64053344726562, 75.54212951660156, 72.42778778076172, 59.68294143676758, 54.865657806396484, 47.170265197753906, 44.231910705566406, 51.1866455078125, 70.18597412109375, 75.97341918945312, 67.54214477539062, 51.83695983886719, 41.44737243652344, 33.05355453491211, 36.926124572753906, 42.034881591796875, 62.111942291259766, 76.67831420898438, 72.3205337524414, 67.2992172241211, 46.47759246826172, 37.15974807739258, 42.1732063293457, 73.77287292480469]}