{"t2m": [19.26495361328125, 17.137359619140625, 16.600799560546875, 16.639434814453125, 21.94866943359375, 26.163177490234375, 28.605926513671875, 25.611572265625, 20.25946044921875, 17.826568603515625, 17.65240478515625, 16.207000732421875, 23.040771484375, 26.537200927734375, 28.818328857421875, 24.901947021484375, 21.263397216796875, 19.05706787109375, 16.316741943359375, 16.363739013671875, 22.7772216796875, 26.1507568359375, 28.299407958984375, 22.027099609375], "wnd": [12.241630554199219, 9.180131912231445, 6.90674352645874, 14.153522491455078, 3.571786642074585, 4.355795860290527, 1.6459909677505493, 5.613330841064453, 11.95105266571045, 9.48684024810791, 1.066683053970337, 11.788779258728027, 5.529465198516846, 5.954856872558594, 2.442991256713867, 13.866086959838867, 6.919905185699463, 2.1224827766418457, 10.005370140075684, 12.244033813476562, 8.068992614746094, 5.980175018310547, 2.7916040420532227, 7.717798233032227], "dir": [13.073379516601562, 33.222225189208984, 348.4226989746094, 350.76153564453125, 159.10003662109375, 122.61138916015625, 230.72312927246094, 191.92501831054688, 172.05975341796875, 325.99432373046875, 220.67242431640625, 352.29931640625, 115.379638671875, 123.1871337890625, 206.45303344726562, 101.73564910888672, 117.88789367675781, 220.20736694335938, 21.87952423095703, 343.20367431640625, 86.54415130615234, 136.5604248046875, 153.7168426513672, 113.5847396850586], "psl": [850.7324829101562, 851.634521484375, 850.2695922851562, 850.185546875, 851.4263305664062, 850.6981811523438, 848.0946655273438, 848.6113891601562, 850.9673461914062, 851.4893798828125, 850.9522094726562, 851.1902465820312, 852.29052734375, 851.2167358398438, 848.6397705078125, 849.0215454101562, 850.9953002929688, 852.3468627929688, 851.5435791015625, 851.473876953125, 852.3916625976562, 851.3364868164062, 848.6900024414062, 850.2432861328125], "pre": [3.008249044418335, 5.289912223815918e-07, 0.0, 0.0, 0.0, 0.0, 0.0, 0.0, 0.08355975151062012, 0.0, 0.0, 0.0, 0.0, 0.0, 0.0, 0.0, 0.0, 0.0, 0.0, 0.0, 0.0, 0.0, 0.0, 0.5832635760307312], "sw": [0.0, 0.0, 0.0, 0.0, 599.1098022460938, 1058.1143798828125, 864.1190795898438, 12.430522918701172, 0.0, 0.0, 0.0, 0.0, 591.2208251953125, 1053.5870361328125, 855.8843383789062, 56.0086784362793, 0.0, 0.0, 0.0, 0.0, 593.6818237304688, 1050.4898681640625, 852.9185791015625, 15.24907398223877], "rh": [81.91796112060547, 90.26144409179688, 77.67455291748047, 70.3143310546875, 54.65786361694336, 36.91530227661133, 30.122819900512695, 46.372528076171875, 59.65375900268555, 71.42577362060547, 71.31659698486328, 65.12098693847656, 46.28322219848633, 33.81941604614258, 28.961763381958008, 45.74574661254883, 55.931705474853516, 60.73125076293945, 69.17346954345703, 61.30340576171875, 45.329559326171875, 36.95652770996094, 31.18988800048828, 67.399658203125]}