{"t2m": [13.39349365234375, 12.81494140625, 10.77142333984375, 9.92315673828125, 15.074920654296875, 17.67755126953125, 15.5260009765625, 13.531524658203125, 12.1390380859375, 12.412445068359375, 9.9671630859375, 9.205657958984375, 16.00030517578125, 16.9935302734375, 15.2867431640625, 13.302581787109375, 12.467987060546875, 11.050933837890625, 10.156768798828125, 8.958343505859375, 15.65826416015625, 17.691009521484375, 15.60693359375, 13.485382080078125], "wnd": [11.321733474731445, 6.266535758972168, 4.445085525512695, 2.1279191970825195, 4.45078182220459, 20.352294921875, 16.46005630493164, 9.9258394241333, 2.4804956912994385, 1.895906925201416, 4.060506343841553, 6.36604642868042, 4.682467460632324, 18.399200439453125, 17.179353713989258, 9.5460844039917, 3.593519449234009, 3.615741729736328, 2.295961856842041, 7.609593391418457, 2.475769519805908, 20.476015090942383, 18.362157821655273, 11.93881607055664], "dir": [41.131744384765625, 22.27972412109375, 286.3441162109375, 288.3961486816406, 29.439559936523438, 44.797088623046875, 52.52450942993164, 44.818878173828125, 289.76153564453125, 311.0719299316406, 252.5503692626953, 266.8594970703125, 51.42554473876953, 47.311031341552734, 48.835670471191406, 43.95655059814453, 264.0730285644531, 273.59967041015625, 305.7764892578125, 257.6592102050781, 22.475540161132812, 45.114139556884766, 53.990604400634766, 31.774425506591797], "psl": [774.9343872070312, 775.2841186523438, 774.0078125, 774.175048828125, 775.364990234375, 775.190185546875, 774.3772583007812, 774.64697265625, 775.3368530273438, 775.63134765625, 774.6868896484375, 774.9793090820312, 776.0158081054688, 775.9249267578125, 774.983154296875, 775.0159301757812, 775.929931640625, 776.3474731445312, 775.2196655273438, 775.02197265625, 776.0431518554688, 775.7572631835938, 774.7506103515625, 774.9631958007812], "pre": [0.473188579082489, 0.29896530508995056, 0.0026547759771347046, 0.0, 0.0, 0.0, 2.9802322387695312e-08, 0.001962609589099884, 0.0007132217288017273, 0.0, 0.0, 0.0, 0.0, 0.0, 0.0, 0.004801101982593536, 0.0, 0.0, 0.0, 0.0, 0.0, 0.0, 0.0, 1.6927719116210938e-05], "sw": [0.0, 0.0, 0.0, 0.0, 627.5790405273438, 1075.9664306640625, 670.0363159179688, 38.35136795043945, 0.0, 0.0, 0.0, 0.0, 618.7268676757812, 1062.8392333984375, 666.1589965820312, 4.5976457595825195, 0.0, 0.0, 0.0, 0.0, 620.1976928710938, 1066.049072265625, 620.2244873046875, 16.250429153442383], "rh": [99.20721435546875, 99.3760986328125, 94.70804595947266, 83.54295349121094, 70.86260223388672, 68.34939575195312, 84.91140747070312, 91.72248840332031, 92.82907104492188, 82.07671356201172, 84.91177368164062, 77.92495727539062, 55.732666015625, 72.35258483886719, 87.08209991455078, 94.99393463134766, 93.0817642211914, 82.91423034667969, 79.22500610351562, 79.0847396850586, 60.784996032714844, 68.08509063720703, 84.67011260986328, 93.7386474609375]}