{"t2m": [20.826446533203125, 19.724822998046875, 19.26885986328125, 18.356719970703125, 22.53338623046875, 24.120819091796875, 24.99835205078125, 21.98101806640625, 21.2381591796875, 19.882171630859375, 19.80474853515625, 18.32684326171875, 22.63812255859375, 24.38201904296875, 23.960906982421875, 21.59796142578125, 19.818115234375, 19.29150390625, 18.747802734375, 18.363372802734375, 23.033935546875, 24.209869384765625, 23.66009521484375, 21.84381103515625], "wnd": [3.0228776931762695, 6.888156414031982, 3.906845808029175, 6.636176586151123, 5.220925807952881, 13.195472717285156, 11.278603553771973, 5.250946521759033, 2.9351236820220947, 7.0518364906311035, 5.630351543426514, 9.973118782043457, 5.730621814727783, 11.311790466308594, 9.914291381835938, 3.562222719192505, 7.164773464202881, 5.113273620605469, 5.410951137542725, 5.9425859451293945, 5.374153137207031, 11.42376708984375, 11.540200233459473, 6.0376200675964355], "dir": [187.66815185546875, 202.457275390625, 246.50540161132812, 271.9488525390625, 335.8392639160156, 41.061866760253906, 63.64347457885742, 174.07766723632812, 246.30352783203125, 221.1441192626953, 256.4378662109375, 256.786376953125, 351.01971435546875, 38.97594451904297, 65.05645751953125, 128.70660400390625, 188.43157958984375, 230.44439697265625, 254.46380615234375, 253.0810089111328, 359.36602783203125, 51.87921142578125, 91.63526916503906, 147.46194458007812], "psl": [913.7271118164062, 913.5617065429688, 912.2129516601562, 912.869873046875, 914.1517944335938, 913.8375244140625, 912.5286865234375, 912.892578125, 913.7346801757812, 914.0139770507812, 913.079345703125, 913.3937377929688, 914.9942016601562, 914.6339111328125, 913.427001953125, 913.4664916992188, 914.2901611328125, 914.5385131835938, 913.58154296875, 913.544921875, 914.8124389648438, 914.5114135742188, 913.2296752929688, 913.3058471679688], "pre": [4.369059085845947, 0.04285944998264313, 0.0, 0.0, 0.0, 1.3540163040161133, 3.367931365966797, 6.657059669494629, 2.0868098735809326, 0.0, 0.0, 0.0, 0.0, 0.0, 8.21397590637207, 7.097720146179199, 0.4443321228027344, 0.0, 0.0, 0.0, 0.0, 0.0, 4.787312984466553, 3.2801036834716797], "sw": [0.0, 0.0, 0.0, 0.0, 407.8688049316406, 911.664306640625, 587.3778686523438, 17.523374557495117, 0.0, 0.0, 0.0, 0.0, 574.84765625, 949.1834716796875, 296.0671691894531, 36.55500030517578, 0.0, 0.0, 0.0, 0.0, 565.7188720703125, 695.032470703125, 515.7920532226562, 45.98488998413086], "rh": [99.77291107177734, 86.2238998413086, 84.77693176269531, 86.62858581542969, 78.70117950439453, 85.12372589111328, 71.77654266357422, 91.0325927734375, 91.71918487548828, 85.36321258544922, 78.21747589111328, 75.09020233154297, 78.94928741455078, 78.6614990234375, 79.93694305419922, 97.46063232421875, 87.63034057617188, 75.89180755615234, 72.71411895751953, 69.53543090820312, 73.73546600341797, 81.88995361328125, 86.61622619628906, 94.29761505126953]}