{"t2m": [12.25238037109375, 10.02880859375, 8.19183349609375, 9.235931396484375, 14.836639404296875, 18.6209716796875, 19.90826416015625, 17.434295654296875, 13.381011962890625, 10.487152099609375, 9.9971923828125, 8.6890869140625, 14.8909912109375, 18.83929443359375, 19.4560546875, 16.799072265625, 13.387725830078125, 10.221038818359375, 9.107391357421875, 9.118072509765625, 14.990478515625, 18.4193115234375, 18.00567626953125, 15.6597900390625], "wnd": [3.1940884590148926, 3.048024892807007, 5.380074501037598, 1.2061036825180054, 5.162233352661133, 8.679278373718262, 11.824860572814941, 9.234247207641602, 4.43416166305542, 7.135330677032471, 2.7897565364837646, 2.863646984100342, 6.197629928588867, 9.632317543029785, 12.68891716003418, 6.478997707366943, 3.6712727546691895, 3.5189554691314697, 3.330282211303711, 2.2562944889068604, 5.5195746421813965, 8.964859008789062, 6.978809356689453, 10.53640365600586], "dir": [67.44465637207031, 19.730934143066406, 12.609428405761719, 128.14492797851562, 287.2135009765625, 246.1213836669922, 188.0417022705078, 208.85067749023438, 199.73947143554688, 299.93499755859375, 307.96875, 357.2526550292969, 252.5514373779297, 284.754150390625, 178.4791259765625, 234.38746643066406, 285.6892395019531, 288.9476318359375, 350.9945068359375, 50.64751052856445, 275.096923828125, 242.83949279785156, 253.6773681640625, 252.6080322265625], "psl": [751.4065551757812, 751.737548828125, 750.84130859375, 750.8814086914062, 752.0918579101562, 751.9497680664062, 750.279296875, 750.5593872070312, 751.8253173828125, 752.1027221679688, 751.4014892578125, 751.7218017578125, 752.8992919921875, 752.4566650390625, 750.76171875, 751.1781005859375, 752.3177490234375, 752.7986450195312, 751.7957153320312, 751.8275146484375, 752.9158325195312, 752.360595703125, 750.8135375976562, 751.2882690429688], "pre": [1.3457509503745433e-23, 5.028174166329762e-24, 2.0139841581112705e-05, 0.0, 0.0, 0.0, 0.0, 0.23480498790740967, 0.0, 0.0, 0.0, 0.0, 0.0, 0.0, 0.03791975975036621, 1.424709677696228, 0.0, 0.0, 0.0, 0.0, 0.0, 0.0, 1.4750417470932007, 2.2498691082000732], "sw": [0.0, 0.0, 0.0, 0.0, 640.5263671875, 1082.3228759765625, 870.01953125, 99.52967834472656, 0.0, 0.0, 0.0, 0.0, 630.8699340820312, 1074.0926513671875, 861.3267822265625, 55.42390823364258, 0.0, 0.0, 0.0, 0.0, 633.1614990234375, 1072.92919921875, 542.5810546875, 44.41740798950195], "rh": [75.27777862548828, 83.10835266113281, 87.37271118164062, 69.58796691894531, 60.621238708496094, 50.961421966552734, 51.941673278808594, 63.611900329589844, 80.28005981445312, 87.21607208251953, 92.69410705566406, 80.226806640625, 58.04891586303711, 48.45108413696289, 53.92714309692383, 63.565879821777344, 80.07391357421875, 87.52751922607422, 82.37431335449219, 70.6025161743164, 55.624656677246094, 50.40864181518555, 62.572837829589844, 73.33159637451172]}