{"t2m": [17.005859375, 15.842529296875, 14.300994873046875, 13.2921142578125, 20.15667724609375, 25.64300537109375, 26.743743896484375, 23.00921630859375, 19.171417236328125, 16.795440673828125, 15.3424072265625, 13.94097900390625, 20.562713623046875, 25.51519775390625, 26.15045166015625, 22.55792236328125, 17.743896484375, 17.225067138671875, 14.887603759765625, 14.44683837890625, 20.42083740234375, 25.47247314453125, 26.341552734375, 22.9976806640625], "wnd": [6.722274303436279, 2.824068069458008, 6.676311016082764, 6.86980676651001, 5.756642818450928, 6.377449035644531, 17.413925170898438, 15.789456367492676, 5.083810329437256, 3.1079366207122803, 4.972902774810791, 9.132929801940918, 4.663437366485596, 16.229679107666016, 21.477022171020508, 13.487739562988281, 9.807844161987305, 15.990021705627441, 6.92851448059082, 0.818367600440979, 7.906719207763672, 13.529597282409668, 17.007217407226562, 21.803295135498047], "dir": [207.65325927734375, 278.39691162109375, 227.78717041015625, 208.33909606933594, 49.93568420410156, 95.88676452636719, 78.04566955566406, 97.3493881225586, 261.5394287109375, 45.7079963684082, 208.42762756347656, 206.191650390625, 59.65077209472656, 83.59745025634766, 79.50271606445312, 97.95861053466797, 141.76681518554688, 158.10556030273438, 166.46983337402344, 8.717239379882812, 2.16162109375, 75.26432037353516, 69.7109603881836, 95.19580078125], "psl": [833.6429443359375, 834.14794921875, 832.8223266601562, 833.12158203125, 834.145263671875, 833.4100952148438, 831.5543823242188, 832.234130859375, 833.669189453125, 834.2088012695312, 833.4351806640625, 833.7089233398438, 835.1007690429688, 834.0907592773438, 832.1409912109375, 832.71875, 833.9244384765625, 834.5100708007812, 833.82421875, 834.1324462890625, 835.0794677734375, 834.3311767578125, 832.162109375, 832.6470947265625], "pre": [1.7696968022951065e-12, 0.0, 0.0, 6.287954098377346e-12, 1.5331043379251952e-10, 0.0, 0.0, 0.0, 0.0, 0.0, 0.0, 0.0, 0.0, 0.0, 0.0, 0.0, 0.0, 0.0, 0.0, 0.0, 0.0, 0.0, 0.0, 0.0], "sw": [0.0, 0.0, 0.0, 0.0, 610.1311645507812, 1058.62841796875, 861.8267211914062, 120.71603393554688, 0.0, 0.0, 0.0, 0.0, 604.96142578125, 1055.398193359375, 855.1264038085938, 147.26283264160156, 0.0, 0.0, 0.0, 0.0, 611.1209106445312, 1058.3326416015625, 854.197998046875, 145.2802734375], "rh": [93.62200164794922, 90.94942474365234, 93.29679107666016, 94.51453399658203, 60.52767562866211, 37.5723762512207, 34.486202239990234, 48.311485290527344, 67.31427764892578, 68.29571533203125, 72.56661987304688, 78.86186218261719, 56.29508972167969, 37.595218658447266, 40.14985275268555, 51.95918273925781, 63.562374114990234, 62.72785568237305, 71.16262817382812, 70.0244369506836, 52.664329528808594, 34.98080825805664, 35.16093444824219, 54.15471267700195]}