{"t2m": [22.327880859375, 20.701751708984375, 21.232086181640625, 20.257781982421875, 23.791046142578125, 25.9697265625, 26.709686279296875, 23.402679443359375, 21.482940673828125, 21.042755126953125, 20.6064453125, 20.16107177734375, 24.388916015625, 25.6246337890625, 26.787200927734375, 23.087371826171875, 22.108612060546875, 20.5399169921875, 20.0247802734375, 19.8597412109375, 24.533416748046875, 26.00384521484375, 26.8577880859375, 23.57373046875], "wnd": [2.020113706588745, 6.421015739440918, 1.4988102912902832, 7.273569583892822, 6.764420986175537, 12.501864433288574, 11.549715042114258, 4.636590003967285, 4.818896293640137, 7.424890995025635, 7.697871685028076, 10.552910804748535, 7.580409049987793, 8.450690269470215, 11.327058792114258, 7.028748989105225, 3.2510900497436523, 7.31691837310791, 8.673810958862305, 8.9569673538208, 5.9955949783325195, 10.351130485534668, 13.485301971435547, 3.2814576625823975], "dir": [208.29803466796875, 218.0044403076172, 236.3984375, 244.46658325195312, 283.63592529296875, 35.34267807006836, 61.15147018432617, 91.23973083496094, 219.5657196044922, 246.13563537597656, 240.11639404296875, 235.97824096679688, 330.59783935546875, 24.846336364746094, 50.74754333496094, 216.780517578125, 225.8933563232422, 216.77670288085938, 235.81350708007812, 242.99765014648438, 313.46368408203125, 33.73435974121094, 66.44371795654297, 69.32332611083984], "psl": [938.9896850585938, 938.8666381835938, 937.360595703125, 937.9193115234375, 939.3859252929688, 938.9835815429688, 937.4727172851562, 937.8847045898438, 939.0038452148438, 939.2755737304688, 938.0599975585938, 938.4791259765625, 940.1470947265625, 939.9091186523438, 938.3627319335938, 938.6174926757812, 939.388916015625, 939.814697265625, 938.74560546875, 938.821533203125, 939.99267578125, 939.6744384765625, 938.1468505859375, 938.5228271484375], "pre": [3.0245707035064697, 0.0037261710967868567, 0.0, 0.0, 0.0, 0.040117502212524414, 0.01234292984008789, 6.477909088134766, 3.659975290298462, 0.0, 0.0, 0.0, 0.0, 1.0985479354858398, 0.020644187927246094, 11.118983268737793, 2.762542247772217, 0.0, 0.0, 0.0, 0.0, 0.0, 0.0, 1.549081802368164], "sw": [0.0, 0.0, 0.0, 0.0, 590.5379028320312, 1023.1580810546875, 698.6720581054688, 31.9548397064209, 0.0, 0.0, 0.0, 0.0, 520.4053344726562, 881.4049072265625, 807.4298095703125, 9.999999717180685e-10, 0.0, 0.0, 0.0, 0.0, 568.6768188476562, 1014.040771484375, 763.3864135742188, 39.04636001586914], "rh": [98.69670867919922, 89.09832000732422, 79.72966003417969, 85.193603515625, 80.3562240600586, 79.40296936035156, 70.71508026123047, 95.75167083740234, 96.0311050415039, 85.07122039794922, 75.7673110961914, 76.1705322265625, 71.969970703125, 77.8555908203125, 69.71916198730469, 92.92056274414062, 86.37366485595703, 85.65413665771484, 69.23542022705078, 72.59239959716797, 68.56507110595703, 73.98615264892578, 67.60206604003906, 92.79240417480469]}