{"t2m": [19.918365478515625, 18.66180419921875, 17.61016845703125, 16.807098388671875, 21.505157470703125, 27.57476806640625, 29.65655517578125, 26.7423095703125, 22.429718017578125, 19.52191162109375, 18.383575439453125, 17.357147216796875, 23.38330078125, 28.772125244140625, 31.024993896484375, 28.583984375, 20.90802001953125, 20.25177001953125, 18.24078369140625, 16.77783203125, 23.356781005859375, 28.662628173828125, 30.3067626953125, 27.1761474609375], "wnd": [4.907090187072754, 4.106252670288086, 7.92813777923584, 5.611396312713623, 3.092945098876953, 2.679352283477783, 13.009434700012207, 18.979381561279297, 16.044660568237305, 7.184436798095703, 7.080671310424805, 4.032445430755615, 7.230788230895996, 0.8499318361282349, 10.133541107177734, 25.540748596191406, 8.516274452209473, 11.883365631103516, 5.993820667266846, 11.044878959655762, 8.70448112487793, 4.177227973937988, 14.459415435791016, 5.069739818572998], "dir": [173.078369140625, 131.2008056640625, 268.02880859375, 223.777099609375, 327.6539001464844, 198.01431274414062, 275.538330078125, 252.11752319335938, 168.80258178710938, 162.91226196289062, 176.60604858398438, 227.08279418945312, 113.65831756591797, 304.4554443359375, 285.28973388671875, 99.69071197509766, 194.08441162109375, 177.25552368164062, 133.2105712890625, 154.1930389404297, 125.32166290283203, 123.61463928222656, 275.53790283203125, 287.93511962890625], "psl": [891.5228881835938, 892.3675537109375, 891.0371704101562, 891.470947265625, 892.585205078125, 891.2743530273438, 888.51806640625, 888.7711181640625, 891.1998291015625, 892.1551513671875, 891.5929565429688, 892.003173828125, 893.24267578125, 891.535888671875, 888.50439453125, 888.7293701171875, 891.7235107421875, 892.853515625, 892.0670166015625, 892.3749389648438, 893.323486328125, 891.9463500976562, 889.0234985351562, 889.250244140625], "pre": [10.529516220092773, 0.0, 0.0, 0.0, 0.0, 0.0, 0.0, 0.0, 0.11341094970703125, 0.0, 0.0, 0.0, 0.0, 0.0, 0.0, 0.0, 0.0, 0.0, 0.0, 0.0, 0.0, 0.0, 0.0, 0.12538909912109375], "sw": [0.0, 0.0, 0.0, 0.0, 584.2029418945312, 1041.33544921875, 851.3482666015625, 158.85923767089844, 0.0, 0.0, 0.0, 0.0, 582.8529663085938, 1038.17919921875, 847.5901489257812, 153.51577758789062, 0.0, 0.0, 0.0, 0.0, 588.12841796875, 1042.51953125, 846.482177734375, 20.73215103149414], "rh": [95.77959442138672, 96.7817153930664, 97.25173950195312, 94.531982421875, 82.34603118896484, 45.42247772216797, 42.33980941772461, 61.90323257446289, 74.56729125976562, 74.47393798828125, 71.73258209228516, 74.57854461669922, 56.62199783325195, 37.96890640258789, 32.96284484863281, 36.98531723022461, 62.889461517333984, 65.80758666992188, 69.81355285644531, 72.32209777832031, 53.86727523803711, 36.884521484375, 36.198326110839844, 44.86894226074219]}