{"t2m": [17.497894287109375, 14.42352294921875, 13.117034912109375, 12.15380859375, 19.4727783203125, 24.0201416015625, 26.130126953125, 22.4599609375, 17.556427001953125, 15.481353759765625, 13.56134033203125, 12.447113037109375, 19.52813720703125, 24.38873291015625, 25.505584716796875, 22.1514892578125, 18.4033203125, 15.818206787109375, 13.869659423828125, 11.74688720703125, 19.186126708984375, 23.486328125, 24.74273681640625, 18.144866943359375], "wnd": [12.040295600891113, 10.55143928527832, 12.485602378845215, 14.280074119567871, 13.421521186828613, 8.051715850830078, 22.584197998046875, 22.198352813720703, 12.519838333129883, 10.550311088562012, 11.493097305297852, 12.781177520751953, 13.026430130004883, 9.63719367980957, 23.935178756713867, 22.131275177001953, 18.950822830200195, 11.89453125, 13.369063377380371, 9.95672607421875, 7.557601451873779, 1.8743494749069214, 23.223262786865234, 23.443368911743164], "dir": [21.33118438720703, 54.83784866333008, 52.558685302734375, 47.635047912597656, 50.961917877197266, 150.18321228027344, 127.55387878417969, 124.19903564453125, 78.73772430419922, 51.69457244873047, 83.41497039794922, 52.740455627441406, 53.68516540527344, 115.50341796875, 132.21383666992188, 87.62091827392578, 76.70669555664062, 65.9112548828125, 77.9902572631836, 56.21744918823242, 52.07085037231445, 207.42234802246094, 149.5625, 60.43926239013672], "psl": [810.8671875, 811.7301025390625, 810.5421752929688, 810.6659545898438, 811.6807250976562, 811.0761108398438, 808.9654541015625, 809.896484375, 811.3115844726562, 811.8909301757812, 811.1766357421875, 811.4572143554688, 812.5631103515625, 811.57275390625, 809.576171875, 810.2103881835938, 811.8844604492188, 812.5939331054688, 811.6434936523438, 811.875244140625, 812.6140747070312, 811.6502075195312, 809.5904541015625, 810.9308471679688], "pre": [1.104139187191322e-06, 0.0, 0.0, 0.0, 0.0, 0.0, 0.0, 0.0, 0.0, 0.0, 0.0, 0.0, 0.0, 0.0, 0.0, 0.0, 0.021404193714261055, 0.0, 0.0, 0.0, 0.0, 0.0, 0.0, 2.0828819274902344], "sw": [0.0, 0.0, 0.0, 0.0, 620.3584594726562, 1068.645263671875, 872.6058959960938, 160.81919860839844, 0.0, 0.0, 0.0, 0.0, 612.0567626953125, 1061.8983154296875, 695.5994262695312, 109.51385498046875, 0.0, 0.0, 0.0, 0.0, 613.2666625976562, 1060.6336669921875, 855.1654663085938, 29.782047271728516], "rh": [73.89588165283203, 81.60140991210938, 85.8993911743164, 78.31243133544922, 49.2739372253418, 34.20692825317383, 27.8048152923584, 43.84730529785156, 68.94564819335938, 71.1783447265625, 81.14161682128906, 78.86035919189453, 49.11761474609375, 33.417083740234375, 32.41193771362305, 48.79286193847656, 59.282779693603516, 63.88564682006836, 78.590087890625, 82.0258560180664, 49.89377975463867, 36.58772277832031, 38.882102966308594, 78.65704345703125]}