{"t2m": [20.542266845703125, 19.382965087890625, 17.70208740234375, 16.45928955078125, 20.95428466796875, 25.21514892578125, 27.89019775390625, 23.881134033203125, 20.187744140625, 18.410247802734375, 17.45709228515625, 16.460540771484375, 20.976409912109375, 25.3380126953125, 27.187164306640625, 23.774871826171875, 19.74176025390625, 18.136077880859375, 17.006103515625, 16.108642578125, 20.63067626953125, 25.04473876953125, 27.2847900390625, 23.699951171875], "wnd": [6.10596227645874, 4.685102939605713, 2.2673091888427734, 3.9266409873962402, 4.253184795379639, 11.286049842834473, 14.18109130859375, 10.993727684020996, 6.493884563446045, 4.401838779449463, 2.5146024227142334, 4.778059482574463, 4.597161769866943, 12.576095581054688, 22.726083755493164, 18.411014556884766, 4.692689418792725, 4.881283760070801, 2.968291997909546, 4.4194135665893555, 4.796520233154297, 11.759544372558594, 14.41530704498291, 15.402955055236816], "dir": [140.2618408203125, 113.72026062011719, 6.750984191894531, 339.9644775390625, 203.66763305664062, 154.77272033691406, 117.55581665039062, 116.21475219726562, 118.32898712158203, 46.68009948730469, 351.6133117675781, 358.53070068359375, 179.50192260742188, 155.57241821289062, 62.224815368652344, 78.36306762695312, 93.81475830078125, 43.73755645751953, 14.899986267089844, 19.210243225097656, 180.79901123046875, 151.73556518554688, 73.80110168457031, 78.46159362792969], "psl": [877.9890747070312, 878.9093627929688, 877.5695190429688, 878.0390625, 879.1517944335938, 878.0958862304688, 875.8619384765625, 876.77197265625, 878.610595703125, 879.2578735351562, 878.4347534179688, 878.7265014648438, 880.0667114257812, 878.6563110351562, 876.4597778320312, 877.3084106445312, 879.4644775390625, 880.467041015625, 879.2616577148438, 879.3421630859375, 880.2438354492188, 878.798095703125, 876.52099609375, 877.365478515625], "pre": [1.8402025736552474e-10, 0.0, 0.0, 0.0, 0.0, 0.0, 0.0, 3.3834046675451646e-14, 1.3877787807814457e-17, 0.0, 0.0, 0.0, 0.0, 0.0, 0.0, 0.0, 0.0, 0.0, 0.0, 0.0, 0.0, 0.0, 0.0, 5.383776202627644e-10], "sw": [0.0, 0.0, 0.0, 0.0, 612.511474609375, 1047.349609375, 845.55615234375, 23.997270584106445, 0.0, 0.0, 0.0, 0.0, 599.4616088867188, 1042.0931396484375, 820.7278442382812, 132.584228515625, 0.0, 0.0, 0.0, 0.0, 603.818359375, 1041.20703125, 833.096923828125, 25.543514251708984], "rh": [73.17427062988281, 76.49430847167969, 78.27605438232422, 82.50798034667969, 65.13319396972656, 51.27616500854492, 39.605342864990234, 55.43281555175781, 73.14946746826172, 79.56896209716797, 82.90302276611328, 83.16099548339844, 64.79003143310547, 51.022254943847656, 44.395606994628906, 54.301429748535156, 73.04744720458984, 79.68040466308594, 83.27460479736328, 84.63103485107422, 67.24771118164062, 52.92454528808594, 42.192955017089844, 55.81959533691406]}