{"t2m": [14.20928955078125, 12.04010009765625, 10.91668701171875, 10.801910400390625, 17.79827880859375, 21.2071533203125, 22.470550537109375, 17.18121337890625, 14.99102783203125, 12.444976806640625, 11.4005126953125, 10.571868896484375, 17.674041748046875, 20.908416748046875, 21.740325927734375, 18.058135986328125, 15.6343994140625, 14.14715576171875, 11.390594482421875, 11.120880126953125, 17.380157470703125, 20.68927001953125, 21.082977294921875, 16.38134765625], "wnd": [12.08018684387207, 5.38640022277832, 6.951684951782227, 6.393190860748291, 6.006965160369873, 6.361021041870117, 12.66879653930664, 15.519238471984863, 15.728150367736816, 8.084820747375488, 11.993717193603516, 7.653553009033203, 8.382804870605469, 6.501325607299805, 10.121808052062988, 13.296817779541016, 22.86071014404297, 16.696578979492188, 4.378757476806641, 1.443793535232544, 4.999800682067871, 6.0738911628723145, 11.353208541870117, 8.894546508789062], "dir": [44.53255081176758, 114.78958129882812, 11.887344360351562, 8.882675170898438, 45.429813385009766, 100.93258666992188, 185.84788513183594, 72.40093231201172, 45.97265625, 24.58002471923828, 25.346084594726562, 353.07159423828125, 55.36955261230469, 108.41416931152344, 165.46237182617188, 66.86235046386719, 34.3557243347168, 38.545738220214844, 231.81307983398438, 29.802257537841797, 43.157958984375, 100.4715805053711, 177.65176391601562, 127.55931854248047], "psl": [771.4017944335938, 772.0404052734375, 770.7701416015625, 770.8167724609375, 771.982666015625, 771.79443359375, 769.9929809570312, 770.9393920898438, 771.6624755859375, 772.2681274414062, 771.2986450195312, 771.7113037109375, 772.8342895507812, 772.3958740234375, 770.628662109375, 770.9593505859375, 772.0281982421875, 772.7286987304688, 771.8983764648438, 771.8714599609375, 772.82861328125, 772.3121337890625, 770.5152587890625, 771.3463134765625], "pre": [2.417829990386963, 0.04874825477600098, 0.0, 0.0, 0.0, 0.0, 0.0, 0.2883983850479126, 0.14893674850463867, 0.0, 0.0, 0.0, 0.0, 0.0, 0.0, 0.9531892538070679, 0.0, 0.0, 0.0, 0.0, 0.0, 0.0, 0.0, 1.1417652368545532], "sw": [0.0, 0.0, 0.0, 0.0, 627.9443359375, 1082.2730712890625, 878.9954833984375, 165.53237915039062, 0.0, 0.0, 0.0, 0.0, 620.4812622070312, 1073.5189208984375, 305.8494567871094, 63.12517547607422, 0.0, 0.0, 0.0, 0.0, 620.133544921875, 1072.7413330078125, 211.84751892089844, 9.999999717180685e-10], "rh": [85.78274536132812, 87.20877838134766, 83.32196044921875, 66.39851379394531, 45.766109466552734, 33.481204986572266, 35.01918411254883, 73.08514404296875, 61.42779541015625, 68.09709930419922, 68.2723617553711, 67.34745025634766, 45.92098617553711, 36.94147872924805, 36.99397659301758, 66.565673828125, 58.71536636352539, 54.96614074707031, 70.94878387451172, 68.17146301269531, 50.08432388305664, 38.93837356567383, 40.41398620605469, 75.4430160522461]}