{"t2m": [21.08978271484375, 19.3680419921875, 18.354705810546875, 17.866485595703125, 22.880126953125, 27.392486572265625, 30.57666015625, 28.416656494140625, 22.63031005859375, 21.357818603515625, 20.0489501953125, 18.502410888671875, 24.10888671875, 28.92578125, 32.523406982421875, 30.02484130859375, 23.90167236328125, 22.3277587890625, 19.84124755859375, 18.814483642578125, 24.28118896484375, 28.70843505859375, 31.3848876953125, 29.36480712890625], "wnd": [14.900911331176758, 7.984538555145264, 7.413201332092285, 6.852908134460449, 1.028282642364502, 2.7616682052612305, 4.099617958068848, 12.805373191833496, 8.317811965942383, 3.2101171016693115, 3.807310104370117, 3.0599865913391113, 3.3918466567993164, 2.9426510334014893, 9.139528274536133, 10.548705101013184, 9.070405006408691, 11.50932502746582, 7.7791829109191895, 3.401041269302368, 2.1822447776794434, 2.248077630996704, 6.057951927185059, 10.620089530944824], "dir": [218.9742889404297, 309.46441650390625, 307.2679443359375, 302.77508544921875, 179.83929443359375, 359.102294921875, 311.1298828125, 265.15948486328125, 81.15292358398438, 171.63385009765625, 335.9730224609375, 322.45147705078125, 135.1529541015625, 12.498649597167969, 47.32081985473633, 249.02508544921875, 160.38714599609375, 203.55422973632812, 195.2140350341797, 180.87356567382812, 72.87918090820312, 336.26446533203125, 335.1269226074219, 243.94248962402344], "psl": [897.896728515625, 899.54150390625, 898.0626831054688, 898.3038330078125, 899.5761108398438, 898.4830322265625, 895.4857177734375, 895.1787719726562, 897.984130859375, 899.06494140625, 898.6939697265625, 899.0903930664062, 900.1185302734375, 898.5903930664062, 895.3220825195312, 895.1878051757812, 898.4307250976562, 899.76025390625, 899.072021484375, 899.3194580078125, 900.2235107421875, 898.9396362304688, 895.9213256835938, 895.7483520507812], "pre": [17.000389099121094, 0.3493690490722656, 0.0, 0.0, 0.0, 0.0, 0.0, 0.0, 0.0, 0.0, 0.0, 0.0, 0.0, 0.0, 0.0, 0.0, 0.0, 0.0, 0.0, 0.0, 0.0, 0.0, 0.0, 0.0], "sw": [0.0, 0.0, 0.0, 0.0, 577.7880249023438, 1039.5089111328125, 856.4507446289062, 141.0081024169922, 0.0, 0.0, 0.0, 0.0, 575.2860107421875, 1035.1361083984375, 852.8338012695312, 155.65744018554688, 0.0, 0.0, 0.0, 0.0, 577.2435913085938, 1038.620361328125, 852.4291381835938, 151.2213897705078], "rh": [90.5138168334961, 95.3421630859375, 94.04180145263672, 87.59380340576172, 63.84454345703125, 45.76761245727539, 34.394187927246094, 47.298431396484375, 69.60408782958984, 79.63116455078125, 80.64669036865234, 78.04729461669922, 58.149986267089844, 38.092498779296875, 25.333133697509766, 38.06221008300781, 52.69667434692383, 57.1270637512207, 65.93437957763672, 68.54390716552734, 52.10255813598633, 37.84550857543945, 28.36367416381836, 39.890419006347656]}