{"t2m": [10.519439697265625, 10.3326416015625, 9.77655029296875, 9.550384521484375, 14.06103515625, 15.80303955078125, 15.8721923828125, 11.959259033203125, 11.408447265625, 10.539794921875, 9.763427734375, 9.7421875, 13.63824462890625, 15.643646240234375, 14.952239990234375, 11.78509521484375, 11.395904541015625, 10.8160400390625, 9.960968017578125, 9.77862548828125, 13.882293701171875, 15.27325439453125, 14.178436279296875, 11.681365966796875], "wnd": [27.697343826293945, 26.15617561340332, 21.053611755371094, 21.332674026489258, 26.732702255249023, 24.196470260620117, 26.25212860107422, 25.728822708129883, 26.810659408569336, 26.523786544799805, 24.23932647705078, 21.324329376220703, 27.832406997680664, 25.39104461669922, 27.62701988220215, 29.733421325683594, 27.577651977539062, 29.509965896606445, 23.727453231811523, 22.807565689086914, 26.1672420501709, 25.226242065429688, 27.4732723236084, 30.685644149780273], "dir": [48.7524299621582, 50.0898323059082, 43.22764205932617, 43.815486907958984, 59.35647964477539, 60.09022903442383, 48.48698425292969, 45.86199951171875, 45.31130599975586, 44.33272933959961, 41.272308349609375, 42.08094024658203, 58.807769775390625, 64.2738265991211, 48.70687484741211, 49.96506881713867, 47.99959182739258, 47.54902648925781, 41.20602798461914, 41.15593719482422, 54.2703742980957, 63.986839294433594, 50.97640609741211, 48.294429779052734], "psl": [751.2550659179688, 751.2421264648438, 749.9254760742188, 750.145751953125, 751.3543090820312, 751.7293701171875, 750.3707885742188, 750.52392578125, 751.2923583984375, 751.4742431640625, 750.6289672851562, 750.8347778320312, 752.1365356445312, 752.2609252929688, 750.82470703125, 750.9619750976562, 751.957763671875, 752.1341552734375, 751.1295166015625, 751.0463256835938, 752.0977172851562, 752.2190551757812, 750.7078857421875, 750.9295043945312], "pre": [1.0054258154923446e-06, 8.093916221696418e-07, 1.8042101146420464e-09, 0.0, 0.0, 0.0, 5.247295575827593e-08, 0.0003447193594183773, 0.00010489474516361952, 4.743924364447594e-09, 1.1874362826347351e-08, 0.0, 0.0, 0.0, 6.805319571867585e-06, 0.0001748275535646826, 7.248827023431659e-05, 0.0, 0.0, 0.0, 0.0, 0.0, 3.0398950912058353e-06, 0.0005432722973637283], "sw": [0.0, 0.0, 0.0, 0.0, 647.7044677734375, 1091.203125, 872.1469116210938, 42.40230941772461, 0.0, 0.0, 0.0, 0.0, 631.1612548828125, 1083.970947265625, 807.1992797851562, 13.00282096862793, 0.0, 0.0, 0.0, 0.0, 636.3755493164062, 1082.000244140625, 867.3074951171875, 23.224971771240234], "rh": [96.28008270263672, 96.04298400878906, 87.9630355834961, 83.82357788085938, 63.16916275024414, 65.72914123535156, 70.1333999633789, 93.17914581298828, 88.91764068603516, 98.4014663696289, 90.49375915527344, 84.6115493774414, 70.54839324951172, 64.95999145507812, 76.2325668334961, 97.91770935058594, 83.83735656738281, 89.84255981445312, 90.77894592285156, 89.61719512939453, 75.24443054199219, 72.55586242675781, 83.51303100585938, 97.80915069580078]}