{"t2m": [19.337615966796875, 18.2484130859375, 17.04803466796875, 16.195220947265625, 22.167083740234375, 26.732421875, 29.496734619140625, 27.042388916015625, 21.7303466796875, 18.874725341796875, 17.752197265625, 16.53717041015625, 23.08062744140625, 27.3829345703125, 29.834747314453125, 27.011871337890625, 23.009796142578125, 20.567291259765625, 17.96356201171875, 16.96490478515625, 23.0318603515625, 26.858489990234375, 29.21624755859375, 22.343109130859375], "wnd": [6.0014190673828125, 10.942875862121582, 8.60018253326416, 9.287046432495117, 5.580585479736328, 1.0669409036636353, 1.0493144989013672, 10.482218742370605, 9.170065879821777, 5.546538829803467, 8.175248146057129, 8.42109489440918, 7.827491760253906, 7.96115255355835, 5.642457962036133, 17.069313049316406, 18.686992645263672, 10.777381896972656, 12.750615119934082, 7.170157432556152, 7.629903316497803, 4.550656795501709, 3.029376983642578, 11.754026412963867], "dir": [49.06416320800781, 51.02759552001953, 52.38422775268555, 48.62062454223633, 97.79573822021484, 35.37120819091797, 226.9116668701172, 253.87954711914062, 84.00928497314453, 35.8679084777832, 75.77975463867188, 30.202533721923828, 103.18184661865234, 89.98663330078125, 91.32996368408203, 124.46563720703125, 94.49993133544922, 103.44778442382812, 59.15862274169922, 13.594863891601562, 82.54817199707031, 142.71302795410156, 169.52651977539062, 59.0798225402832], "psl": [859.7704467773438, 860.6187744140625, 859.40869140625, 859.4304809570312, 860.578857421875, 859.7296142578125, 857.0211791992188, 857.388427734375, 860.0836181640625, 860.6043090820312, 860.0448608398438, 860.3621826171875, 861.4222412109375, 860.2017211914062, 857.5159912109375, 857.854736328125, 859.787841796875, 861.4033813476562, 860.5586547851562, 860.6564331054688, 861.5302124023438, 860.4135131835938, 857.6328735351562, 859.1251831054688], "pre": [3.0941436290740967, 2.4400651454925537e-07, 0.0, 0.0, 0.0, 0.0, 0.0, 0.0, 0.043970346450805664, 0.0, 0.0, 0.0, 0.0, 0.0, 0.0, 0.027161836624145508, 0.0, 0.0, 0.0, 0.0, 0.0, 0.0, 0.0, 0.5887514352798462], "sw": [0.0, 0.0, 0.0, 0.0, 595.0619506835938, 1054.9329833984375, 864.1063232421875, 157.60284423828125, 0.0, 0.0, 0.0, 0.0, 588.3787231445312, 1051.6593017578125, 856.7252197265625, 152.00949096679688, 0.0, 0.0, 0.0, 0.0, 591.2257080078125, 1049.2239990234375, 852.326416015625, 4.810253620147705], "rh": [88.98886108398438, 91.72013092041016, 80.37764739990234, 74.60661315917969, 55.5333366394043, 37.400062561035156, 27.364482879638672, 45.36905288696289, 63.22608184814453, 68.32136535644531, 73.81417846679688, 67.11980438232422, 49.96714782714844, 32.39936447143555, 26.643911361694336, 43.26390838623047, 48.33631896972656, 54.6348762512207, 63.899051666259766, 69.56898498535156, 45.971527099609375, 34.62594985961914, 29.974878311157227, 65.39570617675781]}