{"t2m": [13.473052978515625, 12.973388671875, 9.94281005859375, 9.134185791015625, 15.599273681640625, 16.56585693359375, 15.598114013671875, 13.462982177734375, 11.608001708984375, 12.220062255859375, 9.758819580078125, 9.261566162109375, 16.042205810546875, 16.45208740234375, 14.78369140625, 13.368377685546875, 11.726226806640625, 10.2247314453125, 9.03753662109375, 8.989715576171875, 16.36041259765625, 17.13134765625, 15.110321044921875, 13.13897705078125], "wnd": [8.669879913330078, 4.783367156982422, 9.930352210998535, 10.2193021774292, 8.030387878417969, 17.62013816833496, 16.648170471191406, 9.96262264251709, 7.182624340057373, 5.783625602722168, 9.333105087280273, 9.30168342590332, 10.130756378173828, 17.044557571411133, 13.736517906188965, 8.405308723449707, 8.56330394744873, 10.015366554260254, 9.562761306762695, 10.940143585205078, 6.483191967010498, 17.715295791625977, 15.945396423339844, 9.28311824798584], "dir": [73.71893310546875, 99.0168228149414, 158.00433349609375, 143.81146240234375, 63.27052307128906, 47.9210090637207, 46.394554138183594, 55.82481384277344, 154.51052856445312, 139.6020965576172, 158.42047119140625, 164.86962890625, 47.44996643066406, 46.061073303222656, 51.540687561035156, 57.353816986083984, 162.64846801757812, 152.98428344726562, 142.38949584960938, 164.36996459960938, 76.1095199584961, 45.82422637939453, 44.053531646728516, 74.36046600341797], "psl": [776.1826782226562, 776.4368896484375, 775.1688232421875, 775.3568115234375, 776.5584106445312, 776.5932006835938, 775.57177734375, 775.7611694335938, 776.43115234375, 776.802734375, 775.77880859375, 776.0579833984375, 777.2515869140625, 777.240478515625, 776.29296875, 776.2298583984375, 777.028076171875, 777.4415893554688, 776.36376953125, 776.1423950195312, 777.1976318359375, 777.1210327148438, 775.9888305664062, 776.180908203125], "pre": [0.3533717095851898, 0.501438558101654, 0.0, 0.0, 0.0, 0.0, 0.00013105571269989014, 4.246830940246582e-07, 0.0, 0.0, 0.0, 0.0, 0.0, 0.0, 4.656612873077393e-06, 0.01250426471233368, 0.0013811364769935608, 0.0, 0.0, 0.0, 0.0, 0.0, 2.4959444999694824e-06, 0.05220789462327957], "sw": [0.0, 0.0, 0.0, 0.0, 624.7062377929688, 837.4682006835938, 727.5521850585938, 56.91719436645508, 0.0, 0.0, 0.0, 0.0, 602.1834716796875, 998.8999633789062, 327.93133544921875, 40.84294891357422, 0.0, 0.0, 0.0, 0.0, 614.5464477539062, 1062.74853515625, 581.0184936523438, 1.0970031023025513], "rh": [99.32630920410156, 98.94437408447266, 91.84748077392578, 86.46772766113281, 72.89591979980469, 80.4725112915039, 87.1070327758789, 93.38086700439453, 90.43987274169922, 81.14665222167969, 82.97071838378906, 76.1146011352539, 63.756858825683594, 80.84195709228516, 93.65867614746094, 95.30150604248047, 85.59596252441406, 82.08100128173828, 81.56425476074219, 76.34720611572266, 63.40752410888672, 76.25120544433594, 90.289306640625, 98.5215072631836]}