{"t2m": [16.522918701171875, 14.311767578125, 12.287139892578125, 11.803253173828125, 17.910186767578125, 21.29473876953125, 23.165313720703125, 20.103363037109375, 16.68310546875, 14.766387939453125, 13.365020751953125, 12.172882080078125, 18.24481201171875, 21.603668212890625, 22.935760498046875, 19.484771728515625, 16.298583984375, 14.062957763671875, 12.29010009765625, 11.772186279296875, 17.600921630859375, 21.121856689453125, 22.446868896484375, 18.800323486328125], "wnd": [15.567071914672852, 11.135597229003906, 7.589119911193848, 10.710762977600098, 14.396239280700684, 17.35430908203125, 20.55324363708496, 24.34015464782715, 15.747438430786133, 11.792405128479004, 7.006321907043457, 9.216506958007812, 13.671985626220703, 18.809005737304688, 23.990877151489258, 25.49942970275879, 14.23958683013916, 14.070343017578125, 9.09925651550293, 10.72642993927002, 12.648261070251465, 17.61261558532715, 20.344383239746094, 24.53078842163086], "dir": [124.64140319824219, 95.41876983642578, 135.193603515625, 161.01412963867188, 138.1158447265625, 124.67367553710938, 107.74696350097656, 95.26661682128906, 105.43057250976562, 128.80117797851562, 159.29324340820312, 166.49496459960938, 133.7913818359375, 123.33416748046875, 115.59473419189453, 84.23921203613281, 108.35590362548828, 115.24727630615234, 149.36105346679688, 167.67123413085938, 139.90567016601562, 124.84077453613281, 118.71653747558594, 72.0763931274414], "psl": [813.4076538085938, 814.027099609375, 812.78662109375, 812.9845581054688, 814.0209350585938, 813.7095947265625, 811.937744140625, 812.4901733398438, 813.9310302734375, 814.3111572265625, 813.5186767578125, 813.691162109375, 814.8848266601562, 814.2120361328125, 812.5097045898438, 813.0448608398438, 814.6724243164062, 815.2400512695312, 814.0636596679688, 814.0410766601562, 814.974609375, 814.30126953125, 812.4151611328125, 813.125244140625], "pre": [9.706378837973744e-22, 1.9095432129043966e-23, 0.0, 0.0, 0.0, 0.0, 0.0, 0.0, 1.5163224311603928e-22, 3.7635809103399945e-23, 0.0, 0.0, 0.0, 0.0, 0.0, 0.0, 1.828642687174723e-25, 0.0, 0.0, 0.0, 0.0, 0.0, 0.0, 1.4582693367298371e-24], "sw": [0.0, 0.0, 0.0, 0.0, 625.7894287109375, 1067.34619140625, 861.612548828125, 155.57675170898438, 0.0, 0.0, 0.0, 0.0, 614.9197998046875, 1060.2198486328125, 854.067138671875, 146.03271484375, 0.0, 0.0, 0.0, 0.0, 616.3130493164062, 1057.587158203125, 849.8223876953125, 31.80327606201172], "rh": [72.4859619140625, 87.08568572998047, 94.60674285888672, 87.59020233154297, 58.71827697753906, 53.754669189453125, 49.229896545410156, 58.997398376464844, 77.49105834960938, 89.31438446044922, 92.97050476074219, 86.70780944824219, 58.13513946533203, 52.96837615966797, 49.35881042480469, 63.82533264160156, 78.73710632324219, 89.99295806884766, 94.85408782958984, 90.66679382324219, 64.92522430419922, 57.9157829284668, 52.77111053466797, 68.12390899658203]}