{"t2m": [20.529449462890625, 18.5391845703125, 17.850799560546875, 16.53369140625, 22.961395263671875, 27.162750244140625, 29.248687744140625, 27.15948486328125, 20.36846923828125, 19.44268798828125, 18.160858154296875, 16.600006103515625, 23.3648681640625, 28.297637939453125, 30.696197509765625, 27.571014404296875, 23.46466064453125, 19.949554443359375, 17.6463623046875, 16.989837646484375, 24.148895263671875, 27.65655517578125, 29.95025634765625, 21.989044189453125], "wnd": [11.963607788085938, 8.639378547668457, 10.029542922973633, 12.4470853805542, 5.025430679321289, 3.9779348373413086, 10.570205688476562, 12.650028228759766, 8.245484352111816, 5.1251301765441895, 11.82227611541748, 12.947405815124512, 4.5904316902160645, 8.985464096069336, 3.033252000808716, 15.71898365020752, 16.13629150390625, 9.855462074279785, 10.712626457214355, 10.311758041381836, 2.5603504180908203, 4.397115707397461, 10.199686050415039, 29.944095611572266], "dir": [89.84175109863281, 47.146400451660156, 56.2349967956543, 66.48063659667969, 99.25763702392578, 271.5194091796875, 247.73605346679688, 276.0892028808594, 27.84280014038086, 17.073150634765625, 33.16786193847656, 30.78134536743164, 134.64987182617188, 94.89397430419922, 94.60823059082031, 118.76880645751953, 90.32427215576172, 55.0230827331543, 47.07728958129883, 21.11871337890625, 14.1744384765625, 159.42059326171875, 239.55328369140625, 81.05402374267578], "psl": [870.384521484375, 871.251708984375, 869.9522705078125, 870.0120849609375, 871.198486328125, 870.31982421875, 867.6629028320312, 867.7335205078125, 870.603515625, 871.219970703125, 870.5933837890625, 870.9930419921875, 872.0476684570312, 870.6824951171875, 867.8799438476562, 868.1533813476562, 870.309326171875, 871.904541015625, 871.1495361328125, 871.2438354492188, 872.0736694335938, 870.97216796875, 868.1355590820312, 869.205322265625], "pre": [2.8020148277282715, 0.14968930184841156, 0.0, 0.0, 0.0, 0.0, 0.0, 0.0, 0.589449405670166, 0.4374969005584717, 0.0, 0.0, 0.0, 0.0, 0.0, 0.0, 0.0, 0.0, 0.0, 0.0, 0.0, 0.0, 0.0, 0.1700342893600464], "sw": [0.0, 0.0, 0.0, 0.0, 589.3724365234375, 1048.8072509765625, 859.3287963867188, 158.23873901367188, 0.0, 0.0, 0.0, 0.0, 585.1249389648438, 1046.86767578125, 855.0526123046875, 4.686413288116455, 0.0, 0.0, 0.0, 0.0, 585.6572265625, 1046.735595703125, 852.4808349609375, 85.26776123046875], "rh": [85.6777572631836, 91.60202026367188, 81.19385528564453, 76.22505187988281, 55.46113204956055, 39.865787506103516, 33.80998229980469, 50.157691955566406, 78.85740661621094, 77.44458770751953, 74.40475463867188, 69.1148452758789, 51.423072814941406, 31.19428825378418, 26.218175888061523, 39.66694641113281, 47.4377555847168, 59.41666793823242, 68.23295593261719, 73.89714050292969, 44.806434631347656, 33.88348388671875, 28.170576095581055, 66.3643798828125]}