{"t2m": [17.371246337890625, 14.388824462890625, 13.843017578125, 12.82647705078125, 19.94366455078125, 24.246490478515625, 25.744598388671875, 22.154998779296875, 17.613525390625, 15.880645751953125, 14.452056884765625, 13.69085693359375, 20.04827880859375, 24.40008544921875, 25.08184814453125, 22.0567626953125, 18.290618896484375, 15.810821533203125, 14.06396484375, 12.56622314453125, 19.328765869140625, 23.700469970703125, 24.44805908203125, 18.3956298828125], "wnd": [11.557168960571289, 9.428915023803711, 15.273764610290527, 16.221540451049805, 13.792437553405762, 18.229724884033203, 25.08177947998047, 25.023447036743164, 19.21086311340332, 9.000513076782227, 15.618010520935059, 17.42601203918457, 12.8912992477417, 17.02434539794922, 26.136077880859375, 24.772212982177734, 20.8631534576416, 16.061071395874023, 16.30699348449707, 11.285063743591309, 11.474684715270996, 9.955524444580078, 25.423770904541016, 25.962696075439453], "dir": [16.059921264648438, 51.58534622192383, 62.45191192626953, 48.65604019165039, 48.12944793701172, 133.80429077148438, 126.98902130126953, 119.92575073242188, 91.87359619140625, 55.66598129272461, 83.84788513183594, 53.90458679199219, 49.54359436035156, 126.30883026123047, 130.57650756835938, 91.4293441772461, 86.69649505615234, 78.58496856689453, 77.51854705810547, 62.282989501953125, 41.41010665893555, 164.1142578125, 143.16488647460938, 49.67435836791992], "psl": [810.6699829101562, 811.534912109375, 810.323486328125, 810.4393920898438, 811.4639892578125, 810.8931884765625, 808.927001953125, 809.7228393554688, 811.0914306640625, 811.76318359375, 810.975830078125, 811.1978149414062, 812.3338012695312, 811.4232177734375, 809.5328979492188, 810.0153198242188, 811.6763916015625, 812.3602905273438, 811.4664306640625, 811.6265869140625, 812.4280395507812, 811.4629516601562, 809.5155639648438, 810.8038330078125], "pre": [1.1851444270405409e-08, 0.0, 0.0, 0.0, 0.0, 0.0, 0.0, 0.0, 0.0, 0.0, 0.0, 0.0, 0.0, 0.0, 0.0, 0.0, 0.0, 0.0, 0.0, 0.0, 0.0, 0.0, 0.0, 3.7611377239227295], "sw": [0.0, 0.0, 0.0, 0.0, 621.1915283203125, 1069.5106201171875, 872.7452392578125, 159.98095703125, 0.0, 0.0, 0.0, 0.0, 612.8839111328125, 1062.65087890625, 831.065673828125, 151.5085906982422, 0.0, 0.0, 0.0, 0.0, 613.9635620117188, 1057.0714111328125, 854.6834106445312, 22.47034454345703], "rh": [72.71259307861328, 81.77088165283203, 80.26915740966797, 77.89871978759766, 46.06961441040039, 33.23971939086914, 29.60906410217285, 45.241153717041016, 68.64781188964844, 72.26483154296875, 77.43258666992188, 74.6164779663086, 46.05631637573242, 33.225948333740234, 35.87166976928711, 49.27745819091797, 60.85894012451172, 68.69255828857422, 80.51309204101562, 82.37858581542969, 48.53636169433594, 39.87468338012695, 39.710514068603516, 76.12725830078125]}