{"t2m": [14.8133544921875, 13.988555908203125, 12.3583984375, 12.840179443359375, 18.402740478515625, 21.330841064453125, 21.89068603515625, 17.61932373046875, 15.4095458984375, 14.528564453125, 12.866180419921875, 12.663787841796875, 18.311187744140625, 21.51629638671875, 21.681488037109375, 17.30633544921875, 15.428955078125, 14.208038330078125, 12.96197509765625, 12.391448974609375, 17.667022705078125, 21.365020751953125, 21.249755859375, 16.7867431640625], "wnd": [37.56718444824219, 34.61786651611328, 19.02578353881836, 26.60310173034668, 16.929569244384766, 19.702463150024414, 29.9945125579834, 30.239126205444336, 22.347816467285156, 29.473491668701172, 17.89670753479004, 22.83257293701172, 23.37734031677246, 22.249649047851562, 28.531452178955078, 31.16032600402832, 26.498069763183594, 28.819541931152344, 23.029645919799805, 24.279821395874023, 12.160116195678711, 14.283221244812012, 18.57035255432129, 27.248565673828125], "dir": [86.74481964111328, 86.47608947753906, 62.51725769042969, 74.7079086303711, 72.55542755126953, 96.94904327392578, 99.20745849609375, 93.94033813476562, 75.02515411376953, 87.79908752441406, 68.99700927734375, 63.669769287109375, 76.40425872802734, 95.78446960449219, 101.51112365722656, 89.46460723876953, 82.56195068359375, 78.50299835205078, 75.43135833740234, 71.66834259033203, 67.22718811035156, 95.97077941894531, 107.58114624023438, 96.88296508789062], "psl": [782.635498046875, 782.9259643554688, 782.15380859375, 782.1044311523438, 783.4802856445312, 783.3425903320312, 781.6359252929688, 782.139892578125, 783.2676391601562, 783.2815551757812, 782.8923950195312, 782.9693603515625, 784.1869506835938, 783.885009765625, 782.1331176757812, 782.6099243164062, 783.8174438476562, 783.9896240234375, 783.0908813476562, 783.1386108398438, 784.392822265625, 783.7340698242188, 781.990234375, 782.9182739257812], "pre": [1.753552014726919e-21, 1.881550419311579e-20, 4.8467614016778965e-26, 0.0, 0.0, 0.0, 4.017318967137419e-23, 0.0, 1.4495532441424864e-21, 7.136274552602501e-22, 0.0, 0.0, 0.0, 0.0, 0.0, 0.08820313215255737, 2.4447452250975444e-21, 0.0, 0.0, 0.0, 0.0, 0.0, 0.009181864559650421, 2.1683764457702637], "sw": [0.0, 0.0, 0.0, 0.0, 633.218505859375, 1080.486328125, 877.0792236328125, 17.79531478881836, 0.0, 0.0, 0.0, 0.0, 624.0252075195312, 1075.9205322265625, 578.7227783203125, 11.228927612304688, 0.0, 0.0, 0.0, 0.0, 623.3976440429688, 1066.5235595703125, 856.9967651367188, 57.653602600097656], "rh": [76.93853759765625, 75.5419921875, 82.77349853515625, 70.58283996582031, 44.187782287597656, 37.371299743652344, 39.1429328918457, 61.68833923339844, 71.80203247070312, 69.18765258789062, 79.4088363647461, 73.99638366699219, 47.5428581237793, 34.108673095703125, 39.27642822265625, 66.94430541992188, 67.88856506347656, 69.06141662597656, 76.84577941894531, 77.1778793334961, 50.53425979614258, 41.931461334228516, 50.79690933227539, 72.93304443359375]}