{"t2m": [15.068359375, 14.399017333984375, 12.8695068359375, 12.613433837890625, 17.79620361328125, 21.6175537109375, 22.6959228515625, 21.4749755859375, 16.384765625, 14.352325439453125, 13.8443603515625, 12.709503173828125, 18.408416748046875, 21.972930908203125, 23.519775390625, 21.45965576171875, 17.043426513671875, 16.13385009765625, 14.18341064453125, 13.28961181640625, 18.255645751953125, 21.636444091796875, 22.216278076171875, 16.636138916015625], "wnd": [9.016263008117676, 16.56052589416504, 13.206767082214355, 19.554920196533203, 16.701541900634766, 5.899828910827637, 13.757058143615723, 7.673782825469971, 10.545863151550293, 7.414220333099365, 17.51881980895996, 14.296398162841797, 17.52666473388672, 10.773625373840332, 12.03441047668457, 12.329222679138184, 20.205299377441406, 20.960966110229492, 12.043211936950684, 16.646886825561523, 17.72097396850586, 8.142484664916992, 18.296754837036133, 10.958601951599121], "dir": [340.3302307128906, 324.4444885253906, 347.33245849609375, 345.47808837890625, 3.841461181640625, 114.59263610839844, 176.13058471679688, 142.82684326171875, 263.90667724609375, 280.9957580566406, 348.91595458984375, 345.36627197265625, 7.50665283203125, 25.858184814453125, 163.50904846191406, 176.2510528564453, 336.83343505859375, 333.65582275390625, 344.2499694824219, 346.5328369140625, 13.672836303710938, 26.977558135986328, 194.2562255859375, 326.6283874511719], "psl": [784.0647583007812, 784.5993041992188, 783.3456420898438, 783.376953125, 784.471923828125, 784.2368774414062, 782.3965454101562, 782.6685791015625, 784.4443969726562, 784.7537231445312, 783.9032592773438, 784.23193359375, 785.3505249023438, 784.80615234375, 782.8764038085938, 783.0858764648438, 784.5631103515625, 785.2744750976562, 784.3516235351562, 784.340576171875, 785.3345336914062, 784.770263671875, 782.8563232421875, 783.8836059570312], "pre": [3.187558889389038, 1.960653305053711, 0.0, 0.0, 0.0, 0.0, 0.0, 0.0012285709381103516, 0.18520402908325195, 0.0, 0.0, 0.0, 0.0, 0.0, 0.0, 0.0418853759765625, 0.0327908992767334, 0.0, 0.0038766860961914062, 0.0, 0.0, 0.0, 0.0, 1.2314801216125488], "sw": [0.0, 0.0, 0.0, 0.0, 616.9202270507812, 1076.0677490234375, 865.4813232421875, 7.309977054595947, 0.0, 0.0, 0.0, 0.0, 610.6509399414062, 1071.1866455078125, 867.1067504882812, 35.91984176635742, 0.0, 0.0, 0.0, 0.0, 612.2730102539062, 1069.6707763671875, 856.9098510742188, 136.71058654785156], "rh": [93.44815063476562, 83.31905364990234, 80.40046691894531, 70.56338500976562, 56.84560012817383, 36.985748291015625, 44.34255599975586, 44.642154693603516, 73.32939147949219, 74.393798828125, 65.88697814941406, 59.036285400390625, 46.8433723449707, 34.81006622314453, 33.89799118041992, 42.097957611083984, 66.75623321533203, 60.664398193359375, 61.40816116333008, 60.27433776855469, 47.768558502197266, 37.11014175415039, 44.51138687133789, 77.89295196533203]}