{"t2m": [22.5338134765625, 21.543212890625, 19.018341064453125, 17.4697265625, 22.33953857421875, 26.774383544921875, 28.656707763671875, 24.932861328125, 22.290618896484375, 20.33819580078125, 18.535980224609375, 17.42034912109375, 22.562255859375, 26.8819580078125, 28.550384521484375, 25.507965087890625, 22.229248046875, 19.830902099609375, 18.0443115234375, 17.02972412109375, 22.001495361328125, 26.747528076171875, 28.53564453125, 25.786712646484375], "wnd": [10.742690086364746, 12.523789405822754, 2.640179395675659, 6.690073490142822, 7.670588970184326, 15.098159790039062, 19.59173011779785, 19.43116569519043, 13.847677230834961, 7.582546234130859, 4.84061861038208, 7.888777256011963, 8.635322570800781, 15.521262168884277, 22.103721618652344, 15.413701057434082, 12.147829055786133, 6.541399002075195, 5.732563018798828, 7.922623157501221, 6.861507892608643, 16.063220977783203, 14.857513427734375, 13.443696022033691], "dir": [177.3486328125, 154.25408935546875, 2.9862594604492188, 336.0181884765625, 139.94297790527344, 148.8765869140625, 147.2056884765625, 156.85406494140625, 158.76953125, 26.244487762451172, 353.6771240234375, 345.4640197753906, 135.45901489257812, 148.67832946777344, 67.3939208984375, 159.34921264648438, 145.6894989013672, 41.78163146972656, 346.37548828125, 345.50946044921875, 136.30165100097656, 147.33961486816406, 139.25692749023438, 66.06908416748047], "psl": [891.315185546875, 892.1788330078125, 890.983642578125, 891.5443115234375, 892.5993041992188, 891.4034423828125, 889.0770874023438, 890.1171875, 891.8697509765625, 892.619873046875, 891.8998413085938, 892.2271118164062, 893.505126953125, 891.9852294921875, 889.7809448242188, 891.0076293945312, 892.699462890625, 893.8348999023438, 892.7615356445312, 892.8773193359375, 893.7218627929688, 892.0967407226562, 889.6995849609375, 890.76220703125], "pre": [1.5143899611504713e-18, 1.6945828823914463e-21, 1.0339757656912846e-25, 0.0, 0.0, 0.0, 0.0, 4.1568731252691233e-19, 9.806226161816143e-22, 2.0679515313825692e-25, 0.0, 0.0, 0.0, 0.0, 2.0617476767884215e-22, 1.257314531080602e-22, 0.0, 0.0, 0.0, 0.0, 0.0, 0.0, 0.0, 1.060031954986705e-21], "sw": [0.0, 0.0, 0.0, 0.0, 608.7838745117188, 1043.841796875, 726.47607421875, 32.20647430419922, 0.0, 0.0, 0.0, 0.0, 594.3662109375, 1038.5228271484375, 737.1445922851562, 130.31100463867188, 0.0, 0.0, 0.0, 0.0, 600.4874267578125, 1038.15869140625, 828.3828125, 127.71015167236328], "rh": [63.283042907714844, 67.4251937866211, 77.38297271728516, 80.88006591796875, 59.81556701660156, 45.77119827270508, 41.424835205078125, 55.00395965576172, 62.80788040161133, 70.30489349365234, 79.71681213378906, 79.9324951171875, 58.47763442993164, 45.3489875793457, 40.28455352783203, 51.1856803894043, 60.23382568359375, 71.35308074951172, 80.35990905761719, 81.93111419677734, 61.3908576965332, 46.34243392944336, 41.42802429199219, 49.94559860229492]}