{"t2m": [17.971405029296875, 15.5423583984375, 14.79296875, 14.954193115234375, 20.97882080078125, 23.142669677734375, 25.916717529296875, 23.492340087890625, 18.2890625, 15.844268798828125, 15.01971435546875, 15.254852294921875, 21.438934326171875, 24.273529052734375, 25.943359375, 23.666534423828125, 19.682464599609375, 19.183807373046875, 15.07171630859375, 13.851348876953125, 20.64288330078125, 23.7059326171875, 25.605743408203125, 21.513885498046875], "wnd": [13.437007904052734, 10.289185523986816, 15.27293586730957, 21.8376522064209, 2.633354425430298, 9.949963569641113, 13.869193077087402, 10.472641944885254, 15.347436904907227, 8.484835624694824, 9.134379386901855, 20.228836059570312, 12.56599235534668, 10.274066925048828, 12.584429740905762, 20.942068099975586, 8.304344177246094, 5.181814193725586, 5.159754276275635, 12.005191802978516, 4.506788730621338, 11.353011131286621, 9.188594818115234, 18.082799911499023], "dir": [83.23643493652344, 37.09685516357422, 20.065818786621094, 26.36774444580078, 29.836326599121094, 199.5540771484375, 132.81094360351562, 224.85626220703125, 156.17459106445312, 340.11297607421875, 12.354896545410156, 26.14450454711914, 29.34619140625, 131.3865203857422, 131.61439514160156, 111.54415893554688, 70.25631713867188, 0.913177490234375, 43.226375579833984, 24.451011657714844, 68.3940658569336, 178.5757293701172, 187.86135864257812, 98.84256744384766], "psl": [818.8775024414062, 819.6912231445312, 818.27587890625, 818.2499389648438, 819.44970703125, 819.1359252929688, 816.923828125, 817.2762451171875, 819.1958618164062, 819.7034301757812, 818.966552734375, 819.225341796875, 820.3468627929688, 819.5482177734375, 817.467529296875, 817.554931640625, 819.3110961914062, 820.5047607421875, 819.515625, 819.5169677734375, 820.460693359375, 819.6611938476562, 817.4244384765625, 818.1802978515625], "pre": [2.787971258163452, 0.6609000563621521, 0.0, 0.0, 0.0, 0.0, 0.0, 0.0002620220184326172, 0.08236432075500488, 0.0, 0.0, 0.0, 0.0, 0.0, 0.0, 0.0, 0.0, 0.10459184646606445, 0.0, 0.0, 0.0, 0.0, 0.0, 0.23886340856552124], "sw": [0.0, 0.0, 0.0, 0.0, 606.3399658203125, 1056.5406494140625, 872.1520385742188, 140.83702087402344, 0.0, 0.0, 0.0, 0.0, 600.7351684570312, 1055.6558837890625, 855.9215698242188, 115.00584411621094, 0.0, 0.0, 0.0, 0.0, 598.4535522460938, 1051.8480224609375, 859.9650268554688, 150.49264526367188], "rh": [85.54080963134766, 90.93730163574219, 80.8681411743164, 71.92450714111328, 49.0904426574707, 48.841827392578125, 32.36517333984375, 54.266441345214844, 64.04553985595703, 77.82410430908203, 75.31908416748047, 62.63335418701172, 41.99745559692383, 37.677127838134766, 32.69219970703125, 44.917842864990234, 60.763858795166016, 60.38962173461914, 78.00296783447266, 67.96472930908203, 46.052146911621094, 42.10466003417969, 34.07366943359375, 60.147308349609375]}