{"t2m": [16.009429931640625, 15.657867431640625, 14.58203125, 13.9117431640625, 18.16033935546875, 22.582733154296875, 24.486358642578125, 22.303558349609375, 18.313232421875, 17.2982177734375, 14.517974853515625, 13.436309814453125, 18.26898193359375, 22.735321044921875, 24.443572998046875, 22.337310791015625, 18.10174560546875, 17.055572509765625, 16.62725830078125, 14.253265380859375, 18.127685546875, 22.56494140625, 23.636962890625, 19.6793212890625], "wnd": [6.963785648345947, 8.697978019714355, 11.165255546569824, 17.520252227783203, 12.100532531738281, 0.5568325519561768, 13.526422500610352, 7.3334784507751465, 10.738934516906738, 8.207955360412598, 14.028923988342285, 13.877001762390137, 12.29569149017334, 3.399799108505249, 12.030624389648438, 14.282039642333984, 18.939193725585938, 15.16085433959961, 12.916546821594238, 15.970025062561035, 10.879755020141602, 3.9649360179901123, 15.898687362670898, 6.060912132263184], "dir": [339.5662841796875, 314.1473693847656, 329.50323486328125, 339.38580322265625, 349.48663330078125, 62.8034782409668, 182.36123657226562, 81.43194580078125, 306.06085205078125, 269.709228515625, 348.2132568359375, 349.11199951171875, 355.56976318359375, 35.188419342041016, 188.80569458007812, 133.5425567626953, 328.9527587890625, 329.1688232421875, 330.3755187988281, 343.29913330078125, 2.8958892822265625, 21.089393615722656, 210.93756103515625, 127.5297622680664], "psl": [789.936279296875, 790.5960693359375, 789.3367919921875, 789.467041015625, 790.496826171875, 790.05712890625, 788.0382080078125, 788.6500854492188, 790.230224609375, 790.7196044921875, 789.9871826171875, 790.3629150390625, 791.4107055664062, 790.655517578125, 788.6484375, 788.988525390625, 790.3836669921875, 791.2095336914062, 790.37060546875, 790.4236450195312, 791.4041137695312, 790.5424194335938, 788.4900512695312, 789.5613403320312], "pre": [4.348529815673828, 0.2697429656982422, 0.0, 0.0, 0.0, 0.0, 0.0, 7.62939453125e-06, 0.0, 0.0, 0.0, 0.0, 0.0, 0.0, 0.0, 1.0728836059570312e-05, 0.0, 0.0, 0.0, 0.0, 0.0, 0.0, 0.0, 1.452686071395874], "sw": [0.0, 0.0, 0.0, 0.0, 617.71484375, 1073.4296875, 870.4173583984375, 5.699448108673096, 0.0, 0.0, 0.0, 0.0, 610.3846435546875, 1067.19384765625, 859.4893798828125, 3.60689115524292, 0.0, 0.0, 0.0, 0.0, 611.0961303710938, 1064.8370361328125, 356.0478820800781, 6.185224533081055], "rh": [87.7454833984375, 79.34149169921875, 74.88404846191406, 68.13920593261719, 48.59764099121094, 30.897722244262695, 31.36792755126953, 40.2425537109375, 61.767417907714844, 59.993690490722656, 64.08834838867188, 65.5440673828125, 45.87057113647461, 30.098108291625977, 29.390892028808594, 40.81582260131836, 63.3747444152832, 59.014339447021484, 53.91361618041992, 59.28033447265625, 47.248741149902344, 34.03014373779297, 37.238346099853516, 56.51860046386719]}