{"t2m": [16.40118408203125, 14.290863037109375, 13.262237548828125, 12.8975830078125, 17.87677001953125, 18.195587158203125, 18.06787109375, 16.601226806640625, 15.71710205078125, 14.12548828125, 14.103240966796875, 13.5736083984375, 18.120452880859375, 18.38714599609375, 16.97943115234375, 16.324066162109375, 14.899566650390625, 13.8133544921875, 13.668182373046875, 12.79937744140625, 17.941558837890625, 18.296173095703125, 16.877685546875, 16.017333984375], "wnd": [3.5054643154144287, 6.938284397125244, 9.820938110351562, 9.571331024169922, 7.814313888549805, 8.85000228881836, 7.333301067352295, 3.104384422302246, 3.942476272583008, 4.6050920486450195, 10.376562118530273, 10.104025840759277, 6.554404258728027, 11.418452262878418, 6.251142501831055, 0.6073981523513794, 5.0837721824646, 9.66050910949707, 10.359129905700684, 8.717390060424805, 6.484188556671143, 10.892021179199219, 7.350985527038574, 3.4316492080688477], "dir": [326.7607421875, 296.70684814453125, 292.3018798828125, 307.40478515625, 68.24400329589844, 69.59278106689453, 46.636356353759766, 348.9002685546875, 344.656494140625, 314.553466796875, 301.39410400390625, 319.3249206542969, 57.374576568603516, 80.76103973388672, 67.90591430664062, 7.750495910644531, 330.591552734375, 307.8160400390625, 312.91253662109375, 306.15557861328125, 57.594478607177734, 83.91698455810547, 93.48823547363281, 26.277339935302734], "psl": [836.6525268554688, 836.5393676757812, 834.8761596679688, 835.1815795898438, 836.7198486328125, 836.8027954101562, 835.2647705078125, 835.7267456054688, 836.6063232421875, 836.8397827148438, 835.7452392578125, 835.8516235351562, 837.5811157226562, 837.45947265625, 836.1878051757812, 836.395751953125, 837.2847900390625, 837.54833984375, 836.2808837890625, 836.2679443359375, 837.4932861328125, 837.4777221679688, 836.01318359375, 836.47314453125], "pre": [1.954965591430664, 0.6387404203414917, 0.0, 0.0, 0.0, 2.109473943710327, 5.58131217956543, 3.003706693649292, 2.096090316772461, 0.12664318084716797, 0.0, 0.0, 0.0, 0.49909210205078125, 14.247166633605957, 4.029438018798828, 0.1751861572265625, 0.0, 0.0, 0.0, 0.0, 2.9950942993164062, 11.973447799682617, 9.619575500488281], "sw": [0.0, 0.0, 0.0, 0.0, 625.5850219726562, 945.0014038085938, 454.76190185546875, 9.999999717180685e-10, 0.0, 0.0, 0.0, 0.0, 617.0672607421875, 844.1788330078125, 187.2744903564453, 26.126615524291992, 0.0, 0.0, 0.0, 0.0, 617.504638671875, 905.7263793945312, 308.47613525390625, 24.10451316833496], "rh": [98.2657470703125, 94.11585235595703, 84.5112533569336, 78.45698547363281, 84.35457611083984, 98.80274200439453, 95.62074279785156, 100.10963439941406, 99.19359588623047, 95.55380249023438, 88.09877014160156, 75.00396728515625, 78.55574798583984, 92.54859161376953, 100.2458724975586, 99.48033905029297, 90.99007415771484, 85.6768569946289, 83.26520538330078, 80.21565246582031, 83.85247802734375, 95.57469940185547, 99.44723510742188, 100.09703826904297]}