{"t2m": [14.90234375, 14.352752685546875, 12.016632080078125, 11.35931396484375, 16.9100341796875, 18.041351318359375, 17.000091552734375, 14.728668212890625, 12.69573974609375, 13.617919921875, 11.672576904296875, 10.98162841796875, 17.416046142578125, 17.9609375, 15.9169921875, 14.82391357421875, 13.467193603515625, 12.36187744140625, 11.330657958984375, 10.9119873046875, 17.75335693359375, 18.1337890625, 16.166015625, 14.64044189453125], "wnd": [5.091848850250244, 2.436633586883545, 7.620527267456055, 4.047926902770996, 3.0560500621795654, 15.107194900512695, 10.065606117248535, 5.68990421295166, 8.058571815490723, 4.295712947845459, 6.148156642913818, 7.215438365936279, 5.2995219230651855, 10.962645530700684, 10.221080780029297, 2.6615467071533203, 8.679755210876465, 6.034548759460449, 5.175619125366211, 7.496733665466309, 2.3397066593170166, 13.7898530960083, 11.977787017822266, 4.750446319580078], "dir": [33.68104553222656, 266.0845947265625, 274.6625061035156, 318.974365234375, 72.5367660522461, 36.01165771484375, 33.83305358886719, 36.89408493041992, 244.9583740234375, 326.0929260253906, 275.87506103515625, 276.46002197265625, 64.98533630371094, 40.88601303100586, 41.439453125, 51.675697326660156, 242.98574829101562, 277.55865478515625, 308.7569885253906, 274.6395263671875, 140.9711151123047, 39.540103912353516, 40.001346588134766, 340.8451232910156], "psl": [802.7966918945312, 803.0614624023438, 801.6364135742188, 801.9168701171875, 803.160400390625, 803.2000732421875, 802.1422119140625, 802.3904418945312, 803.0703125, 803.3878784179688, 802.3743896484375, 802.63916015625, 803.83447265625, 803.8764038085938, 802.8970947265625, 802.8043823242188, 803.6126708984375, 804.0106811523438, 802.9495849609375, 802.7357177734375, 803.7645874023438, 803.7421264648438, 802.697021484375, 802.7695922851562], "pre": [0.8381222486495972, 2.1737759113311768, 0.0, 0.0, 0.0, 0.0, 0.0, 0.11638617515563965, 0.0012017488479614258, 0.0, 0.0, 0.0, 0.0, 0.0, 0.01920640468597412, 0.0829688310623169, 0.08989930152893066, 0.0, 0.0, 0.0, 0.0, 0.0, 0.684827446937561, 0.04918098449707031], "sw": [0.0, 0.0, 0.0, 0.0, 621.356689453125, 1066.674072265625, 560.5294189453125, 9.999999717180685e-10, 0.0, 0.0, 0.0, 0.0, 612.9295043945312, 1049.5020751953125, 277.58306884765625, 9.999999717180685e-10, 0.0, 0.0, 0.0, 0.0, 614.6431884765625, 1033.5673828125, 417.31829833984375, 36.63740158081055], "rh": [99.80191040039062, 98.59044647216797, 85.9480972290039, 83.57684326171875, 71.53180694580078, 83.50566101074219, 86.40381622314453, 99.18400573730469, 91.3631362915039, 82.63984680175781, 78.7359619140625, 75.76602172851562, 61.60649108886719, 77.55313873291016, 94.17121124267578, 96.57121276855469, 88.49468994140625, 75.59481811523438, 77.1360092163086, 73.2069091796875, 60.466373443603516, 80.95658111572266, 91.70608520507812, 95.40813446044922]}