{"t2m": [21.161041259765625, 19.132110595703125, 18.12933349609375, 17.3837890625, 25.26806640625, 29.639129638671875, 32.02154541015625, 29.327117919921875, 23.018463134765625, 21.868560791015625, 19.537078857421875, 17.42864990234375, 25.42095947265625, 29.8570556640625, 32.081085205078125, 28.214141845703125, 24.62384033203125, 21.1099853515625, 19.704498291015625, 17.24371337890625, 25.175384521484375, 29.132171630859375, 31.247650146484375, 25.74798583984375], "wnd": [8.696435928344727, 4.390231132507324, 10.81376838684082, 13.501172065734863, 10.419393539428711, 3.602942705154419, 4.289444923400879, 9.810782432556152, 6.800108432769775, 17.672761917114258, 13.723769187927246, 9.146952629089355, 7.790552616119385, 4.958438396453857, 6.95615291595459, 18.09711265563965, 14.730192184448242, 6.946561336517334, 14.71471118927002, 9.782600402832031, 9.755633354187012, 5.517531871795654, 11.643327713012695, 17.16348648071289], "dir": [220.75587463378906, 46.778785705566406, 83.77803802490234, 76.23947143554688, 65.39778900146484, 354.0754699707031, 115.09698486328125, 151.1170654296875, 26.240093231201172, 81.90065002441406, 72.89179229736328, 51.60568618774414, 56.4370231628418, 43.9247932434082, 117.07820129394531, 89.8375244140625, 74.32304382324219, 60.018009185791016, 62.660682678222656, 61.04111099243164, 75.33391571044922, 305.788818359375, 242.12454223632812, 47.5698127746582], "psl": [879.9690551757812, 880.8909301757812, 879.5756225585938, 879.7941284179688, 880.5787353515625, 879.2546997070312, 876.4080200195312, 877.2176513671875, 880.0015869140625, 880.6113891601562, 880.2017211914062, 880.7131958007812, 881.5233764648438, 879.79150390625, 876.9688110351562, 877.6539916992188, 879.944091796875, 881.6121826171875, 880.734130859375, 881.0369262695312, 881.6309204101562, 880.0552368164062, 877.1817016601562, 878.8456420898438], "pre": [1.428619146347046, 0.0, 0.0, 0.0, 0.0, 0.0, 0.0, 0.035054683685302734, 0.0, 0.0, 0.0, 0.0, 0.0, 0.0, 0.0, 0.0, 0.0, 0.0, 0.0, 0.0, 0.0, 0.0, 0.0, 0.35833096504211426], "sw": [0.0, 0.0, 0.0, 0.0, 598.5166625976562, 1053.4609375, 856.614501953125, 156.3251953125, 0.0, 0.0, 0.0, 0.0, 591.6996459960938, 1045.8909912109375, 846.976806640625, 108.98812866210938, 0.0, 0.0, 0.0, 0.0, 592.7705078125, 1046.0487060546875, 843.5280151367188, 141.69308471679688], "rh": [87.60816192626953, 93.30500793457031, 74.14420318603516, 69.83602142333984, 41.528873443603516, 27.608346939086914, 23.979169845581055, 36.65485382080078, 51.82284164428711, 55.369441986083984, 63.026756286621094, 67.43682861328125, 40.10374069213867, 28.27541160583496, 25.297313690185547, 39.321632385253906, 45.249290466308594, 54.8957633972168, 61.722652435302734, 67.50018310546875, 40.902706146240234, 30.492284774780273, 28.109163284301758, 53.49305725097656]}