{"t2m": [13.39697265625, 11.540496826171875, 11.151275634765625, 9.9251708984375, 17.0311279296875, 20.187957763671875, 19.924041748046875, 17.3114013671875, 14.817901611328125, 13.260162353515625, 11.05413818359375, 11.145111083984375, 16.829132080078125, 19.580963134765625, 18.979278564453125, 16.442718505859375, 14.103485107421875, 12.540374755859375, 10.84027099609375, 10.581146240234375, 16.882110595703125, 19.521728515625, 18.76263427734375, 16.169281005859375], "wnd": [10.192065238952637, 9.694920539855957, 12.617775917053223, 12.333917617797852, 10.154873847961426, 11.414716720581055, 21.669689178466797, 20.32232093811035, 6.964048385620117, 4.6749677658081055, 8.548077583312988, 13.935503005981445, 9.708390235900879, 16.063676834106445, 18.930673599243164, 17.778297424316406, 4.69595193862915, 9.555094718933105, 10.381725311279297, 12.958464622497559, 5.543208122253418, 16.083251953125, 17.69634437561035, 18.97661781311035], "dir": [41.91655349731445, 41.50057601928711, 47.110286712646484, 43.745635986328125, 73.5868911743164, 97.77071380615234, 72.01571655273438, 58.419921875, 51.45957946777344, 17.267318725585938, 46.39427185058594, 46.908447265625, 75.26029205322266, 82.95539093017578, 73.27787780761719, 56.996826171875, 20.735328674316406, 50.29098892211914, 33.16685104370117, 51.047584533691406, 83.36299896240234, 71.59719848632812, 67.83615112304688, 57.150264739990234], "psl": [766.02197265625, 766.1428833007812, 764.9285278320312, 765.0853271484375, 766.2919311523438, 766.015380859375, 764.8058471679688, 765.2396240234375, 766.35107421875, 766.555908203125, 765.609619140625, 765.8532104492188, 767.0726318359375, 766.6597900390625, 765.4738159179688, 765.8228759765625, 766.97509765625, 767.1807250976562, 766.099609375, 766.0250244140625, 767.0636596679688, 766.5298461914062, 765.3219604492188, 765.7575073242188], "pre": [9.74751009075181e-12, 1.5490378077465117e-12, 2.8743500635197705e-13, 0.0, 0.0, 0.0, 0.0, 0.0, 0.0, 0.0, 0.0, 0.0, 0.0, 0.0, 0.0, 0.0, 0.0, 0.0, 0.0, 0.0, 0.0, 0.0, 1.1477949701799162e-09, 0.0], "sw": [0.0, 0.0, 0.0, 0.0, 640.5736083984375, 1083.76318359375, 841.388671875, 140.10235595703125, 0.0, 0.0, 0.0, 0.0, 630.1617431640625, 1015.741455078125, 861.0707397460938, 73.8961181640625, 0.0, 0.0, 0.0, 0.0, 628.99560546875, 1067.1865234375, 845.3380126953125, 140.50103759765625], "rh": [88.96472930908203, 88.89641571044922, 72.08792114257812, 72.16546630859375, 42.49673080444336, 40.16987609863281, 50.085933685302734, 51.207725524902344, 69.83766174316406, 76.60514831542969, 77.97791290283203, 68.88479614257812, 47.20222473144531, 48.02902603149414, 57.042823791503906, 60.44380569458008, 75.48880767822266, 71.32696533203125, 77.86079406738281, 77.27745056152344, 49.47919845581055, 48.42103576660156, 55.23798370361328, 71.96007537841797]}