{"t2m": [19.461639404296875, 17.830596923828125, 16.193359375, 15.74993896484375, 20.4437255859375, 25.8212890625, 27.12139892578125, 24.843841552734375, 20.158172607421875, 18.437225341796875, 17.570465087890625, 16.22540283203125, 21.392669677734375, 26.441558837890625, 28.990814208984375, 26.549346923828125, 20.73822021484375, 18.631744384765625, 17.155914306640625, 15.37115478515625, 21.475677490234375, 26.270294189453125, 27.644775390625, 26.14630126953125], "wnd": [5.2045488357543945, 2.4906251430511475, 7.080386161804199, 0.3421027660369873, 1.4742380380630493, 7.8786725997924805, 13.214798927307129, 13.435437202453613, 9.578819274902344, 4.863805294036865, 0.7656751275062561, 2.3056938648223877, 9.938672065734863, 10.753508567810059, 5.118247985839844, 16.75387954711914, 11.59573745727539, 10.401376724243164, 2.631798505783081, 6.035874843597412, 4.98038387298584, 8.37781810760498, 14.349778175354004, 11.225496292114258], "dir": [174.80325317382812, 158.61050415039062, 300.37957763671875, 188.23019409179688, 42.03433609008789, 97.88737487792969, 292.08453369140625, 248.1387481689453, 158.84732055664062, 159.6338653564453, 141.48922729492188, 54.73749542236328, 85.16081237792969, 77.40213775634766, 344.29925537109375, 96.1999282836914, 155.06658935546875, 152.0702362060547, 46.47113037109375, 135.4555206298828, 101.65638732910156, 107.08251190185547, 292.36785888671875, 287.4974365234375], "psl": [864.7030639648438, 865.260986328125, 863.8670043945312, 864.3158569335938, 865.3953857421875, 864.649169921875, 862.1570434570312, 862.3485717773438, 864.4913940429688, 865.2732543945312, 864.5591430664062, 864.891357421875, 866.19921875, 865.003662109375, 862.2265014648438, 862.37548828125, 864.9866943359375, 865.987060546875, 865.0379028320312, 865.2288818359375, 866.2843017578125, 865.3925170898438, 862.6950073242188, 862.6588134765625], "pre": [7.746585845947266, 0.046804070472717285, 0.0, 0.0, 0.0, 0.0, 0.0, 0.0, 0.025284290313720703, 0.0, 0.0, 0.0, 0.0, 0.0, 0.0, 0.0, 0.0, 0.0, 0.0, 0.0, 0.0, 0.0, 0.0, 0.0], "sw": [0.0, 0.0, 0.0, 0.0, 588.3519897460938, 1049.560546875, 855.2833251953125, 162.2615509033203, 0.0, 0.0, 0.0, 0.0, 587.7127685546875, 1046.46533203125, 854.28515625, 156.51132202148438, 0.0, 0.0, 0.0, 0.0, 592.7976684570312, 1051.6173095703125, 852.93310546875, 151.45562744140625], "rh": [90.65428924560547, 94.47826385498047, 99.30307006835938, 95.86305236816406, 79.54072570800781, 44.00432586669922, 49.76348114013672, 65.54065704345703, 83.8107681274414, 76.52950286865234, 72.54562377929688, 75.2880630493164, 58.87187576293945, 40.57197189331055, 35.12430953979492, 42.63313293457031, 60.891056060791016, 70.0766372680664, 71.78376007080078, 74.75592041015625, 56.53758239746094, 39.1402587890625, 41.757957458496094, 45.921756744384766]}