{"t2m": [19.378448486328125, 19.073516845703125, 18.2415771484375, 17.0955810546875, 23.806396484375, 28.166168212890625, 29.64459228515625, 26.16290283203125, 20.513458251953125, 19.55419921875, 17.894195556640625, 16.7169189453125, 24.100067138671875, 28.011871337890625, 29.195404052734375, 25.18743896484375, 21.19873046875, 19.527435302734375, 16.981201171875, 16.28680419921875, 23.823394775390625, 27.998321533203125, 29.26416015625, 25.707733154296875], "wnd": [5.502655029296875, 12.609865188598633, 16.479944229125977, 16.335359573364258, 13.167855262756348, 22.752599716186523, 22.12071990966797, 25.447612762451172, 2.680042266845703, 12.7802734375, 13.367281913757324, 12.488759994506836, 19.077722549438477, 24.65416145324707, 25.808950424194336, 28.043304443359375, 21.363059997558594, 17.738143920898438, 11.594487190246582, 13.021821975708008, 18.281394958496094, 21.896259307861328, 22.652793884277344, 25.890060424804688], "dir": [287.84259033203125, 51.52325439453125, 48.12035369873047, 53.675132751464844, 83.6437759399414, 75.84506225585938, 84.54852294921875, 101.11073303222656, 203.1761474609375, 55.72760772705078, 46.862388610839844, 44.91335678100586, 82.00405883789062, 77.96602630615234, 84.03793334960938, 98.45897674560547, 78.06600189208984, 68.63206481933594, 52.66224670410156, 36.088050842285156, 71.67404174804688, 74.70428466796875, 81.0181884765625, 87.989013671875], "psl": [860.8866577148438, 861.400390625, 860.090087890625, 860.4445190429688, 861.3197021484375, 860.4500732421875, 858.2237548828125, 858.9949951171875, 860.8395385742188, 861.4497680664062, 860.84033203125, 861.1232299804688, 862.270751953125, 861.0783081054688, 858.8395385742188, 859.52197265625, 861.1249389648438, 861.96044921875, 861.2269287109375, 861.518310546875, 862.2954711914062, 861.2520141601562, 858.7538452148438, 859.66064453125], "pre": [5.605193857299268e-41, 0.0, 0.0, 0.0, 1.6970004393617095e-35, 0.0, 0.0, 0.0, 0.0, 0.0, 0.0, 0.0, 0.0, 0.0, 0.0, 0.0, 0.0, 0.0, 0.0, 0.0, 0.0, 0.0, 0.0, 6.340039200741933e-29], "sw": [0.0, 0.0, 0.0, 0.0, 606.7908325195312, 1055.8978271484375, 857.9210205078125, 156.71560668945312, 0.0, 0.0, 0.0, 0.0, 599.6370239257812, 1049.7498779296875, 850.1602783203125, 144.58447265625, 0.0, 0.0, 0.0, 0.0, 603.5367431640625, 1049.2274169921875, 846.3895263671875, 141.85491943359375], "rh": [86.9054183959961, 67.4252700805664, 70.01769256591797, 70.2033462524414, 42.78120803833008, 30.854393005371094, 28.45138931274414, 37.11542510986328, 57.77020263671875, 64.11786651611328, 69.29524230957031, 71.8031997680664, 42.9300651550293, 31.697216033935547, 31.724422454833984, 44.42278289794922, 54.54210662841797, 59.967529296875, 72.18927001953125, 73.61883544921875, 44.12797164916992, 32.48568344116211, 29.347450256347656, 45.785552978515625]}