{"t2m": [12.846527099609375, 12.379425048828125, 10.440093994140625, 9.42120361328125, 14.570465087890625, 16.359771728515625, 14.753387451171875, 12.683349609375, 11.13714599609375, 11.29693603515625, 9.331329345703125, 8.9422607421875, 15.1676025390625, 15.57659912109375, 14.477325439453125, 12.53564453125, 12.095306396484375, 10.395294189453125, 9.28375244140625, 8.93865966796875, 15.108856201171875, 16.392333984375, 14.52984619140625, 12.848663330078125], "wnd": [10.087759017944336, 2.8121776580810547, 4.703037738800049, 2.4261038303375244, 5.5567827224731445, 18.455238342285156, 14.15198802947998, 8.368292808532715, 7.061007022857666, 4.711689472198486, 5.125809192657471, 4.9765143394470215, 7.68440580368042, 15.228143692016602, 15.607817649841309, 8.145661354064941, 4.04158353805542, 4.501260757446289, 5.019872188568115, 5.0719218254089355, 5.258148670196533, 18.55609703063965, 14.777836799621582, 10.724637031555176], "dir": [55.180137634277344, 108.0657958984375, 194.6749725341797, 165.33692932128906, 72.77275848388672, 46.71748352050781, 49.766685485839844, 46.79960632324219, 174.6016845703125, 133.55001831054688, 205.77281188964844, 215.7945556640625, 79.14595031738281, 46.31327438354492, 44.34944152832031, 61.15876007080078, 189.59959411621094, 205.5598602294922, 178.90966796875, 202.01705932617188, 77.54708862304688, 49.41712951660156, 48.898494720458984, 52.87835693359375], "psl": [766.1583862304688, 766.4149780273438, 765.14013671875, 765.3125, 766.537841796875, 766.5333862304688, 765.603271484375, 765.8110961914062, 766.4230346679688, 766.7842407226562, 765.8043212890625, 766.0610961914062, 767.2235717773438, 767.22509765625, 766.2340087890625, 766.1972045898438, 767.0597534179688, 767.4424438476562, 766.3397827148438, 766.1196899414062, 767.2097778320312, 767.068115234375, 766.0108642578125, 766.1489868164062], "pre": [0.20251397788524628, 0.25829118490219116, 0.0038705170154571533, 0.0, 0.0, 0.0, 0.017068825662136078, 0.0015328079462051392, 0.0009147003293037415, 0.0, 0.0, 0.0, 0.0, 2.5331974029541016e-07, 0.00021407008171081543, 0.006462350487709045, 1.2122094631195068e-05, 0.0, 0.0, 0.0, 0.0, 0.0, 4.470348358154297e-07, 0.12495952844619751], "sw": [0.0, 0.0, 0.0, 0.0, 631.7222900390625, 1077.6414794921875, 674.7509155273438, 5.2031426429748535, 0.0, 0.0, 0.0, 0.0, 621.9740600585938, 1042.6575927734375, 338.3211364746094, 2.1972899436950684, 0.0, 0.0, 0.0, 0.0, 623.2674560546875, 1067.702392578125, 632.4686279296875, 9.999999717180685e-10], "rh": [99.1016616821289, 99.39501190185547, 88.93265533447266, 80.61210632324219, 68.8724594116211, 78.48990631103516, 88.93865203857422, 98.19908905029297, 91.11100769042969, 89.34439849853516, 83.49894714355469, 74.94014739990234, 59.365989685058594, 81.71743774414062, 92.5044174194336, 98.36888122558594, 87.63200378417969, 82.51344299316406, 80.69705200195312, 76.28718566894531, 63.04878616333008, 76.70281219482422, 88.96453094482422, 98.44396209716797]}