{"t2m": [20.38629150390625, 18.57220458984375, 18.2391357421875, 16.627044677734375, 23.29461669921875, 27.650848388671875, 30.810211181640625, 29.346771240234375, 22.192474365234375, 20.6771240234375, 18.836761474609375, 17.40838623046875, 24.746246337890625, 29.1663818359375, 31.91229248046875, 30.201416015625, 24.165802001953125, 21.106964111328125, 19.3983154296875, 17.782501220703125, 24.4898681640625, 28.778167724609375, 31.322662353515625, 29.6998291015625], "wnd": [3.9544222354888916, 6.25996208190918, 2.11444354057312, 8.983373641967773, 1.2801557779312134, 8.147479057312012, 8.076920509338379, 14.365203857421875, 7.474423885345459, 7.351500511169434, 9.88936710357666, 10.910194396972656, 4.289484977722168, 3.708223342895508, 1.114320993423462, 23.166086196899414, 12.144250869750977, 7.769320011138916, 7.3953118324279785, 9.338337898254395, 4.828359127044678, 1.7510803937911987, 8.524224281311035, 12.3218412399292], "dir": [316.49993896484375, 88.28874969482422, 135.0365753173828, 99.51544952392578, 104.55309295654297, 255.92947387695312, 269.80792236328125, 287.30487060546875, 63.83404541015625, 39.13106918334961, 115.65476989746094, 56.586708068847656, 71.5455551147461, 60.3240966796875, 270.2994079589844, 127.10107421875, 136.00962829589844, 349.18878173828125, 29.011425018310547, 91.82062530517578, 66.99958801269531, 208.31500244140625, 262.58935546875, 222.671142578125], "psl": [889.4921264648438, 890.2581787109375, 889.038818359375, 889.127685546875, 890.2567749023438, 889.2158813476562, 886.283447265625, 886.21875, 889.2418212890625, 890.084228515625, 889.5282592773438, 890.0139770507812, 890.9562377929688, 889.4307861328125, 886.4441528320312, 886.4107055664062, 889.3506469726562, 890.90234375, 890.0820922851562, 890.29833984375, 891.06396484375, 889.7379760742188, 886.79736328125, 886.890380859375], "pre": [3.4089343547821045, 1.5349384546279907, 0.0, 0.0, 0.0, 0.0, 0.0, 0.0, 0.05542539805173874, 0.08515119552612305, 0.0, 0.0, 0.0, 0.0, 0.0, 0.0, 0.0, 0.0, 0.0, 0.0, 0.0, 0.0, 0.0, 0.0], "sw": [0.0, 0.0, 0.0, 0.0, 584.0856323242188, 1041.3365478515625, 855.4140625, 157.81716918945312, 0.0, 0.0, 0.0, 0.0, 578.9779052734375, 1038.756591796875, 851.3363037109375, 155.19212341308594, 0.0, 0.0, 0.0, 0.0, 580.84130859375, 1039.8797607421875, 849.2888793945312, 147.81607055664062], "rh": [93.9698257446289, 95.20232391357422, 94.22040557861328, 81.43719482421875, 57.36191940307617, 41.71352005004883, 30.795181274414062, 39.61565399169922, 72.27394104003906, 72.13301849365234, 71.93305969238281, 72.47087097167969, 45.59681701660156, 31.79193687438965, 25.799596786499023, 32.12602233886719, 47.8061408996582, 61.870330810546875, 65.74787139892578, 70.5765609741211, 48.36375427246094, 32.98496627807617, 26.170217514038086, 35.066375732421875]}