{"t2m": [19.27557373046875, 18.652008056640625, 14.9405517578125, 15.006744384765625, 19.698455810546875, 22.7269287109375, 24.699432373046875, 22.9605712890625, 17.8212890625, 17.1270751953125, 15.69073486328125, 15.0400390625, 20.38726806640625, 23.943145751953125, 26.489776611328125, 25.216796875, 20.937286376953125, 19.2269287109375, 17.36993408203125, 15.645111083984375, 20.63031005859375, 23.740203857421875, 25.15576171875, 23.66888427734375], "wnd": [14.483677864074707, 9.453158378601074, 9.446189880371094, 4.1214985847473145, 7.980398178100586, 7.138247013092041, 9.361743927001953, 8.375720977783203, 8.464957237243652, 7.572936534881592, 6.305196285247803, 5.317137718200684, 7.345938682556152, 8.633999824523926, 6.43943452835083, 4.980337142944336, 6.552468299865723, 9.70993423461914, 10.538166999816895, 8.31546688079834, 8.363783836364746, 8.753891944885254, 7.6219305992126465, 7.232907295227051], "dir": [61.12675094604492, 57.65949249267578, 83.08296966552734, 337.867919921875, 257.3221435546875, 230.77047729492188, 296.4794921875, 292.19940185546875, 76.4346923828125, 47.419185638427734, 335.97283935546875, 357.93157958984375, 162.2711181640625, 184.39059448242188, 212.80072021484375, 245.6896209716797, 145.41917419433594, 312.24127197265625, 341.9573059082031, 85.7529067993164, 147.972412109375, 199.03231811523438, 255.74099731445312, 283.28125], "psl": [832.8649291992188, 834.3106079101562, 833.0064697265625, 833.209228515625, 834.4799194335938, 834.0933837890625, 831.9754028320312, 831.8478393554688, 833.9168090820312, 834.5675659179688, 833.9325561523438, 833.9953002929688, 835.1911010742188, 834.44970703125, 832.1883544921875, 832.0062255859375, 834.086669921875, 835.388427734375, 834.1882934570312, 834.259521484375, 835.27197265625, 834.6375732421875, 832.4986572265625, 832.3583374023438], "pre": [1.640579342842102, 0.5077805519104004, 3.650784492492676e-07, 0.0, 0.0, 0.0, 0.0, 0.003654956817626953, 0.749879777431488, 0.0, 0.0, 0.0, 0.0, 0.0, 0.0, 0.0, 0.0, 0.055312395095825195, 0.04852485656738281, 0.0, 0.0, 0.0, 0.0, 0.0], "sw": [0.0, 0.0, 0.0, 0.0, 593.8095703125, 1051.0673828125, 835.5342407226562, 121.12310791015625, 0.0, 0.0, 0.0, 0.0, 592.374755859375, 1047.6356201171875, 860.4221801757812, 160.955810546875, 0.0, 0.0, 0.0, 0.0, 592.3673095703125, 1046.294921875, 851.1900634765625, 129.66900634765625], "rh": [73.66258239746094, 77.0859146118164, 87.27340698242188, 67.4604263305664, 71.46297454833984, 59.69233703613281, 55.23612976074219, 61.41963195800781, 84.29570007324219, 76.6330795288086, 77.81065368652344, 70.38768768310547, 64.62599182128906, 48.84325408935547, 36.917625427246094, 44.77853012084961, 58.08412551879883, 66.84563446044922, 70.57166290283203, 73.19017028808594, 60.6031494140625, 50.24119567871094, 48.685035705566406, 55.600337982177734]}