{"t2m": [21.285980224609375, 19.322021484375, 18.845367431640625, 18.193878173828125, 23.384490966796875, 28.119842529296875, 31.55401611328125, 29.665496826171875, 24.641265869140625, 21.712310791015625, 21.02191162109375, 19.71697998046875, 25.148681640625, 29.539703369140625, 33.2032470703125, 31.1827392578125, 24.85577392578125, 24.661651611328125, 21.1640625, 19.4176025390625, 25.796600341796875, 29.3453369140625, 32.219451904296875, 30.5631103515625], "wnd": [6.221622467041016, 6.569664001464844, 7.496242046356201, 4.115851879119873, 4.140616416931152, 3.7390618324279785, 7.8436431884765625, 19.05499267578125, 20.79412078857422, 7.861923694610596, 4.633989334106445, 1.5115982294082642, 2.0820164680480957, 5.552724361419678, 6.667825698852539, 11.166488647460938, 14.109869003295898, 14.918758392333984, 2.822456121444702, 4.284630298614502, 5.678915500640869, 2.177591323852539, 6.468677520751953, 15.00379467010498], "dir": [181.84738159179688, 309.1971130371094, 27.212024688720703, 278.515869140625, 192.43832397460938, 317.753173828125, 292.1492919921875, 249.64376831054688, 136.14605712890625, 143.10830688476562, 31.29623794555664, 207.55274963378906, 317.9465637207031, 313.82269287109375, 260.66741943359375, 229.284912109375, 151.77001953125, 148.99588012695312, 101.79267883300781, 230.76181030273438, 275.83294677734375, 330.9853820800781, 260.82635498046875, 255.228515625], "psl": [903.3298950195312, 904.7625732421875, 903.35791015625, 903.5921020507812, 904.7591552734375, 903.4984130859375, 900.4686889648438, 900.35546875, 903.305419921875, 904.266357421875, 903.7720336914062, 904.2354125976562, 905.32470703125, 903.6417236328125, 900.248046875, 900.5841674804688, 903.489013671875, 904.7525634765625, 904.3097534179688, 904.5133666992188, 905.3244018554688, 904.0056762695312, 900.8876342773438, 900.8499755859375], "pre": [5.926512718200684, 0.0, 0.0, 0.0, 0.0, 0.0, 0.0, 0.0, 0.0, 0.2231454849243164, 0.0, 0.0, 0.0, 0.0, 0.0, 0.0, 0.0, 0.0, 0.0, 0.0, 0.0, 0.0, 0.0, 0.0], "sw": [0.0, 0.0, 0.0, 0.0, 580.5181274414062, 1036.81298828125, 852.958251953125, 160.82028198242188, 0.0, 0.0, 0.0, 0.0, 572.2465209960938, 1031.1365966796875, 848.5028686523438, 152.36741638183594, 0.0, 0.0, 0.0, 0.0, 578.9935913085938, 1035.507568359375, 845.2706298828125, 149.35218811035156], "rh": [92.38663482666016, 96.5992660522461, 95.89222717285156, 95.86408996582031, 63.316566467285156, 41.30752944946289, 31.45519256591797, 41.62107849121094, 67.83739471435547, 78.47956085205078, 65.67459106445312, 68.67268371582031, 48.810707092285156, 34.37562942504883, 24.711408615112305, 34.534000396728516, 48.67013168334961, 49.27426528930664, 58.128273010253906, 65.27885437011719, 42.82208251953125, 34.468563079833984, 27.402433395385742, 34.94035339355469]}