{"t2m": [12.016998291015625, 9.8577880859375, 8.465362548828125, 7.55694580078125, 14.96295166015625, 20.582183837890625, 22.094970703125, 17.5655517578125, 12.97064208984375, 11.808349609375, 9.14288330078125, 8.199493408203125, 15.200286865234375, 20.31585693359375, 20.938507080078125, 17.0355224609375, 12.830474853515625, 10.332000732421875, 8.750885009765625, 8.121124267578125, 15.18218994140625, 20.0692138671875, 19.869964599609375, 16.948394775390625], "wnd": [11.033561706542969, 4.505971431732178, 8.915068626403809, 5.045185089111328, 4.143272399902344, 5.706002235412598, 19.462953567504883, 22.477352142333984, 8.919083595275879, 5.545765399932861, 8.259079933166504, 4.077540397644043, 1.8489081859588623, 1.4285504817962646, 23.466339111328125, 18.79508399963379, 7.990108013153076, 9.811654090881348, 5.978956699371338, 3.3608267307281494, 3.2081990242004395, 0.2639864683151245, 15.202044486999512, 17.491785049438477], "dir": [13.660751342773438, 280.18975830078125, 293.9547119140625, 279.27142333984375, 9.031845092773438, 182.62796020507812, 11.82110595703125, 11.631790161132812, 33.44815444946289, 320.2386474609375, 319.72674560546875, 326.6729736328125, 271.078857421875, 204.97686767578125, 7.707550048828125, 358.00592041015625, 5.769538879394531, 321.9912109375, 306.83258056640625, 296.2847900390625, 333.64385986328125, 181.4757080078125, 27.922958374023438, 28.86843490600586], "psl": [763.4414672851562, 763.9767456054688, 763.0691528320312, 763.2006225585938, 764.3038940429688, 763.8336791992188, 762.06982421875, 762.7132568359375, 763.9592895507812, 764.2703857421875, 763.5918579101562, 764.01171875, 765.070068359375, 764.4238891601562, 762.80712890625, 763.2433471679688, 764.5589599609375, 764.8870239257812, 763.9890747070312, 764.1051025390625, 765.0948486328125, 764.2750244140625, 762.75341796875, 763.4085083007812], "pre": [5.712053250327848e-32, 1.5650649069963018e-26, 7.214667384177786e-22, 5.091297175134865e-22, 0.0, 0.0, 0.0, 0.0, 0.0, 0.0, 0.0, 0.0, 0.0, 0.0, 0.0, 3.604458957944213e-18, 0.0, 0.0, 0.0, 0.0, 0.0, 0.0, 5.533144498137688e-10, 0.0], "sw": [0.0, 0.0, 0.0, 0.0, 638.8394775390625, 1083.033203125, 872.5577392578125, 161.5691680908203, 0.0, 0.0, 0.0, 0.0, 630.4398193359375, 1075.7138671875, 863.0015258789062, 39.417449951171875, 0.0, 0.0, 0.0, 0.0, 629.8126220703125, 1072.90869140625, 252.50003051757812, 36.47813415527344], "rh": [84.98226165771484, 90.47250366210938, 94.86241912841797, 87.53939819335938, 57.698909759521484, 35.19341278076172, 36.732425689697266, 55.289005279541016, 71.88288116455078, 80.56305694580078, 92.00315856933594, 86.21321105957031, 58.49313735961914, 38.372989654541016, 44.33790969848633, 57.931663513183594, 71.51569366455078, 86.75020599365234, 85.24459075927734, 82.28706359863281, 59.82600021362305, 41.1585693359375, 47.090152740478516, 59.00029373168945]}