{"t2m": [19.503173828125, 18.084442138671875, 15.995849609375, 16.172271728515625, 22.387969970703125, 25.252593994140625, 28.4437255859375, 25.677886962890625, 18.31024169921875, 17.70257568359375, 16.83465576171875, 15.104095458984375, 23.74627685546875, 26.487945556640625, 28.8663330078125, 25.66009521484375, 20.724884033203125, 20.243560791015625, 16.797119140625, 15.78631591796875, 22.8731689453125, 26.206512451171875, 28.22235107421875, 21.531341552734375], "wnd": [13.042134284973145, 10.749059677124023, 10.198250770568848, 14.901656150817871, 2.2732927799224854, 6.1373772621154785, 4.185863971710205, 11.565435409545898, 8.106507301330566, 7.5538530349731445, 11.15473747253418, 11.683403968811035, 7.340048789978027, 7.757029056549072, 9.936097145080566, 14.242117881774902, 6.7272419929504395, 5.000667572021484, 2.904818296432495, 9.131270408630371, 9.443878173828125, 9.315254211425781, 5.085343837738037, 19.59583854675293], "dir": [72.9510269165039, 40.0845947265625, 67.02259826660156, 37.26448440551758, 84.3150405883789, 222.9983367919922, 144.6233673095703, 262.0530700683594, 6.0998077392578125, 46.12621307373047, 12.768684387207031, 16.908409118652344, 89.56739044189453, 142.6600799560547, 125.72021484375, 146.23558044433594, 82.41060638427734, 282.71380615234375, 188.65606689453125, 18.644073486328125, 64.60633087158203, 172.43649291992188, 236.47103881835938, 89.92572784423828], "psl": [851.0741577148438, 851.966796875, 850.746826171875, 850.5697631835938, 851.8817138671875, 851.3682861328125, 848.7265014648438, 848.8629150390625, 851.5939331054688, 852.1383056640625, 851.3743896484375, 851.7492065429688, 852.6546630859375, 851.6897583007812, 849.1796264648438, 849.4996337890625, 851.3078002929688, 852.8597412109375, 851.9290771484375, 851.9696044921875, 852.839111328125, 851.88330078125, 849.326904296875, 850.2872924804688], "pre": [1.7931932210922241, 0.017535880208015442, 0.0, 0.0, 0.0, 0.0, 0.0, 0.0, 1.3996020555496216, 0.0, 0.0, 0.0, 0.0, 0.0, 0.0, 0.06953763961791992, 0.01477670669555664, 0.0, 0.0, 0.0, 0.0, 0.0, 0.0, 0.24506092071533203], "sw": [0.0, 0.0, 0.0, 0.0, 593.556884765625, 1050.0252685546875, 866.8356323242188, 161.71133422851562, 0.0, 0.0, 0.0, 0.0, 591.7960205078125, 1046.9268798828125, 857.6964721679688, 155.65562438964844, 0.0, 0.0, 0.0, 0.0, 590.2149658203125, 1049.3126220703125, 855.2974853515625, 136.0780792236328], "rh": [85.56983947753906, 86.29348754882812, 82.53229522705078, 71.60089874267578, 53.19675827026367, 47.02717208862305, 29.847782135009766, 56.95011520385742, 86.42904663085938, 73.8041763305664, 72.9174575805664, 68.35234832763672, 42.92610168457031, 37.304420471191406, 28.45342254638672, 44.196693420410156, 59.6038703918457, 63.32707977294922, 74.29317474365234, 74.59365844726562, 45.481319427490234, 36.775875091552734, 31.120464324951172, 66.29073333740234]}