{"t2m": [17.516357421875, 15.31591796875, 14.854461669921875, 12.836822509765625, 20.571929931640625, 25.1448974609375, 26.547210693359375, 23.329132080078125, 18.24444580078125, 16.520172119140625, 14.9862060546875, 13.531890869140625, 20.86669921875, 25.333465576171875, 26.23486328125, 21.980682373046875, 19.215057373046875, 16.26416015625, 14.595703125, 13.116455078125, 20.40289306640625, 25.09149169921875, 24.3377685546875, 21.940185546875], "wnd": [11.128618240356445, 4.501967430114746, 6.886604309082031, 7.599664211273193, 6.539883136749268, 15.125267028808594, 19.444602966308594, 22.680349349975586, 10.940311431884766, 5.5779571533203125, 4.427890300750732, 8.789643287658691, 7.153948783874512, 16.564729690551758, 21.371450424194336, 23.96140480041504, 14.663407325744629, 7.019714832305908, 7.358564376831055, 7.896944046020508, 6.278234958648682, 7.906261920928955, 9.502017974853516, 22.714784622192383], "dir": [182.52828979492188, 69.44389343261719, 28.088882446289062, 33.9611930847168, 83.90544891357422, 109.79578399658203, 116.41444396972656, 115.31015014648438, 200.5142822265625, 172.458740234375, 8.764900207519531, 352.2138366699219, 100.87305450439453, 108.3150863647461, 111.74113464355469, 110.23509216308594, 88.35032653808594, 115.1382827758789, 324.901123046875, 355.6698913574219, 76.13077545166016, 117.76827239990234, 106.83903503417969, 98.24433898925781], "psl": [824.56591796875, 825.0404663085938, 823.82177734375, 823.98974609375, 825.0999755859375, 824.5320434570312, 822.46826171875, 823.0914916992188, 824.5886840820312, 825.104248046875, 824.4445190429688, 824.7343139648438, 825.9729614257812, 825.034423828125, 822.9953002929688, 823.6886596679688, 824.7423706054688, 825.5767211914062, 824.8094482421875, 825.08447265625, 826.0318603515625, 825.090087890625, 823.240478515625, 823.7739868164062], "pre": [0.0, 0.0, 0.0, 0.0, 0.0, 0.0, 0.0, 0.0, 0.0, 0.0, 0.0, 0.0, 0.0, 0.0, 0.0, 0.0, 0.0, 0.0, 0.0, 0.0, 0.0, 0.0, 0.45064592361450195, 2.5174238681793213], "sw": [0.0, 0.0, 0.0, 0.0, 615.155029296875, 1066.865478515625, 864.5574951171875, 161.62374877929688, 0.0, 0.0, 0.0, 0.0, 605.6822509765625, 1058.9547119140625, 778.1107788085938, 56.49454116821289, 0.0, 0.0, 0.0, 0.0, 610.0227661132812, 1055.305419921875, 395.7449951171875, 144.9556884765625], "rh": [85.0722885131836, 85.45779418945312, 78.25627136230469, 80.5745620727539, 46.658206939697266, 32.614871978759766, 33.74296569824219, 41.52888870239258, 62.40693283081055, 70.12194061279297, 73.81462097167969, 77.0879898071289, 48.004878997802734, 33.27436828613281, 35.09560775756836, 48.49141311645508, 55.5244255065918, 66.88037872314453, 74.18221282958984, 78.54476928710938, 49.3627815246582, 36.18806457519531, 45.96598434448242, 56.27373504638672]}