{"t2m": [18.673858642578125, 16.94378662109375, 16.627716064453125, 15.87701416015625, 20.171539306640625, 22.167388916015625, 20.35491943359375, 19.43035888671875, 17.931121826171875, 17.628082275390625, 17.46881103515625, 16.03204345703125, 20.628143310546875, 21.768096923828125, 20.18621826171875, 19.34417724609375, 17.643096923828125, 16.763916015625, 16.18182373046875, 15.933319091796875, 20.810028076171875, 21.948272705078125, 20.650177001953125, 19.00091552734375], "wnd": [2.113647222518921, 8.646190643310547, 7.1006760597229, 6.601487159729004, 7.46665620803833, 12.350851058959961, 6.286155700683594, 1.3604416847229004, 2.928034782409668, 6.718955039978027, 10.335658073425293, 9.508172988891602, 6.862093448638916, 10.497970581054688, 5.889370918273926, 2.2371058464050293, 8.97880744934082, 6.727169036865234, 7.653468132019043, 6.948113441467285, 6.492578506469727, 11.230445861816406, 7.8791327476501465, 2.035121202468872], "dir": [140.13247680664062, 224.6884307861328, 280.63616943359375, 288.025390625, 8.078971862792969, 31.79824447631836, 52.34547424316406, 16.855506896972656, 248.13385009765625, 264.78277587890625, 237.71578979492188, 264.12384033203125, 22.16692352294922, 32.18483352661133, 25.7615966796875, 134.82818603515625, 220.95327758789062, 238.53726196289062, 269.84124755859375, 271.9694519042969, 17.884437561035156, 33.94171905517578, 47.16436767578125, 213.5338134765625], "psl": [877.5996704101562, 877.6051025390625, 876.099609375, 876.6209106445312, 877.9954833984375, 877.8582763671875, 876.76171875, 876.9317016601562, 877.7845458984375, 878.046875, 876.9338989257812, 877.3216552734375, 878.7423706054688, 878.6549072265625, 877.5661010742188, 877.5225219726562, 878.1936645507812, 878.5474853515625, 877.5504760742188, 877.5654907226562, 878.603759765625, 878.4871215820312, 877.3513793945312, 877.462646484375], "pre": [5.525188446044922, 0.7203054428100586, 0.0, 0.0, 0.0, 0.1662907600402832, 13.776073455810547, 6.5720438957214355, 0.4786487817764282, 0.0, 0.0, 0.0, 0.0, 0.03549766540527344, 9.860164642333984, 6.665694236755371, 0.3311469554901123, 0.0, 0.0, 0.0, 0.0, 0.0, 10.666085243225098, 13.819034576416016], "sw": [0.0, 0.0, 0.0, 0.0, 490.52960205078125, 1027.221435546875, 150.8767852783203, 11.207808494567871, 0.0, 0.0, 0.0, 0.0, 596.7858276367188, 1034.336181640625, 135.20997619628906, 5.511731147766113, 0.0, 0.0, 0.0, 0.0, 597.4742431640625, 1030.1033935546875, 232.2947235107422, 29.834684371948242], "rh": [100.25104522705078, 90.15940856933594, 79.99248504638672, 82.93856811523438, 87.89337921142578, 84.17118835449219, 94.4957504272461, 97.20844268798828, 90.13227844238281, 83.76586151123047, 75.0748062133789, 77.0746078491211, 81.04264831542969, 84.45899963378906, 94.21821594238281, 95.41616821289062, 84.25193786621094, 72.96266174316406, 72.87491607666016, 71.12861633300781, 77.81542205810547, 81.91622924804688, 91.65474700927734, 97.68050384521484]}