{"t2m": [14.629547119140625, 12.224822998046875, 11.57049560546875, 10.986602783203125, 15.6016845703125, 15.727691650390625, 15.57586669921875, 14.68798828125, 13.158477783203125, 12.349853515625, 11.394989013671875, 11.138275146484375, 15.7672119140625, 15.6265869140625, 15.52691650390625, 14.54779052734375, 12.938751220703125, 12.06298828125, 11.118072509765625, 10.531036376953125, 16.04278564453125, 15.54681396484375, 15.2481689453125, 14.7188720703125], "wnd": [8.193549156188965, 9.869796752929688, 11.706974983215332, 5.039942741394043, 8.08409309387207, 10.999454498291016, 12.354243278503418, 3.35856556892395, 2.4181995391845703, 4.971831321716309, 5.659695148468018, 4.327295780181885, 8.443256378173828, 10.340144157409668, 14.811701774597168, 4.4166765213012695, 5.206643104553223, 9.283700942993164, 7.544397354125977, 6.806072235107422, 7.88886833190918, 12.856569290161133, 10.720051765441895, 8.505516052246094], "dir": [58.82646179199219, 134.3031005859375, 121.96479034423828, 120.74211120605469, 8.144577026367188, 21.305496215820312, 19.184982299804688, 21.22840118408203, 69.62335205078125, 87.7875747680664, 149.75367736816406, 156.43051147460938, 4.16448974609375, 353.74005126953125, 17.33293914794922, 11.788482666015625, 122.35372924804688, 118.4222412109375, 124.11224365234375, 111.53874206542969, 16.294662475585938, 33.78943634033203, 33.50851058959961, 19.427627563476562], "psl": [799.1007080078125, 798.956787109375, 797.6194458007812, 798.066162109375, 799.3142700195312, 799.4341430664062, 798.3247680664062, 798.4950561523438, 799.25048828125, 799.5518798828125, 798.489990234375, 798.7736206054688, 800.0384521484375, 800.0987548828125, 799.0017700195312, 798.9558715820312, 799.801513671875, 800.100341796875, 799.0076293945312, 798.96337890625, 799.982666015625, 800.0175170898438, 798.880615234375, 798.9195556640625], "pre": [3.2573413848876953, 0.2786599397659302, 0.0, 0.0, 0.0, 0.194380521774292, 0.522453784942627, 0.5928537845611572, 0.006933927536010742, 0.0, 0.0, 0.0, 0.0, 0.3871598243713379, 1.529472827911377, 1.9629127979278564, 1.2636184692382812e-05, 0.0, 0.0, 0.0, 0.0, 1.5351800918579102, 1.132185459136963, 3.004843235015869], "sw": [0.0, 0.0, 0.0, 0.0, 629.2731323242188, 221.34193420410156, 192.06398010253906, 8.14136028289795, 0.0, 0.0, 0.0, 0.0, 620.5660400390625, 359.7588195800781, 128.4322967529297, 0.00018470731447450817, 0.0, 0.0, 0.0, 0.0, 615.7117919921875, 180.97219848632812, 209.65017700195312, 6.83434848269826e-07], "rh": [99.9667739868164, 92.09242248535156, 78.25992584228516, 78.365478515625, 85.5649185180664, 98.83849334716797, 99.0149917602539, 99.84605407714844, 98.17182159423828, 90.0345687866211, 81.70802307128906, 74.51263427734375, 80.06072235107422, 94.93630981445312, 99.57067108154297, 99.8696060180664, 87.58517456054688, 83.69502258300781, 76.94392395019531, 76.92697143554688, 79.65715026855469, 99.51677703857422, 99.3526840209961, 99.90361022949219]}