{"t2m": [10.9014892578125, 9.644866943359375, 8.638702392578125, 7.987213134765625, 13.62481689453125, 15.20526123046875, 14.730499267578125, 12.292510986328125, 10.070648193359375, 10.571533203125, 9.50018310546875, 8.935760498046875, 13.69854736328125, 15.461212158203125, 14.55657958984375, 12.0870361328125, 10.904998779296875, 10.264373779296875, 9.65008544921875, 8.81048583984375, 13.613800048828125, 13.08905029296875, 13.65264892578125, 11.9080810546875], "wnd": [23.33136558532715, 17.162212371826172, 12.63155746459961, 13.685487747192383, 23.13339614868164, 27.509504318237305, 28.696359634399414, 25.591520309448242, 15.631058692932129, 19.170143127441406, 16.89459800720215, 14.087191581726074, 26.48077964782715, 28.29999542236328, 28.3818302154541, 24.110811233520508, 18.9484806060791, 19.25352668762207, 16.98294448852539, 13.900918960571289, 18.553462982177734, 25.316381454467773, 27.56077003479004, 23.152984619140625], "dir": [99.39971160888672, 114.48621368408203, 104.02384948730469, 96.74522399902344, 115.15914916992188, 109.97061157226562, 108.28819274902344, 105.53551483154297, 117.53678131103516, 112.69125366210938, 112.46830749511719, 95.72267150878906, 112.60426330566406, 113.3252182006836, 100.54180908203125, 110.86750793457031, 112.33821105957031, 103.67224884033203, 99.65751647949219, 87.97798919677734, 115.5544662475586, 109.21141052246094, 97.1799545288086, 112.14749908447266], "psl": [749.4935913085938, 749.5078735351562, 748.3002319335938, 748.53173828125, 749.6945190429688, 749.8937377929688, 748.6683349609375, 748.819091796875, 749.6476440429688, 749.7708740234375, 748.9583740234375, 749.2129516601562, 750.4898681640625, 750.4497680664062, 749.1903686523438, 749.3515625, 750.25244140625, 750.5237426757812, 749.4048461914062, 749.4425659179688, 750.52734375, 750.485595703125, 749.0934448242188, 749.3197021484375], "pre": [1.0941144864773378e-05, 1.000868905975949e-06, 5.366018740460277e-10, 0.0, 0.0, 8.338764928339515e-06, 0.000182887859409675, 0.06951506435871124, 0.0012450814247131348, 3.725290298461914e-08, 0.0, 0.0, 0.0, 0.0, 0.006753399968147278, 0.07457134127616882, 0.00559002161026001, 0.0, 0.0, 0.0, 0.0, 0.004640132188796997, 0.06908424198627472, 0.06445886939764023], "sw": [0.0, 0.0, 0.0, 0.0, 645.5302124023438, 1091.85888671875, 884.3842163085938, 0.8411768078804016, 0.0, 0.0, 0.0, 0.0, 631.6926879882812, 1081.3931884765625, 726.523193359375, 0.005335010588169098, 0.0, 0.0, 0.0, 0.0, 634.4189453125, 294.9049072265625, 833.03662109375, 8.021991729736328], "rh": [93.9561767578125, 90.47122955322266, 81.40164947509766, 75.88973236083984, 70.97825622558594, 80.55001831054688, 87.02130126953125, 98.14594268798828, 96.8563003540039, 79.96757507324219, 85.22602081298828, 74.01426696777344, 70.24508666992188, 76.38740539550781, 83.85953521728516, 98.300048828125, 85.21463012695312, 78.96247100830078, 80.15626525878906, 76.89939880371094, 72.74581909179688, 95.86035919189453, 90.78121948242188, 98.20301818847656]}