{"t2m": [13.828887939453125, 13.261322021484375, 11.279083251953125, 10.258331298828125, 16.39404296875, 20.595733642578125, 22.334625244140625, 17.822509765625, 14.247894287109375, 12.846466064453125, 11.17449951171875, 10.640167236328125, 17.123992919921875, 20.68011474609375, 22.3743896484375, 17.319793701171875, 14.831298828125, 13.181549072265625, 11.746917724609375, 10.32525634765625, 17.012786865234375, 20.47589111328125, 22.132293701171875, 15.4901123046875], "wnd": [6.330799102783203, 14.94922161102295, 9.756685256958008, 11.710577011108398, 10.11882495880127, 5.604429244995117, 6.993095874786377, 13.091758728027344, 7.257510662078857, 6.836913108825684, 8.120065689086914, 8.562499046325684, 9.65018081665039, 5.934453010559082, 6.929526329040527, 9.334683418273926, 11.524898529052734, 12.719038963317871, 7.7555999755859375, 9.431724548339844, 10.131082534790039, 6.1039557456970215, 5.6180877685546875, 7.186534881591797], "dir": [39.38657760620117, 291.42913818359375, 310.762451171875, 314.3956298828125, 1.74853515625, 75.22341918945312, 92.86563110351562, 85.44647979736328, 229.39822387695312, 329.4557800292969, 316.61944580078125, 308.7445068359375, 355.1390075683594, 29.02642822265625, 103.87382507324219, 51.618316650390625, 314.71978759765625, 299.49713134765625, 306.2400817871094, 312.8873291015625, 0.5258712768554688, 47.433040618896484, 116.65052032470703, 272.58355712890625], "psl": [771.5540771484375, 772.1112670898438, 770.7899169921875, 770.9786987304688, 772.001708984375, 771.6760864257812, 769.7848510742188, 770.501708984375, 771.8501586914062, 772.19677734375, 771.4661865234375, 771.7273559570312, 772.8733520507812, 772.285888671875, 770.3722534179688, 771.0476684570312, 772.3114624023438, 772.9495239257812, 771.851318359375, 771.8462524414062, 772.8385009765625, 772.2022094726562, 770.0980224609375, 771.3599853515625], "pre": [3.5073471069335938, 1.7841923236846924, 0.0, 0.0, 0.0, 0.0, 0.0, 0.17262029647827148, 0.032869577407836914, 0.0, 0.0, 0.0, 0.0, 0.0, 0.0, 0.45465779304504395, 0.042311668395996094, 0.0, 0.0, 0.0, 0.0, 0.0, 0.0, 2.1228225231170654], "sw": [0.0, 0.0, 0.0, 0.0, 619.2333374023438, 1080.18798828125, 883.478515625, 9.350177764892578, 0.0, 0.0, 0.0, 0.0, 612.8330688476562, 1071.7811279296875, 876.4077758789062, 6.106740951538086, 0.0, 0.0, 0.0, 0.0, 614.8765869140625, 1071.839111328125, 871.9327392578125, 9.999999717180685e-10], "rh": [98.89789581298828, 86.01395416259766, 81.63163757324219, 73.07875061035156, 59.44176483154297, 37.6546630859375, 36.252952575683594, 68.36821746826172, 78.5966796875, 80.07791137695312, 75.05284881591797, 61.483299255371094, 49.015541076660156, 38.90289306640625, 35.76222229003906, 72.4610595703125, 76.85493469238281, 74.57379150390625, 68.77360534667969, 68.35702514648438, 50.137474060058594, 40.2419548034668, 38.043846130371094, 80.15975189208984]}