{"t2m": [20.854217529296875, 17.947845458984375, 17.651458740234375, 16.75152587890625, 23.354827880859375, 27.559783935546875, 30.29974365234375, 28.279541015625, 21.19915771484375, 19.731597900390625, 18.138519287109375, 16.73681640625, 24.37420654296875, 28.8839111328125, 31.310150146484375, 28.66094970703125, 24.4002685546875, 20.113983154296875, 18.451507568359375, 16.85467529296875, 24.021240234375, 28.408966064453125, 30.782989501953125, 27.7489013671875], "wnd": [7.342480659484863, 6.454596996307373, 2.689920663833618, 11.381171226501465, 1.8740171194076538, 8.360812187194824, 7.86724328994751, 12.162653923034668, 8.218639373779297, 3.927717447280884, 10.86514663696289, 11.366002082824707, 2.690293550491333, 5.324023246765137, 2.2794854640960693, 22.302213668823242, 10.372102737426758, 8.83937931060791, 7.176642417907715, 9.416031837463379, 4.126472473144531, 1.2882040739059448, 8.48105525970459, 2.4506337642669678], "dir": [1.3570709228515625, 87.0367202758789, 171.33438110351562, 104.47299194335938, 119.7170181274414, 269.11248779296875, 274.303955078125, 284.4166259765625, 90.83625793457031, 76.11930847167969, 84.9381103515625, 60.951934814453125, 118.77323913574219, 36.91817092895508, 255.1613311767578, 126.36621856689453, 144.83407592773438, 154.52525329589844, 11.851600646972656, 81.40275573730469, 47.117794036865234, 5.990692138671875, 263.7906188964844, 143.26211547851562], "psl": [883.8494262695312, 884.54345703125, 883.3692016601562, 883.325927734375, 884.5228271484375, 883.541015625, 880.7093505859375, 880.6760864257812, 883.6528930664062, 884.4667358398438, 883.8251342773438, 884.3208618164062, 885.287109375, 883.8092041015625, 880.9171752929688, 880.9407958984375, 883.7806396484375, 885.1942749023438, 884.414794921875, 884.6216430664062, 885.3975219726562, 884.1285400390625, 881.2363891601562, 881.5331420898438], "pre": [3.4458725452423096, 1.2480273246765137, 0.0, 0.0, 0.0, 0.0, 0.0, 0.0, 7.599592208862305e-07, 0.23649930953979492, 0.0, 0.0, 0.0, 0.0, 0.0, 0.0, 0.0, 0.0, 0.0, 0.0, 0.0, 0.0, 0.0, 0.0], "sw": [0.0, 0.0, 0.0, 0.0, 585.9716186523438, 1042.5262451171875, 856.46142578125, 157.65365600585938, 0.0, 0.0, 0.0, 0.0, 580.7410888671875, 1040.96337890625, 851.5894165039062, 128.25930786132812, 0.0, 0.0, 0.0, 0.0, 582.9229125976562, 1041.2166748046875, 849.6346435546875, 15.052956581115723], "rh": [90.1102294921875, 96.21573638916016, 95.71937561035156, 80.0556411743164, 56.85464859008789, 42.3899040222168, 32.42414855957031, 43.55753707885742, 75.38915252685547, 76.00328063964844, 74.50415802001953, 73.48246002197266, 49.363468170166016, 32.76102066040039, 27.772167205810547, 37.06708526611328, 46.72574234008789, 61.721431732177734, 68.4140396118164, 73.60722351074219, 51.40223693847656, 34.981075286865234, 28.28761863708496, 38.987205505371094]}