{"t2m": [20.18902587890625, 18.07781982421875, 18.105010986328125, 18.00616455078125, 24.55950927734375, 29.0235595703125, 31.190582275390625, 28.361419677734375, 21.90753173828125, 19.72039794921875, 18.679412841796875, 17.654571533203125, 24.79656982421875, 29.4964599609375, 31.394927978515625, 26.8602294921875, 23.86859130859375, 19.786834716796875, 18.183349609375, 17.8863525390625, 24.796112060546875, 28.77099609375, 30.16094970703125, 26.775390625], "wnd": [8.031896591186523, 8.479043960571289, 14.92357063293457, 16.699148178100586, 7.184870719909668, 7.752216339111328, 9.284453392028809, 18.77821922302246, 9.575557708740234, 9.13215160369873, 14.244990348815918, 11.902030944824219, 15.616143226623535, 5.6988396644592285, 12.208656311035156, 29.399930953979492, 16.31978416442871, 7.7985453605651855, 12.176909446716309, 14.432821273803711, 14.864558219909668, 4.315465450286865, 13.288854598999023, 20.117515563964844], "dir": [190.78854370117188, 66.25997161865234, 82.24396514892578, 85.61410522460938, 54.712242126464844, 251.83226013183594, 250.92611694335938, 119.16316223144531, 196.52391052246094, 84.06582641601562, 75.42327117919922, 76.08411407470703, 48.3779296875, 59.4364128112793, 100.65596008300781, 114.85865783691406, 76.23767852783203, 29.077838897705078, 78.45480346679688, 92.05750274658203, 49.85097122192383, 351.0906066894531, 190.27444458007812, 73.6955795288086], "psl": [869.79541015625, 870.7539672851562, 869.4144287109375, 869.5407104492188, 870.5628662109375, 869.3387451171875, 866.6834106445312, 867.351806640625, 869.9519653320312, 870.6427612304688, 870.061279296875, 870.3758544921875, 871.4420166015625, 869.7821655273438, 867.1913452148438, 867.6876831054688, 869.6395263671875, 871.4382934570312, 870.6161499023438, 870.7025756835938, 871.522216796875, 870.0640869140625, 867.51904296875, 868.37939453125], "pre": [0.2560005187988281, 0.0, 0.0, 0.0, 0.0, 0.0, 0.0, 0.13538628816604614, 0.0, 0.0, 0.0, 0.0, 0.0, 0.0, 0.0, 0.0, 0.0, 0.0, 0.0, 0.0, 0.0, 0.0, 0.0, 0.38419097661972046], "sw": [0.0, 0.0, 0.0, 0.0, 601.838134765625, 1053.89306640625, 856.584228515625, 136.48143005371094, 0.0, 0.0, 0.0, 0.0, 594.5046997070312, 1047.2535400390625, 850.6112060546875, 47.63610076904297, 0.0, 0.0, 0.0, 0.0, 596.5562744140625, 1045.3826904296875, 566.1195068359375, 143.63467407226562], "rh": [84.95709991455078, 86.66769409179688, 69.5937728881836, 63.47090530395508, 39.71247863769531, 27.924686431884766, 24.987714767456055, 32.328861236572266, 60.02572250366211, 60.6600341796875, 64.24606323242188, 64.27774810791016, 39.845481872558594, 26.446231842041016, 24.55034065246582, 38.03121566772461, 44.15077590942383, 57.64116668701172, 64.37791442871094, 64.09925842285156, 40.10465621948242, 30.214401245117188, 30.615156173706055, 44.94874954223633]}