{"t2m": [25.34283447265625, 23.466522216796875, 22.64111328125, 21.8482666015625, 26.680389404296875, 29.886993408203125, 31.308868408203125, 27.092987060546875, 25.2039794921875, 23.976806640625, 22.934722900390625, 22.177459716796875, 26.398345947265625, 29.793975830078125, 30.339569091796875, 27.819122314453125, 24.59173583984375, 23.411346435546875, 22.76959228515625, 21.68548583984375, 26.7108154296875, 30.0283203125, 31.089874267578125, 27.54473876953125], "wnd": [2.8034725189208984, 1.4078607559204102, 2.0551950931549072, 5.450121879577637, 3.4137845039367676, 7.990309715270996, 8.752795219421387, 7.486781597137451, 4.390239715576172, 7.539313316345215, 5.266799449920654, 6.63099479675293, 6.7031049728393555, 7.516564846038818, 14.906302452087402, 6.160490036010742, 3.986402750015259, 5.61578369140625, 1.5822499990463257, 5.404522895812988, 2.497102975845337, 6.086307525634766, 9.38021183013916, 8.305130004882812], "dir": [117.88602447509766, 191.9305419921875, 272.56512451171875, 303.6301574707031, 275.6873474121094, 25.805747985839844, 40.63394546508789, 33.4725456237793, 154.15090942382812, 147.72085571289062, 136.26675415039062, 316.4149169921875, 325.35595703125, 10.93670654296875, 52.11452102661133, 99.93753051757812, 139.80039978027344, 156.52297973632812, 202.1785125732422, 277.482666015625, 321.901611328125, 33.194671630859375, 69.96128845214844, 126.12557983398438], "psl": [991.8341674804688, 991.8883666992188, 990.4410400390625, 991.1246337890625, 992.3922729492188, 991.6419677734375, 989.7570190429688, 990.3218994140625, 991.7759399414062, 991.9591674804688, 991.0183715820312, 991.6539306640625, 993.2459106445312, 992.4703979492188, 990.742431640625, 990.9259643554688, 992.3513793945312, 992.655517578125, 991.6734619140625, 991.77783203125, 993.1214599609375, 992.2937622070312, 990.34375, 990.7764892578125], "pre": [2.3120620250701904, 0.12987089157104492, 0.0, 0.0, 0.0, 0.0, 0.0, 1.2650489807128906, 0.016135085374116898, 0.0, 0.0, 0.0, 0.0, 0.0, 0.0, 0.7424047589302063, 4.540831565856934, 0.0, 0.0, 0.0, 0.0, 0.0, 0.04217529296875, 0.9734657406806946], "sw": [0.0, 0.0, 0.0, 0.0, 576.9891357421875, 1008.238037109375, 808.0484008789062, 36.64263153076172, 0.0, 0.0, 0.0, 0.0, 571.2197265625, 1001.8623046875, 637.3929443359375, 60.98678207397461, 0.0, 0.0, 0.0, 0.0, 569.267822265625, 997.9959716796875, 749.7098388671875, 44.85646057128906], "rh": [94.36829376220703, 93.79995727539062, 93.07266235351562, 94.93235778808594, 81.47061920166016, 66.63616943359375, 56.327449798583984, 86.81936645507812, 91.83198547363281, 90.83201599121094, 89.73502349853516, 91.81745910644531, 85.27362823486328, 66.84721374511719, 66.92088317871094, 83.90303039550781, 93.67121124267578, 94.80493927001953, 90.44580078125, 88.00138092041016, 79.79930877685547, 66.2881851196289, 61.42911911010742, 83.81996154785156]}