{"t2m": [10.92120361328125, 10.355743408203125, 10.969573974609375, 9.401092529296875, 16.6473388671875, 16.28814697265625, 15.754730224609375, 13.723541259765625, 11.50592041015625, 12.541778564453125, 10.48089599609375, 9.968231201171875, 16.415924072265625, 16.00048828125, 14.1146240234375, 13.591217041015625, 12.099517822265625, 10.623687744140625, 10.020416259765625, 9.5692138671875, 16.373779296875, 16.33941650390625, 14.133758544921875, 14.29620361328125], "wnd": [3.563871383666992, 6.513805866241455, 7.7919206619262695, 6.480903625488281, 6.181524276733398, 10.742023468017578, 8.138997077941895, 1.2816799879074097, 2.276425361633301, 4.212678909301758, 6.0868096351623535, 6.749000072479248, 6.930283546447754, 9.363771438598633, 6.263409614562988, 3.0679402351379395, 4.964599609375, 6.091104507446289, 7.303821563720703, 7.842650413513184, 4.786501884460449, 12.240031242370605, 8.924215316772461, 1.7116864919662476], "dir": [258.6478271484375, 231.5349884033203, 239.33131408691406, 220.3647003173828, 80.20233154296875, 89.75399017333984, 73.27166748046875, 64.75068664550781, 260.8265380859375, 278.083740234375, 272.85528564453125, 246.99734497070312, 88.31906127929688, 92.8087158203125, 48.15958786010742, 102.91819763183594, 222.41329956054688, 227.44264221191406, 237.49949645996094, 237.70806884765625, 88.11061096191406, 81.357666015625, 60.29058837890625, 237.22955322265625], "psl": [785.4313354492188, 785.3727416992188, 783.8714599609375, 784.1450805664062, 785.451416015625, 785.750244140625, 784.50439453125, 784.73095703125, 785.441162109375, 785.602294921875, 784.723388671875, 784.85888671875, 786.32177734375, 786.3682861328125, 785.349853515625, 785.1812744140625, 786.022216796875, 786.4597778320312, 785.1871948242188, 785.08154296875, 786.2294311523438, 786.162841796875, 785.029296875, 785.1670532226562], "pre": [0.4553309381008148, 1.7149432096630335e-07, 0.0, 0.0, 0.0, 0.0006459042779169977, 0.10415670275688171, 1.6373815014958382e-07, 3.1825038604438305e-08, 0.0, 0.0, 0.0, 0.0, 1.1653610272333026e-06, 5.295686721801758, 0.1707276999950409, 2.0023435354232788e-07, 0.0, 0.0, 0.0, 0.0, 1.7925376892089844, 8.629084587097168, 0.44691699743270874], "sw": [0.0, 0.0, 0.0, 0.0, 639.6624145507812, 521.85986328125, 693.5380859375, 42.30199432373047, 0.0, 0.0, 0.0, 0.0, 628.6849975585938, 338.5001525878906, 200.10260009765625, 31.965518951416016, 0.0, 0.0, 0.0, 0.0, 625.9747314453125, 945.3407592773438, 174.5739288330078, 114.4534912109375], "rh": [85.59143829345703, 70.60205078125, 65.99651336669922, 55.00375747680664, 56.19664001464844, 87.78243255615234, 91.77796936035156, 98.21569061279297, 68.52787780761719, 69.85671997070312, 70.10675048828125, 57.098323822021484, 59.18946075439453, 87.12371826171875, 99.94761657714844, 99.88220977783203, 69.01300048828125, 67.4493408203125, 66.16228485107422, 63.91028594970703, 64.86357116699219, 90.14743041992188, 99.92548370361328, 89.94256591796875]}