{"t2m": [13.774749755859375, 13.503936767578125, 10.65008544921875, 10.2808837890625, 16.043792724609375, 17.39776611328125, 16.064910888671875, 14.5126953125, 14.283050537109375, 13.740631103515625, 10.93377685546875, 10.794464111328125, 15.84600830078125, 17.35955810546875, 14.885711669921875, 14.1798095703125, 13.564239501953125, 12.020355224609375, 10.452789306640625, 9.8602294921875, 15.770599365234375, 17.21307373046875, 15.814605712890625, 13.8179931640625], "wnd": [17.104928970336914, 9.754522323608398, 11.075984001159668, 12.444411277770996, 18.107065200805664, 20.20469856262207, 19.196598052978516, 16.216154098510742, 16.66219139099121, 12.382549285888672, 9.915966987609863, 12.039591789245605, 19.146671295166016, 22.403343200683594, 21.394319534301758, 16.774473190307617, 13.489866256713867, 11.807051658630371, 10.78243350982666, 10.837175369262695, 16.108001708984375, 21.987062454223633, 21.27371597290039, 21.47269630432129], "dir": [53.68309783935547, 53.07905578613281, 16.727142333984375, 26.515666961669922, 60.56796646118164, 63.122718811035156, 60.48860168457031, 59.99067687988281, 66.35173034667969, 58.121360778808594, 15.995399475097656, 23.10083770751953, 60.633094787597656, 62.93830108642578, 66.00093078613281, 69.44252014160156, 52.80416488647461, 45.1754150390625, 28.485794067382812, 26.122020721435547, 62.84602355957031, 62.982635498046875, 60.20366668701172, 65.52951049804688], "psl": [798.3399047851562, 798.3748168945312, 796.8224487304688, 797.0877075195312, 798.4402465820312, 798.4896850585938, 797.0792236328125, 797.4551391601562, 798.2689819335938, 798.5758056640625, 797.6260375976562, 797.7550659179688, 799.26416015625, 799.068115234375, 797.7232666015625, 798.0903930664062, 798.972900390625, 799.2781372070312, 798.181396484375, 798.156494140625, 799.2386474609375, 799.1151733398438, 797.6826782226562, 798.0328979492188], "pre": [0.003001916455104947, 0.00015760981477797031, 4.6566128730773926e-09, 0.0, 0.0, 0.0, 0.003138217143714428, 0.002178249415010214, 0.0026369523257017136, 1.4374032616615295e-05, 1.30385160446167e-08, 0.0, 0.0, 0.0, 0.003341556526720524, 0.0007537482306361198, 8.206814527511597e-06, 0.0, 0.0, 0.0, 0.0, 0.0, 1.7464160919189453e-05, 0.0017663324251770973], "sw": [0.0, 0.0, 0.0, 0.0, 635.385498046875, 1075.7264404296875, 360.90643310546875, 6.498414993286133, 0.0, 0.0, 0.0, 0.0, 623.1370849609375, 1068.3673095703125, 163.5301513671875, 1.9559670363378245e-06, 0.0, 0.0, 0.0, 0.0, 628.0065307617188, 1068.3214111328125, 847.243896484375, 14.575518608093262], "rh": [99.00484466552734, 99.17180633544922, 92.63570404052734, 87.03854370117188, 71.77247619628906, 71.30567169189453, 90.52753448486328, 98.49756622314453, 98.7630844116211, 98.73949432373047, 95.479736328125, 84.97675323486328, 75.1976547241211, 71.32362365722656, 96.95423889160156, 98.58094787597656, 95.7241439819336, 95.2093505859375, 91.45220184326172, 89.82229614257812, 79.92023468017578, 70.38919067382812, 86.04019165039062, 98.02255249023438]}