{"t2m": [9.936737060546875, 9.78314208984375, 9.824005126953125, 9.711669921875, 14.13958740234375, 15.002655029296875, 14.887451171875, 11.939971923828125, 10.676513671875, 10.75469970703125, 9.872344970703125, 9.716461181640625, 13.49053955078125, 14.802947998046875, 12.67510986328125, 11.813385009765625, 11.360443115234375, 10.131805419921875, 9.7020263671875, 9.330535888671875, 13.71722412109375, 14.6138916015625, 13.46990966796875, 10.97186279296875], "wnd": [35.69804382324219, 36.00276565551758, 27.530078887939453, 27.055139541625977, 26.847759246826172, 27.357946395874023, 29.883113861083984, 32.64259719848633, 30.34039878845215, 32.57723617553711, 32.6046142578125, 25.25179100036621, 29.860441207885742, 25.432666778564453, 33.65445327758789, 30.452163696289062, 31.265499114990234, 34.74299240112305, 29.128002166748047, 23.986614227294922, 26.413780212402344, 24.206911087036133, 24.904998779296875, 27.80720329284668], "dir": [111.75938415527344, 116.31700134277344, 118.44216918945312, 113.93185424804688, 109.06602478027344, 108.31727600097656, 104.8150405883789, 109.76396942138672, 112.42327880859375, 111.30927276611328, 114.02405548095703, 114.93180847167969, 113.4690170288086, 106.30177307128906, 106.53033447265625, 114.05825805664062, 114.26808166503906, 113.85088348388672, 114.07472229003906, 113.15499877929688, 110.77896881103516, 101.11153411865234, 107.28998565673828, 106.55105590820312], "psl": [728.5281982421875, 728.4330444335938, 727.5148315429688, 727.6235961914062, 728.9732055664062, 729.2530517578125, 727.92626953125, 728.033935546875, 728.7088012695312, 728.7599487304688, 727.900634765625, 728.423095703125, 729.62060546875, 729.8348999023438, 728.5623168945312, 728.4384155273438, 729.402587890625, 729.5178833007812, 728.6055297851562, 728.6409301757812, 729.72216796875, 729.6712646484375, 728.4232177734375, 728.6071166992188], "pre": [0.00023812019207980484, 0.0, 0.0, 0.0, 0.0, 0.0, 4.810863174498081e-07, 2.193264663219452e-07, 0.0, 0.0, 0.0, 0.0, 0.0, 0.0, 0.0007608241285197437, 8.565839380025864e-07, 0.0, 0.0, 0.0, 0.0, 0.0, 0.0, 0.00435303570702672, 1.2592412531375885e-05], "sw": [0.0, 0.0, 0.0, 0.0, 654.091064453125, 1103.2554931640625, 895.487548828125, 121.83982849121094, 0.0, 0.0, 0.0, 0.0, 642.6019287109375, 1075.3045654296875, 665.3837280273438, 47.73432922363281, 0.0, 0.0, 0.0, 0.0, 641.0842895507812, 1084.9644775390625, 673.8347778320312, 146.22398376464844], "rh": [87.72071838378906, 76.67158508300781, 62.21723556518555, 56.51198196411133, 43.41781234741211, 62.50653839111328, 63.16830062866211, 73.14604949951172, 67.2530746459961, 69.24996185302734, 69.59483337402344, 60.49846267700195, 55.67623519897461, 65.01403045654297, 82.0901107788086, 73.88115692138672, 59.19023895263672, 69.44630432128906, 74.20044708251953, 71.85401153564453, 58.13398361206055, 66.25911712646484, 76.26602935791016, 84.55294799804688]}