{"t2m": [17.437744140625, 15.817657470703125, 16.608673095703125, 14.905853271484375, 19.53082275390625, 20.598114013671875, 19.93682861328125, 17.992889404296875, 16.8946533203125, 16.413787841796875, 16.594512939453125, 14.919097900390625, 19.602447509765625, 20.294769287109375, 18.873779296875, 17.60552978515625, 16.819427490234375, 15.9564208984375, 15.024871826171875, 15.009002685546875, 19.89569091796875, 20.29864501953125, 19.33026123046875, 17.8602294921875], "wnd": [0.2188776582479477, 7.154329299926758, 3.449962615966797, 3.913851022720337, 4.300925254821777, 13.2675142288208, 9.361662864685059, 3.8431248664855957, 4.7890424728393555, 5.696840286254883, 3.4085042476654053, 6.117664813995361, 4.658982753753662, 10.069479942321777, 6.401646137237549, 3.376847505569458, 1.967122197151184, 6.169864177703857, 6.52999210357666, 3.4063878059387207, 4.483259677886963, 10.82933521270752, 8.229096412658691, 2.032200574874878], "dir": [157.2996826171875, 209.70956420898438, 205.94064331054688, 251.025146484375, 35.42239761352539, 64.09266662597656, 57.30585479736328, 202.08538818359375, 218.8896026611328, 266.0655517578125, 245.361083984375, 232.902099609375, 60.76985168457031, 63.95751190185547, 57.312095642089844, 195.08908081054688, 209.84384155273438, 216.481689453125, 248.8405303955078, 219.48672485351562, 59.12157440185547, 60.80869674682617, 73.36746215820312, 137.771240234375], "psl": [859.91943359375, 859.895263671875, 858.4410400390625, 858.921875, 860.2726440429688, 860.1605224609375, 859.154296875, 859.2326049804688, 860.0098266601562, 860.34814453125, 859.3013305664062, 859.5765380859375, 861.0226440429688, 860.9971923828125, 859.9378662109375, 859.8660278320312, 860.5025024414062, 860.8284912109375, 859.900390625, 859.8158569335938, 860.8355712890625, 860.8551025390625, 859.6708374023438, 859.7628784179688], "pre": [4.978916168212891, 0.2161894142627716, 0.0, 0.0, 0.0, 2.1783206462860107, 8.886091232299805, 3.2229163646698, 0.012738049030303955, 0.0, 0.0, 0.0, 0.0, 0.06207093596458435, 7.9391350746154785, 3.311110258102417, 0.0, 0.0, 0.0, 0.0, 0.0, 1.2306671142578125, 10.578330993652344, 6.190744876861572], "sw": [0.0, 0.0, 0.0, 0.0, 562.1710205078125, 630.7608642578125, 382.9728088378906, 31.327999114990234, 0.0, 0.0, 0.0, 0.0, 445.5372314453125, 699.1688842773438, 150.086669921875, 30.614591598510742, 0.0, 0.0, 0.0, 0.0, 600.44873046875, 410.1954650878906, 147.55003356933594, 30.819576263427734], "rh": [99.69099426269531, 87.17149353027344, 80.20906829833984, 78.94290924072266, 81.84715270996094, 90.98728942871094, 93.52545166015625, 98.2533187866211, 86.15642547607422, 81.73304748535156, 75.34803771972656, 71.163818359375, 77.94483184814453, 87.07361602783203, 96.58760833740234, 98.39813995361328, 81.688720703125, 68.25251007080078, 70.97852325439453, 68.28230285644531, 72.67787170410156, 88.81434631347656, 94.537109375, 95.87098693847656]}