{"t2m": [15.70648193359375, 12.9622802734375, 11.71783447265625, 11.476470947265625, 18.2666015625, 22.274566650390625, 24.09368896484375, 20.753021240234375, 16.658203125, 13.97308349609375, 11.906036376953125, 12.281646728515625, 18.243133544921875, 22.0618896484375, 23.7322998046875, 19.503143310546875, 16.294281005859375, 13.492034912109375, 11.6865234375, 11.22454833984375, 17.82879638671875, 21.856109619140625, 23.06597900390625, 16.381744384765625], "wnd": [9.186471939086914, 8.028793334960938, 10.337300300598145, 13.332025527954102, 13.784944534301758, 9.88851261138916, 16.41462516784668, 14.926703453063965, 13.643851280212402, 7.862270355224609, 6.163397312164307, 14.684588432312012, 14.291915893554688, 7.580900192260742, 15.795943260192871, 12.845677375793457, 15.113800048828125, 8.487845420837402, 8.262356758117676, 11.616364479064941, 8.62303638458252, 9.695591926574707, 17.67527198791504, 13.412251472473145], "dir": [47.24666976928711, 77.73822784423828, 3.5336151123046875, 14.705940246582031, 56.16627883911133, 143.69508361816406, 138.31326293945312, 96.22871398925781, 46.86371612548828, 69.5181884765625, 51.43404006958008, 15.951461791992188, 56.68399429321289, 130.66539001464844, 131.0791473388672, 52.45773696899414, 74.34076690673828, 85.26275634765625, 69.63206481933594, 10.35888671875, 61.0756950378418, 167.4873046875, 183.74642944335938, 95.57776641845703], "psl": [789.6146240234375, 790.25146484375, 789.0003051757812, 789.0304565429688, 790.1945190429688, 789.8689575195312, 787.8440551757812, 788.8099365234375, 789.9181518554688, 790.5001831054688, 789.6596069335938, 789.86376953125, 791.0689086914062, 790.4860229492188, 788.4793090820312, 789.19091796875, 790.5237426757812, 791.0736083984375, 790.1510009765625, 790.1978149414062, 791.0933837890625, 790.3954467773438, 788.4012451171875, 789.6372680664062], "pre": [0.6781831979751587, 0.0, 0.0, 0.0, 0.0, 0.0, 0.0, 0.0, 0.0, 0.0, 0.0, 0.0, 0.0, 0.0, 0.0, 0.8298234939575195, 0.20212054252624512, 0.0, 0.0, 0.0, 0.0, 0.0, 0.01638638973236084, 2.108377456665039], "sw": [0.0, 0.0, 0.0, 0.0, 626.2159423828125, 1078.3604736328125, 873.3362426757812, 36.65222930908203, 0.0, 0.0, 0.0, 0.0, 617.4935302734375, 1070.7420654296875, 721.096923828125, 14.720986366271973, 0.0, 0.0, 0.0, 0.0, 618.2412109375, 1069.3468017578125, 671.863525390625, 17.53594970703125], "rh": [83.8200454711914, 89.7720947265625, 84.79071807861328, 73.62135314941406, 49.23027801513672, 33.49496841430664, 33.749610900878906, 45.65449142456055, 67.87539672851562, 79.21651458740234, 81.92796325683594, 68.0843734741211, 49.335487365722656, 34.92759323120117, 32.87474822998047, 65.206787109375, 73.97776794433594, 77.61656951904297, 82.08497619628906, 71.77434539794922, 53.24993896484375, 36.643123626708984, 42.08507537841797, 81.31642150878906]}