{"t2m": [13.070953369140625, 11.748809814453125, 10.898284912109375, 9.684814453125, 15.478302001953125, 19.319549560546875, 21.220916748046875, 15.321044921875, 13.385498046875, 12.002288818359375, 10.942901611328125, 10.1951904296875, 16.23907470703125, 19.359466552734375, 21.252685546875, 15.91162109375, 13.897491455078125, 12.04150390625, 11.13134765625, 9.83795166015625, 16.08380126953125, 19.199432373046875, 21.03558349609375, 14.022369384765625], "wnd": [6.976696491241455, 9.557600021362305, 8.01413631439209, 10.159577369689941, 8.091949462890625, 6.354207992553711, 8.309379577636719, 7.283459186553955, 9.155631065368652, 5.241988658905029, 4.820011615753174, 7.388366222381592, 4.757741928100586, 2.92258358001709, 5.401007652282715, 11.758275985717773, 6.002213001251221, 8.123990058898926, 6.31373929977417, 8.824322700500488, 5.974644184112549, 4.086054801940918, 6.571170806884766, 2.6906299591064453], "dir": [114.37380981445312, 277.70391845703125, 300.95550537109375, 298.2204284667969, 26.920211791992188, 91.58587646484375, 138.32142639160156, 54.73640823364258, 183.11428833007812, 264.3146667480469, 234.16282653808594, 249.22999572753906, 16.05382537841797, 81.60003662109375, 124.64566802978516, 150.31304931640625, 304.77667236328125, 276.84454345703125, 251.5902862548828, 283.39404296875, 18.519561767578125, 73.50173950195312, 87.60729217529297, 330.0718994140625], "psl": [757.6779174804688, 758.3902587890625, 756.939697265625, 757.127685546875, 758.147705078125, 757.94873046875, 756.1386108398438, 757.0673217773438, 758.0120239257812, 758.3624267578125, 757.5789794921875, 757.857421875, 759.029541015625, 758.5655517578125, 756.70703125, 757.3864135742188, 758.593017578125, 759.183837890625, 757.97802734375, 757.95654296875, 758.9921875, 758.45068359375, 756.4550170898438, 757.6083374023438], "pre": [8.15835952758789, 8.343879699707031, 0.0, 0.0, 0.0, 0.0, 0.0, 0.7056708335876465, 0.643890380859375, 0.0, 0.0, 0.0, 0.0, 0.0, 0.0, 1.0276508331298828, 0.8702297210693359, 0.0, 0.0, 0.0, 0.0, 0.0, 0.0, 2.484807014465332], "sw": [0.0, 0.0, 0.0, 0.0, 621.3862915039062, 1083.47119140625, 889.661376953125, 3.485248327255249, 0.0, 0.0, 0.0, 0.0, 614.674072265625, 1034.6300048828125, 882.2551879882812, 34.49786376953125, 0.0, 0.0, 0.0, 0.0, 617.60546875, 1077.7576904296875, 879.3897705078125, 9.999999717180685e-10], "rh": [99.82083129882812, 90.2393798828125, 82.0880126953125, 71.85436248779297, 60.05046463012695, 39.40652847290039, 35.532371520996094, 80.59307098388672, 79.26443481445312, 81.05587005615234, 72.51118469238281, 60.116722106933594, 48.44055938720703, 38.29586410522461, 35.334922790527344, 78.27361297607422, 79.70267486572266, 80.16664123535156, 70.26956939697266, 67.46094512939453, 49.796016693115234, 40.57172393798828, 36.211273193359375, 87.19645690917969]}