{"t2m": [15.111724853515625, 13.75604248046875, 12.468353271484375, 11.08477783203125, 17.739898681640625, 21.924896240234375, 23.808685302734375, 19.39825439453125, 15.17041015625, 13.987213134765625, 12.047271728515625, 10.605804443359375, 17.883148193359375, 22.080596923828125, 23.792694091796875, 20.19189453125, 16.069915771484375, 15.33392333984375, 12.60504150390625, 11.516265869140625, 17.87103271484375, 21.933746337890625, 22.953765869140625, 17.145050048828125], "wnd": [9.787738800048828, 13.570899963378906, 12.802775382995605, 15.049508094787598, 12.248103141784668, 2.1756303310394287, 9.208523750305176, 3.103224277496338, 11.763585090637207, 12.84145736694336, 14.470904350280762, 13.05646800994873, 11.998533248901367, 1.9648699760437012, 4.463737487792969, 5.655245304107666, 17.98152732849121, 17.64160919189453, 11.72258472442627, 15.156332969665527, 10.538432121276855, 3.7649102210998535, 14.130024909973145, 8.418749809265137], "dir": [316.70477294921875, 302.4854736328125, 309.88287353515625, 332.6860656738281, 350.2420959472656, 267.46807861328125, 193.1510009765625, 81.77052307128906, 295.8466796875, 295.1680908203125, 341.9930114746094, 348.1441345214844, 346.8536376953125, 30.035343170166016, 175.0737762451172, 126.51220703125, 318.43701171875, 315.3358154296875, 312.41180419921875, 339.9182434082031, 353.70782470703125, 11.191864013671875, 196.33746337890625, 277.3967590332031], "psl": [786.0152587890625, 786.5694580078125, 785.4137573242188, 785.6433715820312, 786.5904541015625, 786.1400756835938, 784.118896484375, 785.0945434570312, 786.3089599609375, 786.6670532226562, 786.0791625976562, 786.4671630859375, 787.4721069335938, 786.7203979492188, 784.7166137695312, 785.1378173828125, 786.57666015625, 787.2879028320312, 786.4304809570312, 786.5476684570312, 787.4620971679688, 786.634521484375, 784.5346069335938, 785.726318359375], "pre": [3.4946861267089844, 0.2697172164916992, 0.0, 0.0, 0.0, 0.0, 0.0, 0.2144029140472412, 1.9788742065429688e-05, 0.0, 0.0, 0.0, 0.0, 0.0, 0.0, 0.0, 0.009765028953552246, 0.0, 0.0, 0.0, 0.0, 0.0, 0.0, 1.6677170991897583], "sw": [0.0, 0.0, 0.0, 0.0, 618.8715209960938, 1075.0955810546875, 868.2140502929688, 4.721975326538086, 0.0, 0.0, 0.0, 0.0, 611.5269165039062, 1064.3626708984375, 793.3699951171875, 45.59192657470703, 0.0, 0.0, 0.0, 0.0, 612.7657470703125, 1066.288818359375, 488.74737548828125, 13.059584617614746], "rh": [94.89311218261719, 88.3276138305664, 84.06964111328125, 82.10139465332031, 54.025123596191406, 37.235633850097656, 35.753822326660156, 56.944923400878906, 77.28816986083984, 72.81515502929688, 75.43161010742188, 77.92253112792969, 51.57464599609375, 37.50364303588867, 33.64686965942383, 50.562889099121094, 73.00102233886719, 66.48956298828125, 69.72274017333984, 70.98326873779297, 52.31976318359375, 39.266502380371094, 40.01064682006836, 76.33612060546875]}