{"t2m": [13.908935546875, 14.05010986328125, 11.64398193359375, 10.398193359375, 16.809844970703125, 20.74139404296875, 22.729644775390625, 18.04052734375, 14.428070068359375, 12.59100341796875, 11.773529052734375, 10.57196044921875, 17.244354248046875, 20.817718505859375, 22.818450927734375, 18.324127197265625, 15.169281005859375, 13.24066162109375, 12.0770263671875, 10.539947509765625, 17.16790771484375, 20.699951171875, 22.53485107421875, 14.533233642578125], "wnd": [6.3679609298706055, 15.076347351074219, 9.779034614562988, 9.887483596801758, 6.048651218414307, 4.082883834838867, 11.115800857543945, 7.51064920425415, 4.576368808746338, 7.768577575683594, 5.044514179229736, 10.518842697143555, 3.3540120124816895, 1.9655388593673706, 8.468354225158691, 9.87646770477295, 8.113277435302734, 9.720401763916016, 6.777836799621582, 11.688763618469238, 4.226678371429443, 3.299402952194214, 8.158380508422852, 10.62681770324707], "dir": [108.7940444946289, 287.303955078125, 299.67376708984375, 305.7167663574219, 27.11069107055664, 141.91168212890625, 141.11053466796875, 80.34150695800781, 216.69070434570312, 283.9251708984375, 266.87603759765625, 283.15618896484375, 0.352081298828125, 149.86819458007812, 138.56594848632812, 115.50908660888672, 291.98382568359375, 268.3087463378906, 256.1250305175781, 292.54730224609375, 7.642242431640625, 118.96166229248047, 114.30139923095703, 323.6669616699219], "psl": [771.2432250976562, 771.90185546875, 770.523681640625, 770.7217407226562, 771.6903686523438, 771.2850952148438, 769.3556518554688, 770.1928100585938, 771.541015625, 771.9222412109375, 771.1531372070312, 771.4508666992188, 772.5567016601562, 771.884033203125, 769.91845703125, 770.62744140625, 772.0535888671875, 772.667724609375, 771.505615234375, 771.5552978515625, 772.5454711914062, 771.7802124023438, 769.6897583007812, 771.140625], "pre": [6.508575916290283, 6.7940168380737305, 0.0, 0.0, 0.0, 0.0, 0.0, 0.3665614128112793, 0.4511117935180664, 0.0, 0.0, 0.0, 0.0, 0.0, 0.0, 0.44391536712646484, 0.9004149436950684, 0.0, 0.0, 0.0, 0.0, 0.0, 0.0, 4.354508876800537], "sw": [0.0, 0.0, 0.0, 0.0, 619.1690063476562, 1078.255859375, 884.5667724609375, 163.8431396484375, 0.0, 0.0, 0.0, 0.0, 612.46630859375, 1068.0223388671875, 877.3299560546875, 38.9029426574707, 0.0, 0.0, 0.0, 0.0, 615.5905151367188, 1071.8072509765625, 873.091552734375, 7.374391078948975], "rh": [99.05694580078125, 84.11810302734375, 80.99818420410156, 75.90605926513672, 54.11959457397461, 37.536170959472656, 34.047760009765625, 69.26026916503906, 80.10102844238281, 80.76526641845703, 74.71826934814453, 63.62593078613281, 47.78618621826172, 38.01759338378906, 32.94027328491211, 67.99650573730469, 75.16810607910156, 76.37377166748047, 69.84384155273438, 69.14615631103516, 47.93601989746094, 39.059837341308594, 33.966758728027344, 88.80045318603516]}