{"t2m": [17.66802978515625, 14.587921142578125, 12.10479736328125, 11.359527587890625, 19.432373046875, 23.608642578125, 24.398529052734375, 20.639923095703125, 16.154266357421875, 15.33465576171875, 12.04400634765625, 11.09423828125, 20.0234375, 23.665924072265625, 23.5498046875, 20.000335693359375, 16.840911865234375, 14.682586669921875, 12.33447265625, 10.89410400390625, 18.4364013671875, 23.4052734375, 23.33343505859375, 19.3310546875], "wnd": [23.95277214050293, 11.591498374938965, 3.4646518230438232, 10.658683776855469, 10.223546028137207, 16.6884765625, 21.581985473632812, 18.903146743774414, 9.517365455627441, 11.372815132141113, 6.2358856201171875, 8.117196083068848, 11.355615615844727, 18.02736473083496, 21.59199333190918, 21.918479919433594, 14.154808044433594, 16.397897720336914, 9.94827651977539, 9.361614227294922, 10.263934135437012, 17.716720581054688, 20.239036560058594, 19.35810089111328], "dir": [81.46565246582031, 133.5382537841797, 176.90191650390625, 151.67132568359375, 152.1280975341797, 125.10688781738281, 114.39974975585938, 95.73289489746094, 140.74139404296875, 146.84378051757812, 169.18478393554688, 184.8445281982422, 138.5287322998047, 121.76189422607422, 123.35533142089844, 78.40135955810547, 139.58743286132812, 141.42178344726562, 151.7645721435547, 169.86447143554688, 142.99769592285156, 124.2676010131836, 123.75752258300781, 71.06959533691406], "psl": [809.6533813476562, 810.5967407226562, 809.6373291015625, 809.6094360351562, 810.7357788085938, 810.2492065429688, 808.488525390625, 809.1221313476562, 810.44775390625, 810.8436889648438, 810.3970947265625, 810.5418090820312, 811.5308837890625, 810.7908325195312, 809.0198364257812, 809.4374389648438, 811.1046142578125, 811.814453125, 810.7503662109375, 810.76708984375, 811.6804809570312, 810.761474609375, 808.9908447265625, 809.7000122070312], "pre": [5.939979842840229e-19, 2.413355685405112e-18, 2.281908000674004e-19, 0.0, 0.0, 0.0, 0.0, 1.1539169545114736e-22, 3.255492757408864e-18, 1.1790632451330856e-19, 6.614218896035265e-20, 0.0, 0.0, 0.0, 0.0, 0.0, 3.54405616166406e-18, 0.0, 0.0, 0.0, 0.0, 0.0, 0.0, 0.08532482385635376], "sw": [0.0, 0.0, 0.0, 0.0, 624.744384765625, 1073.142822265625, 871.6439819335938, 157.05911254882812, 0.0, 0.0, 0.0, 0.0, 614.9833984375, 1064.638671875, 556.2815551757812, 148.59007263183594, 0.0, 0.0, 0.0, 0.0, 615.971923828125, 1059.8770751953125, 852.9244995117188, 15.100390434265137], "rh": [62.07032012939453, 81.19295501708984, 89.70052337646484, 84.46224975585938, 50.374515533447266, 36.61470031738281, 35.31962203979492, 50.41264343261719, 75.28984069824219, 77.28449249267578, 93.85408782958984, 86.56855010986328, 49.60696792602539, 37.88496017456055, 41.51297378540039, 58.70158767700195, 69.05094146728516, 79.76631164550781, 92.31804656982422, 91.60840606689453, 60.7046012878418, 42.2955322265625, 46.771915435791016, 64.04960632324219]}