{"t2m": [16.798980712890625, 21.982879638671875, 23.5684814453125, 21.51849365234375, 19.146881103515625, 17.20867919921875, 15.48187255859375, 14.778961181640625, 17.73675537109375, 22.207275390625, 24.246124267578125, 21.25628662109375, 18.902191162109375, 17.025360107421875, 15.472320556640625, 14.723541259765625, 18.3765869140625, 22.36932373046875, 23.551849365234375, 19.707611083984375, 17.84954833984375, 16.36279296875, 15.67962646484375, 15.484344482421875], "wnd": [6.072849273681641, 7.656724452972412, 13.708020210266113, 13.416839599609375, 4.215297698974609, 5.348826885223389, 2.1666245460510254, 6.314706802368164, 4.008168697357178, 4.097884178161621, 11.063158988952637, 11.502097129821777, 3.852308750152588, 4.533986568450928, 6.690937519073486, 7.266427516937256, 4.705750942230225, 3.362903356552124, 12.219844818115234, 12.701526641845703, 6.017626762390137, 5.179468154907227, 7.234428405761719, 2.5797650814056396], "dir": [325.6170959472656, 191.9207305908203, 170.92465209960938, 108.121826171875, 6.36407470703125, 256.09210205078125, 251.58804321289062, 340.26678466796875, 293.9202880859375, 195.16549682617188, 158.9698944091797, 109.04815673828125, 255.63180541992188, 256.35400390625, 324.490966796875, 333.6102600097656, 309.470947265625, 176.03524780273438, 159.61944580078125, 113.45248413085938, 339.1620178222656, 171.52713012695312, 315.486572265625, 50.63187026977539], "psl": [787.5013427734375, 786.5940551757812, 784.7520141601562, 785.4779052734375, 786.8894653320312, 787.07568359375, 786.3886108398438, 786.8030395507812, 787.8008422851562, 787.1654663085938, 785.140625, 785.683349609375, 787.1920166015625, 787.5982666015625, 786.8267822265625, 786.81982421875, 787.8837280273438, 787.0597534179688, 784.9369506835938, 785.5879516601562, 786.7691650390625, 787.1343994140625, 785.914794921875, 785.7705688476562], "pre": [0.0, 0.0, 0.0, 6.606604529224569e-06, 0.010288609191775322, 0.0, 0.0, 0.0, 0.0, 0.0, 0.0, 0.2560444474220276, 0.01264849305152893, 0.0, 0.0, 0.0, 0.0, 0.0, 0.0, 0.3180811405181885, 0.06662283092737198, 0.0, 0.0, 0.0], "sw": [611.7257080078125, 1064.4390869140625, 871.506591796875, 165.31304931640625, 0.0, 0.0, 0.0, 0.0, 602.9866333007812, 1057.611083984375, 831.0015258789062, 15.807247161865234, 0.0, 0.0, 0.0, 0.0, 609.4011840820312, 1064.9127197265625, 496.5883483886719, 12.540206909179688, 0.0, 0.0, 0.0, 0.0], "rh": [54.74479293823242, 38.602237701416016, 34.73657989501953, 46.86508560180664, 58.931243896484375, 60.3991584777832, 59.80955505371094, 59.89067459106445, 47.84939193725586, 32.81871795654297, 32.60449981689453, 51.45845413208008, 55.807899475097656, 51.511680603027344, 52.21145248413086, 50.81039047241211, 39.33769607543945, 32.55046463012695, 34.47256851196289, 56.96405029296875, 66.10472869873047, 63.62338638305664, 59.598846435546875, 60.677093505859375]}