{"t2m": [17.642669677734375, 21.3675537109375, 25.063140869140625, 22.847625732421875, 17.596466064453125, 15.69189453125, 14.673736572265625, 13.865966796875, 18.181121826171875, 21.857177734375, 24.52423095703125, 21.909637451171875, 16.783447265625, 14.449066162109375, 13.674591064453125, 12.743194580078125, 17.577178955078125, 21.265625, 24.738372802734375, 20.9891357421875, 16.852783203125, 14.610748291015625, 14.088531494140625, 13.19189453125], "wnd": [6.966939449310303, 18.24537467956543, 17.74627113342285, 11.212823867797852, 8.744034767150879, 7.034971714019775, 2.4173877239227295, 4.028428554534912, 6.487646579742432, 15.024392127990723, 21.755706787109375, 13.189870834350586, 8.158747673034668, 5.78706169128418, 1.159645915031433, 5.985633373260498, 8.030149459838867, 16.627700805664062, 16.712980270385742, 21.985647201538086, 7.32559061050415, 5.633818626403809, 1.9055652618408203, 5.82301139831543], "dir": [162.15017700195312, 157.73422241210938, 138.81549072265625, 99.88810729980469, 139.4593505859375, 105.38414001464844, 66.7588119506836, 324.5050048828125, 166.95660400390625, 153.20457458496094, 166.52223205566406, 88.30317687988281, 137.08335876464844, 95.35672760009766, 50.95760726928711, 323.1250305175781, 163.49530029296875, 152.94168090820312, 132.2069091796875, 50.68423843383789, 151.53843688964844, 98.48896789550781, 345.5511474609375, 315.3865051269531], "psl": [831.8079833984375, 830.968505859375, 828.76611328125, 829.3440551757812, 831.3749389648438, 831.794677734375, 830.9561767578125, 831.254638671875, 832.1011962890625, 831.4522705078125, 829.5108032226562, 829.8875122070312, 831.9279174804688, 832.5209350585938, 831.4494018554688, 831.2627563476562, 832.5068969726562, 831.5801391601562, 829.0625610351562, 829.5122680664062, 831.3892822265625, 831.9149780273438, 830.2433471679688, 830.0646362304688], "pre": [0.0, 0.0, 2.027513991266412e-21, 9.502217899657299e-20, 5.613288478827591e-19, 6.319659879905131e-22, 9.164122041443027e-20, 0.0, 0.0, 0.0, 2.1661792291232412e-23, 1.5191359884971525e-16, 3.436187673884082e-18, 0.0, 0.0, 0.0, 0.0, 0.0, 0.0, 2.0404136961739438e-17, 1.4570329886423453e-17, 2.9368220468082695e-20, 6.91815355002845e-12, 0.0], "sw": [615.1083984375, 1052.111572265625, 849.73388671875, 147.14035034179688, 0.0, 0.0, 0.0, 0.0, 608.2611694335938, 1053.6380615234375, 847.5574951171875, 136.3483428955078, 0.0, 0.0, 0.0, 0.0, 610.7586669921875, 1054.7393798828125, 846.2277221679688, 137.0972137451172, 0.0, 0.0, 0.0, 0.0], "rh": [70.59392547607422, 62.3209228515625, 42.95782470703125, 43.928123474121094, 72.50806427001953, 83.18739318847656, 90.33340454101562, 85.82958221435547, 69.13832092285156, 58.46123504638672, 44.480018615722656, 50.711395263671875, 76.45319366455078, 90.20354461669922, 90.65802001953125, 87.91299438476562, 70.91600036621094, 60.376739501953125, 42.65841293334961, 53.96977615356445, 78.48007202148438, 91.97489929199219, 87.91915130615234, 84.08209991455078]}