{"t2m": [19.989990234375, 23.890045166015625, 25.0615234375, 22.859405517578125, 18.337982177734375, 16.204498291015625, 14.89947509765625, 15.570556640625, 21.3013916015625, 24.797515869140625, 25.998443603515625, 21.5782470703125, 18.6717529296875, 17.0819091796875, 16.52935791015625, 15.841278076171875, 21.30718994140625, 24.297821044921875, 25.128387451171875, 19.74395751953125, 18.3377685546875, 15.9564208984375, 14.470672607421875, 13.700225830078125], "wnd": [20.721391677856445, 8.207544326782227, 8.427364349365234, 9.77542495727539, 10.596428871154785, 9.124876976013184, 12.42509937286377, 17.364904403686523, 17.28057098388672, 5.109225749969482, 11.477336883544922, 13.489834785461426, 13.586417198181152, 12.731204986572266, 17.71563148498535, 18.91444206237793, 16.290090560913086, 5.921459674835205, 12.813690185546875, 14.678801536560059, 18.086437225341797, 4.709433555603027, 7.747539520263672, 9.380566596984863], "dir": [24.683547973632812, 171.82118225097656, 199.12527465820312, 148.70217895507812, 300.70263671875, 283.4710693359375, 354.9773864746094, 7.860260009765625, 31.33465576171875, 52.390838623046875, 179.9927978515625, 68.19552612304688, 344.6711730957031, 353.1352844238281, 359.81243896484375, 3.3161849975585938, 15.950691223144531, 162.50314331054688, 190.47369384765625, 32.17493438720703, 346.0851135253906, 277.8074951171875, 306.8426208496094, 327.6795959472656], "psl": [817.256103515625, 816.41357421875, 814.4904174804688, 814.6488037109375, 816.741943359375, 816.995849609375, 816.3358764648438, 816.6185302734375, 817.54345703125, 816.798828125, 814.7068481445312, 815.282470703125, 816.8297119140625, 817.4190063476562, 816.6690063476562, 816.610595703125, 817.71044921875, 816.863037109375, 814.6463012695312, 815.5650024414062, 816.43310546875, 817.1768798828125, 815.8983764648438, 815.802734375], "pre": [0.0, 5.109134200928283e-38, 0.0, 0.02461192011833191, 0.08229207992553711, 0.022362127900123596, 0.0, 0.0, 0.0, 0.0, 0.0, 0.11678607761859894, 0.005909306462854147, 0.0, 0.0, 0.0, 0.0, 0.0, 0.0, 0.4631171226501465, 0.06259322166442871, 0.0, 0.0, 0.0], "sw": [599.47900390625, 1052.861328125, 860.8306274414062, 17.951923370361328, 0.0, 0.0, 0.0, 0.0, 599.2459716796875, 1053.694580078125, 845.7874755859375, 23.89455795288086, 0.0, 0.0, 0.0, 0.0, 599.75390625, 1051.2611083984375, 847.571533203125, 3.152320146560669, 0.0, 0.0, 0.0, 0.0], "rh": [53.90217971801758, 40.35665512084961, 37.64833450317383, 49.86430740356445, 68.46100616455078, 72.38837432861328, 65.89972686767578, 58.13500213623047, 44.54924392700195, 33.85725402832031, 35.8222770690918, 55.1658935546875, 62.21963119506836, 55.56064987182617, 48.09716033935547, 46.23976516723633, 39.29659652709961, 35.800315856933594, 38.341827392578125, 65.6234359741211, 66.37318420410156, 75.38948059082031, 78.96742248535156, 72.59356689453125]}