{"t2m": [17.287353515625, 22.5274658203125, 24.395599365234375, 22.99908447265625, 19.210540771484375, 17.519134521484375, 15.77508544921875, 15.1878662109375, 18.4813232421875, 22.95452880859375, 24.8184814453125, 21.864471435546875, 18.802154541015625, 17.424346923828125, 16.42962646484375, 15.246063232421875, 18.677581787109375, 22.9012451171875, 23.902587890625, 21.110870361328125, 18.19873046875, 17.125457763671875, 16.560760498046875, 15.104095458984375], "wnd": [10.824362754821777, 6.575659275054932, 13.386305809020996, 17.228717803955078, 5.544581890106201, 12.12324047088623, 5.973297119140625, 11.755834579467773, 8.345198631286621, 1.9671887159347534, 9.618474006652832, 4.972929000854492, 13.397665023803711, 10.563519477844238, 11.493783950805664, 11.590543746948242, 9.091620445251465, 3.835132598876953, 11.462811470031738, 12.893850326538086, 14.567968368530273, 4.257943630218506, 7.318750858306885, 6.316177845001221], "dir": [356.5782470703125, 197.5460205078125, 157.2437744140625, 131.95628356933594, 256.28778076171875, 304.52716064453125, 336.0278015136719, 350.3167724609375, 345.30023193359375, 258.3905334472656, 177.23007202148438, 158.84422302246094, 350.5801696777344, 338.3779296875, 350.617919921875, 353.86236572265625, 346.64996337890625, 212.61053466796875, 196.34677124023438, 124.26039123535156, 343.3631591796875, 341.91650390625, 338.2099609375, 335.0953369140625], "psl": [795.6913452148438, 794.729736328125, 792.7683715820312, 793.3283081054688, 795.0803833007812, 795.2483520507812, 794.636962890625, 794.9807739257812, 795.9654541015625, 795.2421875, 793.2037353515625, 793.731201171875, 795.356689453125, 795.8070068359375, 795.0145874023438, 795.0232543945312, 796.0656127929688, 795.1964721679688, 792.992431640625, 793.5958862304688, 794.89111328125, 795.333251953125, 794.08935546875, 793.9985961914062], "pre": [0.0, 0.0, 0.0, 8.560966133802276e-18, 0.26643577218055725, 0.0, 0.0, 0.0, 0.0, 0.0, 0.0, 0.392721563577652, 0.4075866937637329, 0.0, 0.0, 0.0, 0.0, 0.0, 0.0, 0.4289587736129761, 0.10128214210271835, 0.0, 0.0, 0.0], "sw": [609.99169921875, 1060.3563232421875, 868.801025390625, 32.70855712890625, 0.0, 0.0, 0.0, 0.0, 607.9871826171875, 1059.79736328125, 483.2084655761719, 8.049040794372559, 0.0, 0.0, 0.0, 0.0, 610.0343017578125, 1058.1776123046875, 107.64512634277344, 20.29522132873535, 0.0, 0.0, 0.0, 0.0], "rh": [52.89387130737305, 35.34351348876953, 32.511383056640625, 39.36084747314453, 63.26091384887695, 61.17504119873047, 61.707115173339844, 61.143218994140625, 47.977447509765625, 31.54347801208496, 30.778724670410156, 47.31911849975586, 59.177703857421875, 52.77431106567383, 48.194881439208984, 48.69489669799805, 41.79475021362305, 31.003877639770508, 36.079097747802734, 49.6551513671875, 65.43820190429688, 59.89419174194336, 54.95633316040039, 62.285064697265625]}