{"CO": [0.00930919498205185, 0.026636749505996704, 0.014086630195379257, 0.014521201141178608, 0.01166921854019165, 0.06559047102928162, 0.023561101406812668, 0.19811579585075378, 0.08614274114370346, 0.3542557954788208, 0.6397228837013245, 1.2472453117370605, 2.582500457763672, 4.865782737731934, 5.762406826019287, 5.698040008544922, 5.98091459274292, 6.209677219390869, 6.143905162811279, 6.142817974090576, 6.325015544891357, 6.625196933746338, 6.647657871246338, 6.54931116104126], "NO2": [0.1243124008178711, 0.21085451543331146, 0.1790498048067093, 0.18478348851203918, 0.1949622929096222, 0.08703967928886414, 0.047805897891521454, 0.17015612125396729, 0.5321970582008362, 0.9497998356819153, 1.7073310613632202, 1.1319047212600708, 0.40631312131881714, 0.08269641548395157, 0.0575377531349659, 0.23519590497016907, 0.6993060111999512, 0.9424144625663757, 1.0163335800170898, 1.6426624059677124, 0.5787118673324585, 0.08699654042720795, 0.07120001316070557, 0.22309018671512604], "SO2": [5.25563383102417, 10.972517013549805, 7.339478492736816, 7.533389568328857, 3.6855437755584717, 1.1258519887924194, 0.00047594442730769515, 0.00016549260180909187, 1.6963387727737427, 9.892483711242676, 31.37177276611328, 7.674793720245361, 3.65069580078125, 0.7487306594848633, 0.07255418598651886, 0.00021103904873598367, 9.80306339263916, 13.55313491821289, 15.687458038330078, 13.716136932373047, 6.422260284423828, 1.49086332321167, 0.15027225017547607, 8.741104102227837e-05], "O3": [9.758997293829452e-06, 1.8321135939913802e-05, 2.3422764172664756e-07, 4.2297685354242276e-08, 1.406468391418457, 3.756340265274048, 1.1055641174316406, 1.7978829145431519, 0.6051473021507263, 2.3182380199432373, 2.9102048873901367, 6.452465534210205, 17.220491409301758, 30.035282135009766, 33.533241271972656, 43.24685287475586, 40.95564651489258, 40.4434700012207, 36.085086822509766, 31.953893661499023, 39.97490310668945, 42.18610763549805, 39.15785217285156, 51.94986343383789], "PM10": [36.86457443237305, 35.91426086425781, 45.28849792480469, 40.24363708496094, 24.545991897583008, 11.059961318969727, 3.638796091079712, 3.594954490661621, 20.59511947631836, 37.34832763671875, 111.88145446777344, 40.873680114746094, 23.30906105041504, 9.598621368408203, 3.8158962726593018, 5.1203131675720215, 35.49791717529297, 54.8559455871582, 66.3857650756836, 75.78070068359375, 37.71154022216797, 12.61240291595459, 4.757630348205566, 6.112050533294678], "PM25": [19.554119110107422, 18.885295867919922, 23.899234771728516, 21.207210540771484, 13.020125389099121, 5.456454753875732, 1.991346001625061, 1.93327796459198, 11.106284141540527, 19.785451889038086, 54.88740921020508, 21.34364891052246, 12.235326766967773, 4.91865348815918, 1.9954959154129028, 2.6870474815368652, 18.595436096191406, 28.177736282348633, 33.785789489746094, 36.48931884765625, 18.406978607177734, 6.31748104095459, 2.392416000366211, 3.167227029800415]}