{"CO": [1.1211557648493908e-05, 2.6863503421736823e-07, 2.972037407289463e-07, 4.852205961469735e-07, 1.490524664404802e-05, 0.002347281901165843, 0.03359387069940567, 0.15640774369239807, 0.29640957713127136, 0.16677360236644745, 0.1998685896396637, 0.42346274852752686, 2.506018877029419, 5.678177356719971, 6.2713117599487305, 6.002019882202148, 6.036306858062744, 6.122150897979736, 5.993039608001709, 5.875113010406494, 6.414904594421387, 6.69995641708374, 6.747244834899902, 6.513128757476807], "NO2": [0.00019414031703490764, 1.2944991794938687e-05, 2.1605639631161466e-05, 3.556311276042834e-05, 9.502620378043503e-05, 0.00550326332449913, 0.013995373621582985, 0.1870022863149643, 0.8956546783447266, 0.9171261787414551, 0.964481770992279, 0.8498142957687378, 0.1402943879365921, 0.05378856882452965, 0.022850774228572845, 0.27632084488868713, 0.5708631873130798, 0.6269398331642151, 0.899970293045044, 0.73701411485672, 0.13745762407779694, 0.04090532287955284, 0.035350289195775986, 0.13534197211265564], "SO2": [0.0005222506588324904, 1.918439920700621e-05, 4.7104640543693677e-05, 8.616010018158704e-05, 0.0019158323993906379, 0.003593189176172018, 0.0001823467027861625, 0.1084626168012619, 0.04519418999552727, 0.032333437353372574, 0.014417542144656181, 0.029506931081414223, 0.1080901026725769, 0.24191728234291077, 0.22897323966026306, 0.04017778858542442, 0.013425040058791637, 0.012839685194194317, 0.027353713288903236, 0.08888132125139236, 0.23234200477600098, 0.2725967764854431, 0.18054699897766113, 0.0002376114425715059], "O3": [5.002856596547645e-06, 7.538755397717978e-08, 6.908110083969632e-09, 1.5683010445854961e-09, 0.0008851828752085567, 0.18701374530792236, 1.4256664514541626, 3.3302249908447266, 4.237381935119629, 1.557336688041687, 1.5121150016784668, 2.8939690589904785, 15.703056335449219, 32.76728439331055, 34.55097961425781, 40.57595443725586, 42.19087600708008, 45.35173034667969, 43.91691207885742, 38.44384765625, 38.30954360961914, 39.52053451538086, 37.75492477416992, 45.5230827331543], "PM10": [31.470565795898438, 19.016162872314453, 24.905885696411133, 19.534055709838867, 14.458168029785156, 9.15383243560791, 6.56989860534668, 13.11782455444336, 29.57637596130371, 24.0791015625, 28.09221649169922, 21.4905948638916, 13.489014625549316, 8.051158905029297, 6.601909160614014, 21.344823837280273, 26.78272247314453, 25.043777465820312, 25.760271072387695, 19.596540451049805, 11.820076942443848, 8.436562538146973, 6.113434314727783, 38.919193267822266], "PM25": [16.981788635253906, 10.223125457763672, 13.334212303161621, 10.41010856628418, 7.787333965301514, 4.995580196380615, 3.593839406967163, 7.08206033706665, 15.764945030212402, 12.761503219604492, 14.896495819091797, 11.413790702819824, 7.2188286781311035, 4.319365501403809, 3.5423035621643066, 11.48056697845459, 14.14129638671875, 13.204733848571777, 13.551530838012695, 10.279443740844727, 6.262617588043213, 4.49977445602417, 3.2376818656921387, 20.325794219970703]}