{"CO": [2.7323156359670975e-07, 1.458207421478619e-08, 1.2563783791108563e-08, 8.747897517480396e-09, 8.208418876165524e-05, 0.03241519257426262, 0.24546082317829132, 1.13407301902771, 3.1085238456726074, 4.664127826690674, 3.336954355239868, 3.2609972953796387, 3.038808822631836, 3.5170156955718994, 6.035709381103516, 6.047453880310059, 5.4562602043151855, 6.016551494598389, 5.846614360809326, 5.880650043487549, 5.889163017272949, 5.976601600646973, 6.504789352416992, 6.288093090057373], "NO2": [0.00015786397852934897, 2.8887525331811048e-05, 4.729277134174481e-05, 6.203672819538042e-05, 0.0012352272169664502, 0.11584248393774033, 0.09249825775623322, 0.5501794815063477, 1.1799616813659668, 1.2804489135742188, 1.0936007499694824, 0.9733697175979614, 0.27952831983566284, 0.1401529312133789, 0.1380017101764679, 0.6961541175842285, 1.0516165494918823, 1.3664051294326782, 1.0611811876296997, 0.8942349553108215, 0.29302147030830383, 0.13798722624778748, 0.17264699935913086, 0.8100736737251282], "SO2": [3.816734526086024e-13, 3.816734526086024e-13, 3.8288187724500045e-13, 1.1471454862410635e-11, 6.982958482282253e-12, 1.1368997299143757e-08, 0.004357377998530865, 0.0018339024391025305, 0.0066843535751104355, 0.012938478030264378, 0.01994924806058407, 0.051724329590797424, 0.07718385010957718, 0.10896614193916321, 0.021805372089147568, 2.426017147172388e-07, 0.02589183673262596, 0.11126773059368134, 0.11960126459598541, 0.15024709701538086, 0.17365455627441406, 0.16864995658397675, 0.008182039484381676, 8.617694220447447e-06], "O3": [6.522734111058526e-06, 4.340315662432204e-09, 9.767893160983476e-10, 7.505019522513479e-11, 0.010192451998591423, 2.3776919841766357, 2.659836530685425, 6.114570617675781, 15.256677627563477, 29.206937789916992, 27.74856948852539, 24.692237854003906, 21.627866744995117, 25.117509841918945, 41.840003967285156, 39.439308166503906, 32.369873046875, 35.156246185302734, 34.50379180908203, 33.40967559814453, 31.501453399658203, 34.91675567626953, 52.044368743896484, 43.6080207824707], "PM10": [19.754959106445312, 17.046411514282227, 25.832353591918945, 36.42214584350586, 17.22772789001465, 5.451878547668457, 4.3125319480896, 18.403789520263672, 19.179759979248047, 22.182363510131836, 27.137540817260742, 38.158634185791016, 14.250493049621582, 5.24254846572876, 4.964098930358887, 10.355791091918945, 20.716327667236328, 18.06955337524414, 26.73285675048828, 39.032379150390625, 17.5324649810791, 5.450573921203613, 4.910643100738525, 9.26620101928711], "PM25": [10.065277099609375, 8.632237434387207, 13.023910522460938, 18.113466262817383, 8.297174453735352, 2.802586793899536, 2.24039888381958, 9.456405639648438, 9.627997398376465, 10.942779541015625, 13.415995597839355, 18.575654983520508, 6.927732467651367, 2.6327598094940186, 2.416123628616333, 5.123144149780273, 10.257758140563965, 8.896242141723633, 13.140360832214355, 18.98048973083496, 8.460559844970703, 2.6936705112457275, 2.365142822265625, 4.629889011383057]}