{"CO": [0.06443468481302261, 0.07082231342792511, 0.05130380392074585, 0.04370187222957611, 0.03539251908659935, 0.08670425415039062, 0.0715988278388977, 0.12307070940732956, 0.22536948323249817, 0.7916327118873596, 0.4136502146720886, 1.1175357103347778, 2.1110196113586426, 4.5612053871154785, 5.096104145050049, 5.902284145355225, 6.060563564300537, 5.914766788482666, 5.73769998550415, 6.004883289337158, 6.247365474700928, 6.557159423828125, 6.485583782196045, 6.674103736877441], "NO2": [0.45695170760154724, 0.505233108997345, 0.36613568663597107, 0.3120233118534088, 0.08962835371494293, 0.1748163104057312, 0.12592031061649323, 0.36864107847213745, 1.0823713541030884, 1.3624589443206787, 1.7029519081115723, 1.473991870880127, 0.329413503408432, 0.20934323966503143, 0.172113835811615, 0.94512540102005, 1.4496779441833496, 2.0382297039031982, 2.9119884967803955, 1.9237537384033203, 0.47513967752456665, 0.21806412935256958, 0.18749746680259705, 0.8632469177246094], "SO2": [23.626399993896484, 29.445022583007812, 21.418292999267578, 18.286903381347656, 14.567391395568848, 12.272989273071289, 9.894837379455566, 28.916950225830078, 30.806917190551758, 48.49916458129883, 29.10402488708496, 21.168527603149414, 11.791951179504395, 10.113762855529785, 9.186209678649902, 39.962364196777344, 44.219818115234375, 41.03007888793945, 63.94009017944336, 31.19594955444336, 12.216673851013184, 10.370454788208008, 9.982175827026367, 28.160400390625], "O3": [0.0004576336359605193, 3.615347168306471e-07, 2.718463498752044e-08, 1.162486373829097e-08, 0.18289929628372192, 3.7688987255096436, 2.3750345706939697, 2.0096750259399414, 1.1308650970458984, 4.17704963684082, 1.8325426578521729, 6.251358985900879, 13.265613555908203, 28.63300132751465, 30.16075325012207, 32.392738342285156, 32.98438262939453, 35.112571716308594, 31.4528865814209, 36.51183319091797, 38.10051727294922, 40.58726501464844, 40.15410232543945, 41.902496337890625], "PM10": [71.0028305053711, 79.34660339355469, 57.287559509277344, 49.3979377746582, 40.005943298339844, 33.7427978515625, 27.228675842285156, 76.92337036132812, 96.49878692626953, 129.6510009765625, 79.45636749267578, 57.10335159301758, 32.720787048339844, 26.74186134338379, 23.75855827331543, 104.3952865600586, 117.81383514404297, 109.94783782958984, 172.12892150878906, 84.7136001586914, 33.63748550415039, 27.17315101623535, 26.001726150512695, 76.49589538574219], "PM25": [36.57189178466797, 40.648250579833984, 29.518404006958008, 25.360746383666992, 20.74881362915039, 15.255058288574219, 12.700812339782715, 39.63972473144531, 48.424072265625, 64.81861877441406, 39.995887756347656, 29.17932891845703, 16.925609588623047, 13.884127616882324, 12.496991157531738, 53.67415237426758, 58.10851287841797, 54.539100646972656, 83.25003814697266, 41.903099060058594, 17.231815338134766, 14.056417465209961, 12.648544311523438, 39.35852813720703]}