{"t2m": [23.45489501953125, 28.677825927734375, 30.507537841796875, 27.732696533203125, 22.6883544921875, 19.626068115234375, 18.722320556640625, 17.977996826171875, 24.436767578125, 28.845428466796875, 30.9990234375, 27.280364990234375, 22.74749755859375, 19.90972900390625, 18.294158935546875, 16.782684326171875, 24.397430419921875, 28.610260009765625, 30.7093505859375, 25.66033935546875, 21.7945556640625, 19.91156005859375, 18.39910888671875, 17.483642578125], "wnd": [13.600998878479004, 8.62795639038086, 12.795511245727539, 18.3978328704834, 5.988958835601807, 10.164443969726562, 20.12466812133789, 17.070537567138672, 15.09786319732666, 7.350647926330566, 11.934126853942871, 21.198963165283203, 13.64077377319336, 12.472190856933594, 14.363536834716797, 11.944438934326172, 13.907905578613281, 5.059239387512207, 10.404114723205566, 23.129182815551758, 9.911945343017578, 11.93899917602539, 15.908326148986816, 15.189013481140137], "dir": [71.85479736328125, 98.05094146728516, 100.34236145019531, 102.87747192382812, 257.93865966796875, 78.89047241210938, 83.44771575927734, 66.44209289550781, 61.95726013183594, 69.1693344116211, 91.60456848144531, 83.29125213623047, 59.05967330932617, 57.819175720214844, 65.63969421386719, 84.1377944946289, 60.60859680175781, 78.87557220458984, 91.37664794921875, 57.22720718383789, 61.9908447265625, 53.09721374511719, 67.60502624511719, 68.15070343017578], "psl": [865.9607543945312, 864.2808837890625, 861.7425537109375, 862.4132080078125, 864.9552612304688, 865.54296875, 864.912109375, 865.3203735351562, 866.1306762695312, 864.7298583984375, 862.1130981445312, 862.9012451171875, 865.2086181640625, 866.0800170898438, 865.484375, 865.5706176757812, 866.3616943359375, 864.7932739257812, 861.8778686523438, 862.928955078125, 864.719482421875, 865.726806640625, 864.6035766601562, 864.475341796875], "pre": [0.0, 0.0, 0.0, 0.0, 0.0, 0.0, 0.0, 0.0, 0.0, 0.0, 0.0, 4.63631704110096e-21, 0.0, 0.0, 0.0, 0.0, 0.0, 0.0, 0.0, 0.08416496962308884, 0.0, 0.0, 0.0, 0.0], "sw": [605.5029296875, 1053.0174560546875, 854.0302124023438, 155.90316772460938, 0.0, 0.0, 0.0, 0.0, 599.5108032226562, 1047.5264892578125, 852.3026123046875, 121.49578094482422, 0.0, 0.0, 0.0, 0.0, 598.9647216796875, 1050.062744140625, 849.6522216796875, 144.9327850341797, 0.0, 0.0, 0.0, 0.0], "rh": [43.89851379394531, 28.74869155883789, 28.52566146850586, 39.365352630615234, 46.57693099975586, 57.45819854736328, 64.38790893554688, 63.68165588378906, 42.16339111328125, 30.255481719970703, 25.467044830322266, 40.41584396362305, 47.64087677001953, 56.737091064453125, 65.57939147949219, 66.71517944335938, 39.77162170410156, 29.61391258239746, 26.143566131591797, 50.66253662109375, 52.5124626159668, 60.21925354003906, 68.4740219116211, 64.81067657470703]}