{"t2m": [17.046844482421875, 21.900482177734375, 23.65875244140625, 21.596435546875, 16.476165771484375, 15.127471923828125, 12.360687255859375, 11.515350341796875, 18.18304443359375, 22.311614990234375, 24.2281494140625, 20.210723876953125, 16.08935546875, 16.006927490234375, 12.500732421875, 11.0413818359375, 18.226470947265625, 22.166534423828125, 23.26422119140625, 19.260650634765625, 16.00115966796875, 13.990692138671875, 12.541412353515625, 10.68310546875], "wnd": [15.533477783203125, 3.9043421745300293, 11.510753631591797, 16.946943283081055, 5.6657867431640625, 11.368610382080078, 10.200055122375488, 11.021467208862305, 12.997445106506348, 3.041849136352539, 6.227360248565674, 1.9334778785705566, 8.548073768615723, 11.918194770812988, 10.484825134277344, 11.369636535644531, 13.479714393615723, 1.0436787605285645, 15.17244815826416, 16.4339542388916, 13.138788223266602, 5.295757293701172, 8.144305229187012, 9.789667129516602], "dir": [10.447738647460938, 158.40380859375, 146.7110595703125, 125.19979858398438, 292.95062255859375, 297.39959716796875, 358.31719970703125, 349.69305419921875, 0.7773513793945312, 7.658302307128906, 143.27627563476562, 189.7587127685547, 6.064033508300781, 338.69207763671875, 344.9063720703125, 354.0393981933594, 357.77545166015625, 140.47653198242188, 211.281005859375, 124.4739990234375, 340.162841796875, 17.666236877441406, 337.6365661621094, 346.07403564453125], "psl": [794.2521362304688, 793.4143676757812, 791.4765625, 791.8849487304688, 793.6643676757812, 793.7957153320312, 793.201171875, 793.5216674804688, 794.5482788085938, 793.927490234375, 791.8919677734375, 792.34423828125, 793.95947265625, 794.3703002929688, 793.5881958007812, 793.5704956054688, 794.6495361328125, 793.8927612304688, 791.7086181640625, 792.339111328125, 793.4693603515625, 793.9364013671875, 792.6651000976562, 792.620849609375], "pre": [0.0, 0.0, 0.0, 7.753781421417636e-16, 0.034760117530822754, 7.411538288475128e-22, 0.0, 0.0, 0.0, 0.0, 0.0, 0.2554118037223816, 0.08454091846942902, 0.0, 0.0, 0.0, 0.0, 0.0, 0.02054402232170105, 0.29583513736724854, 0.03671765327453613, 0.0117570161819458, 0.02238839864730835, 0.0], "sw": [611.3104248046875, 1067.142822265625, 871.7574462890625, 167.37890625, 0.0, 0.0, 0.0, 0.0, 610.5557861328125, 1065.834228515625, 857.7734985351562, 6.321740627288818, 0.0, 0.0, 0.0, 0.0, 612.2263793945312, 1064.667236328125, 858.3226928710938, 156.13291931152344, 0.0, 0.0, 0.0, 0.0], "rh": [60.599578857421875, 41.13978958129883, 38.54153823852539, 48.977516174316406, 81.23661804199219, 74.2872085571289, 78.8101577758789, 75.72783660888672, 54.74224090576172, 37.60365676879883, 34.22071838378906, 57.67906951904297, 76.8826675415039, 60.9583625793457, 64.00524139404297, 65.01624298095703, 49.52647399902344, 37.11346435546875, 42.126426696777344, 63.4286003112793, 76.26556396484375, 78.78699493408203, 73.42130279541016, 82.01156616210938]}