{"t2m": [23.445159912109375, 28.899169921875, 32.098724365234375, 27.15667724609375, 23.808074951171875, 21.4830322265625, 19.253448486328125, 18.2119140625, 24.421356201171875, 29.585662841796875, 32.736572265625, 30.12274169921875, 24.800262451171875, 20.94305419921875, 19.2261962890625, 17.876678466796875, 23.806549072265625, 29.350128173828125, 32.324066162109375, 30.040374755859375, 23.050872802734375, 22.06732177734375, 20.269927978515625, 18.00738525390625], "wnd": [4.201557636260986, 4.596743106842041, 10.028343200683594, 21.192733764648438, 4.756218433380127, 5.874924659729004, 7.384542465209961, 5.492677688598633, 6.181651592254639, 7.0298566818237305, 3.121260643005371, 20.65244483947754, 5.943729877471924, 4.277929306030273, 6.095499038696289, 5.356973648071289, 8.437811851501465, 6.977625846862793, 5.529882907867432, 8.49378490447998, 3.768373489379883, 6.023924350738525, 2.0542378425598145, 6.925416946411133], "dir": [162.3045654296875, 252.6761474609375, 301.76922607421875, 236.35336303710938, 119.89097595214844, 161.01254272460938, 194.92466735839844, 161.17398071289062, 162.88168334960938, 191.17007446289062, 292.2343444824219, 94.7366943359375, 183.47933959960938, 76.07469940185547, 12.731903076171875, 189.28121948242188, 142.11412048339844, 177.28530883789062, 296.56951904296875, 82.38827514648438, 206.83062744140625, 56.93360137939453, 67.09725189208984, 163.65579223632812], "psl": [902.6839599609375, 900.6693725585938, 897.5193481445312, 898.4575805664062, 900.9523315429688, 901.727294921875, 901.3074340820312, 901.8233642578125, 902.8343505859375, 901.0465087890625, 897.829345703125, 898.1054077148438, 901.5211791992188, 902.361083984375, 901.7806396484375, 902.062255859375, 903.165283203125, 901.2594604492188, 897.77001953125, 898.0028076171875, 901.2672119140625, 901.8624877929688, 900.9932861328125, 901.0856323242188], "pre": [0.0, 0.0, 0.0, 0.0, 2.2256512873497304e-29, 0.0, 0.0, 0.0, 0.0, 0.0, 0.0, 0.0, 0.0, 0.0, 0.0, 0.0, 0.0, 0.0, 0.0, 0.0, 0.0, 0.00030571743263863027, 0.0, 0.0], "sw": [584.5465698242188, 1038.1103515625, 846.5955810546875, 150.17694091796875, 0.0, 0.0, 0.0, 0.0, 587.3160400390625, 1037.443603515625, 844.924072265625, 150.92660522460938, 0.0, 0.0, 0.0, 0.0, 588.0758666992188, 1040.6732177734375, 844.6439819335938, 146.2220458984375, 0.0, 0.0, 0.0, 0.0], "rh": [62.62200927734375, 41.82817459106445, 31.62472915649414, 58.673561096191406, 70.38796997070312, 57.64936828613281, 64.8822021484375, 69.0521469116211, 51.38043212890625, 36.8231315612793, 28.143478393554688, 31.05971908569336, 46.99095916748047, 58.371097564697266, 64.36029815673828, 69.27794647216797, 50.95761489868164, 35.48590850830078, 28.107681274414062, 34.65892791748047, 65.3568344116211, 65.33702850341797, 68.63570404052734, 74.92147827148438]}