{"t2m": [18.83746337890625, 22.5262451171875, 24.7645263671875, 22.343475341796875, 17.9990234375, 15.1207275390625, 13.308074951171875, 12.88848876953125, 18.8865966796875, 22.85382080078125, 24.9365234375, 19.210235595703125, 17.3094482421875, 14.672943115234375, 12.428009033203125, 12.892333984375, 19.228302001953125, 22.749298095703125, 23.900848388671875, 18.215972900390625, 16.631591796875, 14.799896240234375, 12.753021240234375, 12.6539306640625], "wnd": [12.979622840881348, 9.868600845336914, 16.391992568969727, 15.929871559143066, 15.919112205505371, 7.792790412902832, 8.85454273223877, 13.191471099853516, 12.021374702453613, 9.598047256469727, 10.47026252746582, 10.973128318786621, 15.09769344329834, 11.668828964233398, 10.779953956604004, 15.297359466552734, 11.811419486999512, 10.509481430053711, 23.424083709716797, 20.98236846923828, 16.72614860534668, 11.126011848449707, 8.911114692687988, 12.365320205688477], "dir": [55.6829948425293, 155.71710205078125, 136.09317016601562, 123.0008544921875, 95.25884246826172, 69.24725341796875, 58.61152648925781, 36.46004104614258, 66.2189712524414, 144.22738647460938, 158.7346649169922, 123.33203125, 67.90805053710938, 86.49534606933594, 61.44873809814453, 20.624343872070312, 55.562068939208984, 122.8070068359375, 154.59506225585938, 63.17626190185547, 74.61503601074219, 80.30632019042969, 50.21237564086914, 19.056617736816406], "psl": [798.291015625, 797.47509765625, 795.4058837890625, 796.1641235351562, 797.8423461914062, 798.1593017578125, 797.4170532226562, 797.7263793945312, 798.6402587890625, 797.9707641601562, 795.9407958984375, 796.8724365234375, 798.2493896484375, 798.5940551757812, 797.8102416992188, 797.6676025390625, 798.7603149414062, 797.9653930664062, 795.9065551757812, 796.54833984375, 797.7800903320312, 798.0635375976562, 796.8926391601562, 796.72802734375], "pre": [0.0, 0.0, 0.0, 8.180581461589614e-24, 0.0, 0.0, 0.0, 0.0, 0.0, 0.0, 0.0, 1.1153243780136108, 0.06932425498962402, 0.0, 0.0, 0.0, 0.0, 0.0, 0.0, 0.4008903503417969, 0.0020133256912231445, 0.0, 0.0, 0.0], "sw": [619.9088134765625, 1070.642578125, 868.3292846679688, 20.26154327392578, 0.0, 0.0, 0.0, 0.0, 616.2745361328125, 1065.2767333984375, 504.8648681640625, 46.237972259521484, 0.0, 0.0, 0.0, 0.0, 615.640380859375, 1066.5540771484375, 861.2501220703125, 149.0719757080078, 0.0, 0.0, 0.0, 0.0], "rh": [50.700599670410156, 35.219730377197266, 32.1572380065918, 40.57985305786133, 57.658905029296875, 71.77495574951172, 79.88780212402344, 69.69953155517578, 49.76531982421875, 35.7435188293457, 30.543983459472656, 67.7505874633789, 69.28861236572266, 71.83927154541016, 78.10321044921875, 62.49054718017578, 47.97281265258789, 36.0467643737793, 37.032814025878906, 71.22911834716797, 70.9878158569336, 73.62723541259766, 81.8678207397461, 75.3559799194336]}