{"t2m": [14.932525634765625, 19.142669677734375, 18.41412353515625, 15.420745849609375, 13.315826416015625, 13.007415771484375, 10.972900390625, 10.17742919921875, 15.620880126953125, 19.374847412109375, 18.361083984375, 14.7772216796875, 13.23895263671875, 11.494720458984375, 10.171722412109375, 9.983734130859375, 15.527130126953125, 19.68109130859375, 18.3465576171875, 15.050689697265625, 12.57513427734375, 11.854949951171875, 10.9677734375, 9.954986572265625], "wnd": [4.962770938873291, 15.14357852935791, 17.71952247619629, 13.418481826782227, 9.598587989807129, 6.578813076019287, 6.861468315124512, 4.987885475158691, 3.4636130332946777, 11.773421287536621, 16.58545684814453, 11.434404373168945, 6.990778923034668, 5.667234897613525, 4.572669982910156, 1.969240427017212, 1.9679778814315796, 16.170944213867188, 17.13422966003418, 11.222183227539062, 3.9665050506591797, 4.751020431518555, 0.5997194051742554, 4.614017486572266], "dir": [122.85244750976562, 72.19407653808594, 59.056156158447266, 90.90228271484375, 139.8924560546875, 130.96047973632812, 152.95411682128906, 173.804443359375, 102.18070983886719, 53.089900970458984, 58.661800384521484, 105.19859313964844, 154.88636779785156, 169.76568603515625, 167.12356567382812, 163.4678955078125, 78.99871063232422, 58.665225982666016, 61.859066009521484, 90.07525634765625, 167.22467041015625, 145.28396606445312, 77.17900085449219, 148.73699951171875], "psl": [771.502197265625, 770.758056640625, 769.6710205078125, 770.2592163085938, 771.5953979492188, 771.4313354492188, 770.6115112304688, 770.9420166015625, 771.78173828125, 771.331298828125, 770.4845581054688, 770.8764038085938, 771.8959350585938, 771.9609375, 770.9935302734375, 770.925048828125, 771.8582153320312, 771.2416381835938, 770.0524291992188, 770.5164794921875, 771.3370361328125, 771.1564331054688, 769.79150390625, 769.7661743164062], "pre": [0.0, 7.473575891481232e-08, 0.7945403456687927, 5.437016170617426e-07, 6.70638655719813e-08, 7.185008144006133e-11, 0.0, 0.0, 0.0, 0.0, 0.2942696213722229, 4.8953097575576976e-08, 3.5697667044587433e-11, 0.0, 0.0, 0.0, 0.0, 0.0, 1.9451063871383667, 3.5167190617357846e-06, 4.7246430767700076e-08, 0.0, 0.0, 0.0], "sw": [627.9078369140625, 1075.1654052734375, 714.3480834960938, 61.32023620605469, 0.0, 0.0, 0.0, 0.0, 624.0093383789062, 1044.3441162109375, 620.7078857421875, 50.895877838134766, 0.0, 0.0, 0.0, 0.0, 624.4498901367188, 1069.0794677734375, 862.9618530273438, 155.43753051757812, 0.0, 0.0, 0.0, 0.0], "rh": [68.02998352050781, 56.80826187133789, 68.16466522216797, 79.68928527832031, 86.5581283569336, 86.6727066040039, 89.0455093383789, 82.58480072021484, 59.382144927978516, 56.60404968261719, 63.1260986328125, 80.02794647216797, 74.67847442626953, 69.31085968017578, 73.48043060302734, 70.69237518310547, 56.80712890625, 50.43225860595703, 64.00843811035156, 77.94157409667969, 83.10233306884766, 81.09443664550781, 84.81781005859375, 84.47689819335938]}