{"t2m": [19.45184326171875, 22.4381103515625, 23.495758056640625, 21.51287841796875, 17.09100341796875, 16.020233154296875, 14.46319580078125, 14.781280517578125, 19.95501708984375, 23.0595703125, 23.816925048828125, 20.582183837890625, 17.02734375, 16.24029541015625, 15.257537841796875, 14.7813720703125, 19.97869873046875, 23.15301513671875, 23.34967041015625, 19.929412841796875, 16.945526123046875, 15.847259521484375, 14.4654541015625, 14.28594970703125], "wnd": [18.126277923583984, 18.49378776550293, 21.944456100463867, 28.462650299072266, 29.29619026184082, 15.303056716918945, 22.825448989868164, 28.64748191833496, 27.500892639160156, 16.36296272277832, 20.796947479248047, 31.39780616760254, 30.605783462524414, 35.22576904296875, 34.72601318359375, 29.74538230895996, 27.635278701782227, 16.939632415771484, 20.347736358642578, 31.064937591552734, 31.191650390625, 33.58537292480469, 19.495025634765625, 22.376197814941406], "dir": [88.59960174560547, 87.40901947021484, 94.1781234741211, 92.46884155273438, 76.47274780273438, 78.32758331298828, 79.50595092773438, 72.93168640136719, 75.79646301269531, 78.46898651123047, 90.81537628173828, 86.14632415771484, 78.12220001220703, 80.65921020507812, 74.97310638427734, 72.31378936767578, 70.02837371826172, 80.22984313964844, 91.88423156738281, 73.1563491821289, 78.09806823730469, 80.10814666748047, 78.21186828613281, 73.07757568359375], "psl": [805.68115234375, 805.0250244140625, 803.20849609375, 803.3975219726562, 804.7564086914062, 805.2053833007812, 804.373779296875, 804.4668579101562, 805.588134765625, 805.4180297851562, 803.7388916015625, 803.99853515625, 805.0783081054688, 805.0985107421875, 804.412841796875, 804.5106201171875, 805.90380859375, 805.4330444335938, 803.4706420898438, 803.74609375, 804.6752319335938, 804.7576293945312, 803.709228515625, 803.5150146484375], "pre": [0.0, 0.0, 0.0, 7.398855891635034e-39, 0.0, 0.0, 0.0, 0.0, 0.0, 0.0, 0.0, 8.96831017167883e-40, 0.0, 0.0, 2.0378248383822767e-34, 0.0, 0.0, 0.0, 0.0, 6.617015129003057e-23, 0.0, 0.0, 4.3549049460522345e-20, 0.0], "sw": [622.3329467773438, 1067.2244873046875, 860.2362670898438, 157.71490478515625, 0.0, 0.0, 0.0, 0.0, 615.8759765625, 1063.5316162109375, 861.9087524414062, 145.359375, 0.0, 0.0, 0.0, 0.0, 617.7833862304688, 1068.7652587890625, 859.3585205078125, 147.27496337890625, 0.0, 0.0, 0.0, 0.0], "rh": [43.571136474609375, 43.314369201660156, 46.890968322753906, 46.61431884765625, 60.60540008544922, 65.93513488769531, 75.05504608154297, 67.83734893798828, 47.706607818603516, 40.892093658447266, 44.344398498535156, 51.865440368652344, 61.093318939208984, 61.42314529418945, 68.52542114257812, 66.91397094726562, 46.00099182128906, 36.2940559387207, 44.58562469482422, 59.01904296875, 63.4291877746582, 71.03498840332031, 78.08934020996094, 67.61714172363281]}