{"t2m": [22.142730712890625, 27.24774169921875, 29.697174072265625, 26.366241455078125, 21.73858642578125, 19.73193359375, 17.575897216796875, 16.608245849609375, 23.55169677734375, 27.500823974609375, 29.867462158203125, 24.798431396484375, 21.718017578125, 19.355743408203125, 17.3651123046875, 16.08880615234375, 22.95318603515625, 27.308563232421875, 29.69097900390625, 23.506622314453125, 21.111602783203125, 20.865234375, 18.051361083984375, 16.524017333984375], "wnd": [13.82140064239502, 10.390026092529297, 6.723296642303467, 9.97059154510498, 9.8280029296875, 11.946917533874512, 10.8583402633667, 11.659896850585938, 8.828688621520996, 6.478166580200195, 5.735413551330566, 12.744081497192383, 14.572148323059082, 10.330180168151855, 10.981063842773438, 7.51275634765625, 3.6845200061798096, 4.834571361541748, 4.414114952087402, 24.654829025268555, 8.39332389831543, 9.81026554107666, 13.972938537597656, 10.680951118469238], "dir": [87.90855407714844, 111.29251098632812, 129.17311096191406, 142.2537384033203, 151.49037170410156, 108.83338928222656, 53.52090072631836, 34.973880767822266, 77.42916870117188, 109.19092559814453, 102.69274139404297, 55.725990295410156, 82.49988555908203, 86.14824676513672, 56.133201599121094, 47.45842361450195, 111.1669921875, 118.52955627441406, 89.05355834960938, 86.01289367675781, 49.058509826660156, 75.447021484375, 54.15979766845703, 7.948905944824219], "psl": [861.0836791992188, 859.7737426757812, 857.08251953125, 857.7340698242188, 860.135986328125, 860.5731811523438, 860.1721801757812, 860.45068359375, 861.3356323242188, 860.198486328125, 857.5303344726562, 858.5181274414062, 860.254638671875, 861.1950073242188, 860.5032958984375, 860.4938354492188, 861.5261840820312, 860.2572631835938, 857.2982177734375, 858.52001953125, 860.0272827148438, 860.7633666992188, 859.6214599609375, 859.5326538085938], "pre": [0.0, 0.0, 0.0, 0.0, 0.3400299847126007, 0.0, 0.0, 0.0, 0.0, 0.0, 0.0, 0.3988742530345917, 0.1145365834236145, 0.0, 0.0, 0.0, 0.0, 0.0, 0.0, 0.4212011694908142, 0.26868271827697754, 0.052742958068847656, 0.0, 0.0], "sw": [597.7473754882812, 1055.1326904296875, 859.9579467773438, 2.7107772827148438, 0.0, 0.0, 0.0, 0.0, 591.2440185546875, 1049.494140625, 857.0651245117188, 9.999999717180685e-10, 0.0, 0.0, 0.0, 0.0, 592.982421875, 1051.291748046875, 856.0779418945312, 9.60871410369873, 0.0, 0.0, 0.0, 0.0], "rh": [55.70590591430664, 32.25057601928711, 27.398988723754883, 44.784507751464844, 64.25518035888672, 56.93297576904297, 66.8841323852539, 64.92169189453125, 46.10823440551758, 32.80159378051758, 27.397159576416016, 51.94136047363281, 57.22404861450195, 62.6164436340332, 61.3476676940918, 58.877952575683594, 42.24816131591797, 31.957975387573242, 26.421646118164062, 56.7250862121582, 67.1742935180664, 61.03402328491211, 67.85514831542969, 69.11161804199219]}