{"t2m": [22.84417724609375, 27.989410400390625, 29.364654541015625, 26.428741455078125, 21.49322509765625, 18.878448486328125, 17.7608642578125, 17.03717041015625, 24.42572021484375, 28.39801025390625, 29.673187255859375, 25.949127197265625, 21.5706787109375, 18.6492919921875, 17.465911865234375, 16.04669189453125, 24.402496337890625, 28.459197998046875, 29.29852294921875, 25.58721923828125, 22.349090576171875, 18.976043701171875, 18.08837890625, 16.409149169921875], "wnd": [17.674015045166016, 21.355417251586914, 23.45441436767578, 24.445594787597656, 12.504447937011719, 10.883187294006348, 15.364644050598145, 13.403942108154297, 17.16481590270996, 22.011428833007812, 23.460264205932617, 25.211685180664062, 14.979792594909668, 8.982551574707031, 12.777762413024902, 11.490242958068848, 15.831059455871582, 22.897804260253906, 23.76325798034668, 24.07704734802246, 18.141347885131836, 7.295377254486084, 13.542116165161133, 11.04918384552002], "dir": [61.54608154296875, 77.81749725341797, 81.73091888427734, 91.97142791748047, 65.32427978515625, 27.27755355834961, 28.509063720703125, 17.01202392578125, 78.86540222167969, 69.91217803955078, 78.83717346191406, 95.58759307861328, 65.19893646240234, 39.078365325927734, 37.85813522338867, 23.49768829345703, 78.78492736816406, 70.02167510986328, 73.01954650878906, 84.39486694335938, 67.86039733886719, 35.011802673339844, 31.86905288696289, 27.381473541259766], "psl": [862.9994506835938, 861.5938110351562, 859.3291625976562, 859.9779663085938, 861.881103515625, 862.5775756835938, 861.950439453125, 862.2623291015625, 863.0003051757812, 861.9788818359375, 859.8125610351562, 860.3992919921875, 862.12451171875, 862.9935913085938, 862.2225952148438, 862.3571166992188, 863.2814331054688, 862.09375, 859.5903930664062, 860.1716918945312, 861.8964233398438, 862.6515502929688, 861.4816284179688, 861.4558715820312], "pre": [0.0, 0.0, 0.0, 0.0, 0.0, 0.0, 0.0, 0.0, 0.0, 0.0, 0.0, 0.0, 0.0, 0.0, 0.0, 0.0, 0.0, 0.0, 0.0, 0.0, 0.0, 0.0, 0.0, 0.0], "sw": [605.2489624023438, 1050.5714111328125, 849.4476928710938, 153.6131134033203, 0.0, 0.0, 0.0, 0.0, 602.4781494140625, 1051.0211181640625, 852.4121704101562, 147.4542999267578, 0.0, 0.0, 0.0, 0.0, 603.7581176757812, 1055.2078857421875, 851.6099853515625, 142.33958435058594, 0.0, 0.0, 0.0, 0.0], "rh": [49.77263641357422, 32.494144439697266, 31.39476776123047, 40.52348709106445, 50.415771484375, 59.952003479003906, 70.15916442871094, 70.28343200683594, 42.226131439208984, 29.74460792541504, 27.907794952392578, 39.630340576171875, 49.49595260620117, 63.14346694946289, 68.54656219482422, 72.65878295898438, 40.485294342041016, 27.078088760375977, 28.1160831451416, 45.24928665161133, 54.096092224121094, 67.06148529052734, 71.59233093261719, 74.33817291259766]}