{"t2m": [26.1494140625, 28.434417724609375, 29.37103271484375, 24.86260986328125, 23.399505615234375, 23.19757080078125, 23.109588623046875, 22.23095703125, 26.13885498046875, 28.412017822265625, 27.64642333984375, 25.8475341796875, 23.570465087890625, 22.96685791015625, 22.457794189453125, 21.868560791015625, 26.0550537109375, 28.370269775390625, 27.557861328125, 25.45416259765625, 23.189788818359375, 22.548553466796875, 22.721435546875, 22.091033935546875], "wnd": [4.9043965339660645, 9.539061546325684, 11.920211791992188, 5.098841667175293, 7.068662166595459, 8.258980751037598, 8.448262214660645, 11.026334762573242, 8.946516990661621, 10.058225631713867, 7.271953582763672, 3.2587568759918213, 7.429942607879639, 6.055541038513184, 4.862919330596924, 10.683446884155273, 7.906554698944092, 9.274823188781738, 9.640420913696289, 7.392065048217773, 8.109745025634766, 8.280915260314941, 6.026376247406006, 6.478226184844971], "dir": [21.29059600830078, 31.952220916748047, 48.07614517211914, 209.3609619140625, 195.94528198242188, 220.37127685546875, 293.8382873535156, 278.4422607421875, 339.45751953125, 36.285194396972656, 61.21788787841797, 120.45219421386719, 216.30612182617188, 258.1709899902344, 307.62615966796875, 274.94000244140625, 352.822509765625, 52.10585403442383, 112.42518615722656, 169.7249755859375, 206.91357421875, 215.63848876953125, 295.6824645996094, 283.5777587890625], "psl": [969.1275634765625, 968.1793823242188, 966.406005859375, 967.447021484375, 969.0357666015625, 968.5884399414062, 967.4537353515625, 967.9998168945312, 969.5730590820312, 969.0267944335938, 967.78369140625, 967.7193603515625, 968.6732177734375, 969.0040893554688, 967.9970092773438, 968.1994018554688, 969.4152221679688, 968.7902221679688, 967.1566162109375, 967.300048828125, 967.8395385742188, 968.072509765625, 966.5017700195312, 966.921875], "pre": [0.0, 0.0, 2.802596928649634e-41, 4.507559299468994, 2.1056060791015625, 0.0, 0.0, 0.0, 0.0, 0.0, 3.1108572483062744, 6.033146381378174, 0.0, 0.0, 0.0, 0.0, 0.0, 0.0, 2.3527321815490723, 5.067738056182861, 0.0, 0.0, 0.0, 0.0], "sw": [580.0271606445312, 1013.8330078125, 761.7490234375, 32.49225997924805, 0.0, 0.0, 0.0, 0.0, 564.07568359375, 1007.2737426757812, 203.32374572753906, 46.771915435791016, 0.0, 0.0, 0.0, 0.0, 575.7696533203125, 1009.0218505859375, 182.61566162109375, 35.261383056640625, 0.0, 0.0, 0.0, 0.0], "rh": [70.80120849609375, 66.86224365234375, 65.46031951904297, 88.26132202148438, 94.71390533447266, 87.6739273071289, 75.17037963867188, 75.41998291015625, 76.82166290283203, 72.53398132324219, 74.66217041015625, 86.20075225830078, 85.86277770996094, 79.2977066040039, 70.0100326538086, 71.30211639404297, 78.23798370361328, 71.24500274658203, 76.64188385009766, 89.14419555664062, 85.10018920898438, 78.2291488647461, 65.73823547363281, 62.471763610839844]}