{"t2m": [21.9420166015625, 28.01446533203125, 30.833953857421875, 28.208587646484375, 23.402923583984375, 22.020599365234375, 20.502288818359375, 18.323577880859375, 25.040313720703125, 29.458465576171875, 31.324951171875, 30.02960205078125, 23.427276611328125, 22.64630126953125, 19.83831787109375, 18.033233642578125, 24.576629638671875, 29.142303466796875, 31.314971923828125, 29.729522705078125, 22.618133544921875, 23.0865478515625, 19.68359375, 19.01739501953125], "wnd": [0.8134363293647766, 3.588550329208374, 8.714600563049316, 11.998180389404297, 8.303229331970215, 5.876042366027832, 9.260746955871582, 8.013326644897461, 6.780430316925049, 1.3700283765792847, 5.218733787536621, 12.675500869750977, 7.559099197387695, 15.86790657043457, 9.1882963180542, 8.789356231689453, 1.3032002449035645, 6.825704097747803, 9.83749008178711, 13.791936874389648, 13.501460075378418, 6.025125980377197, 7.9988322257995605, 7.047638893127441], "dir": [82.58872985839844, 169.12496948242188, 283.10882568359375, 245.6573028564453, 204.2724609375, 136.99600219726562, 117.41759490966797, 125.91311645507812, 95.63765716552734, 354.5921936035156, 262.28350830078125, 259.258544921875, 135.43618774414062, 147.54702758789062, 175.02853393554688, 134.92620849609375, 78.78975677490234, 124.28112030029297, 284.35272216796875, 253.55538940429688, 174.46633911132812, 130.04722595214844, 70.86954498291016, 136.0932159423828], "psl": [901.2197875976562, 899.4688110351562, 896.4847412109375, 896.6414794921875, 898.7958374023438, 899.9148559570312, 899.4953002929688, 900.1026611328125, 901.230712890625, 899.69091796875, 896.7538452148438, 896.3433837890625, 899.6944580078125, 900.3877563476562, 899.9044799804688, 900.2804565429688, 901.3828125, 899.8265380859375, 896.7009887695312, 896.300537109375, 899.367919921875, 900.0243530273438, 899.2525634765625, 899.299560546875], "pre": [0.0, 0.0, 0.0, 0.0, 0.0, 0.0, 0.0, 0.0, 0.0, 0.0, 0.0, 0.0, 1.7721339566417142e-15, 0.0, 0.0, 0.0, 0.0, 0.0, 0.0, 0.0, 0.7131866812705994, 0.0, 0.0, 0.0], "sw": [576.9146728515625, 1038.325439453125, 848.798095703125, 91.82127380371094, 0.0, 0.0, 0.0, 0.0, 580.8140258789062, 1035.391357421875, 848.8666381835938, 155.91525268554688, 0.0, 0.0, 0.0, 0.0, 579.896484375, 1038.556884765625, 850.23583984375, 153.29664611816406, 0.0, 0.0, 0.0, 0.0], "rh": [70.50724792480469, 41.31338882446289, 33.52547073364258, 47.460594177246094, 72.6414566040039, 78.05429077148438, 60.536582946777344, 68.63452911376953, 46.833648681640625, 34.12336730957031, 30.770965576171875, 40.46408462524414, 64.02589416503906, 55.72261047363281, 66.23628997802734, 67.98805236816406, 47.54324722290039, 34.64619445800781, 29.652738571166992, 39.00528335571289, 77.15379333496094, 70.77144622802734, 75.40162658691406, 75.55757904052734]}