{"t2m": [25.068572998046875, 30.55120849609375, 32.218963623046875, 29.242645263671875, 22.73297119140625, 21.28338623046875, 19.5792236328125, 18.45953369140625, 25.092620849609375, 30.927734375, 32.471343994140625, 28.953521728515625, 23.349884033203125, 21.311798095703125, 19.302154541015625, 17.2896728515625, 24.1102294921875, 29.61468505859375, 32.066741943359375, 28.556976318359375, 22.62359619140625, 23.42071533203125, 19.7679443359375, 17.034942626953125], "wnd": [11.902806282043457, 17.439714431762695, 19.282962799072266, 22.757457733154297, 8.111376762390137, 15.909276962280273, 16.514394760131836, 11.256284713745117, 3.7694451808929443, 13.058832168579102, 20.992284774780273, 22.833539962768555, 12.82862663269043, 13.679567337036133, 12.708877563476562, 10.027436256408691, 4.547913074493408, 7.093320369720459, 19.823991775512695, 24.33196449279785, 4.646259307861328, 11.717997550964355, 14.059351921081543, 8.466364860534668], "dir": [69.39574432373047, 81.95225524902344, 85.16897583007812, 94.2464828491211, 29.332679748535156, 27.19731903076172, 28.239830017089844, 27.636390686035156, 126.10832977294922, 73.1668930053711, 91.27239990234375, 93.27299499511719, 343.0503845214844, 359.55352783203125, 14.764068603515625, 28.062000274658203, 186.2289276123047, 209.19064331054688, 90.99877166748047, 86.42755126953125, 303.17584228515625, 3.24560546875, 31.745792388916016, 48.30032730102539], "psl": [887.2105712890625, 885.322998046875, 882.7052612304688, 883.4506225585938, 886.0834350585938, 886.6517944335938, 886.1884155273438, 886.599853515625, 887.4318237304688, 885.682373046875, 883.1463012695312, 883.905029296875, 886.3192749023438, 887.2338256835938, 886.5582275390625, 886.803955078125, 887.8292236328125, 885.9637451171875, 882.9813232421875, 883.6578369140625, 886.2882690429688, 886.7896118164062, 885.7310180664062, 885.9141235351562], "pre": [0.0, 0.0, 0.0, 0.0, 0.0, 0.0, 0.0, 0.0, 0.0, 0.0, 0.0, 0.0, 0.0, 0.0, 0.0, 0.0, 0.0, 0.0, 0.0, 0.0, 0.0, 9.166785861899067e-23, 0.0, 0.0], "sw": [596.314453125, 1046.5523681640625, 849.5169677734375, 154.85745239257812, 0.0, 0.0, 0.0, 0.0, 594.4210205078125, 1042.91259765625, 849.5423583984375, 148.96255493164062, 0.0, 0.0, 0.0, 0.0, 595.3348999023438, 1043.4510498046875, 847.6384887695312, 143.63406372070312, 0.0, 0.0, 0.0, 0.0], "rh": [45.792015075683594, 26.7850341796875, 25.250137329101562, 32.1022834777832, 52.986305236816406, 51.504154205322266, 61.697872161865234, 65.57567596435547, 43.69172286987305, 26.550737380981445, 23.553298950195312, 32.39267349243164, 46.21346664428711, 52.566158294677734, 62.53727722167969, 68.06265258789062, 45.4751091003418, 30.53194808959961, 24.700031280517578, 36.89613342285156, 58.43166732788086, 51.84199905395508, 65.83548736572266, 75.43415069580078]}