{"t2m": [22.98492431640625, 27.136627197265625, 29.356109619140625, 26.027801513671875, 21.534027099609375, 19.97357177734375, 18.177947998046875, 16.46429443359375, 24.386138916015625, 27.38885498046875, 29.80645751953125, 26.8773193359375, 22.89892578125, 19.42352294921875, 18.242584228515625, 16.83648681640625, 23.085906982421875, 26.939483642578125, 29.42919921875, 27.246795654296875, 22.6898193359375, 19.046875, 18.11859130859375, 16.787261962890625], "wnd": [11.70568561553955, 8.143845558166504, 7.786398410797119, 13.481471061706543, 6.670519828796387, 5.486310005187988, 3.4826035499572754, 10.459754943847656, 8.366921424865723, 6.077200889587402, 4.307574272155762, 5.291464328765869, 3.4642672538757324, 4.127278804779053, 11.244088172912598, 6.745842933654785, 1.6435070037841797, 6.159382343292236, 7.956692695617676, 7.61458683013916, 5.372615814208984, 3.6748218536376953, 8.608896255493164, 4.324399948120117], "dir": [92.9516830444336, 134.9957275390625, 178.6888427734375, 282.24578857421875, 105.78718566894531, 17.5633544921875, 350.3986511230469, 33.350894927978516, 117.78486633300781, 167.1515350341797, 125.77289581298828, 225.73733520507812, 41.99051284790039, 23.933815002441406, 77.50257873535156, 352.27734375, 12.679107666015625, 194.56475830078125, 237.43191528320312, 262.2255554199219, 36.695777893066406, 333.49591064453125, 306.00445556640625, 339.2186279296875], "psl": [861.8668212890625, 860.665771484375, 858.1083374023438, 858.326171875, 860.80126953125, 861.4110107421875, 860.8029174804688, 861.2630615234375, 862.100830078125, 861.0887451171875, 858.4364013671875, 858.5380249023438, 861.06689453125, 861.861083984375, 861.2003784179688, 861.2510986328125, 862.3753051757812, 861.2359619140625, 858.32470703125, 858.3838500976562, 860.7467041015625, 861.6327514648438, 860.4794311523438, 860.4249267578125], "pre": [0.0, 0.0, 0.0, 0.0, 0.033225659281015396, 1.6343692781742515e-29, 0.0, 0.0, 0.0, 0.0, 0.0, 2.1907453117404808e-32, 0.32809385657310486, 0.0, 0.0, 0.0, 0.0, 0.0, 0.0, 0.0, 0.01103687472641468, 0.0, 0.005437284708023071, 0.0], "sw": [592.73974609375, 1049.025390625, 846.0092163085938, 137.22817993164062, 0.0, 0.0, 0.0, 0.0, 590.415771484375, 1045.728515625, 856.280029296875, 15.067147254943848, 0.0, 0.0, 0.0, 0.0, 588.7589111328125, 1048.0352783203125, 856.5299682617188, 151.03204345703125, 0.0, 0.0, 0.0, 0.0], "rh": [52.30604553222656, 36.21553039550781, 29.29161262512207, 55.323184967041016, 66.84408569335938, 64.52033233642578, 66.4798355102539, 62.282596588134766, 41.845848083496094, 35.23926544189453, 28.18790626525879, 41.672080993652344, 58.809043884277344, 67.92996215820312, 60.12178039550781, 65.91690826416016, 45.281524658203125, 33.641937255859375, 28.477933883666992, 39.46913146972656, 57.246707916259766, 75.5719985961914, 75.22016906738281, 75.25232696533203]}