{"t2m": [23.67010498046875, 29.1324462890625, 31.067047119140625, 28.373779296875, 23.0574951171875, 21.472442626953125, 20.475433349609375, 19.7813720703125, 24.568939208984375, 29.623931884765625, 31.64263916015625, 28.070098876953125, 23.954620361328125, 21.86334228515625, 20.24053955078125, 19.62884521484375, 24.311004638671875, 29.161651611328125, 31.23406982421875, 27.6923828125, 22.967315673828125, 22.42022705078125, 19.887176513671875, 19.217681884765625], "wnd": [11.308605194091797, 16.89578628540039, 20.64864730834961, 25.315534591674805, 14.80648136138916, 16.890859603881836, 26.469219207763672, 19.94826889038086, 16.934467315673828, 15.48862075805664, 17.796253204345703, 29.577306747436523, 29.33698081970215, 26.518508911132812, 20.530973434448242, 19.89856719970703, 17.492435455322266, 8.964604377746582, 17.051189422607422, 29.511213302612305, 17.36256980895996, 9.868465423583984, 17.356670379638672, 16.794391632080078], "dir": [87.51798248291016, 92.93936920166016, 86.62823486328125, 100.85663604736328, 98.50218963623047, 83.09809112548828, 78.03560638427734, 78.63394927978516, 82.83557891845703, 92.55792999267578, 99.49837493896484, 100.50122833251953, 86.566162109375, 86.919921875, 80.75420379638672, 64.93395233154297, 90.48757934570312, 130.8270263671875, 97.49681854248047, 95.49726104736328, 111.44992065429688, 97.08470153808594, 75.63246154785156, 65.7704086303711], "psl": [874.4541625976562, 872.818115234375, 870.22705078125, 870.7439575195312, 873.3607788085938, 873.7783813476562, 873.154296875, 873.4282836914062, 874.6343994140625, 873.1710205078125, 870.5211181640625, 871.1200561523438, 873.4420166015625, 874.1099243164062, 873.537109375, 873.683837890625, 874.901123046875, 873.2865600585938, 870.3989868164062, 870.8340454101562, 873.53466796875, 874.024658203125, 872.8540649414062, 872.8887329101562], "pre": [0.0, 0.0, 0.0, 0.0, 0.0, 0.0, 0.0, 0.0, 0.0, 0.0, 0.0, 0.0, 0.038683418184518814, 0.014934707432985306, 0.0, 0.0, 0.0, 0.0, 0.0, 0.0, 0.07333260029554367, 0.1170281320810318, 0.0, 0.0], "sw": [597.0438842773438, 1048.7803955078125, 853.6141357421875, 135.1591339111328, 0.0, 0.0, 0.0, 0.0, 594.7827758789062, 1046.2039794921875, 853.408935546875, 151.22642517089844, 0.0, 0.0, 0.0, 0.0, 595.93017578125, 1047.7537841796875, 851.6597290039062, 146.36883544921875, 0.0, 0.0, 0.0, 0.0], "rh": [49.42872619628906, 29.54719352722168, 27.234521865844727, 34.66972732543945, 48.161582946777344, 49.34447479248047, 58.106773376464844, 58.890968322753906, 44.07249450683594, 27.648426055908203, 22.209674835205078, 33.869625091552734, 43.17369842529297, 50.7835578918457, 57.207618713378906, 57.43785095214844, 43.01213836669922, 28.246814727783203, 23.017166137695312, 38.14508819580078, 55.779884338378906, 55.724971771240234, 64.30387878417969, 63.02617263793945]}