{"t2m": [18.894256591796875, 21.742095947265625, 22.8468017578125, 21.3216552734375, 16.478851318359375, 15.471527099609375, 14.02734375, 13.4591064453125, 19.55535888671875, 22.307861328125, 23.332366943359375, 21.644927978515625, 17.3154296875, 15.414398193359375, 13.850341796875, 12.997222900390625, 18.76416015625, 21.750762939453125, 22.99761962890625, 21.40081787109375, 16.409210205078125, 14.6468505859375, 13.574981689453125, 12.8021240234375], "wnd": [11.073229789733887, 14.158060073852539, 11.852523803710938, 11.254780769348145, 9.584151268005371, 3.488373279571533, 11.750068664550781, 3.0629231929779053, 6.721217155456543, 14.815710067749023, 11.139988899230957, 9.068984985351562, 2.9267663955688477, 4.561243057250977, 3.7099194526672363, 7.210254192352295, 6.51317834854126, 13.709819793701172, 10.916692733764648, 7.149157524108887, 8.884961128234863, 9.663507461547852, 6.501357555389404, 6.6831841468811035], "dir": [194.327880859375, 142.23388671875, 157.14141845703125, 296.78692626953125, 19.53343963623047, 299.4246826171875, 287.8795471191406, 263.18243408203125, 185.57431030273438, 152.76295471191406, 163.43948364257812, 64.85182189941406, 298.82794189453125, 24.308494567871094, 283.08331298828125, 260.3445129394531, 150.48678588867188, 145.96917724609375, 163.673828125, 262.974365234375, 3.9791641235351562, 266.38983154296875, 22.02710723876953, 314.8173828125], "psl": [796.82421875, 796.3453369140625, 794.56982421875, 794.4407958984375, 796.5870361328125, 796.7167358398438, 795.841796875, 796.1543579101562, 797.1905517578125, 796.7576293945312, 794.9385986328125, 794.933349609375, 796.663818359375, 796.9998168945312, 796.3363037109375, 796.1858520507812, 797.3732299804688, 796.798095703125, 794.7376708984375, 794.5779418945312, 796.2301025390625, 796.6497802734375, 795.4822387695312, 795.3465576171875], "pre": [0.0, 1.5980662077478402e-18, 0.0, 0.0, 0.35761305689811707, 2.1858426180187962e-10, 0.0, 0.0, 0.0, 0.0, 0.0, 1.447360986617241e-08, 0.18137869238853455, 0.0, 0.0, 0.0, 0.0, 0.0, 0.0, 4.166364669799805e-05, 1.3971569538116455, 0.02658069133758545, 0.0, 0.0], "sw": [605.0851440429688, 1061.0770263671875, 813.9213256835938, 154.7032470703125, 0.0, 0.0, 0.0, 0.0, 606.3403930664062, 1061.0238037109375, 867.5828857421875, 9.999999717180685e-10, 0.0, 0.0, 0.0, 0.0, 607.4249877929688, 1064.2774658203125, 867.658447265625, 14.650774955749512, 0.0, 0.0, 0.0, 0.0], "rh": [60.09613800048828, 45.738243103027344, 42.14236831665039, 56.484596252441406, 74.75135040283203, 73.3221206665039, 68.95764923095703, 61.860042572021484, 46.864864349365234, 41.081993103027344, 40.556827545166016, 47.78421401977539, 66.44771575927734, 72.4314956665039, 67.07479095458984, 58.96493911743164, 50.02085494995117, 41.401763916015625, 39.693870544433594, 53.58123016357422, 70.49156951904297, 83.3661880493164, 81.8073959350586, 78.64681243896484]}