{"t2m": [18.120391845703125, 21.968414306640625, 23.872406005859375, 21.123565673828125, 17.009033203125, 13.94439697265625, 12.272125244140625, 12.00897216796875, 18.12786865234375, 22.12982177734375, 23.71124267578125, 18.967254638671875, 16.45263671875, 13.323699951171875, 11.464599609375, 11.72161865234375, 18.482696533203125, 22.15997314453125, 22.722625732421875, 16.743621826171875, 15.236358642578125, 13.130126953125, 11.52056884765625, 11.31134033203125], "wnd": [12.256392478942871, 9.481589317321777, 14.5445556640625, 9.1945161819458, 9.409360885620117, 6.621147155761719, 6.5887227058410645, 12.477920532226562, 11.694010734558105, 8.299541473388672, 8.178750991821289, 9.178520202636719, 12.257384300231934, 8.724004745483398, 7.724179744720459, 13.408851623535156, 11.527541160583496, 10.100119590759277, 18.759159088134766, 15.44052505493164, 11.901993751525879, 7.923022747039795, 6.367640495300293, 11.537430763244629], "dir": [45.316932678222656, 141.81951904296875, 137.16741943359375, 77.97357940673828, 100.6668701171875, 70.49883270263672, 52.01914978027344, 26.991947174072266, 58.10226821899414, 146.56565856933594, 144.73797607421875, 101.27032470703125, 60.170448303222656, 80.98772430419922, 54.46744918823242, 16.627403259277344, 47.909034729003906, 114.03166961669922, 163.63687133789062, 76.92127990722656, 78.3088150024414, 93.59012603759766, 31.63315200805664, 12.110519409179688], "psl": [790.6156005859375, 789.855224609375, 787.898681640625, 788.69775390625, 790.2410278320312, 790.4788818359375, 789.7444458007812, 790.0510864257812, 790.9818115234375, 790.3915405273438, 788.4691162109375, 789.3357543945312, 790.662109375, 790.9380493164062, 790.1238403320312, 790.004638671875, 791.1107788085938, 790.3701782226562, 788.3018188476562, 789.0245361328125, 790.140869140625, 790.3866577148438, 789.2210693359375, 789.0402221679688], "pre": [0.0, 0.0, 0.0, 3.0596589881578535e-18, 5.004856296252094e-21, 0.0, 0.0, 0.0, 0.0, 0.0, 0.0, 2.3049118518829346, 0.37186145782470703, 0.0, 0.0, 0.0, 0.0, 0.0, 0.0, 0.8756953477859497, 0.002785921096801758, 0.0, 0.0, 0.0], "sw": [622.2630004882812, 1071.2125244140625, 868.7465209960938, 14.62982177734375, 0.0, 0.0, 0.0, 0.0, 618.4794311523438, 1066.3936767578125, 261.63189697265625, 13.745189666748047, 0.0, 0.0, 0.0, 0.0, 618.1705932617188, 1068.78564453125, 248.346435546875, 78.05119323730469, 0.0, 0.0, 0.0, 0.0], "rh": [53.627174377441406, 39.5286750793457, 35.32008743286133, 48.04348373413086, 62.955780029296875, 77.03115844726562, 82.92617797851562, 73.29866027832031, 52.73418426513672, 39.65867614746094, 33.14848327636719, 68.47879791259766, 73.36363983154297, 75.6773681640625, 76.40138244628906, 67.60659790039062, 50.798118591308594, 38.159881591796875, 38.22575378417969, 78.5758056640625, 79.26081085205078, 82.10698699951172, 84.46847534179688, 81.41773223876953]}