{"t2m": [18.370025634765625, 22.70574951171875, 24.439239501953125, 22.075347900390625, 18.083587646484375, 15.589111328125, 13.576568603515625, 12.163299560546875, 18.398956298828125, 22.818756103515625, 24.241058349609375, 19.989837646484375, 17.24664306640625, 15.018798828125, 12.9295654296875, 11.894256591796875, 18.37225341796875, 22.909515380859375, 23.98590087890625, 18.872039794921875, 16.5211181640625, 14.9234619140625, 13.16473388671875, 12.171844482421875], "wnd": [10.879619598388672, 6.155608177185059, 18.537105560302734, 19.21769142150879, 11.919797897338867, 5.893435001373291, 5.340117454528809, 10.087203979492188, 5.594301700592041, 5.919381618499756, 13.972079277038574, 13.421338081359863, 8.684093475341797, 4.2507171630859375, 7.857759952545166, 11.264755249023438, 9.21046257019043, 4.566535949707031, 16.960594177246094, 7.771993637084961, 11.945237159729004, 4.047471523284912, 5.053422927856445, 10.857975959777832], "dir": [15.220535278320312, 161.93775939941406, 139.69911193847656, 107.56376647949219, 91.89942169189453, 99.06243896484375, 81.76268768310547, 35.45515441894531, 36.66469192504883, 192.8356170654297, 147.2317352294922, 106.11244201660156, 76.0468978881836, 85.05130004882812, 49.21793746948242, 17.453521728515625, 45.9541015625, 168.37136840820312, 151.04388427734375, 100.55916595458984, 86.06456756591797, 89.51007080078125, 75.57353210449219, 19.817398071289062], "psl": [800.7494506835938, 799.8566284179688, 797.8304443359375, 798.532958984375, 800.3961791992188, 800.5772094726562, 799.9581298828125, 800.38232421875, 801.12744140625, 800.4076538085938, 798.4600830078125, 799.375, 800.8181762695312, 801.136474609375, 800.3328857421875, 800.286865234375, 801.3241577148438, 800.3434448242188, 798.1604614257812, 799.2059936523438, 800.3082275390625, 800.5355224609375, 799.3828735351562, 799.2762451171875], "pre": [0.0, 0.0, 0.0, 1.5471618320118274e-24, 0.0004848206590395421, 0.0, 0.0, 0.0, 0.0, 0.0, 0.0, 2.3137381076812744, 0.07768464088439941, 0.0, 0.0, 0.0, 0.0, 0.0, 0.0, 7.051917552947998, 0.0077571868896484375, 0.0, 0.0, 0.0], "sw": [623.0867309570312, 1071.253173828125, 861.3004760742188, 155.6673126220703, 0.0, 0.0, 0.0, 0.0, 617.8052978515625, 1066.5616455078125, 247.60525512695312, 27.57179069519043, 0.0, 0.0, 0.0, 0.0, 618.0798950195312, 1068.3485107421875, 857.295654296875, 66.2598648071289, 0.0, 0.0, 0.0, 0.0], "rh": [52.58601379394531, 34.51951599121094, 38.01062774658203, 42.495601654052734, 58.09833908081055, 70.48522186279297, 79.28738403320312, 79.76410675048828, 53.17503356933594, 34.33192825317383, 37.40412139892578, 60.77585983276367, 66.93170166015625, 69.53123474121094, 67.35797882080078, 68.38314819335938, 50.429100036621094, 33.461509704589844, 39.23655700683594, 69.12600708007812, 72.36507415771484, 75.01445770263672, 81.23118591308594, 80.0544662475586]}