{"t2m": [14.922698974609375, 16.54901123046875, 15.563079833984375, 13.82684326171875, 11.466583251953125, 11.63958740234375, 9.88201904296875, 9.38916015625, 16.09686279296875, 16.93505859375, 15.73162841796875, 13.60638427734375, 12.491668701171875, 10.511810302734375, 9.186187744140625, 8.8646240234375, 16.68829345703125, 17.786895751953125, 16.349884033203125, 13.556060791015625, 12.386627197265625, 10.6124267578125, 9.891845703125, 9.264678955078125], "wnd": [9.37605094909668, 16.89644432067871, 16.59974479675293, 8.763240814208984, 4.518639087677002, 4.080941677093506, 7.415038108825684, 9.182902336120605, 7.37103796005249, 16.36786651611328, 13.388664245605469, 7.192811012268066, 6.713824272155762, 5.7865071296691895, 9.358047485351562, 9.365228652954102, 6.704394817352295, 18.015525817871094, 17.251840591430664, 7.101964473724365, 7.723734378814697, 9.440317153930664, 9.105032920837402, 7.2848992347717285], "dir": [57.5294303894043, 50.444435119628906, 53.80131530761719, 64.11784362792969, 167.12049865722656, 121.71614074707031, 161.0423583984375, 163.28851318359375, 60.51189041137695, 42.713043212890625, 43.46885299682617, 71.29228973388672, 155.5297088623047, 139.52935791015625, 156.10342407226562, 164.46707153320312, 69.75468444824219, 48.5936279296875, 43.390377044677734, 66.34039306640625, 159.98208618164062, 153.49429321289062, 156.633056640625, 142.84141540527344], "psl": [776.8091430664062, 776.5802612304688, 775.4559326171875, 775.7341918945312, 776.897216796875, 776.7894287109375, 775.9439697265625, 776.2181396484375, 777.1618041992188, 777.22216796875, 776.2261962890625, 776.1923217773438, 777.1564331054688, 777.3811645507812, 776.2623291015625, 776.2062377929688, 777.1353149414062, 777.0838012695312, 775.7394409179688, 775.8471069335938, 776.5595092773438, 776.56494140625, 775.1451416015625, 775.1626586914062], "pre": [0.0, 4.3764134716184344e-07, 0.000596380967181176, 0.0016158787766471505, 2.561137080192566e-09, 0.0, 0.0, 0.0, 0.0, 1.4784745872020721e-07, 1.0104849934577942e-06, 7.962621748447418e-05, 0.000103021040558815, 0.0, 0.0, 0.0, 0.0, 0.0, 0.01124204695224762, 4.164106212556362e-05, 0.0, 0.0, 0.0, 0.0], "sw": [621.040283203125, 1072.9097900390625, 714.26953125, 44.6796875, 0.0, 0.0, 0.0, 0.0, 616.6620483398438, 1060.8367919921875, 567.9940185546875, 6.255434513092041, 0.0, 0.0, 0.0, 0.0, 620.0850219726562, 1068.70849609375, 626.1084594726562, 44.63985061645508, 0.0, 0.0, 0.0, 0.0], "rh": [80.60621643066406, 81.1338119506836, 91.04073333740234, 93.33720397949219, 96.9725341796875, 92.92250061035156, 90.2358169555664, 80.87838745117188, 64.12055206298828, 81.26679992675781, 85.18474578857422, 95.89978790283203, 85.03216552734375, 78.79500579833984, 78.39776611328125, 71.09515380859375, 54.81160354614258, 70.76351928710938, 79.21038818359375, 91.05455017089844, 81.06278228759766, 81.58345031738281, 86.90298461914062, 89.42668151855469]}