{"t2m": [15.35162353515625, 19.774017333984375, 21.196929931640625, 18.972442626953125, 14.47955322265625, 12.5469970703125, 11.976409912109375, 10.655853271484375, 16.8643798828125, 20.142242431640625, 21.957794189453125, 15.93487548828125, 14.700897216796875, 12.98956298828125, 10.943817138671875, 10.11883544921875, 16.38812255859375, 19.872283935546875, 21.32843017578125, 15.83294677734375, 13.698944091796875, 12.694732666015625, 11.088348388671875, 9.711883544921875], "wnd": [15.72123908996582, 7.445445537567139, 13.769545555114746, 7.111746311187744, 9.268980026245117, 7.50230073928833, 13.319337844848633, 11.847103118896484, 14.579673767089844, 10.809070587158203, 5.080606937408447, 8.669878005981445, 14.19079875946045, 15.382177352905273, 12.16096305847168, 12.820676803588867, 13.908982276916504, 7.523122310638428, 8.604172706604004, 11.738143920898438, 12.660309791564941, 17.140134811401367, 11.69110107421875, 11.42414379119873], "dir": [12.089134216308594, 74.53761291503906, 162.345458984375, 157.57717895507812, 262.70086669921875, 328.4490966796875, 341.8555603027344, 338.0753173828125, 1.3982696533203125, 19.98242950439453, 72.14541625976562, 266.61749267578125, 324.70306396484375, 333.0090026855469, 342.4579162597656, 339.6031494140625, 3.7531509399414062, 38.87990951538086, 141.0878143310547, 326.86865234375, 316.40484619140625, 327.8290710449219, 340.12835693359375, 337.58123779296875], "psl": [767.9608764648438, 767.3719482421875, 765.6320190429688, 766.0656127929688, 767.6826782226562, 767.7421875, 767.0289306640625, 767.3160400390625, 768.3074951171875, 767.975830078125, 766.112060546875, 766.92041015625, 767.970947265625, 768.3008422851562, 767.4422607421875, 767.3311157226562, 768.4459228515625, 767.9364013671875, 765.773681640625, 766.4015502929688, 767.5625610351562, 767.6146240234375, 766.368408203125, 766.3211669921875], "pre": [0.0, 2.2448239982266822e-36, 3.0833050370231815e-40, 0.004354673437774181, 0.01932046376168728, 0.007798351347446442, 0.0, 0.0, 0.0, 0.0, 0.0, 0.6083564758300781, 0.07695610076189041, 0.0, 0.0, 0.0, 0.0, 0.0, 0.049820125102996826, 0.9985717535018921, 0.10184174031019211, 0.0, 0.0, 0.0], "sw": [615.0523071289062, 1075.1715087890625, 875.343017578125, 10.654129028320312, 0.0, 0.0, 0.0, 0.0, 615.9174194335938, 1072.23681640625, 874.7137451171875, 10.031634330749512, 0.0, 0.0, 0.0, 0.0, 617.81884765625, 1074.528076171875, 871.6403198242188, 10.126434326171875, 0.0, 0.0, 0.0, 0.0], "rh": [66.23861694335938, 44.812767028808594, 45.57143020629883, 51.4549560546875, 73.21804809570312, 80.83161926269531, 69.68397521972656, 67.80873107910156, 51.32972717285156, 41.64155578613281, 37.633689880371094, 77.20729064941406, 72.9167251586914, 65.65104675292969, 62.62791061401367, 60.466087341308594, 48.605255126953125, 41.49009323120117, 42.82557678222656, 77.00706481933594, 81.19786834716797, 74.39996337890625, 73.23283386230469, 76.47239685058594]}