{"t2m": [16.99267578125, 20.829345703125, 21.439300537109375, 17.273651123046875, 15.56439208984375, 13.70098876953125, 13.10333251953125, 12.334808349609375, 17.266265869140625, 20.86431884765625, 21.49169921875, 17.777984619140625, 15.068023681640625, 13.771575927734375, 12.947418212890625, 12.104156494140625, 17.116790771484375, 21.00152587890625, 21.679229736328125, 17.607177734375, 14.358245849609375, 13.3326416015625, 11.303009033203125, 10.463043212890625], "wnd": [20.267724990844727, 8.531140327453613, 8.601478576660156, 9.936535835266113, 16.696577072143555, 19.378856658935547, 17.553892135620117, 20.7041015625, 17.13672637939453, 7.230472087860107, 9.395406723022461, 22.539432525634766, 26.282852172851562, 22.34335708618164, 19.57168960571289, 18.35572624206543, 17.15318489074707, 10.293334007263184, 11.041501998901367, 13.66944408416748, 21.58478546142578, 18.388158798217773, 10.326407432556152, 9.43326187133789], "dir": [32.82371520996094, 56.72483825683594, 185.183837890625, 21.675865173339844, 12.197486877441406, 9.612991333007812, 16.65142059326172, 18.00048065185547, 26.660388946533203, 43.02912139892578, 167.84716796875, 42.86586380004883, 16.666549682617188, 19.980796813964844, 17.268234252929688, 14.121444702148438, 27.044719696044922, 62.6654052734375, 170.6204833984375, 43.81862258911133, 14.493408203125, 18.029319763183594, 340.1119384765625, 335.20281982421875], "psl": [770.8291625976562, 770.303955078125, 768.5802612304688, 769.3748168945312, 770.568359375, 770.6290893554688, 769.981689453125, 770.2611694335938, 771.249755859375, 770.8480224609375, 769.1716918945312, 769.5728149414062, 770.8230590820312, 771.148193359375, 770.260498046875, 770.2581787109375, 771.44091796875, 770.77587890625, 768.8314819335938, 769.4651489257812, 770.4620971679688, 770.595703125, 769.4227294921875, 769.3153686523438], "pre": [0.0, 0.0, 1.4087785390694213e-18, 0.17802436649799347, 0.18768522143363953, 0.0, 0.0, 0.0, 0.0, 0.0, 0.0, 0.016775907948613167, 0.0, 0.0, 0.0, 0.0, 0.0, 0.0, 0.0, 0.7235704660415649, 0.05058038607239723, 0.0, 0.0, 0.0], "sw": [626.5706787109375, 1079.1063232421875, 161.79306030273438, 35.415428161621094, 0.0, 0.0, 0.0, 0.0, 623.35546875, 1073.5413818359375, 250.0630645751953, 51.72162628173828, 0.0, 0.0, 0.0, 0.0, 623.6177978515625, 1072.9117431640625, 612.556884765625, 153.0647735595703, 0.0, 0.0, 0.0, 0.0], "rh": [53.09300994873047, 37.81638717651367, 38.53775405883789, 70.28842163085938, 58.13721466064453, 62.22434616088867, 64.59690856933594, 64.76847839355469, 50.256717681884766, 38.22764587402344, 39.44804763793945, 64.26188659667969, 59.8623046875, 55.106990814208984, 53.66890335083008, 60.31739807128906, 52.03627395629883, 39.24908447265625, 37.35195541381836, 67.64469909667969, 70.01740264892578, 68.94633483886719, 76.70357513427734, 78.16156005859375]}