{"t2m": [18.56207275390625, 22.855438232421875, 24.510223388671875, 22.620330810546875, 19.683502197265625, 16.998870849609375, 15.47967529296875, 14.827972412109375, 19.742431640625, 23.29986572265625, 24.70477294921875, 21.50775146484375, 18.757415771484375, 16.02532958984375, 14.711883544921875, 13.77423095703125, 18.7393798828125, 22.944488525390625, 24.2987060546875, 21.447540283203125, 18.579498291015625, 16.006256103515625, 14.65228271484375, 14.121612548828125], "wnd": [15.694268226623535, 22.749940872192383, 26.3939266204834, 27.262588500976562, 18.37476921081543, 14.328499794006348, 12.326879501342773, 9.203237533569336, 15.776433944702148, 20.9414119720459, 27.15035057067871, 29.06597137451172, 17.299728393554688, 14.767559051513672, 9.883157730102539, 8.658178329467773, 16.588125228881836, 22.143985748291016, 26.232881546020508, 28.85643768310547, 16.531986236572266, 14.928568840026855, 9.140913009643555, 8.593327522277832], "dir": [80.33812713623047, 98.79974365234375, 105.4967041015625, 99.71578216552734, 111.48026275634766, 54.05245590209961, 27.293338775634766, 28.078125, 84.04676818847656, 96.78746795654297, 108.53680419921875, 117.6288833618164, 99.39013671875, 38.63398361206055, 26.692047119140625, 26.21975326538086, 78.57266235351562, 98.46819305419922, 107.70054626464844, 93.4841079711914, 112.29507446289062, 40.75975036621094, 20.520713806152344, 34.33167266845703], "psl": [840.8262329101562, 839.900634765625, 837.8958740234375, 838.4468994140625, 840.09521484375, 840.5623168945312, 839.8534545898438, 840.205810546875, 841.0333862304688, 840.301025390625, 838.533203125, 838.9972534179688, 840.66748046875, 841.266357421875, 840.369873046875, 840.24365234375, 841.460205078125, 840.462646484375, 838.2113037109375, 838.8468627929688, 840.1478881835938, 840.6748657226562, 839.250244140625, 839.0546875], "pre": [0.0, 0.0, 0.0, 8.257251457773394e-35, 0.0, 0.0, 1.6085561123923148e-37, 0.0, 0.0, 0.0, 0.0, 0.0, 0.0, 0.0, 0.0, 0.0, 0.0, 0.0, 0.0, 6.976858915546347e-21, 0.0, 0.0, 0.0, 0.0], "sw": [616.1206665039062, 1053.23681640625, 851.2907104492188, 149.03082275390625, 0.0, 0.0, 0.0, 0.0, 612.0891723632812, 1056.73583984375, 851.011474609375, 71.96553039550781, 0.0, 0.0, 0.0, 0.0, 613.396240234375, 1057.4796142578125, 847.5095825195312, 137.39141845703125, 0.0, 0.0, 0.0, 0.0], "rh": [66.19841766357422, 50.48440170288086, 48.71066665649414, 49.37199401855469, 58.91025161743164, 76.06575012207031, 86.5626449584961, 85.16314697265625, 58.838375091552734, 47.811363220214844, 44.26108932495117, 55.150787353515625, 61.87039566040039, 82.15642547607422, 88.68059539794922, 88.01998138427734, 64.17617797851562, 48.73906326293945, 47.49992752075195, 59.071170806884766, 70.15800476074219, 85.75538635253906, 91.76846313476562, 87.09246063232422]}