{"t2m": [18.72393798828125, 23.5546875, 25.421112060546875, 22.584014892578125, 18.40631103515625, 15.967681884765625, 14.2586669921875, 12.64501953125, 18.9757080078125, 23.63043212890625, 25.728759765625, 20.4447021484375, 17.76019287109375, 14.8558349609375, 13.308868408203125, 12.29571533203125, 18.6114501953125, 23.4727783203125, 24.400543212890625, 18.38580322265625, 16.615875244140625, 14.685333251953125, 13.689208984375, 12.0404052734375], "wnd": [13.457870483398438, 8.777111053466797, 23.37196922302246, 23.35665512084961, 20.854337692260742, 14.20035171508789, 15.14618968963623, 12.387408256530762, 10.67872142791748, 6.489178657531738, 19.26952362060547, 13.50778579711914, 13.717795372009277, 12.186464309692383, 13.245075225830078, 13.690238952636719, 13.641870498657227, 3.5805728435516357, 26.510635375976562, 22.69281578063965, 14.901135444641113, 11.41900634765625, 14.411456108093262, 11.399629592895508], "dir": [34.656158447265625, 58.75773620605469, 116.47797393798828, 109.95030212402344, 91.07113647460938, 99.37754821777344, 88.57699584960938, 59.553955078125, 45.0128059387207, 54.34611892700195, 130.75543212890625, 92.10261535644531, 86.76942443847656, 89.09215545654297, 84.08935546875, 61.332977294921875, 55.47711181640625, 59.30883026123047, 145.6527099609375, 62.0447998046875, 60.20930480957031, 74.3467025756836, 84.95856475830078, 44.667518615722656], "psl": [808.5017700195312, 807.5333862304688, 805.4717407226562, 806.1302490234375, 807.9717407226562, 808.2908325195312, 807.57763671875, 808.02587890625, 808.822998046875, 808.0369262695312, 805.9592895507812, 806.9286499023438, 808.4591674804688, 808.805419921875, 808.0147094726562, 808.0485229492188, 809.0545043945312, 808.0593872070312, 805.9197387695312, 806.5570068359375, 807.8604736328125, 808.2191162109375, 807.0236206054688, 806.9735717773438], "pre": [0.0, 0.0, 0.0, 1.5732098496112873e-36, 5.51184386789391e-26, 0.0, 0.0, 0.0, 0.0, 0.0, 0.0, 3.080033779144287, 0.0250704288482666, 0.0, 0.0, 0.0, 0.0, 0.0, 0.0, 0.7947603464126587, 0.0010817516595125198, 0.0, 0.0, 0.0], "sw": [620.8773193359375, 1070.3956298828125, 866.7826538085938, 159.86558532714844, 0.0, 0.0, 0.0, 0.0, 615.2566528320312, 1063.425537109375, 859.287353515625, 35.20767593383789, 0.0, 0.0, 0.0, 0.0, 615.2335205078125, 1067.3170166015625, 859.0968017578125, 8.35012149810791, 0.0, 0.0, 0.0, 0.0], "rh": [51.048343658447266, 32.55495834350586, 31.11567497253418, 40.42259979248047, 54.71510314941406, 67.4786605834961, 76.88916015625, 80.34947204589844, 53.021270751953125, 34.434940338134766, 30.967130661010742, 61.15618896484375, 64.17375183105469, 75.32746124267578, 80.7791748046875, 72.93356323242188, 50.854801177978516, 31.228008270263672, 38.27821731567383, 73.70735168457031, 69.82149505615234, 77.96635437011719, 82.38044738769531, 82.06913757324219]}