{"t2m": [16.299346923828125, 18.1280517578125, 18.67034912109375, 16.2286376953125, 14.61724853515625, 13.3568115234375, 10.8590087890625, 10.66522216796875, 16.79461669921875, 18.4525146484375, 17.732330322265625, 15.220916748046875, 14.313629150390625, 13.20965576171875, 11.689208984375, 10.510162353515625, 16.697235107421875, 17.78973388671875, 16.85540771484375, 14.71551513671875, 13.684600830078125, 13.127197265625, 10.770263671875, 10.064422607421875], "wnd": [34.70130157470703, 30.613832473754883, 31.296672821044922, 28.706125259399414, 27.9805908203125, 18.442138671875, 11.988846778869629, 15.679190635681152, 14.782632827758789, 24.236059188842773, 27.018117904663086, 31.24530601501465, 29.86406898498535, 26.793560028076172, 18.386409759521484, 14.276778221130371, 18.161277770996094, 28.805307388305664, 28.887752532958984, 31.365554809570312, 33.47766876220703, 33.34762954711914, 11.48206901550293, 12.596250534057617], "dir": [102.42047119140625, 103.03032684326172, 102.14966583251953, 106.5610580444336, 118.09468078613281, 120.86864471435547, 130.40960693359375, 129.91897583007812, 114.07026672363281, 85.24420928955078, 88.2529525756836, 101.69903564453125, 115.6425552368164, 119.92039489746094, 127.52336120605469, 132.4236602783203, 100.6468276977539, 94.33706665039062, 95.93292236328125, 100.7547378540039, 112.34282684326172, 114.79224395751953, 136.1602020263672, 136.21524047851562], "psl": [749.3947143554688, 749.50732421875, 748.2064208984375, 748.5331420898438, 749.49169921875, 749.4985961914062, 748.8683471679688, 749.3134155273438, 750.2670288085938, 750.22607421875, 749.0440673828125, 748.9498291015625, 749.9943237304688, 749.8731079101562, 749.2752075195312, 749.3377075195312, 750.442138671875, 750.1732788085938, 748.6929931640625, 748.7755737304688, 749.2863159179688, 749.1554565429688, 748.26171875, 748.3602294921875], "pre": [0.0, 1.2060989817098913e-17, 6.248134010178319e-09, 1.687538997430238e-14, 7.639400223524717e-11, 0.0, 0.0, 0.0, 0.0, 1.8565433634876172e-08, 3.953217486696303e-08, 2.5740007458807668e-08, 0.0, 0.0, 0.0, 0.0, 0.0, 0.0, 3.485561137495097e-07, 1.6526655599591322e-09, 0.0, 0.0, 0.0, 0.0], "sw": [646.7802734375, 1091.8472900390625, 873.5797729492188, 29.69854736328125, 0.0, 0.0, 0.0, 0.0, 639.1575927734375, 1083.1044921875, 789.5042724609375, 43.78168487548828, 0.0, 0.0, 0.0, 0.0, 638.3128051757812, 1084.365478515625, 865.3443603515625, 149.8306884765625, 0.0, 0.0, 0.0, 0.0], "rh": [44.70164489746094, 49.76911926269531, 48.875099182128906, 46.67744064331055, 42.92448043823242, 51.540958404541016, 64.43729400634766, 61.13579177856445, 43.21574401855469, 48.567996978759766, 54.802860260009766, 55.491764068603516, 49.91059112548828, 49.97488021850586, 63.78429412841797, 66.94281005859375, 45.819175720214844, 50.34684371948242, 61.34042739868164, 61.75187301635742, 60.49086380004883, 66.6183853149414, 78.27774047851562, 62.95636749267578]}