{"t2m": [20.03045654296875, 23.611358642578125, 25.736419677734375, 23.083648681640625, 20.467864990234375, 17.438751220703125, 16.3563232421875, 15.86578369140625, 21.443389892578125, 23.9681396484375, 26.009368896484375, 25.1845703125, 18.52947998046875, 18.03948974609375, 16.59326171875, 15.51556396484375, 20.3233642578125, 23.8359375, 25.477325439453125, 24.37701416015625, 19.062530517578125, 17.244354248046875, 16.310638427734375, 15.541717529296875], "wnd": [5.680017948150635, 9.980441093444824, 7.559101581573486, 8.460982322692871, 12.832101821899414, 9.833697319030762, 7.963743686676025, 7.718405246734619, 8.251977920532227, 7.377227306365967, 6.664745330810547, 5.036012649536133, 7.453176975250244, 11.287822723388672, 11.050710678100586, 5.971130847930908, 5.08282995223999, 7.858224868774414, 8.00684642791748, 5.002033710479736, 8.46951675415039, 2.0639238357543945, 10.230951309204102, 5.770096778869629], "dir": [184.57650756835938, 201.66204833984375, 226.1998748779297, 294.29486083984375, 80.70606994628906, 75.75132751464844, 317.6819152832031, 27.56499481201172, 155.7841796875, 189.26885986328125, 239.33192443847656, 230.50131225585938, 354.12811279296875, 330.1683654785156, 25.450088500976562, 102.34523010253906, 196.76756286621094, 199.951171875, 260.5028381347656, 248.538818359375, 27.27606964111328, 36.38194274902344, 331.450927734375, 59.185791015625], "psl": [834.8367919921875, 834.11181640625, 831.8488159179688, 831.8978881835938, 833.810791015625, 834.4354858398438, 833.8692016601562, 834.0382690429688, 835.197265625, 834.5320434570312, 832.270263671875, 831.970947265625, 834.3244018554688, 835.0045166015625, 834.1197509765625, 834.18701171875, 835.3616333007812, 834.559326171875, 832.1868896484375, 831.9013061523438, 833.8794555664062, 834.698486328125, 833.474853515625, 833.2489624023438], "pre": [0.0, 1.5951239053063564e-21, 0.0, 0.01726633310317993, 4.0540897303048155e-22, 0.0, 0.0, 0.0, 0.0, 0.0, 0.0, 0.0, 0.4322158694267273, 0.0, 0.0, 0.0, 0.0, 0.0, 0.0, 0.0, 0.4823649823665619, 0.03408247232437134, 0.06294339895248413, 0.0], "sw": [594.6609497070312, 1049.2255859375, 806.396728515625, 116.217529296875, 0.0, 0.0, 0.0, 0.0, 591.1362915039062, 1047.717529296875, 859.0946655273438, 156.29176330566406, 0.0, 0.0, 0.0, 0.0, 595.1157836914062, 1051.7574462890625, 858.6704711914062, 152.4613494873047, 0.0, 0.0, 0.0, 0.0], "rh": [67.48088836669922, 52.29708480834961, 41.0952033996582, 65.7147445678711, 64.14481353759766, 70.17082214355469, 66.43818664550781, 67.59158325195312, 51.3193473815918, 48.15477752685547, 41.23003005981445, 47.118656158447266, 72.6812973022461, 71.3612289428711, 68.0456314086914, 66.58650970458984, 59.13838577270508, 45.883785247802734, 41.68419647216797, 49.4163703918457, 66.92127227783203, 78.1787109375, 80.96073150634766, 75.75228881835938]}