{"t2m": [18.32330322265625, 18.013702392578125, 16.884521484375, 16.46258544921875, 15.30792236328125, 13.974700927734375, 13.042938232421875, 12.918701171875, 18.306121826171875, 16.275970458984375, 16.444183349609375, 15.18896484375, 13.41033935546875, 12.839691162109375, 12.555694580078125, 12.257720947265625, 18.293121337890625, 18.10650634765625, 15.93109130859375, 15.263824462890625, 13.821258544921875, 13.580474853515625, 12.82061767578125, 12.435272216796875], "wnd": [10.353169441223145, 14.692294120788574, 8.405770301818848, 9.230134963989258, 1.127307415008545, 4.34751558303833, 5.319156169891357, 5.419425964355469, 10.566560745239258, 11.505703926086426, 8.711224555969238, 0.9333799481391907, 9.588419914245605, 8.560125350952148, 7.663095951080322, 4.530150413513184, 6.379614353179932, 16.935075759887695, 9.393896102905273, 2.1888201236724854, 5.942482948303223, 4.193024635314941, 6.091094017028809, 5.049630641937256], "dir": [68.52445220947266, 95.81039428710938, 87.662841796875, 95.31538391113281, 300.51080322265625, 289.2133483886719, 297.2043762207031, 284.9649963378906, 84.23599243164062, 97.48789978027344, 90.38213348388672, 150.26116943359375, 305.49102783203125, 320.6293029785156, 295.94830322265625, 298.01220703125, 84.30125427246094, 82.67335510253906, 85.54527282714844, 85.08078002929688, 290.3253173828125, 277.6768798828125, 277.0662841796875, 262.8970642089844], "psl": [811.68359375, 811.5829467773438, 810.2284545898438, 810.3326416015625, 811.6337280273438, 811.4430541992188, 810.5028686523438, 810.873779296875, 811.9102172851562, 812.2413940429688, 810.9363403320312, 810.9974365234375, 811.85546875, 811.91943359375, 810.9344482421875, 810.875732421875, 812.036865234375, 811.9646606445312, 810.689453125, 810.725830078125, 811.2675170898438, 811.3136596679688, 809.8515625, 809.8502197265625], "pre": [0.0, 0.0008660581661388278, 3.1439223289489746, 0.009550200775265694, 0.22139586508274078, 0.0009507834911346436, 0.0, 0.0, 0.0, 2.2731454372406006, 0.05467422306537628, 0.11237666010856628, 9.840726852416992e-05, 0.0, 0.0, 0.0, 0.0, 0.9169926643371582, 12.855027198791504, 1.3323017358779907, 0.0, 0.0, 0.0, 0.0], "sw": [630.5126953125, 614.8817138671875, 333.97064208984375, 8.569688247916929e-07, 0.0, 0.0, 0.0, 0.0, 626.0655517578125, 267.8802185058594, 247.62315368652344, 44.313514709472656, 0.0, 0.0, 0.0, 0.0, 624.99951171875, 710.6723022460938, 328.3151550292969, 6.793127059936523, 0.0, 0.0, 0.0, 0.0], "rh": [61.829833984375, 81.5843505859375, 95.64385986328125, 99.63704681396484, 99.91976928710938, 79.74201202392578, 70.76864624023438, 63.750083923339844, 64.01885986328125, 99.8651351928711, 97.06046295166016, 99.55982971191406, 72.1620864868164, 70.27944946289062, 65.1498794555664, 62.87502670288086, 62.19548034667969, 91.6960678100586, 99.66844177246094, 99.90135192871094, 72.50411224365234, 68.50371551513672, 69.16728210449219, 64.46197509765625]}