{"t2m": [25.965240478515625, 28.08074951171875, 29.00885009765625, 24.8123779296875, 23.638458251953125, 22.976531982421875, 22.907623291015625, 21.945220947265625, 25.891326904296875, 28.047393798828125, 27.42181396484375, 25.38604736328125, 23.244598388671875, 22.4700927734375, 22.312530517578125, 21.485870361328125, 25.897735595703125, 27.992767333984375, 27.343658447265625, 25.141021728515625, 22.984527587890625, 22.193817138671875, 22.4429931640625, 21.97210693359375], "wnd": [6.309081077575684, 10.248230934143066, 10.931780815124512, 4.786717414855957, 7.3037519454956055, 9.119513511657715, 7.2284698486328125, 11.749391555786133, 8.930109977722168, 10.46700382232666, 7.811418056488037, 4.019144058227539, 7.238763332366943, 7.570274353027344, 3.209167718887329, 10.587786674499512, 8.389429092407227, 9.627710342407227, 11.091084480285645, 7.835394859313965, 8.484848976135254, 9.055142402648926, 5.718099594116211, 4.815023422241211], "dir": [20.15550994873047, 36.94715881347656, 45.46152877807617, 174.250244140625, 192.98422241210938, 226.96163940429688, 289.5970153808594, 264.9466552734375, 351.2674255371094, 40.48704147338867, 55.59828567504883, 87.19291687011719, 212.84295654296875, 250.0882110595703, 321.5836181640625, 263.4425048828125, 3.6485595703125, 54.48141860961914, 115.89945983886719, 161.85641479492188, 195.20291137695312, 211.13511657714844, 263.9769287109375, 284.5594787597656], "psl": [964.749755859375, 963.8328247070312, 962.0901489257812, 963.0072631835938, 964.6624755859375, 964.2427978515625, 963.094970703125, 963.6515502929688, 965.2023315429688, 964.684326171875, 963.4723510742188, 963.418701171875, 964.3343505859375, 964.66015625, 963.6488037109375, 963.8478393554688, 965.0324096679688, 964.4625244140625, 962.8773193359375, 962.9701538085938, 963.4620971679688, 963.7206420898438, 962.1637573242188, 962.5772705078125], "pre": [0.0, 0.0, 3.174358782601773e-31, 1.3902848958969116, 5.741889476776123, 3.159046173095703e-06, 0.0, 0.0, 0.0, 0.0, 2.599982500076294, 4.619448661804199, 0.09770488739013672, 0.0, 0.0, 0.0, 0.0, 0.0, 2.076958656311035, 3.8438210487365723, 0.0, 0.0, 0.0, 0.0], "sw": [580.9182739257812, 1015.0466918945312, 726.6627807617188, 34.11658477783203, 0.0, 0.0, 0.0, 0.0, 562.1498413085938, 1002.3491821289062, 327.7234191894531, 0.21043738722801208, 0.0, 0.0, 0.0, 0.0, 576.8951416015625, 1010.5588989257812, 549.7300415039062, 39.08991241455078, 0.0, 0.0, 0.0, 0.0], "rh": [70.68058013916016, 68.3277816772461, 64.65098571777344, 85.3155288696289, 93.52084350585938, 86.1670150756836, 75.06143188476562, 74.06440734863281, 77.77686309814453, 73.46037292480469, 75.20948028564453, 87.9486083984375, 84.80801391601562, 77.57946014404297, 70.56697845458984, 71.6878890991211, 78.82244873046875, 71.642333984375, 78.09048461914062, 89.62359619140625, 84.2407455444336, 77.20909881591797, 62.20082092285156, 62.85409164428711]}