{"t2m": [23.11407470703125, 27.84356689453125, 29.117828369140625, 26.06396484375, 20.539337158203125, 18.049896240234375, 16.363677978515625, 15.49481201171875, 23.522552490234375, 28.2841796875, 29.24078369140625, 25.8450927734375, 20.116607666015625, 18.17694091796875, 15.847900390625, 14.5584716796875, 22.92877197265625, 28.315032958984375, 28.869842529296875, 25.44580078125, 20.330810546875, 18.79107666015625, 18.810546875, 14.908599853515625], "wnd": [12.84388256072998, 19.570194244384766, 22.730632781982422, 22.064861297607422, 5.158008098602295, 7.179896831512451, 11.518843650817871, 10.776251792907715, 5.281070709228516, 19.280122756958008, 23.28997802734375, 20.773279190063477, 6.328553199768066, 8.1552734375, 8.902419090270996, 7.372450828552246, 2.3110132217407227, 17.600339889526367, 21.17607307434082, 21.00176239013672, 7.474524974822998, 5.407229900360107, 3.807417392730713, 9.503490447998047], "dir": [51.90330123901367, 77.77218627929688, 81.26144409179688, 87.04936218261719, 346.3155517578125, 48.17741775512695, 24.713584899902344, 28.855857849121094, 110.28782653808594, 85.5442123413086, 88.14260864257812, 94.15907287597656, 14.204803466796875, 28.34750747680664, 28.8170166015625, 54.197052001953125, 150.32421875, 84.90985870361328, 90.04515838623047, 85.62557983398438, 10.005386352539062, 37.97905349731445, 77.81697082519531, 45.67158126831055], "psl": [859.57763671875, 858.285400390625, 856.08935546875, 856.8029174804688, 858.75341796875, 859.2430419921875, 858.591796875, 858.9259643554688, 859.7879638671875, 858.7420043945312, 856.6331787109375, 857.147216796875, 858.8047485351562, 859.6127319335938, 858.9219360351562, 859.1195068359375, 860.1121826171875, 858.825439453125, 856.3997802734375, 856.87109375, 858.5700073242188, 859.3193969726562, 858.1514282226562, 858.205078125], "pre": [0.0, 0.0, 0.0, 0.0, 0.0, 0.0, 0.0, 0.0, 0.0, 0.0, 0.0, 0.0, 0.0, 0.0, 0.0, 0.0, 0.0, 0.0, 0.0, 0.0, 0.0, 1.961817850054744e-40, 0.0, 0.0], "sw": [604.5789794921875, 1052.482421875, 853.812255859375, 155.02500915527344, 0.0, 0.0, 0.0, 0.0, 603.3992919921875, 1054.6927490234375, 856.7207641601562, 149.17630004882812, 0.0, 0.0, 0.0, 0.0, 604.261962890625, 1054.5101318359375, 852.861328125, 143.88021850585938, 0.0, 0.0, 0.0, 0.0], "rh": [49.130577087402344, 32.06981658935547, 29.77169418334961, 38.90644836425781, 54.49749755859375, 62.30198287963867, 74.051513671875, 76.81663513183594, 44.65393829345703, 27.504724502563477, 26.452621459960938, 39.79214859008789, 54.512413024902344, 62.16676712036133, 73.76443481445312, 77.63084411621094, 45.01605224609375, 27.398311614990234, 29.25967788696289, 44.27333068847656, 62.068939208984375, 67.60421752929688, 68.24329376220703, 82.69651794433594]}