{"t2m": [18.67462158203125, 22.82269287109375, 24.7764892578125, 22.170623779296875, 17.54547119140625, 14.401763916015625, 12.369659423828125, 12.12713623046875, 18.72021484375, 23.017822265625, 25.1846923828125, 19.7081298828125, 17.020751953125, 14.317352294921875, 12.01544189453125, 11.5621337890625, 18.720703125, 22.95953369140625, 24.380096435546875, 17.505828857421875, 15.909271240234375, 13.965423583984375, 11.841217041015625, 11.795257568359375], "wnd": [14.240509986877441, 9.318656921386719, 18.789989471435547, 16.58110237121582, 9.096943855285645, 6.491138935089111, 7.051601409912109, 11.95251750946045, 10.364584922790527, 6.959011554718018, 11.170140266418457, 8.181073188781738, 11.939553260803223, 9.291393280029297, 9.833636283874512, 11.453557014465332, 14.467395782470703, 8.551155090332031, 19.474319458007812, 14.624579429626465, 14.065384864807129, 8.243319511413574, 6.862147808074951, 11.082695960998535], "dir": [39.34004211425781, 131.009033203125, 127.80369567871094, 109.29022216796875, 100.40713500976562, 116.15396881103516, 83.05643463134766, 50.77064514160156, 57.36909866333008, 150.51998901367188, 125.09326934814453, 112.29096984863281, 65.69483184814453, 92.28694915771484, 83.99845123291016, 34.51865005493164, 54.69792556762695, 113.9511489868164, 147.56790161132812, 76.29948425292969, 62.426055908203125, 85.40579986572266, 68.68881225585938, 27.52806854248047], "psl": [802.560546875, 801.648193359375, 799.579833984375, 800.3381958007812, 802.1420288085938, 802.4027099609375, 801.736572265625, 802.09619140625, 802.91015625, 802.1864624023438, 800.09033203125, 801.119140625, 802.5741577148438, 802.9037475585938, 802.1135864257812, 802.0454711914062, 803.0725708007812, 802.182373046875, 799.9427490234375, 800.8410034179688, 802.0487670898438, 802.3428344726562, 801.1930541992188, 801.0254516601562], "pre": [0.0, 0.0, 0.0, 3.0233385085054078e-25, 2.9410810809329946e-13, 0.0, 0.0, 0.0, 0.0, 0.0, 0.0, 2.306183099746704, 0.10009884834289551, 0.0, 0.0, 0.0, 0.0, 0.0, 0.0, 1.6951818466186523, 0.003687143325805664, 0.0, 0.0, 0.0], "sw": [621.3618774414062, 1069.9293212890625, 865.6071166992188, 152.92919921875, 0.0, 0.0, 0.0, 0.0, 616.3314819335938, 1065.9464111328125, 795.457763671875, 36.681663513183594, 0.0, 0.0, 0.0, 0.0, 616.1419677734375, 1068.0230712890625, 860.7236328125, 11.640853881835938, 0.0, 0.0, 0.0, 0.0], "rh": [51.99517059326172, 35.266170501708984, 34.361244201660156, 44.2994499206543, 60.1636962890625, 76.71205139160156, 87.78358459472656, 77.30521392822266, 52.63377380371094, 34.33983612060547, 32.01716232299805, 67.43206024169922, 70.25651550292969, 73.10922241210938, 81.28319549560547, 70.29464721679688, 51.232505798339844, 34.172943115234375, 35.188053131103516, 77.98820495605469, 76.44515991210938, 80.18182373046875, 89.64541625976562, 80.8249282836914]}