{"t2m": [15.2525634765625, 20.461700439453125, 19.64739990234375, 15.976654052734375, 13.286590576171875, 12.53985595703125, 12.049713134765625, 10.190338134765625, 16.596435546875, 20.492340087890625, 19.175262451171875, 15.099853515625, 12.865631103515625, 12.0426025390625, 10.60711669921875, 9.758819580078125, 16.320220947265625, 20.51763916015625, 18.024017333984375, 15.529632568359375, 12.521697998046875, 12.326019287109375, 10.810333251953125, 9.604583740234375], "wnd": [13.180082321166992, 17.970806121826172, 21.0361385345459, 21.977890014648438, 16.36916732788086, 14.1420316696167, 14.643569946289062, 12.651741981506348, 12.004766464233398, 11.879251480102539, 23.819286346435547, 22.126014709472656, 14.252274513244629, 16.06939125061035, 14.551183700561523, 12.568499565124512, 10.265678405761719, 14.060704231262207, 22.376689910888672, 22.857946395874023, 12.868718147277832, 14.884082794189453, 11.721671104431152, 10.31035041809082], "dir": [13.725852966308594, 56.71651077270508, 17.880470275878906, 8.080184936523438, 2.7581329345703125, 354.8352966308594, 347.7569580078125, 339.199951171875, 37.12258529663086, 30.943607330322266, 7.595115661621094, 7.956298828125, 2.8075027465820312, 342.5941162109375, 340.22509765625, 343.741943359375, 26.630664825439453, 55.25101089477539, 11.757102966308594, 4.244224548339844, 347.9565734863281, 340.33428955078125, 338.30731201171875, 335.89813232421875], "psl": [769.0628051757812, 768.3392944335938, 767.1358032226562, 767.6858520507812, 768.9762573242188, 768.8593139648438, 768.1234130859375, 768.5088500976562, 769.3904418945312, 768.914794921875, 767.849853515625, 768.3068237304688, 769.427978515625, 769.3905639648438, 768.5166625976562, 768.4874267578125, 769.5646362304688, 768.8516235351562, 767.6509399414062, 767.9247436523438, 768.8013305664062, 768.6558837890625, 767.3131103515625, 767.4219360351562], "pre": [0.0, 5.969729234374275e-34, 0.37910905480384827, 0.007983893156051636, 1.4217166778255163e-24, 9.693522803355793e-25, 0.0, 0.0, 0.0, 0.0, 0.35038965940475464, 6.682068385779927e-23, 6.462348535570529e-26, 0.0, 0.0, 0.0, 0.0, 0.0, 2.409926414489746, 0.03789877891540527, 0.0, 0.0, 0.0, 0.0], "sw": [633.8223876953125, 1082.1839599609375, 865.8963623046875, 94.4863052368164, 0.0, 0.0, 0.0, 0.0, 628.5801391601562, 1072.3310546875, 668.974365234375, 39.78221893310547, 0.0, 0.0, 0.0, 0.0, 627.6964111328125, 1073.315185546875, 825.990234375, 150.52476501464844, 0.0, 0.0, 0.0, 0.0], "rh": [61.465572357177734, 40.793601989746094, 62.79218292236328, 77.8708724975586, 81.1997299194336, 85.83134460449219, 83.3311767578125, 83.83952331542969, 53.34103775024414, 42.31212615966797, 63.95823287963867, 77.54877471923828, 76.64108276367188, 64.15458679199219, 70.62763214111328, 74.85453796386719, 56.35786819458008, 41.61343765258789, 71.24607849121094, 78.2995376586914, 82.07821655273438, 77.11183166503906, 85.14906311035156, 87.17302703857422]}