{"t2m": [20.95672607421875, 25.6898193359375, 29.212310791015625, 25.86419677734375, 21.615509033203125, 19.658782958984375, 19.2933349609375, 17.75054931640625, 22.31683349609375, 26.3299560546875, 29.091949462890625, 25.57110595703125, 20.956756591796875, 19.21759033203125, 17.998992919921875, 17.1466064453125, 21.7144775390625, 25.8673095703125, 28.758270263671875, 25.03082275390625, 21.1312255859375, 19.404388427734375, 17.99908447265625, 17.670623779296875], "wnd": [5.762119770050049, 13.596712112426758, 6.522464752197266, 22.80253791809082, 9.152573585510254, 3.019681692123413, 1.6504682302474976, 7.218908309936523, 5.993805885314941, 13.620769500732422, 8.795310020446777, 11.74896240234375, 8.81673812866211, 4.001715183258057, 4.769234657287598, 5.933350563049316, 8.166321754455566, 15.506889343261719, 11.30649471282959, 28.318742752075195, 12.22399616241455, 4.313953399658203, 7.920126914978027, 4.61639404296875], "dir": [203.37506103515625, 174.2279052734375, 39.15150451660156, 61.08974838256836, 177.28271484375, 201.22079467773438, 186.6004638671875, 348.6009826660156, 188.32366943359375, 172.79269409179688, 43.22370529174805, 88.77930450439453, 182.97817993164062, 143.0844268798828, 344.7233581542969, 352.0279541015625, 178.15606689453125, 169.8679962158203, 23.89617156982422, 60.994049072265625, 182.83609008789062, 154.052001953125, 347.0294189453125, 346.5262756347656], "psl": [894.42822265625, 892.851318359375, 890.215576171875, 890.831787109375, 893.33154296875, 893.9921264648438, 893.272705078125, 893.7281494140625, 894.491455078125, 893.2505493164062, 890.9742431640625, 891.689697265625, 894.0977172851562, 894.868896484375, 893.9614868164062, 893.8515014648438, 895.0388793945312, 893.5396728515625, 890.6495971679688, 891.1766357421875, 893.4944458007812, 894.264892578125, 892.75048828125, 892.6229858398438], "pre": [0.0, 0.0, 1.7774489116179442e-26, 1.4230924313854247e-15, 1.6803016091157183e-19, 1.2017279939170386e-19, 6.500977870176755e-20, 0.0, 0.0, 0.0, 3.657382387125662e-18, 7.040961374051372e-20, 9.423241538204091e-21, 0.0, 0.0, 0.0, 0.0, 0.0, 1.0587911840678754e-22, 4.2707647480710875e-06, 7.371454557869583e-10, 0.0, 0.0, 0.0], "sw": [606.5310668945312, 1036.20166015625, 835.9099731445312, 75.33641815185547, 0.0, 0.0, 0.0, 0.0, 605.141845703125, 1040.7769775390625, 832.950439453125, 102.69395446777344, 0.0, 0.0, 0.0, 0.0, 604.9036254882812, 1038.98779296875, 828.2266235351562, 126.73423767089844, 0.0, 0.0, 0.0, 0.0], "rh": [71.96095275878906, 54.776580810546875, 37.790428161621094, 47.08429718017578, 65.14505004882812, 76.9264907836914, 75.7030029296875, 76.75164031982422, 61.26695251464844, 49.190704345703125, 36.208953857421875, 47.812652587890625, 67.85249328613281, 76.19208526611328, 77.3867416381836, 77.97956085205078, 62.54286193847656, 50.5274772644043, 39.28685760498047, 52.33028030395508, 69.88693237304688, 78.07006072998047, 79.05448913574219, 76.48178100585938]}