{"t2m": [18.28704833984375, 20.379486083984375, 20.166107177734375, 16.997344970703125, 14.521392822265625, 12.895965576171875, 11.115234375, 9.906982421875, 18.372528076171875, 20.86370849609375, 20.244964599609375, 16.047637939453125, 14.810638427734375, 11.734771728515625, 10.476348876953125, 9.7559814453125, 17.889373779296875, 20.85711669921875, 19.844268798828125, 16.067535400390625, 14.502777099609375, 12.175140380859375, 10.725128173828125, 9.923675537109375], "wnd": [14.930634498596191, 24.83346176147461, 32.51034927368164, 26.139476776123047, 11.69283676147461, 6.84096097946167, 8.13260555267334, 7.164027690887451, 13.719579696655273, 17.40778923034668, 26.806495666503906, 28.015281677246094, 16.616548538208008, 8.237309455871582, 6.648977279663086, 7.156024932861328, 7.2044878005981445, 20.35081672668457, 30.95051383972168, 26.175127029418945, 18.574522018432617, 8.824527740478516, 4.817836284637451, 7.149467945098877], "dir": [76.92330169677734, 104.2768783569336, 103.54437255859375, 111.71434020996094, 117.3501205444336, 121.5279541015625, 161.21739196777344, 162.06573486328125, 87.13787841796875, 104.49089050292969, 95.52885437011719, 100.61646270751953, 95.19149017333984, 111.0095443725586, 160.4718017578125, 32.92634963989258, 76.20277404785156, 109.7677993774414, 98.66179656982422, 100.80142974853516, 102.56302642822266, 115.79585266113281, 149.49270629882812, 36.94617462158203], "psl": [785.9031372070312, 785.432861328125, 783.8604125976562, 784.1160888671875, 785.8068237304688, 785.8135986328125, 785.2935791015625, 785.6010131835938, 786.2686157226562, 786.0454711914062, 784.5074462890625, 784.6810302734375, 785.8740844726562, 786.385498046875, 785.6189575195312, 785.6347045898438, 786.5595092773438, 785.9136962890625, 784.0925903320312, 784.5752563476562, 785.405029296875, 785.8200073242188, 784.619873046875, 784.5845947265625], "pre": [0.0, 4.4767224373550527e-35, 2.0482298509798628e-23, 5.2833259877235807e-17, 6.481412732584161e-17, 2.97255624927056e-20, 3.4439962588665826e-18, 0.0, 0.0, 0.0, 3.161334312818537e-14, 0.0779607892036438, 0.0, 0.0, 0.0, 0.0, 0.0, 0.0, 4.351512206124397e-12, 0.28037187457084656, 0.003087162971496582, 0.0, 0.0, 0.0], "sw": [631.4637451171875, 1071.9346923828125, 866.3055419921875, 28.457847595214844, 0.0, 0.0, 0.0, 0.0, 625.687744140625, 1068.0611572265625, 751.16943359375, 75.53311920166016, 0.0, 0.0, 0.0, 0.0, 625.1177368164062, 1070.853515625, 856.1028442382812, 144.63861083984375, 0.0, 0.0, 0.0, 0.0], "rh": [46.63838195800781, 53.71654510498047, 57.99589920043945, 66.00568389892578, 76.38957977294922, 82.33308410644531, 90.9239501953125, 87.13363647460938, 50.243343353271484, 48.2474479675293, 61.29952621459961, 73.9781265258789, 66.68876647949219, 81.79338073730469, 85.69487762451172, 76.21470642089844, 52.84071731567383, 45.89281463623047, 62.14891815185547, 76.994384765625, 71.44631958007812, 84.46224212646484, 88.7637710571289, 82.52747344970703]}