{"t2m": [23.636962890625, 29.057830810546875, 31.0452880859375, 28.425628662109375, 23.5172119140625, 20.648468017578125, 18.878082275390625, 17.098175048828125, 25.370269775390625, 29.31292724609375, 31.808074951171875, 28.524658203125, 24.43798828125, 22.769775390625, 19.444854736328125, 17.352020263671875, 24.7440185546875, 28.93798828125, 30.987548828125, 29.36553955078125, 22.1160888671875, 20.959381103515625, 18.263946533203125, 16.74169921875], "wnd": [11.415069580078125, 6.807068824768066, 5.952661037445068, 10.160894393920898, 2.1739695072174072, 12.841286659240723, 11.47634220123291, 10.449860572814941, 7.011626720428467, 5.541656970977783, 1.0918166637420654, 4.376580238342285, 7.069090366363525, 20.84957504272461, 10.52608871459961, 11.357067108154297, 6.193312168121338, 5.096557140350342, 7.724921226501465, 4.651504039764404, 10.772616386413574, 13.622982025146484, 9.667269706726074, 7.43970251083374], "dir": [93.46669006347656, 75.24122619628906, 308.12249755859375, 276.80242919921875, 126.06558990478516, 128.49490356445312, 101.88990020751953, 67.65550231933594, 74.60916900634766, 43.13362121582031, 174.75814819335938, 186.24658203125, 143.9364776611328, 110.97705078125, 81.06512451171875, 76.37762451171875, 78.84298706054688, 354.0847473144531, 260.8472595214844, 255.127197265625, 141.50262451171875, 127.75076293945312, 101.54638671875, 82.12950897216797], "psl": [885.001220703125, 883.3848266601562, 880.5823364257812, 880.9701538085938, 883.3228149414062, 884.16748046875, 883.8338012695312, 884.399169921875, 885.1671752929688, 883.791015625, 880.8284301757812, 880.9412231445312, 884.0446166992188, 884.5811157226562, 884.1515502929688, 884.3834228515625, 885.4157104492188, 883.8954467773438, 880.9083862304688, 880.8384399414062, 883.8746337890625, 884.4307250976562, 883.6152954101562, 883.5536499023438], "pre": [0.0, 0.0, 0.0, 0.0, 0.05714181438088417, 0.0, 0.0, 0.0, 0.0, 0.0, 0.0, 0.0, 0.1315809041261673, 3.701980685624784e-36, 0.0, 0.0, 0.0, 0.0, 0.0, 0.0, 0.18509934842586517, 0.0054624080657958984, 0.0, 0.0], "sw": [587.7314453125, 1048.5267333984375, 855.4903564453125, 148.3940887451172, 0.0, 0.0, 0.0, 0.0, 583.0946044921875, 1041.4149169921875, 851.8903198242188, 7.2904510498046875, 0.0, 0.0, 0.0, 0.0, 582.6372680664062, 1042.5367431640625, 850.4485473632812, 141.46627807617188, 0.0, 0.0, 0.0, 0.0], "rh": [54.785545349121094, 30.188575744628906, 27.94043731689453, 42.3453369140625, 60.19966506958008, 55.99162673950195, 63.408935546875, 67.81271362304688, 42.47662353515625, 31.071535110473633, 26.771625518798828, 34.55299758911133, 51.48859786987305, 47.93952560424805, 58.9477424621582, 60.743587493896484, 39.70305252075195, 30.759471893310547, 27.510251998901367, 32.70475387573242, 65.64225769042969, 64.1236801147461, 71.81375122070312, 77.57681274414062]}