{"t2m": [18.912841796875, 22.20721435546875, 23.174560546875, 21.58734130859375, 17.0948486328125, 15.421478271484375, 14.256195068359375, 14.2647705078125, 20.11138916015625, 23.15087890625, 23.409271240234375, 19.15362548828125, 17.53314208984375, 17.823577880859375, 15.186187744140625, 14.674591064453125, 19.75958251953125, 22.64031982421875, 23.251800537109375, 19.087005615234375, 17.26873779296875, 14.6763916015625, 13.374114990234375, 12.61962890625], "wnd": [16.94988441467285, 10.126082420349121, 11.89997673034668, 4.306009292602539, 10.289414405822754, 7.811466217041016, 13.447043418884277, 16.196834564208984, 17.5277099609375, 11.44973087310791, 13.832592010498047, 18.960166931152344, 16.613628387451172, 19.737686157226562, 16.57863426208496, 17.577674865722656, 15.51766300201416, 7.310527324676514, 14.96714973449707, 12.739489555358887, 18.718215942382812, 8.11942195892334, 7.033174514770508, 10.84631061553955], "dir": [15.418914794921875, 137.29034423828125, 165.2587432861328, 152.25967407226562, 286.0911865234375, 270.33270263671875, 348.7413635253906, 3.4219207763671875, 18.12952423095703, 37.29288101196289, 192.0941162109375, 351.4349365234375, 340.3400573730469, 359.974365234375, 348.811767578125, 354.89801025390625, 20.541824340820312, 120.82179260253906, 192.30870056152344, 357.280517578125, 342.1431884765625, 316.59716796875, 277.950927734375, 320.4844970703125], "psl": [797.0445556640625, 796.4385375976562, 794.6826782226562, 794.78125, 796.7385864257812, 796.8990478515625, 796.1141357421875, 796.4122924804688, 797.2976684570312, 796.8611450195312, 795.0000610351562, 795.6941528320312, 796.8087768554688, 797.2481079101562, 796.5256958007812, 796.4205322265625, 797.5355224609375, 796.8954467773438, 794.8370971679688, 795.3613891601562, 796.46044921875, 796.7966918945312, 795.7188110351562, 795.5404052734375], "pre": [0.0, 2.4114491796474805e-25, 0.0, 5.867152982581275e-30, 0.12581896781921387, 0.1281014233827591, 0.0, 0.0, 0.0, 0.0, 0.0, 0.13654308021068573, 0.00020350201521068811, 0.0, 0.0, 0.0, 0.0, 0.0, 0.0, 0.03109082579612732, 0.027895422652363777, 1.7462298274040222e-10, 0.0, 0.0], "sw": [608.10888671875, 1064.1451416015625, 865.2908325195312, 6.983073711395264, 0.0, 0.0, 0.0, 0.0, 609.7225341796875, 1066.4959716796875, 312.63677978515625, 28.074386596679688, 0.0, 0.0, 0.0, 0.0, 610.7996215820312, 1067.1163330078125, 862.8942260742188, 138.9220428466797, 0.0, 0.0, 0.0, 0.0], "rh": [57.22679901123047, 42.58268356323242, 42.58100509643555, 48.61909103393555, 70.3685073852539, 73.21086120605469, 63.490604400634766, 57.426185607910156, 44.052215576171875, 35.00707244873047, 40.96456527709961, 63.550865173339844, 62.718902587890625, 49.09125518798828, 49.56768035888672, 46.373931884765625, 41.41029357910156, 36.87617874145508, 41.75861358642578, 63.69839859008789, 65.9781494140625, 73.2794189453125, 81.74459075927734, 71.7847900390625]}