{"t2m": [22.698211669921875, 27.948089599609375, 29.366363525390625, 26.421295166015625, 20.862457275390625, 18.76788330078125, 17.8648681640625, 17.183746337890625, 24.20501708984375, 28.339324951171875, 29.70574951171875, 25.997589111328125, 21.41815185546875, 19.06500244140625, 17.863494873046875, 16.409912109375, 24.179046630859375, 28.4232177734375, 29.313385009765625, 25.618682861328125, 22.16339111328125, 20.52117919921875, 18.11114501953125, 16.63775634765625], "wnd": [19.222328186035156, 22.041927337646484, 24.31004524230957, 25.419111251831055, 9.875025749206543, 11.58624267578125, 16.268760681152344, 14.027868270874023, 18.165428161621094, 22.22528839111328, 24.053377151489258, 26.167638778686523, 16.737829208374023, 12.398820877075195, 15.3651704788208, 12.562355041503906, 16.295446395874023, 22.446823120117188, 24.118711471557617, 25.077543258666992, 20.624082565307617, 10.207688331604004, 15.459912300109863, 12.375600814819336], "dir": [68.47262573242188, 79.98188781738281, 82.781494140625, 96.10392761230469, 83.54492950439453, 48.01398468017578, 47.752159118652344, 45.8023567199707, 82.9827651977539, 73.19063568115234, 80.78776550292969, 97.7373046875, 69.91248321533203, 66.985107421875, 59.10516357421875, 48.304039001464844, 83.36753845214844, 74.08882904052734, 76.30083465576172, 87.57853698730469, 72.4800033569336, 59.86587142944336, 47.66425323486328, 48.915672302246094], "psl": [862.0407104492188, 860.623291015625, 858.3456420898438, 858.9804077148438, 860.9588012695312, 861.591796875, 860.9857788085938, 861.303955078125, 862.0513916015625, 861.02197265625, 858.8241577148438, 859.4060668945312, 861.1602172851562, 861.96826171875, 861.2725830078125, 861.3778686523438, 862.3353881835938, 861.1305541992188, 858.613525390625, 859.2061157226562, 860.93212890625, 861.6732788085938, 860.4989013671875, 860.4883422851562], "pre": [0.0, 0.0, 0.0, 0.0, 0.0, 0.0, 0.0, 0.0, 0.0, 0.0, 0.0, 0.0, 0.0, 0.0, 0.0, 0.0, 0.0, 0.0, 0.0, 0.0, 0.014736846089363098, 0.0, 0.0, 0.0], "sw": [605.19580078125, 1051.10986328125, 850.1159057617188, 154.44088745117188, 0.0, 0.0, 0.0, 0.0, 602.119140625, 1051.25244140625, 853.5023193359375, 148.16981506347656, 0.0, 0.0, 0.0, 0.0, 603.2962646484375, 1055.5732421875, 852.756591796875, 143.11187744140625, 0.0, 0.0, 0.0, 0.0], "rh": [49.73954391479492, 32.56195068359375, 31.372303009033203, 40.506752014160156, 53.21531295776367, 60.150753021240234, 69.64632415771484, 69.49104309082031, 43.022735595703125, 29.632219314575195, 27.48042106628418, 39.229209899902344, 49.917869567871094, 60.87333679199219, 66.71636962890625, 70.69590759277344, 41.27494812011719, 26.651790618896484, 27.634679794311523, 44.72101974487305, 54.855167388916016, 60.602508544921875, 71.50096893310547, 73.15121459960938]}