{"t2m": [14.7423095703125, 20.53851318359375, 21.8309326171875, 17.492919921875, 14.21502685546875, 13.656097412109375, 11.144927978515625, 10.1082763671875, 16.06988525390625, 20.583648681640625, 21.216827392578125, 16.709381103515625, 13.956878662109375, 11.670928955078125, 10.4942626953125, 9.4361572265625, 15.974884033203125, 20.692474365234375, 19.96728515625, 17.112060546875, 13.06475830078125, 12.014923095703125, 10.584716796875, 9.294281005859375], "wnd": [6.1512532234191895, 11.3917818069458, 19.690406799316406, 12.759984970092773, 10.164231300354004, 11.790507316589355, 6.905782699584961, 5.279270648956299, 6.63718843460083, 8.693103790283203, 17.5550537109375, 16.08371925354004, 7.0233025550842285, 11.849859237670898, 11.606139183044434, 9.854096412658691, 5.595080852508545, 11.785750389099121, 21.72223663330078, 14.803850173950195, 9.989895820617676, 12.272908210754395, 9.892264366149902, 7.3235883712768555], "dir": [352.33001708984375, 54.1007194519043, 56.809871673583984, 28.498600006103516, 289.33599853515625, 273.4806213378906, 288.23919677734375, 305.39105224609375, 19.89946746826172, 52.307411193847656, 41.90354919433594, 43.13148880004883, 291.44378662109375, 286.2885437011719, 280.6396789550781, 299.558349609375, 39.54845428466797, 58.255367279052734, 29.572673797607422, 40.57963562011719, 296.73553466796875, 290.8721923828125, 287.48968505859375, 333.40240478515625], "psl": [768.0401611328125, 767.2061157226562, 765.4893188476562, 766.3792724609375, 767.560791015625, 767.588623046875, 766.9920043945312, 767.447509765625, 768.3265380859375, 767.7686767578125, 766.1502075195312, 766.8778076171875, 768.158935546875, 768.20068359375, 767.3396606445312, 767.3804931640625, 768.4981079101562, 767.6836547851562, 765.9451293945312, 766.5331420898438, 767.5604858398438, 767.49365234375, 766.2675170898438, 766.34619140625], "pre": [0.0, 0.0, 0.0, 0.021961910650134087, 0.0, 0.0, 0.0, 0.0, 0.0, 0.0, 0.025311853736639023, 2.6230313777923584, 0.0, 0.0, 0.0, 0.0, 0.0, 0.0, 0.1527397632598877, 7.24838924407959, 0.0, 0.0, 0.0, 0.0], "sw": [628.8401489257812, 1081.347412109375, 873.3683471679688, 50.282508850097656, 0.0, 0.0, 0.0, 0.0, 625.2020263671875, 1075.2042236328125, 668.9017333984375, 58.35456848144531, 0.0, 0.0, 0.0, 0.0, 624.4708251953125, 1074.9833984375, 861.7099609375, 153.26123046875, 0.0, 0.0, 0.0, 0.0], "rh": [67.3936767578125, 38.392677307128906, 42.56813049316406, 69.42618560791016, 67.12226104736328, 62.578670501708984, 74.19712829589844, 73.54613494873047, 57.21752166748047, 39.048500061035156, 48.31003189086914, 65.00047302246094, 68.1443099975586, 64.8363037109375, 64.84467315673828, 70.48419952392578, 58.83656692504883, 38.5990104675293, 55.76999282836914, 68.53168487548828, 77.15584564208984, 75.94672393798828, 81.17337036132812, 84.4974365234375]}