{"t2m": [16.872100830078125, 21.2420654296875, 22.56207275390625, 21.258026123046875, 16.97247314453125, 14.765106201171875, 13.775054931640625, 12.693634033203125, 18.404815673828125, 21.82666015625, 22.952362060546875, 17.82684326171875, 17.16571044921875, 15.122802734375, 13.750885009765625, 12.800506591796875, 18.094696044921875, 21.574676513671875, 22.737701416015625, 18.182159423828125, 15.89971923828125, 14.412628173828125, 12.736968994140625, 12.229248046875], "wnd": [20.181678771972656, 6.521871089935303, 14.792400360107422, 8.488799095153809, 11.827481269836426, 5.732170104980469, 17.346431732177734, 14.342881202697754, 18.368839263916016, 11.915472984313965, 5.650304317474365, 15.183647155761719, 19.296247482299805, 19.246854782104492, 17.10496711730957, 16.649608612060547, 17.943744659423828, 6.251794338226318, 17.32789421081543, 14.264575004577637, 17.480348587036133, 16.97794532775879, 10.986132621765137, 16.327363967895508], "dir": [10.706619262695312, 105.69755554199219, 176.85153198242188, 183.40122985839844, 263.997314453125, 323.97943115234375, 344.66131591796875, 349.16131591796875, 3.16668701171875, 13.858566284179688, 157.57229614257812, 315.1326904296875, 333.5269470214844, 339.89410400390625, 346.49578857421875, 345.5960693359375, 2.5567703247070312, 29.03356170654297, 191.77957153320312, 332.2749328613281, 326.47418212890625, 334.0087890625, 338.1427001953125, 335.11175537109375], "psl": [784.9735717773438, 784.30078125, 782.5205688476562, 782.80859375, 784.578125, 784.7893676757812, 783.9843139648438, 784.3252563476562, 785.273681640625, 784.81591796875, 782.8845825195312, 783.686767578125, 784.7544555664062, 785.2435302734375, 784.4041137695312, 784.3309326171875, 785.4474487304688, 784.7901000976562, 782.647705078125, 783.231689453125, 784.4291381835938, 784.6185302734375, 783.451171875, 783.3441162109375], "pre": [0.0, 6.80600170075252e-30, 1.3767389836830631e-34, 2.005634103241505e-09, 0.16662557423114777, 0.005110502243041992, 0.0, 0.0, 0.0, 0.0, 0.0, 0.07330683618783951, 0.05496589466929436, 0.0, 0.0, 0.0, 0.0, 0.0, 0.0, 0.46656590700149536, 0.08699750900268555, 0.0, 0.0, 0.0], "sw": [611.5905151367188, 1070.6007080078125, 864.8553466796875, 5.375077247619629, 0.0, 0.0, 0.0, 0.0, 612.6810302734375, 1068.9642333984375, 204.078369140625, 10.020956039428711, 0.0, 0.0, 0.0, 0.0, 613.9652099609375, 1070.676025390625, 856.180908203125, 152.5875701904297, 0.0, 0.0, 0.0, 0.0], "rh": [60.53762435913086, 41.27872085571289, 42.67220687866211, 45.05736541748047, 68.345458984375, 75.34063720703125, 67.07225799560547, 64.10211944580078, 48.79862594604492, 37.773292541503906, 37.17277526855469, 68.22915649414062, 63.490421295166016, 57.94272994995117, 53.858428955078125, 52.71763610839844, 44.843353271484375, 36.77104187011719, 40.65496063232422, 66.71908569335938, 72.95042419433594, 69.48358154296875, 69.63143157958984, 69.15322875976562]}