{"t2m": [18.10040283203125, 21.4910888671875, 22.541168212890625, 19.57696533203125, 15.697509765625, 13.74871826171875, 12.735137939453125, 11.452392578125, 17.46893310546875, 21.734832763671875, 22.63372802734375, 18.8779296875, 15.15069580078125, 12.74822998046875, 12.41552734375, 11.67919921875, 17.675048828125, 21.895416259765625, 21.772186279296875, 17.703155517578125, 14.787811279296875, 12.721221923828125, 11.95361328125, 11.053680419921875], "wnd": [0.5267317891120911, 7.182229042053223, 18.939071655273438, 18.439071655273438, 8.18667984008789, 4.900763034820557, 8.901483535766602, 11.383929252624512, 2.9127113819122314, 6.028893947601318, 13.945026397705078, 14.981972694396973, 4.372115135192871, 6.169612884521484, 14.598071098327637, 16.842708587646484, 1.1047378778457642, 7.67990255355835, 14.763394355773926, 11.1411771774292, 6.813984394073486, 4.337197780609131, 5.084317207336426, 10.441628456115723], "dir": [59.81926727294922, 179.37661743164062, 141.603515625, 138.75958251953125, 127.89317321777344, 85.26946258544922, 38.83914566040039, 45.072235107421875, 233.1981658935547, 198.00157165527344, 133.08885192871094, 131.3986053466797, 135.95211791992188, 88.07250213623047, 35.66591262817383, 37.43517303466797, 119.05502319335938, 176.00193786621094, 141.9199981689453, 151.048583984375, 136.9651336669922, 80.52534484863281, 40.0716667175293, 43.092655181884766], "psl": [788.588134765625, 787.999755859375, 786.0963134765625, 786.732421875, 788.4520874023438, 788.5126342773438, 787.84765625, 788.235107421875, 789.0739135742188, 788.5619506835938, 786.79833984375, 787.3773193359375, 788.8601684570312, 789.0597534179688, 788.1832885742188, 788.1802368164062, 789.2787475585938, 788.4548950195312, 786.5191650390625, 787.307861328125, 788.3301391601562, 788.4859619140625, 787.2977294921875, 787.1726684570312], "pre": [0.0, 0.0, 0.0, 1.0202859524281697e-23, 0.0, 0.0, 0.0, 0.0, 0.0, 0.0, 0.0007628970197401941, 2.747728109359741, 0.0, 0.0, 0.0, 0.0, 0.0, 0.0, 0.02075505256652832, 5.6986823081970215, 0.0007343292236328125, 0.0, 0.0, 0.0], "sw": [628.0407104492188, 1073.640869140625, 860.9009399414062, 104.28565979003906, 0.0, 0.0, 0.0, 0.0, 622.1176147460938, 1067.8304443359375, 856.2265625, 146.5043182373047, 0.0, 0.0, 0.0, 0.0, 622.8237915039062, 1069.7166748046875, 854.1126098632812, 40.99740982055664, 0.0, 0.0, 0.0, 0.0], "rh": [47.81470489501953, 40.64457321166992, 47.97587585449219, 57.05685043334961, 71.60147094726562, 79.07762145996094, 82.37644958496094, 82.97986602783203, 57.06485366821289, 38.32908630371094, 49.173709869384766, 66.79222869873047, 77.34387969970703, 78.45985412597656, 67.0868911743164, 69.50916290283203, 50.94174575805664, 37.081546783447266, 53.038185119628906, 72.2000503540039, 81.14246368408203, 84.23880004882812, 81.53993225097656, 83.40232849121094]}