{"t2m": [14.99932861328125, 20.518524169921875, 21.3134765625, 19.1943359375, 13.125457763671875, 11.69329833984375, 10.49237060546875, 8.98895263671875, 15.271514892578125, 19.918426513671875, 20.800445556640625, 17.32916259765625, 13.2420654296875, 10.770599365234375, 8.67547607421875, 7.566497802734375, 14.970123291015625, 19.855865478515625, 20.10015869140625, 17.539520263671875, 12.090728759765625, 10.274322509765625, 8.712127685546875, 8.183319091796875], "wnd": [11.211037635803223, 12.205821990966797, 15.342201232910156, 2.2294869422912598, 6.391637325286865, 4.012215614318848, 7.018392086029053, 1.917080044746399, 2.9656503200531006, 3.6793856620788574, 9.954116821289062, 22.11924171447754, 9.52978801727295, 10.983694076538086, 8.772644996643066, 7.890764236450195, 2.0180482864379883, 5.06056022644043, 9.579696655273438, 19.890838623046875, 7.81129789352417, 9.643865585327148, 8.3232421875, 2.8910481929779053], "dir": [338.3817138671875, 221.71322631835938, 221.11386108398438, 346.82000732421875, 342.41845703125, 339.30926513671875, 337.5743408203125, 14.672233581542969, 285.0127868652344, 206.56576538085938, 27.551982879638672, 5.9819793701171875, 21.20264434814453, 322.29754638671875, 323.50390625, 332.0240783691406, 356.18414306640625, 202.37734985351562, 24.172569274902344, 14.990058898925781, 9.828178405761719, 303.10321044921875, 284.06805419921875, 223.82351684570312], "psl": [762.0115356445312, 761.2792358398438, 759.669921875, 760.152099609375, 761.7036743164062, 761.9011840820312, 761.2413330078125, 761.690185546875, 762.5361938476562, 762.1356201171875, 760.603759765625, 760.739990234375, 762.1738891601562, 762.3407592773438, 761.6575927734375, 761.6571655273438, 762.7681274414062, 762.003662109375, 760.128662109375, 760.6057739257812, 761.5803833007812, 761.6944580078125, 760.6265869140625, 760.6439208984375], "pre": [0.0, 0.0, 7.758651120607877e-25, 1.365414993391564e-16, 0.0, 0.0, 0.0, 0.0, 0.0, 0.0, 2.9513804255892027e-21, 2.3232080703650126e-09, 0.0, 0.0, 0.0, 0.0, 0.0, 0.0, 0.0, 3.531990255822848e-10, 0.0, 0.0, 0.0, 0.0], "sw": [637.2135620117188, 1081.1357421875, 479.4432067871094, 109.72268676757812, 0.0, 0.0, 0.0, 0.0, 631.0919189453125, 1075.5565185546875, 607.8541870117188, 44.99735641479492, 0.0, 0.0, 0.0, 0.0, 630.9886474609375, 1077.45654296875, 184.68756103515625, 150.42596435546875, 0.0, 0.0, 0.0, 0.0], "rh": [58.86778259277344, 39.83863830566406, 43.51630401611328, 50.53942108154297, 72.29936218261719, 80.76271057128906, 90.2920913696289, 85.34434509277344, 63.0147705078125, 41.47842025756836, 43.30961227416992, 49.2604866027832, 70.1590576171875, 77.04002380371094, 81.29999542236328, 83.85213470458984, 59.07671356201172, 39.75074768066406, 43.93008041381836, 52.968101501464844, 76.65923309326172, 89.92996978759766, 89.74678802490234, 89.86498260498047]}