{"t2m": [15.2177734375, 17.797149658203125, 16.2247314453125, 13.864715576171875, 12.216705322265625, 11.83319091796875, 10.04461669921875, 9.481231689453125, 15.6370849609375, 17.327728271484375, 16.193115234375, 13.374908447265625, 12.189910888671875, 11.11627197265625, 9.331207275390625, 8.67108154296875, 16.046783447265625, 19.39239501953125, 16.383026123046875, 13.45361328125, 11.690673828125, 10.9801025390625, 10.010345458984375, 9.039703369140625], "wnd": [10.401392936706543, 21.107376098632812, 24.076553344726562, 19.61992073059082, 16.0653133392334, 14.89321517944336, 12.491445541381836, 11.638242721557617, 7.742578506469727, 20.817157745361328, 23.610322952270508, 19.18962287902832, 12.798906326293945, 14.35234260559082, 12.109671592712402, 12.04935073852539, 2.9906094074249268, 13.945780754089355, 24.2596378326416, 20.891277313232422, 13.94819164276123, 10.128230094909668, 11.059834480285645, 7.053468704223633], "dir": [348.25836181640625, 333.9621887207031, 344.14678955078125, 340.7300720214844, 328.7718200683594, 325.79632568359375, 321.79840087890625, 318.54833984375, 344.720458984375, 350.6682434082031, 347.9815673828125, 339.7366943359375, 315.6091613769531, 317.71527099609375, 319.536865234375, 324.1875915527344, 16.522430419921875, 346.38592529296875, 341.04095458984375, 343.81494140625, 306.89874267578125, 317.3411865234375, 311.8236999511719, 331.0784606933594], "psl": [764.059814453125, 763.5591430664062, 762.4738159179688, 762.8945922851562, 764.1260986328125, 763.9454956054688, 763.1897583007812, 763.5147705078125, 764.4132690429688, 764.23388671875, 763.2603149414062, 763.4614868164062, 764.4808349609375, 764.4935913085938, 763.55419921875, 763.4916381835938, 764.477783203125, 763.928466796875, 762.7391967773438, 763.0567016601562, 763.815185546875, 763.7369384765625, 762.3357543945312, 762.367919921875], "pre": [0.0, 0.013162626884877682, 0.0329056978225708, 0.0007359854062087834, 1.3387762010097504e-08, 7.194466888904572e-08, 0.0, 0.0, 0.0, 0.04580540582537651, 0.029262717813253403, 4.38629649579525e-06, 2.60770320892334e-08, 0.0, 0.0, 0.0, 0.0, 0.0, 2.269368886947632, 0.004533312749117613, 1.501757651567459e-07, 0.0, 0.0, 0.0], "sw": [633.97265625, 1072.6295166015625, 819.853271484375, 162.70692443847656, 0.0, 0.0, 0.0, 0.0, 627.9014892578125, 999.7118530273438, 668.9888305664062, 52.98476028442383, 0.0, 0.0, 0.0, 0.0, 628.6010131835938, 1069.1292724609375, 861.858154296875, 152.67605590820312, 0.0, 0.0, 0.0, 0.0], "rh": [63.86191940307617, 72.80518341064453, 83.74857330322266, 91.0450668334961, 96.77203369140625, 96.66259765625, 98.04554748535156, 88.35226440429688, 61.18868637084961, 75.74498748779297, 80.963623046875, 89.90001678466797, 83.83226013183594, 73.01934051513672, 80.09583282470703, 80.06098175048828, 58.467567443847656, 53.27532958984375, 81.84934997558594, 89.22339630126953, 89.32459259033203, 85.13725280761719, 90.26541137695312, 86.05448913574219]}