{"t2m": [17.318511962890625, 21.5357666015625, 23.60589599609375, 20.976226806640625, 17.13018798828125, 15.224609375, 13.76971435546875, 13.2747802734375, 17.5394287109375, 21.591552734375, 23.936309814453125, 19.72015380859375, 16.78375244140625, 14.98126220703125, 13.83929443359375, 13.232421875, 17.766265869140625, 21.603851318359375, 23.13031005859375, 17.523040771484375, 15.9005126953125, 14.537872314453125, 13.23956298828125, 12.889801025390625], "wnd": [15.686640739440918, 9.338248252868652, 16.98025131225586, 13.52109432220459, 13.860767364501953, 7.2365827560424805, 5.826817989349365, 16.927274703979492, 11.146627426147461, 6.481265544891357, 11.111393928527832, 14.016561508178711, 13.873827934265137, 9.015869140625, 12.485541343688965, 17.608240127563477, 15.219034194946289, 8.31540298461914, 15.291593551635742, 10.174712181091309, 12.84708023071289, 4.661895751953125, 4.290319919586182, 12.34465503692627], "dir": [21.04821014404297, 131.10104370117188, 154.06631469726562, 88.24803161621094, 92.08740234375, 104.8028564453125, 35.880435943603516, 18.09381866455078, 40.307518005371094, 133.69801330566406, 141.3375244140625, 63.4932975769043, 59.9962158203125, 45.118446350097656, 15.425605773925781, 11.233230590820312, 37.39253616333008, 125.11763000488281, 154.51463317871094, 109.04488372802734, 88.21784210205078, 103.9659194946289, 32.08322525024414, 7.5659027099609375], "psl": [789.5162353515625, 788.7848510742188, 786.8187255859375, 787.6524047851562, 789.2039794921875, 789.3466186523438, 788.6712646484375, 789.00341796875, 789.9157104492188, 789.335205078125, 787.350830078125, 788.2513427734375, 789.6271362304688, 789.8303833007812, 788.9852905273438, 788.9271240234375, 790.0645141601562, 789.310302734375, 787.10400390625, 788.0929565429688, 789.0918579101562, 789.2770385742188, 788.0999145507812, 787.9464111328125], "pre": [0.0, 0.0, 0.0, 0.039372459053993225, 1.0002094638639214e-12, 0.0, 0.0, 0.0, 0.0, 0.0, 0.0, 2.295161485671997, 0.6738908290863037, 0.0, 0.0, 0.0, 0.0, 0.0, 0.0, 2.332892417907715, 0.0035772323608398438, 0.0, 0.0, 0.0], "sw": [624.2437133789062, 1073.33154296875, 865.2644653320312, 4.1648969650268555, 0.0, 0.0, 0.0, 0.0, 620.053955078125, 1068.5250244140625, 765.2325439453125, 43.03838348388672, 0.0, 0.0, 0.0, 0.0, 620.3037109375, 1069.9375, 293.262939453125, 52.92131423950195, 0.0, 0.0, 0.0, 0.0], "rh": [55.97953796386719, 37.310726165771484, 36.67665481567383, 48.19464874267578, 64.48677825927734, 70.53621673583984, 73.46012878417969, 69.66542053222656, 53.613990783691406, 37.25916290283203, 32.1634407043457, 61.238502502441406, 68.58348083496094, 62.28840255737305, 57.093650817871094, 60.89652633666992, 51.27324295043945, 36.71023941040039, 36.167118072509766, 72.71788787841797, 74.82234191894531, 75.98361206054688, 76.35961151123047, 75.00399017333984]}