{"t2m": [26.662994384765625, 28.222991943359375, 28.723388671875, 24.709564208984375, 23.1746826171875, 22.807220458984375, 22.61407470703125, 21.95953369140625, 26.4677734375, 28.1575927734375, 27.431488037109375, 25.09918212890625, 23.1685791015625, 22.111663818359375, 21.7586669921875, 21.62249755859375, 26.62457275390625, 28.075958251953125, 27.97369384765625, 24.59722900390625, 22.940643310546875, 21.824737548828125, 22.011566162109375, 21.5076904296875], "wnd": [4.921004772186279, 11.220571517944336, 12.690450668334961, 8.904683113098145, 5.413448810577393, 4.251863956451416, 4.735988616943359, 5.924087047576904, 7.509743690490723, 10.819433212280273, 3.5193347930908203, 5.818564414978027, 4.1149420738220215, 4.476981163024902, 5.9496564865112305, 5.016154766082764, 4.723556995391846, 11.279659271240234, 7.860476493835449, 3.059016466140747, 4.01149320602417, 4.702299118041992, 5.492943286895752, 5.657293796539307], "dir": [352.2571716308594, 55.5889892578125, 64.49248504638672, 53.5009651184082, 271.29473876953125, 257.80401611328125, 280.14532470703125, 277.64117431640625, 339.0762023925781, 40.07694625854492, 38.58368682861328, 28.488216400146484, 231.02685546875, 263.90875244140625, 281.263916015625, 269.5814208984375, 2.0653457641601562, 63.878902435302734, 50.47697830200195, 268.11865234375, 229.30813598632812, 293.89910888671875, 283.49176025390625, 311.9972229003906], "psl": [963.998779296875, 963.1603393554688, 961.440673828125, 962.3532104492188, 964.037109375, 963.6796875, 962.3538208007812, 962.891845703125, 964.4503173828125, 964.0017700195312, 962.8465576171875, 962.7595825195312, 963.7523193359375, 964.0285034179688, 962.9322509765625, 963.1654052734375, 964.257080078125, 963.8201293945312, 962.246826171875, 962.53759765625, 962.876953125, 963.197509765625, 961.470458984375, 961.8024291992188], "pre": [0.0, 0.0, 4.617210906979038e-30, 6.342740535736084, 2.361844539642334, 0.7245453000068665, 0.0, 0.0, 0.0, 0.0, 6.319665431976318, 2.0489418506622314, 0.019540786743164062, 0.0, 0.0, 0.0, 0.0, 0.0, 1.6684246063232422, 8.927979469299316, 0.007301628589630127, 0.0, 0.0, 0.0], "sw": [584.576171875, 1015.5784301757812, 676.2854614257812, 50.854488372802734, 0.0, 0.0, 0.0, 0.0, 575.781494140625, 998.3878784179688, 542.5507202148438, 34.9718017578125, 0.0, 0.0, 0.0, 0.0, 581.5110473632812, 1011.565185546875, 580.4857177734375, 27.70513916015625, 0.0, 0.0, 0.0, 0.0], "rh": [64.38887786865234, 66.64567565917969, 65.16244506835938, 92.77721405029297, 96.10075378417969, 93.33078002929688, 81.3672866821289, 73.83683776855469, 72.01721954345703, 70.58805084228516, 73.51495361328125, 89.19744110107422, 86.4198989868164, 81.08967590332031, 75.39623260498047, 62.96855163574219, 63.895572662353516, 68.8182144165039, 72.71823120117188, 91.77201843261719, 83.99404907226562, 85.52100372314453, 70.27303314208984, 68.29194641113281]}