{"t2m": [21.374542236328125, 24.97174072265625, 25.780975341796875, 22.81646728515625, 17.531341552734375, 15.90972900390625, 14.35772705078125, 14.17156982421875, 21.8114013671875, 25.195892333984375, 25.742340087890625, 22.016815185546875, 19.3675537109375, 16.444549560546875, 15.21551513671875, 14.248992919921875, 21.714691162109375, 25.201812744140625, 25.480987548828125, 22.0321044921875, 19.090911865234375, 16.234954833984375, 14.521148681640625, 13.292755126953125], "wnd": [4.868837833404541, 14.49550724029541, 20.292631149291992, 19.352951049804688, 5.37078857421875, 5.352160930633545, 4.1789326667785645, 1.3864234685897827, 5.386532306671143, 14.89599323272705, 20.85255241394043, 23.78683090209961, 34.92893981933594, 0.5036846399307251, 1.0342919826507568, 0.7229956984519958, 2.9040629863739014, 15.35659122467041, 19.582304000854492, 21.802127838134766, 30.050230026245117, 4.306191444396973, 3.209930419921875, 5.958487510681152], "dir": [67.47541809082031, 82.8476791381836, 78.2007064819336, 86.64922332763672, 131.67825317382812, 296.1877136230469, 275.3094482421875, 89.86392211914062, 75.94515228271484, 80.4866943359375, 76.86431121826172, 97.53228759765625, 85.75186920166016, 191.43609619140625, 31.02688217163086, 65.73487091064453, 96.25080871582031, 76.47785186767578, 75.49393463134766, 96.52992248535156, 95.45143127441406, 259.3912353515625, 143.39527893066406, 154.16441345214844], "psl": [830.60986328125, 829.78515625, 827.8812255859375, 828.39501953125, 829.861328125, 830.3638916015625, 829.572998046875, 829.830322265625, 830.8450927734375, 830.283447265625, 828.476318359375, 828.5352172851562, 829.4827270507812, 830.6534423828125, 829.8162231445312, 829.9685668945312, 831.1720581054688, 830.416748046875, 828.2167358398438, 828.2619018554688, 829.0635375976562, 830.471923828125, 829.2190551757812, 829.1392822265625], "pre": [0.0, 0.0, 0.0, 0.0, 0.0, 0.0, 0.0, 0.0, 0.0, 0.0, 0.0, 0.0, 0.0, 8.127531093083939e-40, 0.0, 0.0, 0.0, 0.0, 0.0, 0.0, 5.869822316458958e-34, 2.5262862192554693e-26, 0.0, 0.0], "sw": [611.6090698242188, 1057.875732421875, 857.5347290039062, 155.4800567626953, 0.0, 0.0, 0.0, 0.0, 612.1396484375, 1061.673583984375, 859.651123046875, 150.4359588623047, 0.0, 0.0, 0.0, 0.0, 612.7152099609375, 1062.5345458984375, 857.1981201171875, 145.95347595214844, 0.0, 0.0, 0.0, 0.0], "rh": [51.60162353515625, 40.7718505859375, 40.10463333129883, 49.57198715209961, 61.61912155151367, 69.45303344726562, 73.05355072021484, 72.0052261352539, 46.81779861450195, 35.93949508666992, 37.0719108581543, 51.343196868896484, 53.51696014404297, 69.01559448242188, 69.16304016113281, 69.74272155761719, 45.50940704345703, 34.6653938293457, 38.38909912109375, 55.505157470703125, 62.17573165893555, 78.3924331665039, 84.40603637695312, 81.40283966064453]}