{"t2m": [19.189544677734375, 23.8533935546875, 25.8245849609375, 23.1717529296875, 18.7542724609375, 15.8642578125, 13.57177734375, 12.568572998046875, 19.387237548828125, 23.893646240234375, 26.009307861328125, 20.154998779296875, 17.80877685546875, 14.94384765625, 13.066253662109375, 12.21087646484375, 19.133819580078125, 23.791900634765625, 24.6912841796875, 18.9573974609375, 16.800262451171875, 14.928009033203125, 13.416168212890625, 12.503204345703125], "wnd": [13.41915512084961, 7.874983310699463, 23.86575698852539, 20.663896560668945, 19.989877700805664, 12.051499366760254, 10.949955940246582, 12.141300201416016, 10.718632698059082, 4.190587997436523, 21.613706588745117, 7.218667030334473, 11.711968421936035, 11.41808795928955, 11.881174087524414, 13.322782516479492, 14.8751859664917, 5.78354024887085, 25.405956268310547, 24.05801010131836, 15.112475395202637, 10.456870079040527, 11.865983009338379, 12.104653358459473], "dir": [42.05672073364258, 75.0879898071289, 127.2574234008789, 119.5617446899414, 85.15428161621094, 97.95975494384766, 76.2142105102539, 57.466941833496094, 52.067718505859375, 62.93815994262695, 141.60357666015625, 108.78816986083984, 77.8537368774414, 82.58016204833984, 76.35664367675781, 62.16320037841797, 59.575286865234375, 95.02910614013672, 142.541259765625, 64.33006286621094, 46.339927673339844, 66.99177551269531, 72.31407928466797, 29.976985931396484], "psl": [812.1597900390625, 811.12939453125, 809.010009765625, 809.736083984375, 811.5772094726562, 811.9360961914062, 811.2506103515625, 811.695068359375, 812.4681396484375, 811.6461181640625, 809.5360717773438, 810.5245971679688, 812.092529296875, 812.4517211914062, 811.6779174804688, 811.691162109375, 812.6681518554688, 811.6691284179688, 809.5225219726562, 810.1498413085938, 811.50927734375, 811.8914794921875, 810.6958618164062, 810.6327514648438], "pre": [0.0, 0.0, 0.0, 1.363743665480912e-37, 2.802596928649634e-41, 0.0, 0.0, 0.0, 0.0, 0.0, 0.0, 1.9999786615371704, 0.009144067764282227, 0.0, 0.0, 0.0, 0.0, 0.0, 0.0, 0.34699973464012146, 3.725290298461914e-09, 0.0, 0.0, 0.0], "sw": [619.1127319335938, 1069.697998046875, 866.1002197265625, 160.23281860351562, 0.0, 0.0, 0.0, 0.0, 613.88623046875, 1062.746826171875, 858.7023315429688, 61.09445571899414, 0.0, 0.0, 0.0, 0.0, 613.6224975585938, 1066.072021484375, 858.956298828125, 146.271240234375, 0.0, 0.0, 0.0, 0.0], "rh": [51.28139877319336, 32.1207389831543, 31.177759170532227, 38.386993408203125, 53.35224914550781, 68.6905288696289, 81.9137191772461, 80.87223815917969, 52.28166580200195, 34.12902069091797, 31.58913803100586, 66.18840789794922, 66.24725341796875, 74.67329406738281, 83.04920196533203, 72.6424560546875, 50.550376892089844, 32.040889739990234, 37.683128356933594, 70.85198211669922, 70.74913024902344, 75.44169616699219, 84.17533111572266, 78.00032806396484]}