{"t2m": [18.37225341796875, 19.3748779296875, 17.522552490234375, 16.771942138671875, 14.932037353515625, 14.72613525390625, 14.18426513671875, 13.380279541015625, 18.1636962890625, 19.343505859375, 17.63360595703125, 16.698822021484375, 15.4208984375, 14.449859619140625, 13.29290771484375, 12.7615966796875, 18.5938720703125, 19.525848388671875, 17.849853515625, 16.678466796875, 15.24884033203125, 14.441009521484375, 13.912750244140625, 13.63232421875], "wnd": [8.252631187438965, 11.447075843811035, 9.462438583374023, 2.3079254627227783, 5.028931617736816, 4.894991397857666, 6.235232830047607, 9.172492027282715, 7.612978458404541, 12.135360717773438, 10.339638710021973, 3.990058422088623, 8.448246955871582, 6.653528213500977, 9.072918891906738, 10.549790382385254, 6.931789875030518, 12.472496032714844, 12.73637580871582, 5.462233543395996, 10.977511405944824, 7.22558069229126, 8.463863372802734, 6.5293684005737305], "dir": [18.95355224609375, 30.102519989013672, 57.01589584350586, 120.3514633178711, 214.12847900390625, 201.161865234375, 197.31564331054688, 206.20034790039062, 22.70771026611328, 31.749385833740234, 48.97324752807617, 104.8309555053711, 209.21983337402344, 216.06692504882812, 234.49778747558594, 218.2394256591797, 30.043907165527344, 40.50566101074219, 48.08591079711914, 152.4599609375, 194.26547241210938, 184.0014190673828, 189.6056671142578, 179.4254150390625], "psl": [835.6488037109375, 835.3423461914062, 834.1032104492188, 834.441650390625, 835.5783081054688, 835.460693359375, 834.5376586914062, 834.9176635742188, 836.0653686523438, 836.0820922851562, 834.9944458007812, 834.9356079101562, 835.6757202148438, 836.0070190429688, 834.98876953125, 834.9567260742188, 835.9332885742188, 835.894287109375, 834.570068359375, 834.4949951171875, 834.9793090820312, 835.1604614257812, 833.6953735351562, 833.8247680664062], "pre": [0.0, 1.1183455228547245e-07, 4.063886642456055, 4.666100025177002, 0.12382891774177551, 0.0, 0.0, 0.0, 0.0, 0.00078582763671875, 7.925183296203613, 7.661852836608887, 0.05873703956604004, 0.0, 0.0, 0.0, 0.0, 1.800060272216797e-05, 9.747970581054688, 8.509122848510742, 0.0, 0.0, 0.0, 0.0], "sw": [607.1095581054688, 494.9555358886719, 118.02095794677734, 28.77145004272461, 0.0, 0.0, 0.0, 0.0, 581.1627807617188, 555.4727172851562, 69.84139251708984, 9.999999717180685e-10, 0.0, 0.0, 0.0, 0.0, 606.6101684570312, 433.14288330078125, 286.35101318359375, 48.87392044067383, 0.0, 0.0, 0.0, 0.0], "rh": [78.50304412841797, 84.90240478515625, 99.98186492919922, 99.51612091064453, 90.1233901977539, 84.73976135253906, 78.72293853759766, 76.07139587402344, 79.2347640991211, 86.92997741699219, 100.14625549316406, 100.11132049560547, 83.72505187988281, 71.08757781982422, 71.92318725585938, 69.08881378173828, 70.04093170166016, 83.91427612304688, 100.18319702148438, 96.27316284179688, 78.86193084716797, 71.19918060302734, 71.57632446289062, 73.75576782226562]}