{"t2m": [24.08154296875, 29.45947265625, 31.549102783203125, 29.2950439453125, 24.0552978515625, 20.89801025390625, 18.82904052734375, 17.656463623046875, 25.72686767578125, 29.597015380859375, 32.380340576171875, 30.79638671875, 25.272247314453125, 21.397613525390625, 22.296478271484375, 17.678375244140625, 25.23992919921875, 29.26995849609375, 31.44970703125, 30.31915283203125, 23.362823486328125, 21.507415771484375, 19.55352783203125, 17.636322021484375], "wnd": [11.05069351196289, 6.089132308959961, 5.24209451675415, 12.2658052444458, 3.6670942306518555, 9.542374610900879, 8.627690315246582, 11.493760108947754, 5.00822639465332, 2.715148448944092, 2.5463449954986572, 6.344542503356934, 6.207685947418213, 9.821916580200195, 9.192696571350098, 11.417192459106445, 7.687469005584717, 3.3707711696624756, 8.037095069885254, 7.608283519744873, 11.541902542114258, 11.812520980834961, 10.928542137145996, 7.965445518493652], "dir": [95.7318344116211, 75.78239440917969, 285.04925537109375, 280.96099853515625, 191.403564453125, 94.75230407714844, 97.24823760986328, 54.785892486572266, 69.76219177246094, 47.22193908691406, 218.96852111816406, 232.7442626953125, 132.63970947265625, 109.4044189453125, 41.06269454956055, 80.46668243408203, 75.73583984375, 342.88037109375, 254.34170532226562, 245.0598907470703, 134.8835906982422, 125.11676025390625, 106.5161361694336, 92.48162841796875], "psl": [890.6881103515625, 888.9871215820312, 886.1428833007812, 886.484619140625, 888.84619140625, 889.8309326171875, 889.5736083984375, 890.0775146484375, 890.8306274414062, 889.40087890625, 886.3538818359375, 886.4795532226562, 889.6552124023438, 890.288818359375, 889.8978271484375, 890.08935546875, 891.0728149414062, 889.5165405273438, 886.4757080078125, 886.3134155273438, 889.4882202148438, 890.0722045898438, 889.25830078125, 889.2467041015625], "pre": [0.0, 0.0, 0.0, 0.0, 0.051803041249513626, 0.0, 0.0, 0.0, 0.0, 0.0, 0.0, 0.0, 0.25938254594802856, 0.0, 0.0, 0.0, 0.0, 0.0, 0.0, 0.0, 0.09016335010528564, 0.0, 0.0, 0.0], "sw": [585.5126342773438, 1046.978759765625, 850.572509765625, 145.52316284179688, 0.0, 0.0, 0.0, 0.0, 582.1657104492188, 1039.3175048828125, 851.8192749023438, 154.26828002929688, 0.0, 0.0, 0.0, 0.0, 580.7251586914062, 1040.7049560546875, 850.2146606445312, 149.5415802001953, 0.0, 0.0, 0.0, 0.0], "rh": [52.6041259765625, 28.437814712524414, 26.145097732543945, 39.841766357421875, 58.74604415893555, 58.97693634033203, 65.29313659667969, 65.12355041503906, 40.62156295776367, 29.716720581054688, 24.580799102783203, 30.574188232421875, 49.80705261230469, 55.788047790527344, 53.36766052246094, 62.32390594482422, 36.74810791015625, 28.929731369018555, 25.85502052307129, 30.503957748413086, 60.51984405517578, 62.36203384399414, 66.30716705322266, 74.7644271850586]}