{"t2m": [14.318084716796875, 20.303985595703125, 20.702850341796875, 17.32061767578125, 11.5679931640625, 11.382904052734375, 9.24560546875, 7.542266845703125, 14.8560791015625, 20.01544189453125, 19.720977783203125, 15.92236328125, 12.1920166015625, 9.816680908203125, 8.483489990234375, 7.499481201171875, 14.803253173828125, 20.164703369140625, 20.041259765625, 15.651641845703125, 10.928863525390625, 9.578155517578125, 8.61077880859375, 7.588836669921875], "wnd": [11.868408203125, 8.708284378051758, 12.149956703186035, 18.19005584716797, 9.419739723205566, 7.370855331420898, 6.57935905456543, 6.796932697296143, 7.4049506187438965, 6.294644832611084, 15.007745742797852, 19.418354034423828, 13.17656135559082, 10.463595390319824, 8.396912574768066, 9.740767478942871, 9.061110496520996, 4.827969074249268, 3.2495265007019043, 13.547530174255371, 9.836931228637695, 9.968597412109375, 8.533792495727539, 4.721961498260498], "dir": [355.7464294433594, 352.468994140625, 33.5477294921875, 17.921119689941406, 346.8570556640625, 340.36114501953125, 345.38214111328125, 12.134368896484375, 6.514808654785156, 38.345802307128906, 31.59308624267578, 15.280342102050781, 5.532562255859375, 319.3111267089844, 328.8282470703125, 329.9510192871094, 14.334442138671875, 59.17060089111328, 25.932044982910156, 16.124412536621094, 344.8695373535156, 306.51422119140625, 318.1323547363281, 1.2701797485351562], "psl": [762.8350219726562, 762.1964721679688, 760.626220703125, 761.1111450195312, 762.626953125, 762.6434326171875, 762.0108032226562, 762.4078369140625, 763.27392578125, 762.85595703125, 761.5597534179688, 761.7874755859375, 763.01611328125, 763.1492919921875, 762.3970336914062, 762.322509765625, 763.458984375, 762.7113037109375, 760.9470825195312, 761.525390625, 762.4790649414062, 762.5031127929688, 761.288330078125, 761.292724609375], "pre": [0.0, 0.0, 3.9434151563738436e-17, 7.979156242253916e-18, 0.0, 0.0, 0.0, 0.0, 0.0, 0.0, 0.27218708395957947, 1.1456522941589355, 0.0, 0.0, 0.0, 0.0, 0.0, 0.0, 0.0, 5.426023006439209, 0.0013284683227539062, 0.0, 0.0, 0.0], "sw": [633.5189208984375, 1081.6942138671875, 198.79295349121094, 83.5704116821289, 0.0, 0.0, 0.0, 0.0, 628.2103881835938, 1075.0362548828125, 862.216552734375, 60.316009521484375, 0.0, 0.0, 0.0, 0.0, 627.814208984375, 1074.4942626953125, 152.64044189453125, 32.069217681884766, 0.0, 0.0, 0.0, 0.0], "rh": [68.14169311523438, 38.60479736328125, 40.41300582885742, 61.27690124511719, 86.92595672607422, 79.73655700683594, 83.2444839477539, 90.74956512451172, 64.93440246582031, 41.52229309082031, 55.81303787231445, 74.4245834350586, 86.13922119140625, 75.77674102783203, 72.29405212402344, 73.87812042236328, 65.12545776367188, 41.8396110534668, 43.17811584472656, 78.12122344970703, 91.4695816040039, 84.45433044433594, 83.9493179321289, 87.79022216796875]}