{"t2m": [18.19384765625, 21.840301513671875, 23.239715576171875, 20.3046875, 15.78857421875, 14.527252197265625, 13.211944580078125, 12.239501953125, 17.76605224609375, 21.873077392578125, 23.4835205078125, 19.6375732421875, 15.2073974609375, 12.71112060546875, 12.531036376953125, 11.6832275390625, 17.99981689453125, 22.044036865234375, 21.918060302734375, 17.042022705078125, 14.74322509765625, 12.669677734375, 11.79400634765625, 11.52777099609375], "wnd": [10.696663856506348, 8.440505981445312, 15.483745574951172, 11.147208213806152, 2.1082489490509033, 6.481809616088867, 9.794427871704102, 17.533720016479492, 2.1313915252685547, 7.143313407897949, 2.7358405590057373, 4.984993934631348, 5.1874189376831055, 8.759387969970703, 16.970186233520508, 17.568355560302734, 7.788387298583984, 10.000605583190918, 14.776253700256348, 6.7238922119140625, 1.322523832321167, 4.92028284072876, 9.646428108215332, 14.433537483215332], "dir": [18.99962615966797, 176.0812530517578, 152.4907989501953, 154.43954467773438, 85.46284484863281, 21.967330932617188, 17.472320556640625, 27.937171936035156, 11.6466064453125, 178.81068420410156, 133.29222106933594, 139.89797973632812, 158.78237915039062, 14.458366394042969, 21.634002685546875, 21.412940979003906, 34.77048873901367, 166.7423095703125, 153.355224609375, 139.8557586669922, 171.37521362304688, 354.6849060058594, 11.385795593261719, 33.64936447143555], "psl": [789.1953735351562, 788.539794921875, 786.600341796875, 787.4349365234375, 789.09228515625, 789.0326538085938, 788.4277954101562, 788.8524780273438, 789.6889038085938, 789.123291015625, 787.279052734375, 788.023681640625, 789.4673461914062, 789.5611572265625, 788.7630615234375, 788.7816162109375, 789.879150390625, 789.0285034179688, 787.0018920898438, 788.0172119140625, 788.9671020507812, 789.0692138671875, 787.88232421875, 787.7993774414062], "pre": [0.0, 0.0, 0.0, 1.5138480584906404e-22, 2.8434777842972147e-22, 0.0, 0.0, 0.0, 0.0, 0.0, 4.617549977056879e-25, 1.8967937231063843, 0.0, 0.0, 0.0, 0.0, 0.0, 0.0, 1.8865917508770202e-11, 6.1447014808654785, 0.1212310791015625, 0.0, 0.0, 0.0], "sw": [626.7503051757812, 1072.8021240234375, 861.4741821289062, 83.10530853271484, 0.0, 0.0, 0.0, 0.0, 621.89697265625, 1066.699951171875, 859.2913818359375, 144.00437927246094, 0.0, 0.0, 0.0, 0.0, 622.0747680664062, 1068.7901611328125, 215.17498779296875, 35.063114166259766, 0.0, 0.0, 0.0, 0.0], "rh": [52.09355926513672, 38.92757797241211, 43.45435333251953, 53.57926559448242, 75.2959976196289, 74.20028686523438, 77.41675567626953, 80.82745361328125, 55.75221252441406, 39.7266731262207, 38.50959396362305, 61.68657684326172, 78.22166442871094, 73.86009979248047, 65.23307800292969, 67.681884765625, 51.83677673339844, 37.142940521240234, 49.074241638183594, 76.03238677978516, 83.0969009399414, 81.94709014892578, 80.87669372558594, 82.83740234375]}