{"t2m": [27.078582763671875, 29.987823486328125, 31.206878662109375, 27.320587158203125, 24.863861083984375, 23.84271240234375, 23.798919677734375, 23.019500732421875, 27.01153564453125, 29.54351806640625, 31.17572021484375, 27.652099609375, 24.67608642578125, 23.498382568359375, 23.07568359375, 22.4970703125, 27.27044677734375, 30.028656005859375, 29.882110595703125, 27.010040283203125, 24.48065185546875, 23.976806640625, 23.10211181640625, 22.91790771484375], "wnd": [5.791113376617432, 6.175578594207764, 6.997062683105469, 10.464508056640625, 5.037326812744141, 5.395515441894531, 2.0689334869384766, 2.7864789962768555, 6.245662212371826, 5.791625022888184, 5.927347660064697, 4.314472198486328, 7.145090579986572, 5.785361289978027, 3.722546339035034, 3.7703630924224854, 3.836369514465332, 5.914350509643555, 14.495615005493164, 6.40179967880249, 7.194798469543457, 6.533136367797852, 3.326282501220703, 2.2301433086395264], "dir": [342.017578125, 13.503349304199219, 60.28883743286133, 72.39519500732422, 182.611328125, 205.57327270507812, 153.34423828125, 208.29730224609375, 289.9200134277344, 3.4941635131835938, 45.694854736328125, 172.17929077148438, 132.02499389648438, 238.02389526367188, 216.067626953125, 208.80914306640625, 309.03887939453125, 32.044593811035156, 62.72814178466797, 118.99117279052734, 140.31094360351562, 176.86407470703125, 245.6025848388672, 197.6930389404297], "psl": [994.1289672851562, 993.1072387695312, 991.07958984375, 991.9514770507812, 993.9463500976562, 993.6748657226562, 992.35693359375, 992.9227905273438, 994.5460205078125, 994.0562744140625, 992.2628173828125, 992.4402465820312, 993.6900024414062, 993.990966796875, 992.9536743164062, 993.2384643554688, 994.3602294921875, 993.7193603515625, 991.9939575195312, 992.2271118164062, 992.8380737304688, 993.0388793945312, 991.4600830078125, 991.8375854492188], "pre": [0.0, 4.369921055661452e-36, 1.5312270389415892e-24, 3.802932690977201e-10, 0.1381445676088333, 4.746425474877469e-12, 0.0, 0.0, 0.0, 0.0, 0.0, 1.0880405902862549, 1.6706823110580444, 0.0, 0.0, 0.0, 0.0, 0.0, 0.9172940254211426, 3.892381429672241, 0.0, 0.0, 0.0, 0.0], "sw": [583.0894165039062, 1008.7608642578125, 811.3003540039062, 36.45335006713867, 0.0, 0.0, 0.0, 0.0, 546.3370971679688, 838.2372436523438, 808.7020874023438, 33.27720260620117, 0.0, 0.0, 0.0, 0.0, 579.7149658203125, 1004.7639770507812, 632.3817749023438, 29.509037017822266, 0.0, 0.0, 0.0, 0.0], "rh": [68.69314575195312, 61.97007369995117, 56.21302032470703, 79.37135314941406, 92.20513153076172, 96.15560150146484, 92.06560516357422, 87.27538299560547, 73.67961120605469, 67.65660858154297, 55.50403594970703, 79.07032775878906, 91.73035430908203, 88.82820892333984, 81.55683898925781, 78.30335235595703, 62.85257339477539, 64.09537506103516, 69.69290161132812, 84.40576171875, 90.62293243408203, 80.90867614746094, 78.12873840332031, 79.87105560302734]}