{"t2m": [20.568206787109375, 25.377532958984375, 26.5450439453125, 23.572967529296875, 18.810302734375, 16.886627197265625, 15.285430908203125, 15.056182861328125, 21.244598388671875, 25.778076171875, 26.48291015625, 22.825286865234375, 18.006988525390625, 15.880218505859375, 15.4927978515625, 14.37652587890625, 20.86041259765625, 25.804931640625, 26.22607421875, 22.695770263671875, 18.54937744140625, 17.2569580078125, 15.0430908203125, 13.909454345703125], "wnd": [7.455010414123535, 13.12407112121582, 19.380142211914062, 18.26188850402832, 12.179743766784668, 3.2794995307922363, 5.158991813659668, 3.215094566345215, 4.994283199310303, 14.394675254821777, 21.188562393188477, 19.364398956298828, 10.316593170166016, 8.835071563720703, 3.174844264984131, 3.2800869941711426, 5.050652027130127, 12.678836822509766, 19.272319793701172, 20.63962173461914, 9.702946662902832, 2.267441511154175, 5.699873924255371, 6.617558479309082], "dir": [17.802406311035156, 74.9781265258789, 76.88088989257812, 90.51374816894531, 274.75091552734375, 175.98895263671875, 181.52529907226562, 135.3889617919922, 44.95164489746094, 76.36410522460938, 74.57793426513672, 101.81088256835938, 132.31793212890625, 206.64297485351562, 171.5601806640625, 222.6979217529297, 17.997215270996094, 73.06626892089844, 70.60009002685547, 95.68154907226562, 148.0081024169922, 49.501190185546875, 189.05148315429688, 223.3753662109375], "psl": [834.588134765625, 833.5908813476562, 831.590087890625, 832.289306640625, 833.8880615234375, 834.2815551757812, 833.5298461914062, 833.8064575195312, 834.8643188476562, 834.0896606445312, 832.1980590820312, 832.6395263671875, 833.9032592773438, 834.66943359375, 833.850341796875, 833.9949951171875, 835.1709594726562, 834.2135009765625, 831.9583740234375, 832.2517700195312, 833.4408569335938, 834.4159545898438, 833.107666015625, 833.04736328125], "pre": [0.0, 0.0, 0.0, 0.0, 0.0, 0.0, 0.0, 0.0, 0.0, 0.0, 0.0, 0.0, 0.0, 0.0, 0.0, 0.0, 0.0, 0.0, 0.0, 0.0, 1.653532187903284e-39, 1.034158266671715e-38, 0.0, 0.0], "sw": [608.8128662109375, 1055.50341796875, 856.6923217773438, 155.95193481445312, 0.0, 0.0, 0.0, 0.0, 609.5288696289062, 1060.27685546875, 858.6014404296875, 151.04302978515625, 0.0, 0.0, 0.0, 0.0, 610.7916259765625, 1059.724609375, 856.7283935546875, 146.6463623046875, 0.0, 0.0, 0.0, 0.0], "rh": [57.990394592285156, 39.85725021362305, 38.438995361328125, 48.12073516845703, 67.4575424194336, 66.79424285888672, 68.05908966064453, 68.58897399902344, 50.726104736328125, 33.89604568481445, 35.21116256713867, 48.76628112792969, 60.60048294067383, 71.38175964355469, 68.35304260253906, 70.58871459960938, 50.075645446777344, 32.664756774902344, 36.15520477294922, 53.46847915649414, 65.19478607177734, 73.52064514160156, 81.8564682006836, 81.2003173828125]}