{"t2m": [22.647552490234375, 26.4114990234375, 28.473907470703125, 25.31915283203125, 19.952911376953125, 18.298614501953125, 16.508148193359375, 16.239410400390625, 23.7742919921875, 26.675994873046875, 28.822021484375, 24.324737548828125, 19.973541259765625, 17.919952392578125, 16.49951171875, 15.0390625, 23.384552001953125, 26.478363037109375, 28.59674072265625, 25.596282958984375, 19.563446044921875, 18.216522216796875, 16.818328857421875, 15.56146240234375], "wnd": [11.958223342895508, 10.33533000946045, 6.073519706726074, 9.839075088500977, 10.087899208068848, 4.81406831741333, 8.51957893371582, 14.09614086151123, 8.212182998657227, 6.794525623321533, 6.937796592712402, 8.566308975219727, 10.490283966064453, 9.392599105834961, 10.499513626098633, 12.37540340423584, 5.628709316253662, 6.589345455169678, 4.296627044677734, 4.205798625946045, 9.141267776489258, 5.6711273193359375, 4.784101486206055, 8.979779243469238], "dir": [69.41111755371094, 132.49075317382812, 142.6161651611328, 262.20233154296875, 115.81706237792969, 12.296958923339844, 5.080451965332031, 26.056785583496094, 64.14429473876953, 143.8824462890625, 135.6901092529297, 107.79757690429688, 56.62757110595703, 21.942138671875, 33.85871887207031, 21.633224487304688, 34.16193389892578, 168.24606323242188, 128.10885620117188, 207.15914916992188, 87.96215057373047, 60.172386169433594, 346.1025390625, 348.89276123046875], "psl": [852.3572387695312, 851.2757568359375, 848.8233032226562, 849.1099243164062, 851.5013427734375, 851.9639282226562, 851.4053344726562, 851.7554931640625, 852.6415405273438, 851.6893920898438, 849.203857421875, 849.8609619140625, 851.639892578125, 852.46923828125, 851.7679443359375, 851.8433837890625, 852.8291625976562, 851.7847900390625, 849.04541015625, 849.2429809570312, 851.519287109375, 852.0618896484375, 851.0560913085938, 850.895263671875], "pre": [0.0, 0.0, 0.0, 0.0, 0.09705985337495804, 1.5532463664883407e-32, 0.0, 0.0, 0.0, 0.0, 0.0, 0.1560940444469452, 0.18207120895385742, 0.0, 0.0, 0.0, 0.0, 0.0, 0.0, 0.0, 0.09108570218086243, 0.005285739898681641, 0.0, 0.0], "sw": [596.9314575195312, 1051.914306640625, 833.1946411132812, 121.70104217529297, 0.0, 0.0, 0.0, 0.0, 594.4119873046875, 1048.323974609375, 855.557373046875, 20.723419189453125, 0.0, 0.0, 0.0, 0.0, 591.4519653320312, 1051.0159912109375, 857.3031005859375, 25.194704055786133, 0.0, 0.0, 0.0, 0.0], "rh": [50.99399185180664, 36.84150695800781, 30.491676330566406, 57.97330856323242, 69.11587524414062, 70.45799255371094, 68.05248260498047, 61.32078170776367, 42.354331970214844, 36.620418548583984, 30.169958114624023, 49.956031799316406, 69.41851043701172, 72.05379486083984, 60.45743179321289, 58.243560791015625, 40.159786224365234, 34.27371597290039, 28.489919662475586, 42.583255767822266, 72.1051254272461, 74.90426635742188, 78.29219818115234, 77.73825073242188]}