{"t2m": [18.156005859375, 22.541595458984375, 24.325714111328125, 21.82220458984375, 17.71484375, 14.678436279296875, 12.95611572265625, 12.394378662109375, 18.2989501953125, 22.71826171875, 24.582305908203125, 19.8607177734375, 17.19244384765625, 14.4808349609375, 12.609710693359375, 12.4344482421875, 18.40826416015625, 22.7044677734375, 23.98187255859375, 17.76092529296875, 15.95819091796875, 14.24591064453125, 12.417022705078125, 11.93194580078125], "wnd": [13.452828407287598, 7.423187255859375, 17.434654235839844, 15.141602516174316, 9.654534339904785, 5.566991806030273, 3.7270705699920654, 11.62267780303955, 8.891552925109863, 5.5644049644470215, 12.5138578414917, 8.76318645477295, 9.711304664611816, 6.023191452026367, 8.424178123474121, 12.962172508239746, 12.821974754333496, 6.047073841094971, 15.897372245788574, 7.43689489364624, 9.973257064819336, 4.77373743057251, 3.7137417793273926, 10.868630409240723], "dir": [23.747703552246094, 131.46719360351562, 143.55874633789062, 103.01020812988281, 92.37169647216797, 104.76849365234375, 70.96432495117188, 31.860397338867188, 44.576087951660156, 155.53515625, 140.1092529296875, 101.0431900024414, 61.822105407714844, 86.78645324707031, 49.348289489746094, 16.201263427734375, 44.945316314697266, 128.421875, 148.19293212890625, 100.22190856933594, 72.62944030761719, 101.80915832519531, 71.24788665771484, 15.331863403320312], "psl": [798.5518798828125, 797.6779174804688, 795.6657104492188, 796.4182739257812, 798.1845092773438, 798.395263671875, 797.7316284179688, 798.0910034179688, 798.9232177734375, 798.21630859375, 796.2029418945312, 797.19775390625, 798.61376953125, 798.9168090820312, 798.06982421875, 797.9901733398438, 799.0903930664062, 798.1943969726562, 795.96533203125, 797.0077514648438, 798.1043090820312, 798.3225708007812, 797.1754150390625, 797.0081787109375], "pre": [0.0, 0.0, 0.0, 4.528209523165555e-22, 6.0868497742117e-13, 0.0, 0.0, 0.0, 0.0, 0.0, 0.0, 2.370805263519287, 0.27930665016174316, 0.0, 0.0, 0.0, 0.0, 0.0, 0.0, 3.038788318634033, 0.013973236083984375, 0.0, 0.0, 0.0], "sw": [622.6746826171875, 1070.607666015625, 863.3880004882812, 144.63145446777344, 0.0, 0.0, 0.0, 0.0, 617.827392578125, 1066.1705322265625, 602.0526733398438, 28.93538475036621, 0.0, 0.0, 0.0, 0.0, 617.84814453125, 1068.5482177734375, 860.0382690429688, 1.707909107208252, 0.0, 0.0, 0.0, 0.0], "rh": [54.88252639770508, 37.493465423583984, 38.15680694580078, 45.47573471069336, 60.80925369262695, 74.92837524414062, 82.4441909790039, 74.95126342773438, 53.88801574707031, 36.51690673828125, 35.12654495239258, 63.2669792175293, 69.02782440185547, 71.85527038574219, 69.40438842773438, 65.88602447509766, 51.21002197265625, 35.660972595214844, 37.369991302490234, 75.01480865478516, 76.16088104248047, 78.15116882324219, 84.06684112548828, 80.16545867919922]}