{"t2m": [22.479644775390625, 27.0380859375, 28.5712890625, 25.913055419921875, 22.017822265625, 18.90185546875, 17.502349853515625, 17.42755126953125, 23.105316162109375, 27.04425048828125, 29.004425048828125, 24.506439208984375, 21.16314697265625, 19.199310302734375, 17.03070068359375, 17.256927490234375, 23.0947265625, 26.930694580078125, 28.65435791015625, 23.59912109375, 20.946197509765625, 18.67138671875, 17.025604248046875, 17.054046630859375], "wnd": [16.410282135009766, 11.680383682250977, 19.14116096496582, 21.8459415435791, 17.04374885559082, 18.222339630126953, 20.28034210205078, 21.993892669677734, 13.469558715820312, 5.666000843048096, 16.93429946899414, 28.43291473388672, 21.094013214111328, 20.807401657104492, 13.049819946289062, 19.694664001464844, 17.33462905883789, 4.3803229331970215, 15.308903694152832, 26.60729217529297, 16.39957046508789, 11.712308883666992, 16.940942764282227, 15.9020414352417], "dir": [62.37644577026367, 123.13017272949219, 109.25357055664062, 100.95541381835938, 71.72418212890625, 83.63301849365234, 74.98273468017578, 51.82080078125, 50.989990234375, 107.12310028076172, 108.46733093261719, 58.62837219238281, 69.47511291503906, 68.45150756835938, 62.241416931152344, 48.821258544921875, 51.50487518310547, 128.47784423828125, 103.08888244628906, 57.8878173828125, 60.191497802734375, 63.45717239379883, 78.89132690429688, 40.89225387573242], "psl": [846.7293090820312, 845.3643798828125, 843.1306762695312, 843.689208984375, 845.5201416015625, 846.453857421875, 845.8096923828125, 846.1127319335938, 846.99072265625, 845.8795166015625, 843.5150146484375, 844.0769653320312, 846.1997680664062, 846.7416381835938, 846.1812744140625, 846.0518798828125, 847.1205444335938, 845.9048461914062, 843.3001708984375, 844.1812744140625, 845.6810302734375, 846.4946899414062, 845.4533081054688, 845.1928100585938], "pre": [0.0, 0.0, 0.0, 0.0, 0.0, 0.0, 0.0, 0.0, 0.0, 0.0, 0.0, 5.434938277204537e-09, 0.0, 0.0, 0.0, 0.0, 0.0, 0.0, 0.0, 0.1839696615934372, 0.0, 0.0, 0.0, 0.0], "sw": [610.581298828125, 1056.0870361328125, 859.1516723632812, 158.01629638671875, 0.0, 0.0, 0.0, 0.0, 604.2758178710938, 1052.4539794921875, 854.8530883789062, 136.8081817626953, 0.0, 0.0, 0.0, 0.0, 604.1318359375, 1055.696044921875, 854.0311279296875, 146.55760192871094, 0.0, 0.0, 0.0, 0.0], "rh": [43.885162353515625, 32.14999008178711, 30.54218292236328, 40.10184860229492, 43.332584381103516, 61.00285720825195, 68.49652099609375, 62.915767669677734, 43.71595001220703, 32.65312194824219, 28.839141845703125, 48.53656768798828, 51.366607666015625, 57.79923629760742, 66.6021728515625, 53.53639221191406, 40.13005828857422, 30.187849044799805, 28.73872184753418, 54.561466217041016, 53.58832931518555, 62.85799026489258, 71.92533874511719, 61.4579963684082]}