{"t2m": [15.48699951171875, 20.944427490234375, 22.044342041015625, 17.578399658203125, 14.752899169921875, 13.85577392578125, 11.757843017578125, 10.411407470703125, 16.50775146484375, 20.93890380859375, 21.615325927734375, 16.86151123046875, 14.569580078125, 12.15911865234375, 10.861724853515625, 9.6641845703125, 16.49859619140625, 21.05572509765625, 20.417877197265625, 17.220916748046875, 13.518157958984375, 12.30072021484375, 10.929779052734375, 9.345947265625], "wnd": [7.973012447357178, 13.607100486755371, 23.361854553222656, 18.135217666625977, 8.488832473754883, 9.491024017333984, 4.319520950317383, 4.2960920333862305, 8.181255340576172, 10.195433616638184, 20.937732696533203, 20.60771942138672, 6.059755325317383, 12.210079193115234, 11.978684425354004, 10.806282997131348, 8.00047492980957, 13.528879165649414, 22.939434051513672, 18.499549865722656, 8.1925048828125, 12.324893951416016, 10.13536548614502, 8.810367584228516], "dir": [358.96466064453125, 49.57719802856445, 51.61945343017578, 24.528472900390625, 305.5364685058594, 276.59765625, 268.0853271484375, 309.03399658203125, 36.532325744628906, 55.24658203125, 43.404998779296875, 37.706214904785156, 344.26300048828125, 286.4129333496094, 282.22894287109375, 294.84930419921875, 45.105960845947266, 55.99332046508789, 33.230072021484375, 34.23580551147461, 306.853759765625, 289.59320068359375, 279.78485107421875, 349.50018310546875], "psl": [770.6132202148438, 769.7695922851562, 768.0946655273438, 768.9227294921875, 770.2095947265625, 770.2236938476562, 769.603515625, 770.0831909179688, 770.9312744140625, 770.3471069335938, 768.732666015625, 769.48388671875, 770.780029296875, 770.8008422851562, 769.9669799804688, 770.01220703125, 771.1040649414062, 770.2576293945312, 768.5370483398438, 769.18701171875, 770.1690063476562, 770.1060180664062, 768.8978881835938, 768.9921264648438], "pre": [0.0, 0.0, 0.0, 0.0014092900091782212, 0.0, 0.0, 0.0, 0.0, 0.0, 0.0, 0.03384305536746979, 0.8157549500465393, 0.0, 0.0, 0.0, 0.0, 0.0, 0.0, 0.1293225884437561, 7.872252941131592, 0.0, 0.0, 0.0, 0.0], "sw": [629.2144775390625, 1081.1361083984375, 871.5034790039062, 47.82132339477539, 0.0, 0.0, 0.0, 0.0, 625.4585571289062, 1074.5699462890625, 704.4490356445312, 48.52806091308594, 0.0, 0.0, 0.0, 0.0, 624.4801635742188, 1074.2962646484375, 860.8633422851562, 151.77536010742188, 0.0, 0.0, 0.0, 0.0], "rh": [63.00787353515625, 35.799442291259766, 43.261932373046875, 69.40678405761719, 69.79363250732422, 62.186668395996094, 73.72356414794922, 75.54696655273438, 53.81308364868164, 36.68537902832031, 47.07732391357422, 64.5067138671875, 66.92029571533203, 63.49406814575195, 63.256187438964844, 69.7586898803711, 55.09282302856445, 36.40205383300781, 53.55702209472656, 67.82136535644531, 77.3858871459961, 75.39471435546875, 80.86055755615234, 87.41290283203125]}