{"t2m": [15.90478515625, 15.881378173828125, 16.022064208984375, 14.66375732421875, 13.838531494140625, 13.151214599609375, 11.97906494140625, 10.369384765625, 16.4036865234375, 16.693084716796875, 15.64031982421875, 14.395751953125, 12.01422119140625, 11.2689208984375, 9.924072265625, 9.782470703125, 17.09490966796875, 18.26873779296875, 15.108673095703125, 14.380859375, 11.4049072265625, 11.405120849609375, 10.3319091796875, 9.99407958984375], "wnd": [5.311310291290283, 10.923494338989258, 9.43775463104248, 4.483972549438477, 2.8627803325653076, 2.4762766361236572, 5.935925483703613, 6.007224082946777, 5.3985795974731445, 11.025823593139648, 7.734484672546387, 3.240410804748535, 5.928999900817871, 4.061363220214844, 6.940875053405762, 4.577656269073486, 3.5142252445220947, 13.069997787475586, 10.849540710449219, 2.893420934677124, 7.435043811798096, 2.884990692138672, 6.071011543273926, 4.891335964202881], "dir": [330.9205322265625, 11.4853515625, 21.559646606445312, 8.931777954101562, 220.60829162597656, 198.82107543945312, 197.3961181640625, 183.1488494873047, 318.05572509765625, 13.671501159667969, 16.19194793701172, 335.69940185546875, 182.70335388183594, 158.19595336914062, 191.2448272705078, 160.1496124267578, 350.9917297363281, 18.00714874267578, 23.81372833251953, 53.20038986206055, 180.13946533203125, 175.76480102539062, 200.35287475585938, 181.61048889160156], "psl": [793.7017822265625, 793.4060668945312, 792.2070922851562, 792.4681396484375, 793.6599731445312, 793.4617309570312, 792.6776733398438, 792.9522094726562, 793.9639892578125, 794.0287475585938, 793.02587890625, 793.0164794921875, 793.9263916015625, 794.075927734375, 793.0382690429688, 793.0050659179688, 793.9021606445312, 793.77099609375, 792.689208984375, 792.6802978515625, 793.3345947265625, 793.2923583984375, 791.8312377929688, 791.8880615234375], "pre": [0.0, 0.00017640544683672488, 0.08009476214647293, 0.031201083213090897, 0.004418406635522842, 0.0, 0.0, 0.0, 0.0, 0.00029302388429641724, 0.017745651304721832, 0.0059150829911231995, 0.0, 0.0, 0.0, 0.0, 0.0, 0.0, 0.011731229722499847, 0.007458806037902832, 3.3527612686157227e-07, 0.0, 0.0, 0.0], "sw": [621.8787841796875, 326.4384765625, 300.6206970214844, 1.200148869173745e-08, 0.0, 0.0, 0.0, 0.0, 618.0689086914062, 957.0309448242188, 200.0111846923828, 40.36705017089844, 0.0, 0.0, 0.0, 0.0, 619.3523559570312, 1063.882080078125, 172.16461181640625, 52.46073532104492, 0.0, 0.0, 0.0, 0.0], "rh": [80.68487548828125, 94.72270965576172, 93.0758285522461, 99.34846496582031, 99.45301818847656, 93.00650024414062, 93.10832977294922, 82.01265716552734, 70.63430786132812, 89.7816390991211, 94.30799865722656, 96.1730728149414, 82.27620697021484, 71.46064758300781, 73.2413330078125, 70.58496856689453, 62.07516860961914, 74.81443786621094, 98.71179962158203, 93.56748962402344, 86.95524597167969, 79.52438354492188, 82.75823211669922, 83.0167236328125]}