{"t2m": [14.111663818359375, 15.092132568359375, 15.160858154296875, 12.391571044921875, 10.920928955078125, 10.813995361328125, 10.0863037109375, 9.28985595703125, 13.926513671875, 14.8052978515625, 13.231414794921875, 12.0111083984375, 10.469268798828125, 10.389739990234375, 10.2899169921875, 8.725494384765625, 13.33984375, 15.69873046875, 14.74957275390625, 11.620849609375, 10.472930908203125, 10.536590576171875, 10.20916748046875, 9.950469970703125], "wnd": [29.04023551940918, 29.07836151123047, 28.134931564331055, 24.212879180908203, 17.10474967956543, 18.443466186523438, 14.861635208129883, 15.378314971923828, 22.1312313079834, 24.735084533691406, 26.12895393371582, 24.184389114379883, 16.301368713378906, 18.23333740234375, 18.679990768432617, 13.834697723388672, 18.42589569091797, 29.963193893432617, 28.483734130859375, 23.431211471557617, 18.47406005859375, 18.816009521484375, 16.986669540405273, 16.509246826171875], "dir": [109.20491790771484, 105.53933715820312, 106.95307922363281, 115.62706756591797, 105.26370239257812, 112.86298370361328, 109.99467468261719, 94.5537338256836, 116.00890350341797, 107.28614807128906, 107.03085327148438, 111.5756607055664, 107.95228576660156, 102.742431640625, 90.6016616821289, 91.19123840332031, 120.369140625, 109.13346862792969, 98.67938995361328, 107.5400390625, 112.05559539794922, 99.43370056152344, 90.14814758300781, 84.7538070678711], "psl": [749.908447265625, 749.8922729492188, 748.660888671875, 748.877197265625, 750.010009765625, 749.8242797851562, 749.0697631835938, 749.459716796875, 750.336181640625, 750.5641479492188, 749.3970947265625, 749.362060546875, 750.2938232421875, 750.321044921875, 749.4427490234375, 749.4349365234375, 750.5839233398438, 750.2178955078125, 748.907470703125, 749.0823364257812, 749.713134765625, 749.6814575195312, 748.423095703125, 748.3986206054688], "pre": [0.0, 3.4452691011210845e-07, 7.812427611497696e-07, 0.004401542246341705, 0.005088120698928833, 0.0, 0.0, 0.0, 0.0, 1.802109181880951e-06, 0.040283091366291046, 0.00585014745593071, 0.0012189112603664398, 0.0, 0.0, 0.0, 0.0, 0.0, 0.002602946013212204, 0.10374568402767181, 0.0020009875297546387, 0.0, 0.0, 0.0], "sw": [643.3792724609375, 1083.9346923828125, 874.4342651367188, 10.55463981628418, 0.0, 0.0, 0.0, 0.0, 637.5411376953125, 1079.7545166015625, 235.85772705078125, 0.02032572403550148, 0.0, 0.0, 0.0, 0.0, 637.0922241210938, 1080.1341552734375, 859.4874877929688, 46.00551986694336, 0.0, 0.0, 0.0, 0.0], "rh": [65.30035400390625, 79.98628234863281, 81.96626281738281, 97.75067901611328, 86.62227630615234, 80.44775390625, 80.148681640625, 77.41382598876953, 68.9255599975586, 85.32504272460938, 96.86068725585938, 98.17345428466797, 84.30130767822266, 69.00508117675781, 73.53570556640625, 78.97834777832031, 74.54576110839844, 76.40499877929688, 81.78800201416016, 98.03089141845703, 88.2098617553711, 80.9295883178711, 79.83531951904297, 67.64460754394531]}