{"t2m": [17.701568603515625, 21.9422607421875, 23.91375732421875, 21.289459228515625, 17.184478759765625, 15.558197021484375, 13.9351806640625, 12.982940673828125, 17.809844970703125, 21.945709228515625, 23.9095458984375, 19.593841552734375, 16.765594482421875, 15.07818603515625, 13.667449951171875, 13.133209228515625, 17.94146728515625, 22.18670654296875, 23.308868408203125, 18.150299072265625, 15.987030029296875, 14.8353271484375, 13.470672607421875, 12.9150390625], "wnd": [13.555570602416992, 7.109612464904785, 17.689468383789062, 18.23377799987793, 13.372843742370605, 8.730905532836914, 4.970917701721191, 13.889483451843262, 7.007021903991699, 4.804878234863281, 11.725232124328613, 11.192917823791504, 10.735665321350098, 5.000763416290283, 8.722760200500488, 16.538463592529297, 11.514265060424805, 6.150859832763672, 16.424793243408203, 9.569185256958008, 11.349367141723633, 4.0887603759765625, 3.5045623779296875, 14.144845962524414], "dir": [10.064254760742188, 162.7564697265625, 149.84368896484375, 110.91202545166016, 96.62512969970703, 111.23428344726562, 64.42125701904297, 18.227615356445312, 33.59685134887695, 193.85134887695312, 163.08956909179688, 104.3543701171875, 80.45571899414062, 77.79106903076172, 7.5169219970703125, 6.105079650878906, 38.22013473510742, 137.14637756347656, 154.9199981689453, 103.98395538330078, 91.35353088378906, 110.54195404052734, 30.478939056396484, 12.438247680664062], "psl": [793.8626708984375, 793.0971069335938, 791.085205078125, 791.8884887695312, 793.5879516601562, 793.709716796875, 793.0777587890625, 793.461181640625, 794.2756958007812, 793.6533813476562, 791.697509765625, 792.6135864257812, 794.0172729492188, 794.2626342773438, 793.4329833984375, 793.3521118164062, 794.4490356445312, 793.5845947265625, 791.4114990234375, 792.4385375976562, 793.5, 793.6638793945312, 792.4923706054688, 792.377685546875], "pre": [0.0, 0.0, 0.0, 0.00025080464547500014, 9.895708384666246e-12, 0.0, 0.0, 0.0, 0.0, 0.0, 0.0, 3.4182658195495605, 0.5076966285705566, 0.0, 0.0, 0.0, 0.0, 0.0, 0.0, 4.460435390472412, 0.043547630310058594, 0.0, 0.0, 0.0], "sw": [624.0240478515625, 1072.404052734375, 862.546630859375, 157.53665161132812, 0.0, 0.0, 0.0, 0.0, 619.5203247070312, 1067.565673828125, 192.59727478027344, 36.25691223144531, 0.0, 0.0, 0.0, 0.0, 619.9032592773438, 1069.3685302734375, 281.6228942871094, 43.40890121459961, 0.0, 0.0, 0.0, 0.0], "rh": [55.26076126098633, 36.35990905761719, 37.9942741394043, 46.683631896972656, 64.1697998046875, 69.247314453125, 74.93920135498047, 72.74053955078125, 54.26040267944336, 35.7338981628418, 33.824398040771484, 62.90275955200195, 69.6119155883789, 66.82164764404297, 59.8947868347168, 61.26433181762695, 51.514617919921875, 34.653804779052734, 39.26736831665039, 70.47714233398438, 74.98726654052734, 75.11528015136719, 76.45377349853516, 74.82278442382812]}