{"t2m": [18.756011962890625, 22.783111572265625, 25.889984130859375, 24.50537109375, 19.069671630859375, 16.89898681640625, 15.809967041015625, 14.849090576171875, 19.428955078125, 23.34088134765625, 25.75146484375, 22.811981201171875, 18.271759033203125, 15.84014892578125, 14.659698486328125, 13.867645263671875, 18.784027099609375, 22.82965087890625, 25.628082275390625, 22.521484375, 18.305572509765625, 16.00445556640625, 14.748260498046875, 14.240875244140625], "wnd": [7.915752410888672, 16.765743255615234, 25.103376388549805, 10.387809753417969, 8.06135082244873, 7.601962089538574, 3.6300737857818604, 6.656331539154053, 6.992857456207275, 15.528231620788574, 25.22835922241211, 14.688036918640137, 8.494147300720215, 6.729940414428711, 3.093252420425415, 7.08718729019165, 7.544100284576416, 16.868244171142578, 24.332948684692383, 16.76571273803711, 7.274930953979492, 6.548061847686768, 4.192522048950195, 6.370575428009033], "dir": [151.07044982910156, 146.8341064453125, 141.26626586914062, 114.11793518066406, 134.61550903320312, 89.57000732421875, 27.248149871826172, 314.1534423828125, 144.6070098876953, 141.80636596679688, 154.43893432617188, 161.44656372070312, 128.1055450439453, 72.10389709472656, 336.4617919921875, 315.68603515625, 145.098876953125, 141.78582763671875, 136.5790252685547, 52.981327056884766, 151.4442901611328, 74.15225982666016, 305.9501953125, 295.51153564453125], "psl": [848.5513305664062, 847.5186157226562, 845.2386474609375, 845.7954711914062, 847.9708862304688, 848.5017700195312, 847.7028198242188, 847.9986572265625, 848.798828125, 847.9650268554688, 845.9134521484375, 846.5440673828125, 848.5890502929688, 849.2639770507812, 848.2237548828125, 848.03125, 849.2567138671875, 848.1404418945312, 845.5916137695312, 846.0730590820312, 848.0206909179688, 848.652099609375, 847.017333984375, 846.8004150390625], "pre": [0.0, 0.0, 4.791380589340995e-22, 7.987303169956345e-20, 3.1169005586307707e-21, 0.0, 4.4942217163762305e-15, 0.0, 0.0, 0.0, 0.0, 8.250100906256885e-19, 3.6507120026660345e-19, 0.0, 0.0, 0.0, 0.0, 0.0, 0.0, 1.1943164556285635e-19, 1.5547289746852683e-18, 8.470329472543003e-21, 4.4891889684761654e-12, 0.0], "sw": [615.1926879882812, 1048.352294921875, 846.520263671875, 146.77053833007812, 0.0, 0.0, 0.0, 0.0, 610.5951538085938, 1050.7625732421875, 845.392333984375, 110.96806335449219, 0.0, 0.0, 0.0, 0.0, 611.6902465820312, 1051.3421630859375, 843.1509399414062, 135.64047241210938, 0.0, 0.0, 0.0, 0.0], "rh": [69.48442077636719, 57.96675109863281, 44.417781829833984, 39.25014114379883, 67.99556732177734, 80.43135070800781, 87.44988250732422, 85.97593688964844, 66.0422592163086, 54.09058380126953, 42.99142837524414, 52.308231353759766, 71.78738403320312, 85.16270446777344, 90.87887573242188, 87.73180389404297, 68.09122467041016, 55.40969467163086, 43.53462600708008, 51.46450424194336, 74.25940704345703, 86.91281127929688, 91.13676452636719, 86.22809600830078]}