{"t2m": [18.0794677734375, 21.46649169921875, 21.97589111328125, 19.229583740234375, 15.488067626953125, 12.782989501953125, 12.735748291015625, 12.036468505859375, 17.07977294921875, 21.048797607421875, 22.6165771484375, 18.38031005859375, 15.908172607421875, 12.459991455078125, 12.0762939453125, 11.6436767578125, 15.9451904296875, 20.979461669921875, 21.615570068359375, 17.79742431640625, 15.243438720703125, 12.45782470703125, 12.0274658203125, 11.9339599609375], "wnd": [8.687762260437012, 10.288858413696289, 21.67998504638672, 21.195632934570312, 9.216909408569336, 3.9729578495025635, 3.595128059387207, 4.181567668914795, 7.855665683746338, 12.456843376159668, 18.77602195739746, 26.261672973632812, 1.6242560148239136, 4.612481594085693, 2.897181272506714, 2.6959404945373535, 6.855457305908203, 10.840607643127441, 21.396482467651367, 30.257219314575195, 7.529574394226074, 4.637451648712158, 6.443821907043457, 9.725156784057617], "dir": [139.09959411621094, 105.38461303710938, 55.30251693725586, 49.5401496887207, 45.30288314819336, 165.7982177734375, 125.8653564453125, 64.8145980834961, 188.66033935546875, 160.21470642089844, 42.29384994506836, 53.097415924072266, 94.2594223022461, 175.33673095703125, 98.85408782958984, 24.089141845703125, 201.83502197265625, 141.03948974609375, 54.644073486328125, 47.39894485473633, 58.82838439941406, 187.95281982421875, 62.04515075683594, 57.71427536010742], "psl": [803.885986328125, 803.3206787109375, 801.5466918945312, 801.8875122070312, 803.2886962890625, 803.8889770507812, 802.9287719726562, 803.2302856445312, 804.260986328125, 803.8531494140625, 802.16162109375, 802.3861083984375, 803.9699096679688, 804.522216796875, 803.3853149414062, 803.2069702148438, 804.5979614257812, 803.91845703125, 801.8145141601562, 801.9561767578125, 803.306884765625, 803.9469604492188, 802.2584228515625, 801.9886474609375], "pre": [0.0, 3.0828566215145976e-40, 2.1844077048844957e-19, 7.182446998266201e-11, 0.0, 0.0, 0.0, 0.0, 0.0, 0.0, 4.638300160619835e-11, 2.3338079913060028e-08, 0.0, 0.0, 0.0, 0.0, 0.0, 0.0, 0.0, 5.832346161582791e-09, 1.2919672087718936e-07, 0.0, 0.0, 0.0], "sw": [627.1019287109375, 1062.464111328125, 860.99609375, 77.49124145507812, 0.0, 0.0, 0.0, 0.0, 621.276123046875, 1063.0562744140625, 851.8956298828125, 110.68741607666016, 0.0, 0.0, 0.0, 0.0, 622.6072998046875, 1064.4979248046875, 858.1384887695312, 140.5972900390625, 0.0, 0.0, 0.0, 0.0], "rh": [59.743099212646484, 48.894142150878906, 50.39022445678711, 54.43592071533203, 70.88224029541016, 91.61846923828125, 87.8343734741211, 80.96054077148438, 69.58085632324219, 54.69413375854492, 43.863929748535156, 59.87115478515625, 71.75740814208984, 94.73776245117188, 85.2134017944336, 80.48328399658203, 75.32057189941406, 51.890899658203125, 49.22315979003906, 63.665889739990234, 75.0110855102539, 97.23881530761719, 85.16400909423828, 77.68472290039062]}