{"t2m": [18.306671142578125, 20.68902587890625, 20.623779296875, 18.137054443359375, 15.796295166015625, 13.205230712890625, 12.98614501953125, 11.819244384765625, 17.8951416015625, 20.7890625, 20.692291259765625, 17.238922119140625, 15.360382080078125, 12.432861328125, 11.76629638671875, 11.01580810546875, 17.621795654296875, 20.848785400390625, 20.51373291015625, 16.76519775390625, 14.532928466796875, 12.76739501953125, 11.64691162109375, 11.268310546875], "wnd": [7.527472019195557, 19.084203720092773, 31.28592300415039, 27.45623207092285, 10.46467399597168, 4.345799446105957, 1.4294328689575195, 7.774379730224609, 2.8311209678649902, 15.33555793762207, 22.212188720703125, 32.3641242980957, 2.38722825050354, 5.867724895477295, 4.862596035003662, 5.264291286468506, 3.015069007873535, 15.855525016784668, 29.587121963500977, 33.744346618652344, 5.10597038269043, 1.3706104755401611, 10.119653701782227, 11.576674461364746], "dir": [61.624515533447266, 51.87903594970703, 46.307735443115234, 54.414512634277344, 76.63748168945312, 188.80813598632812, 315.2836608886719, 70.56101989746094, 84.9281005859375, 53.29865264892578, 53.04436111450195, 53.11840057373047, 106.34477233886719, 168.28033447265625, 91.59811401367188, 95.05156707763672, 72.18190002441406, 56.32210159301758, 50.53439712524414, 48.58500289916992, 97.4454574584961, 140.88931274414062, 49.487525939941406, 63.66691589355469], "psl": [797.0949096679688, 796.6472778320312, 795.0650024414062, 795.247314453125, 796.7990112304688, 797.126708984375, 796.2655639648438, 796.4911499023438, 797.4241333007812, 797.1244506835938, 795.8363037109375, 795.738525390625, 797.326171875, 797.735595703125, 796.6029663085938, 796.48486328125, 797.7135009765625, 797.120361328125, 795.2445068359375, 795.5130615234375, 796.86181640625, 797.1493530273438, 795.5333862304688, 795.290283203125], "pre": [0.0, 0.0, 1.0853966729888193e-21, 2.8592012275838833e-19, 1.1448681114245574e-08, 1.1326939386435697e-11, 0.0, 0.0, 0.0, 0.0, 0.0, 8.076303004145302e-08, 8.873037415924045e-09, 0.0, 0.0, 0.0, 0.0, 0.0, 0.0, 0.005723987706005573, 0.01684063859283924, 0.0, 4.241940132487798e-12, 0.0], "sw": [627.9140625, 1064.8922119140625, 859.9519653320312, 132.2881317138672, 0.0, 0.0, 0.0, 0.0, 621.3140258789062, 1062.579345703125, 853.0193481445312, 147.86328125, 0.0, 0.0, 0.0, 0.0, 623.4100952148438, 1066.3807373046875, 854.9760131835938, 20.221717834472656, 0.0, 0.0, 0.0, 0.0], "rh": [52.780006408691406, 49.71675109863281, 58.642852783203125, 66.48080444335938, 71.97471618652344, 88.59280395507812, 86.41859436035156, 82.37816619873047, 58.96525955200195, 53.217350006103516, 58.25377655029297, 73.46726989746094, 73.6562728881836, 91.72600555419922, 85.21066284179688, 82.36927795410156, 59.55107116699219, 47.6817626953125, 56.4995002746582, 73.11225891113281, 80.38389587402344, 91.17704010009766, 87.87569427490234, 80.61787414550781]}