{"t2m": [27.317535400390625, 29.873046875, 30.675262451171875, 27.557525634765625, 24.691375732421875, 23.51416015625, 22.826568603515625, 22.905181884765625, 27.3934326171875, 29.86456298828125, 30.158355712890625, 26.70947265625, 24.487091064453125, 23.061798095703125, 22.557647705078125, 22.74835205078125, 27.722442626953125, 29.928375244140625, 28.9970703125, 26.810089111328125, 24.551666259765625, 22.80267333984375, 22.677490234375, 22.700439453125], "wnd": [2.6611273288726807, 7.833593368530273, 9.362128257751465, 9.514449119567871, 7.235385417938232, 6.247890472412109, 4.460980415344238, 9.79094123840332, 10.818879127502441, 9.028569221496582, 8.02253246307373, 4.494916915893555, 3.3964922428131104, 4.871519088745117, 5.266513824462891, 7.621716022491455, 3.4534904956817627, 7.700186729431152, 15.83814811706543, 6.86354398727417, 5.163524627685547, 5.230357646942139, 5.085258960723877, 4.724748611450195], "dir": [303.9568176269531, 20.701675415039062, 54.25810623168945, 78.70249938964844, 231.26844787597656, 220.02781677246094, 251.5253448486328, 304.2651672363281, 328.31158447265625, 20.561767578125, 41.646156311035156, 221.9888916015625, 152.07192993164062, 210.21893310546875, 239.03497314453125, 294.5614013671875, 5.189414978027344, 46.3535270690918, 88.92721557617188, 183.67288208007812, 189.60250854492188, 181.73080444335938, 246.01199340820312, 283.88153076171875], "psl": [991.4345092773438, 990.3551025390625, 988.4157104492188, 989.2132568359375, 991.3091430664062, 990.93896484375, 989.6687622070312, 990.165283203125, 991.7636108398438, 991.170166015625, 989.59228515625, 989.9024047851562, 990.9869384765625, 991.3312377929688, 990.2335205078125, 990.41259765625, 991.6119384765625, 990.9661865234375, 989.1615600585938, 989.4481201171875, 990.1365356445312, 990.4514770507812, 988.7501831054688, 989.1353149414062], "pre": [0.0, 0.0, 0.0, 6.996916322538638e-17, 3.1446901971321495e-08, 0.0, 0.0, 0.0, 0.0, 0.0, 2.6987979412078857, 5.605173110961914, 0.6618845462799072, 0.0, 0.0, 0.0, 0.0, 0.0, 1.558426856994629, 5.192085266113281, 0.029237061738967896, 0.0, 0.0, 0.0], "sw": [580.0550537109375, 1008.8786010742188, 653.0089111328125, 57.14744186401367, 0.0, 0.0, 0.0, 0.0, 497.07342529296875, 922.1026611328125, 367.7475280761719, 9.999999717180685e-10, 0.0, 0.0, 0.0, 0.0, 575.1431274414062, 1003.7193603515625, 258.46356201171875, 36.64140701293945, 0.0, 0.0, 0.0, 0.0], "rh": [68.44451141357422, 62.369815826416016, 58.51395797729492, 79.60897064208984, 92.87608337402344, 93.98148345947266, 90.43805694580078, 83.79447174072266, 76.26466369628906, 67.8646240234375, 65.24261474609375, 87.10118103027344, 91.38400268554688, 94.50972747802734, 92.76346588134766, 82.86380767822266, 72.21072387695312, 67.36746978759766, 74.01854705810547, 89.12699127197266, 91.03572082519531, 98.49666595458984, 93.67391967773438, 90.25223541259766]}