{"t2m": [15.70599365234375, 20.240264892578125, 22.009002685546875, 19.394622802734375, 16.204620361328125, 12.70281982421875, 11.332550048828125, 10.90216064453125, 17.02227783203125, 20.58612060546875, 22.45751953125, 16.327545166015625, 14.2833251953125, 12.400238037109375, 10.835845947265625, 10.09765625, 16.5458984375, 20.282501220703125, 22.167236328125, 15.9449462890625, 13.781402587890625, 12.520538330078125, 11.016876220703125, 9.568634033203125], "wnd": [10.835315704345703, 5.830955505371094, 7.695993900299072, 8.131793975830078, 6.415334224700928, 7.465125560760498, 10.38032054901123, 7.691669940948486, 10.308802604675293, 6.864891052246094, 5.426557540893555, 7.8545145988464355, 9.880359649658203, 11.77828311920166, 8.87716293334961, 9.3537015914917, 9.790532112121582, 4.489763259887695, 6.423076629638672, 8.542010307312012, 10.372126579284668, 14.932435035705566, 11.030668258666992, 9.883076667785645], "dir": [11.8048095703125, 75.04020690917969, 111.47183227539062, 141.23492431640625, 38.42836380004883, 328.87255859375, 316.42718505859375, 305.15283203125, 350.12615966796875, 11.626655578613281, 119.77998352050781, 279.1280517578125, 299.2707214355469, 306.67303466796875, 320.8909912109375, 313.88397216796875, 355.9317626953125, 36.34739685058594, 84.77101135253906, 285.17138671875, 281.95257568359375, 308.81396484375, 317.84136962890625, 325.9060363769531], "psl": [772.4760131835938, 771.699951171875, 769.85498046875, 770.4132080078125, 772.258056640625, 772.1969604492188, 771.539306640625, 771.80615234375, 772.794189453125, 772.3248291015625, 770.3908081054688, 771.422607421875, 772.4754028320312, 772.8037719726562, 771.93701171875, 771.837890625, 772.9346313476562, 772.28173828125, 770.00048828125, 770.8845825195312, 772.0042114257812, 772.1693725585938, 770.8339233398438, 770.8123168945312], "pre": [0.0, 0.0, 0.0, 0.03763001412153244, 0.07424186915159225, 2.2855488168715965e-08, 0.0, 0.0, 0.0, 0.0, 0.0, 1.7560051679611206, 0.25619643926620483, 0.0, 0.0, 0.0, 0.0, 0.0, 0.0, 1.0105453729629517, 0.44489485025405884, 0.0, 0.0, 0.0], "sw": [613.3212890625, 1072.9942626953125, 877.0580444335938, 4.654008388519287, 0.0, 0.0, 0.0, 0.0, 614.9097290039062, 1070.8284912109375, 821.8500366210938, 10.259580612182617, 0.0, 0.0, 0.0, 0.0, 617.3408203125, 1072.4351806640625, 871.8282470703125, 3.6383273601531982, 0.0, 0.0, 0.0, 0.0], "rh": [62.954498291015625, 43.521915435791016, 40.98617172241211, 51.271419525146484, 71.0174331665039, 81.07717895507812, 73.93070983886719, 67.44918060302734, 52.1062126159668, 40.82160186767578, 36.30073165893555, 77.0085678100586, 76.64749908447266, 69.42671203613281, 62.87161636352539, 59.7118034362793, 48.74996566772461, 41.80339813232422, 39.3535270690918, 76.55977630615234, 82.14445495605469, 76.08880615234375, 74.01087188720703, 76.55652618408203]}