{"t2m": [27.0008544921875, 30.0452880859375, 30.937286376953125, 27.408477783203125, 24.181304931640625, 23.76226806640625, 23.144683837890625, 22.86053466796875, 27.606109619140625, 29.794281005859375, 30.778564453125, 28.13995361328125, 23.971099853515625, 23.539398193359375, 23.45318603515625, 23.178863525390625, 27.76336669921875, 30.350311279296875, 29.12921142578125, 27.679168701171875, 23.832427978515625, 23.77557373046875, 23.45404052734375, 22.781494140625], "wnd": [9.574612617492676, 6.9134521484375, 13.992018699645996, 3.277834892272949, 6.3768229484558105, 4.700454235076904, 6.305649280548096, 6.763548374176025, 6.653159141540527, 7.839901924133301, 8.808815956115723, 10.604690551757812, 4.066098690032959, 4.0831451416015625, 6.981563568115234, 8.449860572814941, 4.556130886077881, 5.064351558685303, 12.173839569091797, 6.6159491539001465, 6.168551445007324, 3.2466492652893066, 7.395408630371094, 6.525808334350586], "dir": [304.30322265625, 3.5813751220703125, 55.19654846191406, 135.34954833984375, 172.173095703125, 211.9803466796875, 278.7703857421875, 268.1866760253906, 306.68597412109375, 336.55047607421875, 52.781864166259766, 63.90817642211914, 155.80526733398438, 184.95208740234375, 246.63180541992188, 248.7319793701172, 328.9068908691406, 28.100242614746094, 97.9542007446289, 108.59947204589844, 134.9412384033203, 162.19454956054688, 260.5867919921875, 275.1895751953125], "psl": [995.3651733398438, 994.425048828125, 992.4012451171875, 993.3591918945312, 995.2150268554688, 994.960205078125, 993.6774291992188, 994.1403198242188, 995.7229614257812, 995.381591796875, 993.6217041015625, 993.7684326171875, 995.0829467773438, 995.2320556640625, 994.2098999023438, 994.4905395507812, 995.5917358398438, 995.0122680664062, 993.5029907226562, 993.6074829101562, 994.2335205078125, 994.3438110351562, 992.6683349609375, 993.1068115234375], "pre": [0.0, 0.0, 6.669913954482354e-09, 0.8450457453727722, 0.0, 0.0, 0.0, 0.0, 0.0, 0.0, 0.03024878539144993, 4.399043973535299e-08, 6.2282197177410126e-09, 0.0, 0.0, 0.0, 0.0, 0.0, 2.771653413772583, 0.6373068690299988, 0.0, 0.0, 0.0, 0.0], "sw": [585.660400390625, 1008.780517578125, 769.2944946289062, 54.89510726928711, 0.0, 0.0, 0.0, 0.0, 485.3935852050781, 986.9755859375, 797.044921875, 117.61454772949219, 0.0, 0.0, 0.0, 0.0, 581.538818359375, 1004.5693359375, 560.7601318359375, 98.87333679199219, 0.0, 0.0, 0.0, 0.0], "rh": [71.654541015625, 61.68271255493164, 61.63428497314453, 81.58820343017578, 94.00949096679688, 94.18807983398438, 92.15296173095703, 86.86740112304688, 75.31903076171875, 66.32561492919922, 61.07566833496094, 75.15913391113281, 95.73255157470703, 91.29069519042969, 77.51968383789062, 70.55547332763672, 73.37410736083984, 60.94386672973633, 72.90969848632812, 81.61636352539062, 95.88268280029297, 90.27802276611328, 77.8004379272461, 82.22660827636719]}