{"t2m": [14.131927490234375, 15.874542236328125, 14.916595458984375, 13.282867431640625, 12.94061279296875, 11.878509521484375, 10.72637939453125, 9.484649658203125, 15.039581298828125, 16.5452880859375, 15.184417724609375, 12.7158203125, 12.171142578125, 10.646697998046875, 9.34698486328125, 8.8458251953125, 15.410186767578125, 16.9307861328125, 15.175384521484375, 12.776947021484375, 11.411376953125, 10.829986572265625, 9.7264404296875, 9.07513427734375], "wnd": [7.556837558746338, 17.672012329101562, 14.903669357299805, 9.46998119354248, 3.282017230987549, 3.9728505611419678, 4.075107097625732, 5.496713161468506, 7.84657096862793, 16.204326629638672, 13.9135103225708, 4.48242712020874, 3.6477887630462646, 2.98998761177063, 4.983946800231934, 5.727083683013916, 6.489894866943359, 17.752317428588867, 17.629207611083984, 10.084528923034668, 3.374962329864502, 3.2033865451812744, 4.695110321044922, 3.8322479724884033], "dir": [58.217987060546875, 47.29418182373047, 50.54087829589844, 73.08415222167969, 147.92599487304688, 180.91775512695312, 245.99986267089844, 208.00668334960938, 76.67253112792969, 47.02735900878906, 46.116275787353516, 68.741943359375, 199.62619018554688, 199.9130096435547, 211.06039428710938, 190.02200317382812, 81.31626892089844, 50.39882278442383, 51.316593170166016, 65.38477325439453, 202.58273315429688, 215.53604125976562, 226.2999267578125, 240.27317810058594], "psl": [766.91162109375, 766.579833984375, 765.4644775390625, 765.751220703125, 766.9182739257812, 766.6904907226562, 765.919189453125, 766.1699829101562, 767.197021484375, 767.1431884765625, 766.232421875, 766.2742919921875, 767.2084350585938, 767.3128662109375, 766.2421875, 766.18212890625, 767.209716796875, 767.1009521484375, 765.7894287109375, 765.9185791015625, 766.622314453125, 766.53271484375, 765.0946044921875, 765.0863037109375], "pre": [0.0, 5.670783593814122e-07, 3.935753056794056e-07, 0.00895526073873043, 0.00011048093438148499, 0.0, 0.0, 0.0, 0.0, 0.0, 8.568167686462402e-08, 0.006905903108417988, 0.0, 0.0, 0.0, 0.0, 0.0, 0.0, 0.0, 0.004659984260797501, 0.0007818639278411865, 0.0, 0.0, 0.0], "sw": [626.0523071289062, 961.5302124023438, 522.457275390625, 0.0035647947806864977, 0.0, 0.0, 0.0, 0.0, 622.80859375, 1069.351806640625, 661.3253173828125, 2.817835569381714, 0.0, 0.0, 0.0, 0.0, 624.019775390625, 1073.8643798828125, 815.6314697265625, 14.228848457336426, 0.0, 0.0, 0.0, 0.0], "rh": [81.16851043701172, 86.52184295654297, 90.31507873535156, 98.33912658691406, 92.0641860961914, 93.43464660644531, 92.06436920166016, 82.57659149169922, 64.30014038085938, 79.18437957763672, 87.92314147949219, 95.11956787109375, 80.79595947265625, 74.98371887207031, 76.05101013183594, 71.67388153076172, 59.842689514160156, 68.39156341552734, 87.1360092163086, 98.2210464477539, 86.10979461669922, 82.69477844238281, 86.21432495117188, 87.53410339355469]}