{"t2m": [16.98638916015625, 22.19964599609375, 23.6044921875, 21.6827392578125, 18.428009033203125, 17.007171630859375, 14.472991943359375, 13.951751708984375, 18.11572265625, 22.645477294921875, 24.40374755859375, 20.971649169921875, 17.632232666015625, 16.703521728515625, 15.628936767578125, 14.221282958984375, 18.1566162109375, 22.519622802734375, 23.640380859375, 20.834228515625, 16.928253173828125, 16.22247314453125, 14.9835205078125, 13.322845458984375], "wnd": [13.43599796295166, 5.751279830932617, 11.490038871765137, 8.360547065734863, 11.883442878723145, 12.303847312927246, 13.994051933288574, 14.790205001831055, 12.025225639343262, 5.191491603851318, 5.976545810699463, 6.713140964508057, 17.41704750061035, 15.820557594299316, 14.773184776306152, 15.101924896240234, 12.301671028137207, 1.6881415843963623, 10.514130592346191, 2.9440572261810303, 18.440784454345703, 11.800948143005371, 12.346792221069336, 12.023797988891602], "dir": [354.6777038574219, 186.322998046875, 205.0802459716797, 94.81280517578125, 321.0462341308594, 311.1152648925781, 344.127197265625, 342.5710144042969, 353.7887268066406, 11.393150329589844, 192.21978759765625, 229.2803192138672, 339.18829345703125, 327.67254638671875, 335.96539306640625, 340.36920166015625, 345.82061767578125, 2.5686492919921875, 192.4781494140625, 118.2313232421875, 336.42584228515625, 325.2621154785156, 336.5664367675781, 341.1575927734375], "psl": [791.0577392578125, 790.1259155273438, 788.2129516601562, 788.9617919921875, 790.5640869140625, 790.5878295898438, 790.0589599609375, 790.3856201171875, 791.3439331054688, 790.6265869140625, 788.5956420898438, 789.18994140625, 790.7410278320312, 791.1218872070312, 790.3746337890625, 790.407470703125, 791.4478149414062, 790.579345703125, 788.4332275390625, 788.9756469726562, 790.3524169921875, 790.6070556640625, 789.4607543945312, 789.4243774414062], "pre": [0.0, 0.0, 0.0, 0.14259891211986542, 0.1233581006526947, 0.0, 0.0, 0.0, 0.0, 0.0, 0.0, 0.24339058995246887, 0.01279335469007492, 0.0, 0.0, 0.0, 0.0, 0.0, 0.0, 0.5320886969566345, 0.37065017223358154, 0.0, 0.0, 0.0], "sw": [612.564697265625, 1069.596923828125, 201.42092895507812, 2.698591470718384, 0.0, 0.0, 0.0, 0.0, 611.0353393554688, 1064.4169921875, 161.0345916748047, 0.9140955209732056, 0.0, 0.0, 0.0, 0.0, 612.5799560546875, 1066.24658203125, 167.47018432617188, 149.17576599121094, 0.0, 0.0, 0.0, 0.0], "rh": [54.514225006103516, 34.447120666503906, 36.35362243652344, 43.819252014160156, 63.25072479248047, 62.209075927734375, 66.60860443115234, 64.62654876708984, 50.28927230834961, 33.91960144042969, 30.550315856933594, 48.32313537597656, 66.89685821533203, 53.20124053955078, 49.33707809448242, 49.661537170410156, 45.855587005615234, 33.3270263671875, 33.675106048583984, 48.9476432800293, 71.8746566772461, 59.08293914794922, 59.52955627441406, 69.33320617675781]}