{"t2m": [16.3023681640625, 16.903045654296875, 15.845733642578125, 14.685943603515625, 11.39080810546875, 11.8424072265625, 10.588409423828125, 10.070159912109375, 16.907684326171875, 16.327606201171875, 15.484375, 14.3546142578125, 11.653656005859375, 10.49639892578125, 10.12982177734375, 9.731475830078125, 16.669921875, 17.669586181640625, 15.068817138671875, 13.995697021484375, 11.254669189453125, 10.719818115234375, 10.1612548828125, 9.735443115234375], "wnd": [6.711504936218262, 10.588456153869629, 8.575433731079102, 2.569162607192993, 4.058865547180176, 4.903141498565674, 6.069067001342773, 6.970721244812012, 6.321764945983887, 10.847879409790039, 5.176270008087158, 0.846556544303894, 6.318795680999756, 6.16449499130249, 7.441431999206543, 6.433173656463623, 4.010512828826904, 12.316460609436035, 5.203499794006348, 0.5297442078590393, 6.778397560119629, 6.6600213050842285, 7.736889839172363, 7.527021408081055], "dir": [71.70399475097656, 87.0859375, 83.43595886230469, 80.25325775146484, 223.23440551757812, 222.71556091308594, 224.70774841308594, 235.7899169921875, 85.86341857910156, 88.89961242675781, 85.50988006591797, 204.0107421875, 278.20269775390625, 276.9033203125, 236.5059814453125, 237.3814239501953, 89.65125274658203, 75.06021118164062, 78.67559814453125, 182.82247924804688, 262.96954345703125, 214.49691772460938, 215.92604064941406, 209.85458374023438], "psl": [785.9115600585938, 785.735595703125, 784.4209594726562, 784.6539916992188, 785.78759765625, 785.6691284179688, 784.7379150390625, 785.1188354492188, 786.06982421875, 786.2888793945312, 785.1127319335938, 785.169189453125, 786.1973266601562, 786.17333984375, 785.2019653320312, 785.0999755859375, 786.2346801757812, 786.1195068359375, 784.8470458984375, 784.8963012695312, 785.5596923828125, 785.5661010742188, 784.1548461914062, 784.1006469726562], "pre": [0.0, 4.5662699221793446e-07, 0.5854134559631348, 6.391783244907856e-07, 0.00019420008175075054, 1.0390067473053932e-08, 0.0, 0.0, 0.0, 6.257323548197746e-09, 0.05858117714524269, 1.2820930480957031, 1.7657876014709473e-06, 0.0, 0.0, 0.0, 0.0, 0.009299397468566895, 8.04484748840332, 0.8335240483283997, 0.0, 0.0, 0.0, 0.0], "sw": [636.4638671875, 1022.3765258789062, 405.3610534667969, 14.821322441101074, 0.0, 0.0, 0.0, 0.0, 631.7220458984375, 677.1708374023438, 533.452880859375, 100.34107208251953, 0.0, 0.0, 0.0, 0.0, 630.0823974609375, 1065.5465087890625, 742.2359008789062, 44.41869354248047, 0.0, 0.0, 0.0, 0.0], "rh": [61.4366340637207, 80.19795989990234, 92.8912582397461, 98.5823745727539, 81.96438598632812, 74.20552825927734, 66.21520233154297, 62.314659118652344, 57.61138916015625, 88.4154281616211, 92.462158203125, 95.2203140258789, 73.77508544921875, 69.67929077148438, 65.87545013427734, 65.70610809326172, 62.67207336425781, 75.7177963256836, 93.67118072509766, 92.40755462646484, 72.12049102783203, 73.38900756835938, 74.15206146240234, 64.33055114746094]}