{"t2m": [13.91302490234375, 15.33648681640625, 14.8924560546875, 12.77239990234375, 11.583709716796875, 11.137542724609375, 10.578887939453125, 10.00067138671875, 14.388916015625, 15.655731201171875, 14.005157470703125, 12.22906494140625, 11.292572021484375, 10.480377197265625, 10.253509521484375, 9.553802490234375, 14.239990234375, 15.801605224609375, 14.545166015625, 12.134490966796875, 11.044158935546875, 10.69720458984375, 10.19842529296875, 9.966339111328125], "wnd": [30.297054290771484, 32.48292541503906, 33.53641128540039, 29.017494201660156, 27.14863395690918, 24.379093170166016, 21.179752349853516, 18.822734832763672, 22.754276275634766, 28.353025436401367, 31.422576904296875, 29.533395767211914, 24.30139923095703, 23.97220230102539, 22.457393646240234, 18.40492057800293, 19.452632904052734, 33.77788162231445, 33.741981506347656, 30.10830307006836, 24.786354064941406, 25.346948623657227, 20.718164443969727, 19.53473472595215], "dir": [103.96654510498047, 101.93304443359375, 102.01100158691406, 104.33222961425781, 100.1061782836914, 104.69245910644531, 101.77610778808594, 100.89861297607422, 102.97396850585938, 100.76822662353516, 100.54151153564453, 103.96410369873047, 104.16267395019531, 105.22441864013672, 97.90019226074219, 98.61080932617188, 100.85118865966797, 106.05994415283203, 101.0748291015625, 102.61213684082031, 104.1007080078125, 101.63365173339844, 100.05339813232422, 95.33335876464844], "psl": [759.6233520507812, 759.6021118164062, 758.3529052734375, 758.4957885742188, 759.6302490234375, 759.5128784179688, 758.7577514648438, 759.1661987304688, 760.0775146484375, 760.2701416015625, 759.0209350585938, 759.0406494140625, 759.9847412109375, 760.0293579101562, 759.149169921875, 759.16748046875, 760.3524780273438, 759.9207153320312, 758.5733032226562, 758.8099365234375, 759.4182739257812, 759.407958984375, 758.141845703125, 758.1380615234375], "pre": [0.0, 7.26685878138511e-10, 3.946863387227495e-07, 0.008264970034360886, 0.013125999830663204, 2.1979212760925293e-07, 3.3266842365264893e-06, 0.0, 0.0, 0.0, 0.045661959797143936, 0.02311895042657852, 0.0041003599762916565, 0.0, 0.0, 0.0, 0.0, 0.0, 0.00017555058002471924, 0.04403461143374443, 0.04721624031662941, 0.0, 0.0, 0.0], "sw": [640.8642578125, 1082.1275634765625, 873.3280029296875, 33.67314147949219, 0.0, 0.0, 0.0, 0.0, 634.9967651367188, 1079.37109375, 429.3555908203125, 10.04248046875, 0.0, 0.0, 0.0, 0.0, 634.5827026367188, 1080.2613525390625, 858.7484741210938, 18.615835189819336, 0.0, 0.0, 0.0, 0.0], "rh": [68.57832336425781, 79.02934265136719, 87.62032318115234, 96.95174407958984, 97.66926574707031, 93.63593292236328, 89.85174560546875, 87.7632827758789, 67.24296569824219, 78.46365356445312, 94.90943145751953, 97.48043823242188, 90.98385620117188, 88.2435073852539, 83.70659637451172, 86.99189758300781, 68.46966552734375, 74.31090545654297, 88.4277572631836, 97.35527801513672, 92.77523040771484, 88.89142608642578, 89.32174682617188, 79.15206146240234]}