{"t2m": [23.4674072265625, 23.847869873046875, 23.61328125, 21.606719970703125, 19.38043212890625, 18.7152099609375, 18.6563720703125, 18.081695556640625, 22.481842041015625, 22.896331787109375, 22.5079345703125, 20.93646240234375, 19.3311767578125, 18.766937255859375, 17.82659912109375, 17.394317626953125, 22.95074462890625, 24.1478271484375, 22.811431884765625, 20.669952392578125, 19.296356201171875, 18.87255859375, 18.23699951171875, 17.924468994140625], "wnd": [7.418979644775391, 11.157130241394043, 8.9994535446167, 1.7402414083480835, 1.7045190334320068, 3.526670217514038, 7.151181697845459, 8.369039535522461, 6.592278957366943, 9.392395973205566, 7.6768388748168945, 3.783013343811035, 4.294074535369873, 4.838894367218018, 10.348930358886719, 9.7964506149292, 5.543585300445557, 10.303985595703125, 6.7267632484436035, 2.8355631828308105, 10.739117622375488, 5.52844762802124, 10.224916458129883, 9.856934547424316], "dir": [18.26818084716797, 25.33026123046875, 36.4748649597168, 186.74951171875, 319.1126403808594, 216.29388427734375, 241.23585510253906, 238.78648376464844, 7.395393371582031, 34.15218734741211, 10.394416809082031, 169.81057739257812, 208.76797485351562, 222.37632751464844, 219.4539794921875, 234.06573486328125, 22.543106079101562, 28.915241241455078, 52.856903076171875, 260.24432373046875, 207.30043029785156, 217.04234313964844, 234.80088806152344, 236.9672088623047], "psl": [901.6924438476562, 901.1903686523438, 899.8038940429688, 900.28466796875, 901.770263671875, 901.5032958984375, 900.37158203125, 900.8455200195312, 902.19189453125, 902.0565795898438, 900.9584350585938, 900.9756469726562, 901.613037109375, 901.8154907226562, 900.8281860351562, 901.04541015625, 901.99267578125, 901.772216796875, 900.4608764648438, 900.5918579101562, 900.7926635742188, 901.007568359375, 899.4236450195312, 899.6768188476562], "pre": [0.0, 0.6402920484542847, 8.173213005065918, 7.184273719787598, 1.664741039276123, 0.00046913139522075653, 0.0, 0.0, 0.0, 2.5845985412597656, 7.693929195404053, 6.202951431274414, 2.037733793258667e-06, 0.0, 0.0, 0.0, 0.0, 0.0, 5.276124477386475, 10.376816749572754, 0.00848388671875, 0.0, 0.0, 0.0], "sw": [597.8367309570312, 1001.01904296875, 564.5119018554688, 7.292738914489746, 0.0, 0.0, 0.0, 0.0, 593.1123046875, 729.3851928710938, 481.9588623046875, 34.89456558227539, 0.0, 0.0, 0.0, 0.0, 596.0107421875, 1029.482666015625, 155.7161407470703, 34.59534454345703, 0.0, 0.0, 0.0, 0.0], "rh": [65.52161407470703, 79.58234405517578, 79.04554748535156, 92.47443389892578, 96.29535675048828, 88.42633819580078, 75.5237808227539, 71.54055786132812, 77.67284393310547, 87.21578979492188, 89.83220672607422, 95.39584350585938, 75.24996185302734, 64.00536346435547, 64.9949722290039, 64.49264526367188, 63.8598747253418, 75.19916534423828, 82.76547241210938, 97.4023666381836, 74.56544494628906, 67.9727783203125, 68.10839080810547, 68.97644805908203]}