{"t2m": [23.13232421875, 24.72125244140625, 25.04669189453125, 21.8018798828125, 21.09613037109375, 20.0885009765625, 19.21173095703125, 18.779876708984375, 23.0621337890625, 24.576873779296875, 23.725860595703125, 22.563018798828125, 20.239288330078125, 19.370697021484375, 18.950164794921875, 18.59246826171875, 23.36932373046875, 23.92236328125, 23.077667236328125, 21.763153076171875, 20.053466796875, 19.38677978515625, 19.763153076171875, 18.797119140625], "wnd": [6.40504789352417, 11.467841148376465, 12.944714546203613, 4.1232452392578125, 1.1834564208984375, 8.071248054504395, 8.600356101989746, 10.295313835144043, 7.219381332397461, 11.775262832641602, 8.52993106842041, 4.0031352043151855, 6.839502334594727, 8.38005542755127, 10.872496604919434, 7.2136759757995605, 6.443814277648926, 11.511031150817871, 10.703290939331055, 7.072656631469727, 8.195914268493652, 6.09683895111084, 3.9584245681762695, 6.207385540008545], "dir": [9.164413452148438, 36.710201263427734, 47.921348571777344, 112.56586456298828, 212.31155395507812, 240.85841369628906, 261.3099365234375, 254.46360778808594, 4.056114196777344, 30.634727478027344, 61.01215362548828, 158.83566284179688, 209.52825927734375, 253.79566955566406, 262.1103820800781, 244.4962615966797, 31.51763153076172, 50.63344955444336, 110.72086334228516, 158.4990997314453, 202.65309143066406, 224.08572387695312, 229.00204467773438, 257.04058837890625], "psl": [914.331298828125, 913.6906127929688, 912.3132934570312, 912.85498046875, 914.2807006835938, 914.012939453125, 912.9224243164062, 913.3822631835938, 914.791748046875, 914.5441284179688, 913.4954833984375, 913.30078125, 914.1029052734375, 914.3887329101562, 913.3768920898438, 913.5025634765625, 914.6091918945312, 914.314453125, 912.9642944335938, 912.877685546875, 913.2315063476562, 913.4695434570312, 911.9697875976562, 912.2949829101562], "pre": [0.0, 5.4891663444531734e-37, 1.1281899503501336e-07, 3.9772465229034424, 1.788277506828308, 1.4901161193847656e-06, 0.0, 0.0, 0.0, 3.2782554626464844e-06, 7.118501663208008, 4.749868392944336, 0.0, 0.0, 0.0, 0.0, 0.0, 0.0, 9.95836067199707, 2.602576971054077, 0.0, 0.0, 0.0, 0.0], "sw": [590.4571533203125, 1023.2376098632812, 674.0667114257812, 9.999999717180685e-10, 0.0, 0.0, 0.0, 0.0, 578.1796264648438, 1014.1861572265625, 443.3176574707031, 49.80780029296875, 0.0, 0.0, 0.0, 0.0, 587.9645385742188, 363.916015625, 486.29034423828125, 45.91440963745117, 0.0, 0.0, 0.0, 0.0], "rh": [74.5358657836914, 76.68934631347656, 73.02185821533203, 92.36004638671875, 97.0385513305664, 88.14390563964844, 78.2523193359375, 77.77830505371094, 79.60657501220703, 79.75311279296875, 84.78588104248047, 89.62737274169922, 83.31261444091797, 76.26576232910156, 72.96251678466797, 74.60525512695312, 72.4512939453125, 84.4337387084961, 90.52108001708984, 94.93585968017578, 80.02996826171875, 72.99172973632812, 65.76992797851562, 69.25192260742188]}