{"t2m": [22.068328857421875, 27.05029296875, 29.856475830078125, 26.974517822265625, 22.622894287109375, 20.090545654296875, 18.154449462890625, 16.814971923828125, 23.889678955078125, 28.821533203125, 30.892303466796875, 30.11065673828125, 22.94354248046875, 20.532073974609375, 17.7625732421875, 16.7962646484375, 23.48736572265625, 28.774658203125, 30.9932861328125, 27.520172119140625, 21.7294921875, 20.573944091796875, 18.47686767578125, 17.318389892578125], "wnd": [5.453128814697266, 5.858393669128418, 11.86735725402832, 13.738645553588867, 11.327984809875488, 8.636170387268066, 10.885263442993164, 9.552749633789062, 7.2865118980407715, 5.5102643966674805, 9.237619400024414, 3.378063201904297, 15.651711463928223, 12.73965835571289, 9.014726638793945, 10.489645004272461, 9.751136779785156, 7.470822334289551, 14.081900596618652, 7.61189603805542, 11.282551765441895, 9.103357315063477, 7.9087114334106445, 10.505778312683105], "dir": [100.48358154296875, 276.5650939941406, 272.71240234375, 223.16232299804688, 166.07681274414062, 143.64840698242188, 151.90057373046875, 142.9368896484375, 104.70346069335938, 292.66082763671875, 272.89447021484375, 42.685604095458984, 165.71939086914062, 176.745361328125, 136.33538818359375, 146.8984375, 101.65880584716797, 139.01974487304688, 272.63592529296875, 269.1511535644531, 189.7567138671875, 106.30201721191406, 143.34161376953125, 152.9823760986328], "psl": [893.056884765625, 891.4307861328125, 888.4478759765625, 889.196044921875, 891.2333374023438, 892.084716796875, 891.6121215820312, 892.03173828125, 893.1885375976562, 891.658203125, 888.7052612304688, 888.75244140625, 891.80078125, 892.6057739257812, 892.0427856445312, 892.1995849609375, 893.3839111328125, 891.8013305664062, 888.5663452148438, 888.47900390625, 891.5742797851562, 892.1195068359375, 891.2416381835938, 891.286865234375], "pre": [0.0, 0.0, 0.0, 0.04329414293169975, 0.000599980354309082, 4.5917748078995606e-40, 0.0, 0.0, 0.0, 0.0, 0.0, 0.0, 0.0, 0.0, 0.0, 0.0, 0.0, 0.0, 0.0, 0.0, 0.3816070258617401, 3.551539703439918e-20, 0.0, 0.0], "sw": [582.8761596679688, 1040.76611328125, 849.5040283203125, 147.70529174804688, 0.0, 0.0, 0.0, 0.0, 586.3696899414062, 1038.8182373046875, 848.9139404296875, 154.29344177246094, 0.0, 0.0, 0.0, 0.0, 587.2098999023438, 1042.431884765625, 848.3767700195312, 14.789210319519043, 0.0, 0.0, 0.0, 0.0], "rh": [69.7531509399414, 48.66952133178711, 41.58740997314453, 57.932899475097656, 73.67650604248047, 68.18731689453125, 68.79369354248047, 73.08258819580078, 51.782142639160156, 38.04027557373047, 32.57927322387695, 35.570411682128906, 50.98567581176758, 64.55686950683594, 70.48438262939453, 72.56028747558594, 51.27346420288086, 34.96973419189453, 31.67937469482422, 40.9594612121582, 78.086181640625, 78.9748764038086, 78.47251892089844, 78.03722381591797]}