{"t2m": [15.464874267578125, 19.9095458984375, 21.71173095703125, 18.120574951171875, 14.532958984375, 12.59814453125, 11.14788818359375, 10.787353515625, 16.7027587890625, 20.07232666015625, 22.20892333984375, 15.531036376953125, 14.165618896484375, 11.99652099609375, 10.846527099609375, 10.148590087890625, 16.2646484375, 19.869598388671875, 21.89605712890625, 15.860870361328125, 13.525238037109375, 12.126678466796875, 10.773590087890625, 9.85565185546875], "wnd": [8.4024658203125, 5.592493534088135, 10.31277847290039, 5.128349781036377, 4.664379119873047, 4.989881992340088, 8.143110275268555, 7.3216776847839355, 7.109067440032959, 4.982694149017334, 3.6110951900482178, 6.502514362335205, 7.905055046081543, 9.808658599853516, 6.834365367889404, 7.131598949432373, 7.82589864730835, 2.914487361907959, 5.750039100646973, 4.534651279449463, 9.286389350891113, 12.546027183532715, 9.513165473937988, 6.64275598526001], "dir": [22.92546844482422, 70.53834533691406, 113.91004943847656, 311.45648193359375, 71.66607666015625, 306.8607177734375, 296.81298828125, 275.630126953125, 351.95550537109375, 357.1337890625, 108.91710662841797, 258.636474609375, 284.3320007324219, 293.16314697265625, 300.8228759765625, 298.29937744140625, 6.257575988769531, 26.882057189941406, 111.06141662597656, 309.3238830566406, 263.30975341796875, 303.5187072753906, 306.7938232421875, 314.2016296386719], "psl": [767.9414672851562, 767.183837890625, 765.3814697265625, 766.05810546875, 767.7103881835938, 767.691162109375, 767.0328979492188, 767.2799072265625, 768.2892456054688, 767.867431640625, 765.900634765625, 766.9334106445312, 768.0140380859375, 768.3211059570312, 767.4068603515625, 767.309814453125, 768.4046630859375, 767.803955078125, 765.5211791992188, 766.5005493164062, 767.5211181640625, 767.7142333984375, 766.307373046875, 766.261474609375], "pre": [0.0, 2.528222689334835e-37, 0.0, 0.3747097849845886, 0.05872610583901405, 3.6656856536865234e-06, 0.0, 0.0, 0.0, 0.0, 0.0, 1.6552989482879639, 0.8513622879981995, 0.0, 0.0, 0.0, 0.0, 0.0, 0.0018584728240966797, 1.1879143714904785, 0.7268072366714478, 0.0, 0.0, 0.0], "sw": [613.8854370117188, 1073.3568115234375, 880.9833374023438, 17.20377540588379, 0.0, 0.0, 0.0, 0.0, 615.2643432617188, 1072.7796630859375, 845.760009765625, 2.21309757232666, 0.0, 0.0, 0.0, 0.0, 618.1419677734375, 1074.9761962890625, 874.0197143554688, 145.63584899902344, 0.0, 0.0, 0.0, 0.0], "rh": [63.07644271850586, 43.85348129272461, 40.35447692871094, 63.523155212402344, 80.08687591552734, 79.32756042480469, 72.75240325927734, 65.97187805175781, 51.71243667602539, 40.972557067871094, 36.7713737487793, 78.30821990966797, 76.29082489013672, 69.44458770751953, 61.14925765991211, 57.50359344482422, 48.39980697631836, 40.7230110168457, 39.33042907714844, 74.36669158935547, 82.95287322998047, 77.39051055908203, 74.18092346191406, 71.49384307861328]}