{"t2m": [24.535003662109375, 29.633392333984375, 31.934906005859375, 28.86566162109375, 23.9140625, 20.6846923828125, 18.246368408203125, 17.345062255859375, 25.570770263671875, 29.528167724609375, 32.118621826171875, 28.210601806640625, 23.76837158203125, 20.5, 19.678680419921875, 18.21966552734375, 25.429229736328125, 29.347625732421875, 31.924163818359375, 26.539459228515625, 22.60357666015625, 20.666656494140625, 19.130889892578125, 16.871551513671875], "wnd": [10.774995803833008, 5.746384143829346, 9.662683486938477, 5.952996253967285, 2.1918509006500244, 9.468010902404785, 7.369071006774902, 5.8163652420043945, 7.410029888153076, 6.2596635818481445, 4.435494422912598, 18.398160934448242, 14.80051326751709, 9.711064338684082, 15.637345314025879, 14.256186485290527, 7.650359630584717, 5.329019546508789, 3.482056140899658, 17.783411026000977, 7.405630588531494, 10.692699432373047, 12.82754898071289, 6.984169960021973], "dir": [70.05111694335938, 81.10539245605469, 114.64903259277344, 176.489013671875, 343.45098876953125, 89.86222076416016, 13.3887939453125, 19.720779418945312, 71.73653411865234, 332.3063049316406, 31.014785766601562, 87.0067138671875, 53.68571853637695, 69.5192642211914, 69.70455932617188, 80.28889465332031, 53.393226623535156, 316.2318420410156, 81.45216369628906, 39.26306915283203, 353.8971252441406, 64.48504638671875, 74.56342315673828, 59.178077697753906], "psl": [881.2420043945312, 879.3843994140625, 876.567626953125, 877.4036865234375, 880.1504516601562, 880.7083740234375, 880.4028930664062, 880.8187255859375, 881.3818969726562, 879.8683471679688, 876.9403076171875, 877.7186889648438, 880.3384399414062, 881.44140625, 880.7547607421875, 880.8568725585938, 881.59375, 879.9349975585938, 876.7034912109375, 878.1549072265625, 880.01806640625, 880.994873046875, 879.823486328125, 879.9176025390625], "pre": [0.0, 0.0, 0.0, 0.4281262457370758, 0.0, 0.0, 0.0, 0.0, 0.0, 0.0, 0.0, 0.23833820223808289, 6.215637968955993e-33, 0.0, 0.0, 0.0, 0.0, 0.0, 0.0, 0.20696192979812622, 1.1219799705011029e-34, 0.0, 4.419860522333327e-32, 0.0], "sw": [599.6307983398438, 1049.0169677734375, 852.8045043945312, 155.41006469726562, 0.0, 0.0, 0.0, 0.0, 594.9833984375, 1043.58203125, 849.6129760742188, 56.03761291503906, 0.0, 0.0, 0.0, 0.0, 593.774658203125, 1046.173828125, 847.6014404296875, 143.36874389648438, 0.0, 0.0, 0.0, 0.0], "rh": [44.94429397583008, 28.47522735595703, 25.401575088500977, 41.45852279663086, 48.232704162597656, 55.371646881103516, 69.3447265625, 68.99906921386719, 41.6307373046875, 30.45501136779785, 24.469675064086914, 40.07006072998047, 47.14659881591797, 56.983489990234375, 61.059730529785156, 60.6755256652832, 37.62565994262695, 29.25471305847168, 24.485193252563477, 50.386375427246094, 59.49380874633789, 59.46082305908203, 66.97966766357422, 71.07536315917969]}