{"t2m": [17.685699462890625, 17.039459228515625, 17.087982177734375, 16.358795166015625, 14.881591796875, 14.078094482421875, 14.455780029296875, 13.2452392578125, 17.40960693359375, 17.67608642578125, 16.673492431640625, 15.861541748046875, 14.234222412109375, 13.58026123046875, 12.835174560546875, 12.537506103515625, 17.828704833984375, 17.156402587890625, 16.577606201171875, 15.754669189453125, 14.24560546875, 13.67889404296875, 13.272430419921875, 12.81390380859375], "wnd": [8.433403015136719, 13.289812088012695, 12.471379280090332, 0.7176870703697205, 1.023794412612915, 3.557100772857666, 6.004887580871582, 4.7123236656188965, 9.642202377319336, 8.719026565551758, 12.744244575500488, 2.2550852298736572, 7.511684417724609, 5.527548313140869, 6.05848503112793, 4.041221618652344, 7.5367512702941895, 12.98685359954834, 13.137102127075195, 1.3302228450775146, 3.756136178970337, 5.918283939361572, 4.630039691925049, 3.1604127883911133], "dir": [355.6587829589844, 15.79461669921875, 22.083839416503906, 188.15121459960938, 189.40631103515625, 211.2837677001953, 181.9093780517578, 172.77975463867188, 359.2316589355469, 5.0887298583984375, 1.2693862915039062, 334.11224365234375, 173.62730407714844, 142.06271362304688, 188.73648071289062, 195.2982940673828, 2.8611526489257812, 29.985355377197266, 26.786087036132812, 156.359375, 125.32772827148438, 121.38166809082031, 161.04400634765625, 215.71356201171875], "psl": [822.1146850585938, 821.8692016601562, 820.5232543945312, 820.8390502929688, 822.099853515625, 821.9559326171875, 821.0311889648438, 821.3644409179688, 822.5454711914062, 822.5990600585938, 821.5599365234375, 821.5234985351562, 822.26318359375, 822.47265625, 821.44384765625, 821.490478515625, 822.4617309570312, 822.4157104492188, 821.1500854492188, 821.1351318359375, 821.6495361328125, 821.6776733398438, 820.1367797851562, 820.3074340820312], "pre": [0.0, 0.36969321966171265, 0.8432530164718628, 2.298189878463745, 0.0004898905754089355, 0.2974836230278015, 0.0, 0.0, 0.0, 0.11485821008682251, 1.5089621543884277, 0.2549492120742798, 0.0, 0.0, 0.0, 0.0, 0.0, 0.03399336338043213, 7.116460800170898, 1.8288780450820923, 2.384185791015625e-06, 0.0, 0.0, 0.0], "sw": [621.6390991210938, 276.1804504394531, 80.56181335449219, 74.62045288085938, 0.0, 0.0, 0.0, 0.0, 604.2568359375, 886.0740966796875, 146.7269744873047, 40.40158462524414, 0.0, 0.0, 0.0, 0.0, 617.0222778320312, 238.395751953125, 203.824462890625, 93.12539672851562, 0.0, 0.0, 0.0, 0.0], "rh": [77.73783874511719, 96.94820404052734, 99.68445587158203, 97.04718017578125, 97.79679107666016, 93.30772399902344, 86.09459686279297, 76.32417297363281, 81.56367492675781, 90.5454330444336, 99.59656524658203, 98.49478149414062, 79.56294250488281, 71.93438720703125, 70.80465698242188, 69.46110534667969, 68.08843994140625, 95.40984344482422, 99.76531982421875, 98.88101959228516, 83.70047760009766, 79.61630249023438, 79.33090209960938, 77.89112091064453]}