{"t2m": [22.398834228515625, 27.6781005859375, 30.635498046875, 27.52862548828125, 23.159088134765625, 21.67822265625, 19.995513916015625, 18.119781494140625, 24.809906005859375, 29.321441650390625, 31.7664794921875, 30.024017333984375, 23.284759521484375, 20.94830322265625, 19.43157958984375, 18.474212646484375, 24.64727783203125, 29.401702880859375, 31.225921630859375, 29.9075927734375, 22.522125244140625, 21.9923095703125, 20.2308349609375, 18.79150390625], "wnd": [6.371954917907715, 7.487133502960205, 10.735271453857422, 11.812198638916016, 6.18903112411499, 5.3517279624938965, 6.788705348968506, 7.852044582366943, 2.4282066822052, 4.730177402496338, 8.40910530090332, 13.555645942687988, 10.028063774108887, 8.697344779968262, 6.6032843589782715, 4.644735336303711, 1.8885568380355835, 0.390249639749527, 10.172569274902344, 13.381062507629395, 11.240139961242676, 1.444932222366333, 8.516231536865234, 9.878753662109375], "dir": [80.49341583251953, 242.7866973876953, 255.12684631347656, 241.75152587890625, 238.10964965820312, 110.05194854736328, 63.2786865234375, 43.51432418823242, 107.20790100097656, 19.507034301757812, 268.26641845703125, 254.2236328125, 23.1104736328125, 132.91542053222656, 123.33358764648438, 54.63222122192383, 41.49745559692383, 323.9010314941406, 256.6723327636719, 256.6046142578125, 152.04238891601562, 24.11083984375, 14.922149658203125, 33.455650329589844], "psl": [900.4818115234375, 898.82275390625, 895.8982543945312, 895.8819580078125, 898.0988159179688, 899.2105712890625, 898.9796752929688, 899.4317016601562, 900.5130615234375, 899.0462646484375, 895.9523315429688, 895.6846923828125, 898.9960327148438, 899.8390502929688, 899.2764282226562, 899.56005859375, 900.661376953125, 899.0454711914062, 896.088134765625, 895.5892333984375, 898.63818359375, 899.4335327148438, 898.4885864257812, 898.6029052734375], "pre": [0.0, 0.0, 0.0, 0.0, 0.0, 0.0, 0.0, 0.0, 0.0, 0.0, 0.0, 0.0, 0.06362877041101456, 0.0, 0.0, 0.0, 0.0, 0.0, 0.0, 0.0, 0.2094486951828003, 2.8643482984785917e-12, 0.0, 0.0], "sw": [577.2152709960938, 1037.30078125, 801.7308959960938, 54.299522399902344, 0.0, 0.0, 0.0, 0.0, 579.8161010742188, 1034.702880859375, 849.16162109375, 157.4722442626953, 0.0, 0.0, 0.0, 0.0, 578.93310546875, 1037.6090087890625, 850.3656616210938, 153.64437866210938, 0.0, 0.0, 0.0, 0.0], "rh": [64.1634521484375, 44.01518249511719, 33.578224182128906, 48.24156188964844, 69.5717544555664, 75.84304809570312, 62.21596145629883, 67.69487762451172, 46.75261688232422, 33.55269241333008, 28.985807418823242, 36.95021438598633, 62.88320541381836, 63.259971618652344, 67.1606216430664, 67.64241027832031, 43.90118408203125, 32.38630294799805, 29.899137496948242, 35.7474365234375, 75.18623352050781, 73.92357635498047, 73.60343170166016, 73.77849578857422]}