{"t2m": [21.623748779296875, 27.153411865234375, 29.767822265625, 25.82733154296875, 22.795196533203125, 19.965789794921875, 17.698211669921875, 16.46063232421875, 23.14239501953125, 28.444091796875, 30.499786376953125, 28.97222900390625, 21.9849853515625, 19.513275146484375, 17.495758056640625, 16.282135009765625, 22.72149658203125, 28.187713623046875, 30.830841064453125, 27.21923828125, 21.587493896484375, 19.7716064453125, 18.35174560546875, 17.074676513671875], "wnd": [7.250208854675293, 3.3912694454193115, 13.36163330078125, 16.285736083984375, 12.34417724609375, 6.131235599517822, 8.743022918701172, 8.097148895263672, 7.093580722808838, 5.43671989440918, 11.012497901916504, 12.690217018127441, 13.295469284057617, 11.212329864501953, 6.754093647003174, 6.778643608093262, 6.391093730926514, 7.550328254699707, 2.180091381072998, 7.232247352600098, 10.411952018737793, 8.636829376220703, 4.2352728843688965, 8.066590309143066], "dir": [98.16220092773438, 316.95611572265625, 295.6597900390625, 206.164794921875, 169.5740509033203, 130.51002502441406, 151.087646484375, 126.44552612304688, 94.29009246826172, 96.08805084228516, 299.0875244140625, 91.14085388183594, 165.9070281982422, 184.86907958984375, 120.114013671875, 153.5594482421875, 91.86206817626953, 122.37908935546875, 284.2460021972656, 305.55950927734375, 212.52267456054688, 89.76494598388672, 171.1995849609375, 136.78787231445312], "psl": [886.0223388671875, 884.4193115234375, 881.507080078125, 882.4541625976562, 884.35693359375, 885.1361083984375, 884.64599609375, 885.0303955078125, 886.2153930664062, 884.7570190429688, 881.83154296875, 881.8602294921875, 884.899169921875, 885.635498046875, 885.0548706054688, 885.2546997070312, 886.406982421875, 884.9169311523438, 881.6531982421875, 881.630126953125, 884.6472778320312, 885.2103881835938, 884.2559204101562, 884.32373046875], "pre": [0.0, 0.0, 0.0, 0.006890041753649712, 1.2693512705396082e-23, 0.0, 0.0, 0.0, 0.0, 0.0, 0.0, 0.0, 0.0, 0.0, 0.0, 0.0, 0.0, 0.0, 0.0, 0.0, 0.27358323335647583, 8.256504369086315e-10, 0.0, 0.0], "sw": [584.550048828125, 1042.610107421875, 851.0672607421875, 140.05328369140625, 0.0, 0.0, 0.0, 0.0, 588.7227783203125, 1042.248046875, 849.4188842773438, 154.9450225830078, 0.0, 0.0, 0.0, 0.0, 589.4545288085938, 1045.1961669921875, 850.0680541992188, 4.069241046905518, 0.0, 0.0, 0.0, 0.0], "rh": [69.43907928466797, 45.536155700683594, 40.06208038330078, 62.97752380371094, 71.22940063476562, 68.17684173583984, 69.40558624267578, 74.18549346923828, 53.044105529785156, 37.070064544677734, 33.385501861572266, 31.94540786743164, 53.91005325317383, 69.1441879272461, 70.94219207763672, 74.11744689941406, 53.17333984375, 35.65302276611328, 29.141639709472656, 40.09857177734375, 77.7743911743164, 79.83101654052734, 78.30638122558594, 77.9441146850586]}