{"t2m": [16.5694580078125, 17.7557373046875, 17.356109619140625, 14.495513916015625, 13.6688232421875, 12.96099853515625, 10.589813232421875, 11.11572265625, 16.5291748046875, 17.76177978515625, 16.449615478515625, 14.09686279296875, 12.77044677734375, 11.826324462890625, 10.6656494140625, 10.1689453125, 15.91571044921875, 17.655303955078125, 16.6754150390625, 13.592376708984375, 13.0279541015625, 12.275909423828125, 10.804534912109375, 10.739013671875], "wnd": [18.571149826049805, 21.116107940673828, 24.091571807861328, 16.40989112854004, 16.24439811706543, 13.14981460571289, 8.51529598236084, 12.87592601776123, 18.746559143066406, 21.190889358520508, 21.58725357055664, 20.69264793395996, 15.574642181396484, 11.95540714263916, 11.659381866455078, 12.493073463439941, 18.255159378051758, 21.993810653686523, 26.906902313232422, 21.29026222229004, 16.766338348388672, 13.692355155944824, 11.106842994689941, 12.0103178024292], "dir": [39.82498550415039, 37.07126235961914, 40.01219940185547, 49.668521881103516, 43.74896240234375, 43.66680908203125, 16.833084106445312, 40.353328704833984, 39.78411865234375, 35.96159362792969, 43.330711364746094, 41.9493293762207, 42.724769592285156, 43.75704574584961, 29.737316131591797, 35.38496017456055, 37.85295867919922, 36.54875183105469, 42.110626220703125, 49.10756301879883, 44.552696228027344, 43.35637283325195, 30.826271057128906, 37.89125061035156], "psl": [794.3295288085938, 794.1560668945312, 792.7627563476562, 793.2117919921875, 794.3509521484375, 794.263427734375, 793.5133666992188, 793.6934204101562, 794.640380859375, 794.666015625, 793.5639038085938, 793.6657104492188, 794.5621337890625, 794.7206420898438, 793.8113403320312, 793.6548461914062, 794.8817138671875, 794.7410278320312, 793.0713500976562, 793.447998046875, 794.1149291992188, 794.0535888671875, 792.640380859375, 792.6414794921875], "pre": [0.0, 2.3755651001066368e-36, 1.8225653093395522e-06, 0.000776117667555809, 8.735514711588621e-05, 9.179930202662945e-07, 6.158370524644852e-08, 0.0, 0.0, 1.9208528101444244e-09, 1.2639211490750313e-06, 1.6472768038511276e-07, 0.0, 0.0, 0.0, 0.0, 0.0, 0.0, 9.208451956510544e-07, 0.0018910630606114864, 7.613562047481537e-08, 0.0, 0.0, 0.0], "sw": [631.2137451171875, 1068.994140625, 829.8699951171875, 48.33437728881836, 0.0, 0.0, 0.0, 0.0, 631.498046875, 1073.71728515625, 598.953125, 50.31039047241211, 0.0, 0.0, 0.0, 0.0, 631.5036010742188, 1069.9737548828125, 854.4097900390625, 95.09512329101562, 0.0, 0.0, 0.0, 0.0], "rh": [67.60055541992188, 64.15501403808594, 73.3447265625, 93.26707458496094, 95.2889175415039, 99.05386352539062, 98.5965347290039, 89.83209991455078, 66.9815444946289, 63.343746185302734, 75.00505828857422, 89.61695098876953, 95.5504150390625, 91.86748504638672, 92.49285125732422, 89.80439758300781, 72.29640197753906, 62.874229431152344, 75.41943359375, 98.13435363769531, 97.13999938964844, 95.87722778320312, 92.60318756103516, 90.24168395996094]}