{"t2m": [20.908660888671875, 25.66741943359375, 28.29620361328125, 25.580230712890625, 21.132598876953125, 19.427154541015625, 18.4085693359375, 17.407440185546875, 21.814727783203125, 26.28857421875, 28.523345947265625, 24.6328125, 20.89453125, 18.541595458984375, 17.164764404296875, 16.446990966796875, 21.201416015625, 25.774139404296875, 28.08648681640625, 24.382415771484375, 20.883331298828125, 18.645050048828125, 17.1470947265625, 16.619140625], "wnd": [5.435632705688477, 14.232382774353027, 16.871103286743164, 17.32891082763672, 6.489332675933838, 6.393672943115234, 4.339308261871338, 7.593719005584717, 4.3011698722839355, 14.14846420288086, 16.931825637817383, 16.801050186157227, 9.708133697509766, 6.556249618530273, 5.903846263885498, 8.92447280883789, 4.226154804229736, 15.126362800598145, 15.16692066192627, 23.075437545776367, 9.31767463684082, 5.556663990020752, 6.42009973526001, 7.561744213104248], "dir": [158.69285583496094, 144.88949584960938, 119.8531494140625, 86.82022094726562, 127.57142639160156, 59.34178161621094, 6.364662170410156, 341.9771423339844, 145.9675750732422, 147.9691162109375, 121.07069396972656, 136.88796997070312, 121.39453125, 41.79461669921875, 345.50128173828125, 340.68304443359375, 138.61947631835938, 145.19143676757812, 113.89169311523438, 79.2637939453125, 140.8545684814453, 44.06975555419922, 321.8577880859375, 325.0560302734375], "psl": [882.8607788085938, 881.3513793945312, 879.0208740234375, 879.5415649414062, 881.9085083007812, 882.6091918945312, 881.9185180664062, 882.2781372070312, 882.999267578125, 881.7449951171875, 879.6521606445312, 880.465576171875, 882.6932983398438, 883.4849853515625, 882.5057983398438, 882.3473510742188, 883.5374755859375, 882.01318359375, 879.4632568359375, 880.1073608398438, 882.0267333984375, 882.8728637695312, 881.310546875, 881.0953979492188], "pre": [0.0, 0.0, 5.3837855942096835e-22, 3.3724642127336227e-19, 1.9387045606711586e-24, 0.0, 0.0, 0.0, 0.0, 0.0, 3.760569859819202e-22, 2.837821452182743e-20, 5.169878828456423e-26, 0.0, 0.0, 0.0, 0.0, 0.0, 5.2862011020966925e-22, 4.243403786044775e-17, 7.8119929666243e-19, 0.0, 0.0, 0.0], "sw": [608.3455200195312, 1038.9339599609375, 838.3529663085938, 140.90975952148438, 0.0, 0.0, 0.0, 0.0, 604.5359497070312, 1043.0277099609375, 838.073974609375, 60.18165969848633, 0.0, 0.0, 0.0, 0.0, 605.2902221679688, 1043.524658203125, 833.6847534179688, 130.67822265625, 0.0, 0.0, 0.0, 0.0], "rh": [66.1373519897461, 50.827701568603516, 40.64817428588867, 47.334964752197266, 64.91649627685547, 73.71749877929688, 79.4744644165039, 78.6437759399414, 60.68779754638672, 46.624298095703125, 37.24452590942383, 50.355655670166016, 65.3279037475586, 76.6286392211914, 82.91496276855469, 81.55931091308594, 62.341064453125, 47.85811233520508, 39.48471450805664, 51.72358322143555, 67.76750946044922, 78.81848907470703, 84.0823745727539, 82.0916976928711]}