{"t2m": [18.605621337890625, 22.991424560546875, 24.0523681640625, 21.25799560546875, 17.819854736328125, 15.205657958984375, 13.197357177734375, 12.153564453125, 18.47808837890625, 22.868682861328125, 24.069976806640625, 19.383209228515625, 16.93499755859375, 14.478759765625, 12.552215576171875, 11.36785888671875, 18.628448486328125, 23.033843994140625, 23.56243896484375, 19.247772216796875, 16.349090576171875, 14.092132568359375, 12.700958251953125, 11.838226318359375], "wnd": [2.6950523853302, 3.4431240558624268, 21.679569244384766, 25.61370086669922, 18.87776756286621, 11.617632865905762, 10.201936721801758, 11.007072448730469, 3.4294888973236084, 6.19827127456665, 14.468351364135742, 24.355850219726562, 13.961881637573242, 10.694756507873535, 10.65914535522461, 11.552072525024414, 6.863498687744141, 7.466383934020996, 16.819812774658203, 18.038530349731445, 19.016132354736328, 9.244915008544922, 8.598361015319824, 11.488625526428223], "dir": [34.346736907958984, 178.92837524414062, 116.37330627441406, 105.16939544677734, 96.74339294433594, 98.03923797607422, 85.56001281738281, 75.20536041259766, 11.799179077148438, 241.29710388183594, 127.47283935546875, 102.94891357421875, 84.05179595947266, 86.06915283203125, 73.35808563232422, 60.74296569824219, 49.50128173828125, 220.59498596191406, 133.19168090820312, 100.70100402832031, 90.72181701660156, 98.39219665527344, 92.52840423583984, 80.63340759277344], "psl": [802.05078125, 801.1392211914062, 799.2178344726562, 799.7454833984375, 801.6156005859375, 801.8384399414062, 801.2600708007812, 801.618408203125, 802.410400390625, 801.7374267578125, 799.84521484375, 800.5300903320312, 802.0596313476562, 802.4093017578125, 801.6520385742188, 801.6543579101562, 802.6265869140625, 801.6324462890625, 799.544921875, 800.4353637695312, 801.5311889648438, 801.8056030273438, 800.65478515625, 800.5518798828125], "pre": [0.0, 0.0, 0.0, 1.4267992014050053e-34, 5.138488046917391e-34, 0.0, 0.0, 0.0, 0.0, 0.0, 0.08581706881523132, 0.9852867126464844, 0.0, 0.0, 0.0, 0.0, 0.0, 0.0, 0.0, 4.8455424308776855, 0.0, 0.0, 0.0, 0.0], "sw": [624.4500732421875, 1070.830322265625, 861.8889770507812, 158.12437438964844, 0.0, 0.0, 0.0, 0.0, 618.2808227539062, 1066.3599853515625, 527.4734497070312, 35.494232177734375, 0.0, 0.0, 0.0, 0.0, 618.4686889648438, 1066.2530517578125, 855.4075317382812, 145.75982666015625, 0.0, 0.0, 0.0, 0.0], "rh": [47.78178405761719, 36.22303771972656, 41.41609191894531, 45.65937805175781, 56.13718032836914, 69.47014617919922, 79.51406860351562, 80.88941955566406, 54.292442321777344, 35.7673225402832, 42.467498779296875, 59.60981750488281, 62.34341812133789, 68.95661163330078, 74.99935913085938, 72.95763397216797, 48.50358581542969, 35.55772018432617, 45.35584259033203, 66.03453826904297, 68.21806335449219, 78.26788330078125, 82.7600326538086, 82.61793518066406]}