{"t2m": [23.2003173828125, 24.3446044921875, 24.62457275390625, 22.3099365234375, 20.253082275390625, 19.652099609375, 20.112091064453125, 19.319488525390625, 23.043182373046875, 23.548492431640625, 24.314605712890625, 21.620330810546875, 20.522064208984375, 19.6671142578125, 19.332427978515625, 18.632476806640625, 23.35888671875, 24.339691162109375, 23.719451904296875, 21.923309326171875, 20.335540771484375, 19.9964599609375, 19.57232666015625, 18.886260986328125], "wnd": [6.9158172607421875, 10.312287330627441, 10.887723922729492, 6.3373003005981445, 1.9818413257598877, 6.931694030761719, 5.753238677978516, 9.206403732299805, 8.964460372924805, 8.898621559143066, 8.377013206481934, 2.7216150760650635, 2.9957120418548584, 5.334055423736572, 5.067030429840088, 10.628072738647461, 7.683588981628418, 10.041912078857422, 8.787870407104492, 2.7824795246124268, 5.637305736541748, 4.313701152801514, 6.060695171356201, 8.480409622192383], "dir": [354.8255615234375, 9.565093994140625, 33.42019271850586, 102.29833984375, 153.68777465820312, 194.71197509765625, 222.9976043701172, 234.9694366455078, 323.4431457519531, 0.18157196044921875, 22.400848388671875, 318.70526123046875, 259.25775146484375, 179.2345733642578, 211.87510681152344, 230.9127655029297, 332.80419921875, 17.968299865722656, 54.96845245361328, 79.06355285644531, 176.755615234375, 168.35226440429688, 222.38375854492188, 225.1145477294922], "psl": [915.31103515625, 914.7706298828125, 913.1943969726562, 913.6815795898438, 915.2122802734375, 914.9046020507812, 913.805419921875, 914.2634887695312, 915.7279052734375, 915.6129150390625, 914.3582763671875, 914.4000244140625, 915.148681640625, 915.3357543945312, 914.3084106445312, 914.4888916015625, 915.5541381835938, 915.3778076171875, 913.9874877929688, 914.00146484375, 914.3594360351562, 914.484130859375, 912.8795166015625, 913.15234375], "pre": [0.0, 7.566777066037034e-14, 0.800233006477356, 6.330289363861084, 0.4307325780391693, 4.773028194904327e-09, 0.0, 0.0, 0.0, 1.703932762145996, 6.599262237548828, 7.274281978607178, 0.033885955810546875, 0.0, 0.0, 0.0, 0.0, 0.0, 3.6606552600860596, 5.3576788902282715, 0.4067946970462799, 0.0, 0.0, 0.0], "sw": [597.4055786132812, 1030.5213623046875, 703.134521484375, 45.27748489379883, 0.0, 0.0, 0.0, 0.0, 582.1683959960938, 897.092041015625, 631.3971557617188, 33.282894134521484, 0.0, 0.0, 0.0, 0.0, 594.3218383789062, 1026.1751708984375, 185.89163208007812, 40.854217529296875, 0.0, 0.0, 0.0, 0.0], "rh": [72.36547088623047, 76.66664123535156, 77.57427978515625, 93.46875762939453, 98.77937316894531, 89.23457336425781, 75.9864273071289, 71.96996307373047, 78.0290756225586, 86.8915786743164, 79.62419128417969, 97.98423767089844, 83.8208236694336, 69.37330627441406, 64.31783294677734, 61.663551330566406, 69.44389343261719, 75.25325012207031, 81.65403747558594, 97.33186340332031, 76.49532318115234, 71.19520568847656, 67.94119262695312, 67.5301513671875]}