{"t2m": [12.861724853515625, 14.633209228515625, 15.063385009765625, 12.642547607421875, 11.48626708984375, 10.7606201171875, 9.980194091796875, 9.403167724609375, 13.87811279296875, 15.072967529296875, 14.4429931640625, 11.881103515625, 10.94696044921875, 10.25567626953125, 9.60186767578125, 9.11895751953125, 13.693450927734375, 14.819976806640625, 13.149810791015625, 11.1807861328125, 10.496673583984375, 9.82977294921875, 9.698577880859375, 9.75799560546875], "wnd": [35.98307418823242, 32.00154113769531, 31.305870056152344, 28.11237907409668, 31.506425857543945, 32.79566192626953, 28.907541275024414, 25.77208137512207, 26.32808494567871, 21.219680786132812, 24.03102684020996, 29.966527938842773, 32.1911735534668, 30.57608985900879, 28.03713035583496, 23.38266372680664, 24.738285064697266, 27.399253845214844, 27.65216827392578, 28.57468605041504, 32.74293899536133, 31.26789665222168, 30.998353958129883, 27.17584991455078], "dir": [108.25200653076172, 110.8228759765625, 112.45851135253906, 114.70787811279297, 116.70057678222656, 115.4725341796875, 116.44115447998047, 114.54176330566406, 111.92372131347656, 102.59202575683594, 99.0604476928711, 106.91128540039062, 112.53624725341797, 113.97940063476562, 113.52059936523438, 110.78169250488281, 107.82331848144531, 103.51705932617188, 107.96650695800781, 107.51532745361328, 113.3057861328125, 113.30203247070312, 119.34130859375, 126.21299743652344], "psl": [728.9883422851562, 729.1029052734375, 727.9536743164062, 728.2120361328125, 729.1066284179688, 728.8560791015625, 728.1624755859375, 728.6377563476562, 729.6155395507812, 729.892578125, 728.7129516601562, 728.5733642578125, 729.4625854492188, 729.478515625, 728.645263671875, 728.65625, 729.8186645507812, 729.744384765625, 728.3070068359375, 728.3353271484375, 728.8493041992188, 728.8878173828125, 727.480712890625, 727.5836181640625], "pre": [0.0, 1.2727777420540918e-18, 7.538661748185405e-07, 6.407390173990279e-10, 2.80977019428974e-10, 0.0, 0.0, 0.0, 0.0, 9.012694590637693e-09, 1.2580873089973466e-06, 6.689197107334621e-08, 0.0, 0.0, 0.0, 0.0, 0.0, 0.0, 0.0027221411000937223, 4.771631211042404e-06, 0.0, 0.0, 0.0, 0.0], "sw": [652.203125, 1098.7333984375, 787.7421264648438, 28.1234130859375, 0.0, 0.0, 0.0, 0.0, 645.0209350585938, 1081.2752685546875, 736.6384887695312, 46.513519287109375, 0.0, 0.0, 0.0, 0.0, 644.1424560546875, 1089.938720703125, 864.1881713867188, 152.0250701904297, 0.0, 0.0, 0.0, 0.0], "rh": [59.048187255859375, 64.9967041015625, 62.70372772216797, 66.5005874633789, 61.19931411743164, 64.40768432617188, 67.29767608642578, 69.16034698486328, 52.8239860534668, 64.33198547363281, 68.85517120361328, 73.46922302246094, 70.62626647949219, 67.88379669189453, 74.32965850830078, 76.58959197998047, 57.25819396972656, 60.88410186767578, 79.8494873046875, 82.150634765625, 75.54532623291016, 83.93065643310547, 83.90388488769531, 63.911048889160156]}