{"t2m": [15.6434326171875, 16.936309814453125, 16.1357421875, 15.177978515625, 14.6640625, 14.3826904296875, 10.91278076171875, 10.76031494140625, 16.115509033203125, 17.63787841796875, 16.92578125, 14.7236328125, 13.807891845703125, 12.127655029296875, 10.871551513671875, 10.339385986328125, 16.218475341796875, 18.886962890625, 16.413360595703125, 14.4403076171875, 12.55718994140625, 11.926177978515625, 10.783233642578125, 10.015777587890625], "wnd": [6.525102138519287, 17.460615158081055, 16.989042282104492, 8.994579315185547, 6.469959735870361, 4.038761615753174, 6.546023845672607, 4.960448741912842, 4.599671363830566, 15.382954597473145, 16.85627555847168, 9.804555892944336, 3.9626827239990234, 4.624093532562256, 3.4231081008911133, 4.791655540466309, 2.5659282207489014, 20.07969856262207, 18.10797882080078, 9.925179481506348, 4.148256778717041, 3.2514278888702393, 4.130652904510498, 5.031627178192139], "dir": [310.864501953125, 13.155960083007812, 359.4257507324219, 3.0850448608398438, 344.7972412109375, 324.1588439941406, 119.84861755371094, 152.5115509033203, 316.51092529296875, 19.605934143066406, 6.375465393066406, 356.00885009765625, 174.90179443359375, 78.38743591308594, 140.45770263671875, 120.46060943603516, 282.92169189453125, 3.1328277587890625, 2.1130828857421875, 352.106201171875, 191.53817749023438, 150.02064514160156, 145.48411560058594, 153.48220825195312], "psl": [789.2401733398438, 788.865478515625, 787.709716796875, 788.0470581054688, 789.268310546875, 789.0900268554688, 788.3619384765625, 788.709716796875, 789.541748046875, 789.4063110351562, 788.48681640625, 788.6553955078125, 789.6494750976562, 789.7399291992188, 788.7720336914062, 788.70458984375, 789.560302734375, 789.0956420898438, 788.0540771484375, 788.2933349609375, 789.0379028320312, 788.9312744140625, 787.510986328125, 787.5463256835938], "pre": [0.0, 2.3756749214953743e-05, 0.054096613079309464, 0.010019704699516296, 2.8312206268310547e-07, 0.0, 0.0, 0.0, 0.0, 9.5367431640625e-07, 0.001676902174949646, 0.006642274558544159, 0.0, 0.0, 0.0, 0.0, 0.0, 0.0, 0.015043795108795166, 0.006784155964851379, 0.0030650123953819275, 0.0, 0.0, 0.0], "sw": [625.7337646484375, 965.674560546875, 258.6536865234375, 8.109719276428223, 0.0, 0.0, 0.0, 0.0, 617.3973388671875, 1058.6912841796875, 553.2124633789062, 21.65174674987793, 0.0, 0.0, 0.0, 0.0, 622.0934448242188, 1061.0135498046875, 377.3369140625, 17.308639526367188, 0.0, 0.0, 0.0, 0.0], "rh": [71.84212493896484, 82.00804901123047, 90.1214828491211, 91.30155944824219, 91.55439758300781, 91.18465423583984, 97.81806182861328, 85.6495590209961, 67.21488952636719, 78.0831298828125, 80.20516967773438, 90.56304931640625, 88.43909454345703, 72.96217346191406, 77.2342300415039, 74.95426177978516, 59.12691879272461, 70.6660385131836, 85.0704574584961, 91.5674057006836, 94.0130615234375, 86.36335754394531, 88.93834686279297, 88.36367797851562]}