{"t2m": [20.522705078125, 24.9307861328125, 26.228790283203125, 23.396697998046875, 19.346710205078125, 16.18408203125, 14.5101318359375, 13.319091796875, 21.233856201171875, 25.506622314453125, 26.801971435546875, 22.801177978515625, 18.92132568359375, 16.237579345703125, 14.93951416015625, 13.652191162109375, 21.135894775390625, 25.5126953125, 26.12506103515625, 22.66680908203125, 18.8392333984375, 16.539337158203125, 15.14642333984375, 13.17645263671875], "wnd": [11.685882568359375, 15.94975471496582, 20.76189613342285, 21.899770736694336, 13.29340648651123, 5.072509288787842, 5.535096168518066, 9.725288391113281, 7.262243270874023, 9.721895217895508, 19.35797119140625, 26.078039169311523, 10.999988555908203, 6.512458801269531, 7.316359519958496, 5.413863182067871, 5.452689170837402, 8.97326946258545, 19.54107666015625, 23.62584114074707, 12.537114143371582, 6.873815536499023, 2.6406490802764893, 8.274653434753418], "dir": [79.9454345703125, 113.4128189086914, 113.9019546508789, 115.8140869140625, 97.6006851196289, 140.83724975585938, 58.03947067260742, 28.580562591552734, 86.42327117919922, 82.86334991455078, 107.94198608398438, 108.64095306396484, 78.42459869384766, 200.359619140625, 309.37908935546875, 344.77978515625, 83.15342712402344, 78.3346176147461, 115.66944885253906, 105.83101654052734, 80.54931640625, 162.95828247070312, 222.20758056640625, 20.686935424804688], "psl": [825.6017456054688, 824.62744140625, 822.5825805664062, 823.1680297851562, 824.581787109375, 825.3096923828125, 824.59912109375, 824.9176025390625, 825.8147583007812, 824.9469604492188, 822.9201049804688, 823.5086059570312, 824.9468994140625, 825.5535888671875, 824.83056640625, 824.9114990234375, 826.013427734375, 825.0013427734375, 822.7125854492188, 823.3959350585938, 824.5438232421875, 825.2234497070312, 824.0731811523438, 823.9737548828125], "pre": [0.0, 0.0, 0.0, 0.0, 0.0, 0.0, 0.0, 0.0, 0.0, 0.0, 0.0, 0.0005053819622844458, 0.0, 0.0, 0.0, 0.0, 0.0, 0.0, 0.0, 0.0, 0.0, 0.013125044293701649, 0.0, 0.0], "sw": [613.7817993164062, 1059.8084716796875, 857.4955444335938, 159.17593383789062, 0.0, 0.0, 0.0, 0.0, 607.5867309570312, 1055.2978515625, 855.7431640625, 148.53375244140625, 0.0, 0.0, 0.0, 0.0, 608.5494995117188, 1060.068603515625, 854.6700439453125, 148.05575561523438, 0.0, 0.0, 0.0, 0.0], "rh": [48.676761627197266, 35.61425018310547, 36.999359130859375, 43.8951530456543, 52.67533493041992, 66.65840911865234, 75.53243255615234, 78.7610855102539, 47.72171401977539, 34.60572052001953, 35.297630310058594, 45.53418731689453, 53.6968879699707, 64.67584991455078, 70.27210235595703, 74.23544311523438, 46.9454460144043, 30.828062057495117, 36.58811569213867, 46.244083404541016, 59.61358642578125, 73.586181640625, 79.26581573486328, 82.5536880493164]}