{"t2m": [22.29815673828125, 28.04815673828125, 30.881622314453125, 27.0836181640625, 23.533538818359375, 21.167938232421875, 19.787353515625, 17.928314208984375, 24.39202880859375, 29.045166015625, 31.632537841796875, 29.877197265625, 24.40130615234375, 21.208038330078125, 20.1165771484375, 19.171905517578125, 24.424774169921875, 29.0906982421875, 31.42437744140625, 29.494049072265625, 23.040130615234375, 23.187713623046875, 19.9146728515625, 18.5584716796875], "wnd": [2.945382595062256, 3.4928479194641113, 6.214241027832031, 9.628811836242676, 8.680010795593262, 9.079584121704102, 3.0958359241485596, 5.650268077850342, 2.384598731994629, 4.575433254241943, 4.1484856605529785, 10.08205509185791, 2.848268508911133, 9.726801872253418, 5.605850696563721, 1.7169163227081299, 5.002174377441406, 3.155916213989258, 2.0367188453674316, 9.761164665222168, 5.656846523284912, 3.627127170562744, 6.869933128356934, 4.031446933746338], "dir": [135.55209350585938, 236.28799438476562, 304.5091857910156, 290.0496520996094, 238.32191467285156, 206.13963317871094, 230.79364013671875, 169.8819580078125, 98.91178894042969, 335.25299072265625, 279.5517578125, 240.65988159179688, 306.6723327636719, 205.4857177734375, 196.69273376464844, 184.74940490722656, 119.25558471679688, 281.2174987792969, 269.20867919921875, 256.749755859375, 200.03614807128906, 224.0310516357422, 314.6984558105469, 133.54617309570312], "psl": [900.0621948242188, 898.366943359375, 895.4067993164062, 895.3143920898438, 897.6939697265625, 898.8646240234375, 898.7705688476562, 899.07373046875, 900.155029296875, 898.7002563476562, 895.5960693359375, 895.1827392578125, 898.5742797851562, 899.5220336914062, 898.8939208984375, 899.1868896484375, 900.2932739257812, 898.7606201171875, 895.6095581054688, 895.1513061523438, 898.3462524414062, 899.1353149414062, 898.2431030273438, 898.3004150390625], "pre": [0.0, 0.0, 0.0, 0.0, 0.0, 0.0, 0.0, 0.0, 0.0, 0.0, 0.0, 0.0, 0.25249531865119934, 0.0, 0.0, 0.0, 0.0, 0.0, 0.0, 0.0, 0.15008166432380676, 7.669252033144189e-17, 0.0, 0.0], "sw": [578.660400390625, 1040.567626953125, 770.5042114257812, 48.90329360961914, 0.0, 0.0, 0.0, 0.0, 577.81494140625, 1036.388916015625, 851.2692260742188, 154.73130798339844, 0.0, 0.0, 0.0, 0.0, 575.793212890625, 1038.1199951171875, 851.20068359375, 151.5416717529297, 0.0, 0.0, 0.0, 0.0], "rh": [65.25885009765625, 42.36408615112305, 31.571849822998047, 49.02056121826172, 58.95677185058594, 70.03643035888672, 63.71989440917969, 68.3110122680664, 49.6904411315918, 35.80621337890625, 29.84687042236328, 38.92784881591797, 61.00208282470703, 60.743438720703125, 62.508697509765625, 64.44099426269531, 44.62696075439453, 32.24979019165039, 27.919784545898438, 37.20677185058594, 63.84975814819336, 65.74885559082031, 72.79938507080078, 74.7668228149414]}