{"t2m": [19.2684326171875, 23.20819091796875, 24.298797607421875, 21.535064697265625, 17.674346923828125, 14.98193359375, 12.835296630859375, 12.759033203125, 20.769073486328125, 23.838104248046875, 24.54412841796875, 20.44512939453125, 17.602691650390625, 16.01898193359375, 14.51605224609375, 12.092193603515625, 20.74066162109375, 23.800537109375, 24.036773681640625, 20.756500244140625, 17.311676025390625, 16.101531982421875, 13.850250244140625, 12.68438720703125], "wnd": [13.112974166870117, 22.02656364440918, 26.130306243896484, 32.38602066040039, 22.233304977416992, 2.1287765502929688, 7.55574893951416, 3.466712474822998, 22.052013397216797, 17.51464080810547, 25.332090377807617, 33.836185455322266, 21.861032485961914, 21.201894760131836, 15.75727653503418, 7.376937389373779, 18.998708724975586, 17.30483627319336, 25.092235565185547, 28.938920974731445, 19.263071060180664, 20.442035675048828, 3.553581476211548, 2.56241774559021], "dir": [104.63975524902344, 104.19401550292969, 107.26251220703125, 109.51973724365234, 101.42288208007812, 354.3189392089844, 95.10315704345703, 46.11988067626953, 91.18818664550781, 91.3570327758789, 105.19149780273438, 105.47673797607422, 96.0457763671875, 106.85684204101562, 103.66508483886719, 93.73063659667969, 92.43362426757812, 99.2107162475586, 106.50215148925781, 100.40315246582031, 98.90904235839844, 101.37307739257812, 34.74693298339844, 2.7064437866210938], "psl": [811.3085327148438, 810.5628662109375, 808.7080688476562, 809.00341796875, 810.4660034179688, 810.9552612304688, 810.1328735351562, 810.3565673828125, 811.3265380859375, 810.9151000976562, 809.2036743164062, 809.534423828125, 810.6807250976562, 811.0599975585938, 810.176025390625, 810.3909912109375, 811.5881958007812, 810.952880859375, 808.9302368164062, 809.3174438476562, 810.449951171875, 810.6104125976562, 809.6473388671875, 809.4933471679688], "pre": [0.0, 0.0, 0.0, 0.0, 0.0, 0.0, 0.0, 0.0, 0.0, 0.0, 0.0, 0.0, 0.0, 0.0, 0.0, 0.0, 0.0, 0.0, 0.0, 0.0, 0.0, 0.0, 6.552658076808497e-33, 0.0], "sw": [618.001953125, 1064.3846435546875, 859.4283447265625, 158.433837890625, 0.0, 0.0, 0.0, 0.0, 613.6255493164062, 1060.48046875, 858.7615356445312, 90.806884765625, 0.0, 0.0, 0.0, 0.0, 615.0691528320312, 1063.486328125, 857.4679565429688, 147.28359985351562, 0.0, 0.0, 0.0, 0.0], "rh": [51.35154724121094, 39.42091369628906, 41.86182403564453, 44.5267219543457, 57.815670013427734, 70.51618194580078, 83.74935913085938, 76.95531463623047, 45.66843032836914, 38.519020080566406, 41.08568572998047, 52.95606994628906, 56.548744201660156, 64.52108764648438, 72.01730346679688, 79.7462387084961, 44.169189453125, 36.27468490600586, 42.02763366699219, 51.76532745361328, 64.79220581054688, 70.76864624023438, 81.79574584960938, 78.56461334228516]}