{"t2m": [18.29510498046875, 21.034881591796875, 21.611083984375, 18.635955810546875, 15.556243896484375, 14.09222412109375, 13.360504150390625, 12.9625244140625, 18.367340087890625, 21.495208740234375, 21.90814208984375, 17.361602783203125, 15.73388671875, 14.545928955078125, 13.046844482421875, 12.9783935546875, 18.0360107421875, 21.66998291015625, 20.9461669921875, 16.895599365234375, 15.031707763671875, 14.028778076171875, 12.3067626953125, 12.361785888671875], "wnd": [17.72730255126953, 21.449487686157227, 32.14931869506836, 31.936626434326172, 29.575458526611328, 21.604494094848633, 17.673059463500977, 24.127864837646484, 19.201108932495117, 15.179337501525879, 23.446287155151367, 30.86203956604004, 27.47757911682129, 29.047870635986328, 21.29522705078125, 25.769412994384766, 11.24417781829834, 19.005775451660156, 22.552446365356445, 28.508121490478516, 27.078845977783203, 25.969270706176758, 15.074431419372559, 23.656021118164062], "dir": [91.4529037475586, 97.0802230834961, 98.17318725585938, 93.56367492675781, 81.159423828125, 77.13215637207031, 64.76873779296875, 70.53778076171875, 70.19255828857422, 95.12847900390625, 101.63593292236328, 90.89290618896484, 79.77393341064453, 85.23158264160156, 71.79999542236328, 74.16598510742188, 61.95038604736328, 99.61759185791016, 103.56724548339844, 94.21298217773438, 83.95355224609375, 85.39877319335938, 69.02594757080078, 70.794677734375], "psl": [783.837646484375, 783.3778686523438, 781.615966796875, 781.9840698242188, 783.4541625976562, 783.5098266601562, 783.0228271484375, 783.1481323242188, 784.11328125, 783.8820190429688, 782.2382202148438, 782.7019653320312, 783.7913818359375, 783.7538452148438, 783.1991577148438, 783.0798950195312, 784.4955444335938, 783.7876586914062, 781.9503173828125, 782.5868530273438, 783.35595703125, 783.265625, 782.4393920898438, 782.0639038085938], "pre": [0.0, 0.0, 2.8934010691378823e-37, 4.2408191204785104e-30, 4.211332995889285e-23, 0.0, 2.227505654548357e-22, 0.0, 0.0, 0.0, 7.573064690121713e-29, 0.07410547137260437, 0.09518814086914062, 0.0, 0.0, 0.0, 0.0, 0.0, 0.0, 0.6708366274833679, 0.0060620903968811035, 0.0, 0.0, 0.0], "sw": [630.1314697265625, 1075.3837890625, 869.849365234375, 105.63058471679688, 0.0, 0.0, 0.0, 0.0, 624.3565673828125, 1070.7392578125, 860.5326538085938, 78.63693237304688, 0.0, 0.0, 0.0, 0.0, 623.828857421875, 1073.5323486328125, 860.5465698242188, 146.11605834960938, 0.0, 0.0, 0.0, 0.0], "rh": [45.27698516845703, 42.011436462402344, 43.59909439086914, 52.744483947753906, 65.91270446777344, 74.3575668334961, 75.65151977539062, 73.46994018554688, 48.09410858154297, 38.49609375, 45.55231475830078, 64.03855895996094, 63.947113037109375, 66.11705780029297, 74.73685455322266, 69.65914916992188, 47.49702072143555, 35.471920013427734, 52.81223678588867, 72.23897552490234, 69.83719635009766, 74.56826782226562, 83.80335998535156, 75.28355407714844]}