{"t2m": [15.45166015625, 18.797454833984375, 19.532440185546875, 18.125, 13.0537109375, 11.177215576171875, 11.245208740234375, 9.9937744140625, 16.38848876953125, 19.269317626953125, 20.7818603515625, 14.610260009765625, 13.370361328125, 12.073333740234375, 10.109375, 9.441253662109375, 15.84063720703125, 19.04473876953125, 19.819091796875, 15.01446533203125, 12.5577392578125, 11.869873046875, 9.985260009765625, 8.841278076171875], "wnd": [13.313846588134766, 8.41952133178711, 12.607582092285156, 7.770968914031982, 10.021258354187012, 6.094571590423584, 13.113748550415039, 12.350948333740234, 13.29799747467041, 11.784567832946777, 7.945956707000732, 5.903774738311768, 12.733504295349121, 14.74159049987793, 12.284564018249512, 12.85970401763916, 12.616618156433105, 9.44449520111084, 11.482843399047852, 9.138553619384766, 11.795974731445312, 13.75868034362793, 10.565361022949219, 9.57986068725586], "dir": [21.05548858642578, 83.5832290649414, 169.08740234375, 173.0487060546875, 237.6589813232422, 352.2490234375, 346.85260009765625, 336.1962890625, 8.363441467285156, 25.150413513183594, 74.0729751586914, 302.3104248046875, 336.4283142089844, 339.8946533203125, 339.6958923339844, 337.46978759765625, 11.093299865722656, 53.88972091674805, 161.23907470703125, 328.23016357421875, 328.13372802734375, 327.54925537109375, 336.4649658203125, 331.92340087890625], "psl": [756.0655517578125, 755.6964111328125, 754.1210327148438, 754.4392700195312, 755.9674072265625, 755.9393920898438, 755.171875, 755.4489135742188, 756.4432983398438, 756.2792358398438, 754.5708618164062, 755.308837890625, 756.215576171875, 756.491455078125, 755.597900390625, 755.457763671875, 756.5745239257812, 756.2284545898438, 754.23681640625, 754.6388549804688, 755.7929077148438, 755.794189453125, 754.529541015625, 754.4659423828125], "pre": [0.0, 5.061499437498643e-23, 3.191699668088005e-25, 0.04381844028830528, 0.1114669144153595, 0.0032617896795272827, 0.0, 0.0, 0.0, 0.0, 0.0, 0.9982771277427673, 0.0283137708902359, 0.0, 0.0, 0.0, 0.0, 0.0, 0.0, 0.7485222220420837, 0.052657365798950195, 0.0, 0.0, 0.0], "sw": [617.0352172851562, 1077.8446044921875, 877.186279296875, 171.8206329345703, 0.0, 0.0, 0.0, 0.0, 618.1709594726562, 1076.698486328125, 880.7374877929688, 9.999999717180685e-10, 0.0, 0.0, 0.0, 0.0, 620.1619873046875, 1079.8272705078125, 697.2758178710938, 7.601569652557373, 0.0, 0.0, 0.0, 0.0], "rh": [65.05683898925781, 46.99568176269531, 52.569095611572266, 54.26613235473633, 78.67325592041016, 81.61894226074219, 66.85008239746094, 65.20545959472656, 48.51842498779297, 41.16181564331055, 39.40420150756836, 80.69696044921875, 76.37725830078125, 68.47102355957031, 63.828575134277344, 59.64958572387695, 48.82502365112305, 40.27378463745117, 47.514198303222656, 77.24127197265625, 82.9897232055664, 76.24593353271484, 75.1076431274414, 71.76321411132812]}