{"t2m": [21.3472900390625, 22.219482421875, 20.56610107421875, 19.641143798828125, 17.978118896484375, 18.021240234375, 17.373809814453125, 16.504058837890625, 20.742401123046875, 20.813079833984375, 20.635833740234375, 19.616607666015625, 17.73419189453125, 17.042236328125, 16.33587646484375, 15.9097900390625, 21.123504638671875, 22.174041748046875, 20.7093505859375, 18.9437255859375, 18.62762451171875, 17.366119384765625, 16.82537841796875, 16.542877197265625], "wnd": [8.02991008758545, 11.61101245880127, 8.626935958862305, 4.566656112670898, 2.113398790359497, 5.363298416137695, 7.380649566650391, 8.668538093566895, 7.6961140632629395, 9.51165771484375, 8.135675430297852, 1.2015897035598755, 10.799455642700195, 9.110516548156738, 8.939470291137695, 7.68444299697876, 6.937738418579102, 11.252706527709961, 8.278360366821289, 1.3541996479034424, 14.051908493041992, 4.738706111907959, 6.648716449737549, 6.028943061828613], "dir": [21.224815368652344, 32.41447067260742, 41.050270080566406, 24.271446228027344, 285.680419921875, 276.21661376953125, 250.73524475097656, 269.3731689453125, 24.079627990722656, 26.26587677001953, 43.04542541503906, 150.013671875, 235.1708984375, 259.31903076171875, 253.2288055419922, 257.75494384765625, 26.455116271972656, 34.47809982299805, 42.471492767333984, 203.2165985107422, 222.5175018310547, 234.7437286376953, 273.899169921875, 271.9829406738281], "psl": [878.24658203125, 877.7839965820312, 876.51123046875, 876.8926391601562, 878.1997680664062, 877.9600219726562, 876.9310913085938, 877.3805541992188, 878.6559448242188, 878.6026611328125, 877.4884643554688, 877.4833374023438, 878.1107788085938, 878.3330688476562, 877.3904418945312, 877.53369140625, 878.4913940429688, 878.3749389648438, 877.16064453125, 877.1286010742188, 877.3836669921875, 877.547119140625, 876.0289916992188, 876.2467041015625], "pre": [0.0, 0.007806331384927034, 9.1370210647583, 6.777825832366943, 6.083252429962158, 7.385015487670898e-05, 0.0, 0.0, 0.0, 0.6001033782958984, 8.996317863464355, 5.034708023071289, 0.11253738403320312, 0.0, 0.0, 0.0, 0.0, 0.0, 7.548862457275391, 9.54256534576416, 0.0, 0.0, 0.0, 0.0], "sw": [601.5885620117188, 1040.197265625, 70.48908996582031, 38.83938980102539, 0.0, 0.0, 0.0, 0.0, 597.8753662109375, 265.8369140625, 528.6167602539062, 41.43114471435547, 0.0, 0.0, 0.0, 0.0, 599.901611328125, 1035.94189453125, 371.8035888671875, 29.498512268066406, 0.0, 0.0, 0.0, 0.0], "rh": [74.04977416992188, 82.25958251953125, 92.16220092773438, 98.15760040283203, 98.90672302246094, 89.23455810546875, 79.91816711425781, 76.48133850097656, 82.42765045166016, 91.8683853149414, 94.0580062866211, 98.49585723876953, 79.09378051757812, 69.61297607421875, 69.91967010498047, 69.65706634521484, 71.3797836303711, 82.85698699951172, 92.76284790039062, 99.18013000488281, 74.5342788696289, 68.11624908447266, 71.24513244628906, 71.34883880615234]}