{"t2m": [17.1983642578125, 16.77886962890625, 16.620330810546875, 16.007904052734375, 14.66546630859375, 13.47711181640625, 13.637603759765625, 12.170440673828125, 17.250274658203125, 16.391937255859375, 16.261260986328125, 15.17376708984375, 13.0648193359375, 12.5194091796875, 11.6485595703125, 11.353271484375, 17.5067138671875, 17.41558837890625, 16.05731201171875, 15.463043212890625, 13.307464599609375, 12.9576416015625, 12.35302734375, 12.030975341796875], "wnd": [8.095085144042969, 13.018129348754883, 12.310477256774902, 1.8913774490356445, 1.2799934148788452, 4.549861907958984, 7.5133185386657715, 6.100933074951172, 9.883721351623535, 12.100011825561523, 11.559572219848633, 3.3051557540893555, 7.965673923492432, 5.579941272735596, 7.394172668457031, 6.091335773468018, 9.198389053344727, 14.483379364013672, 14.107182502746582, 4.527088165283203, 4.231602191925049, 3.9386861324310303, 4.807416915893555, 3.6629104614257812], "dir": [11.926979064941406, 31.497215270996094, 33.46590805053711, 111.46194458007812, 160.1785888671875, 220.9906463623047, 190.6411895751953, 187.34527587890625, 2.0888748168945312, 46.008853912353516, 31.928760528564453, 55.68159866333008, 181.16122436523438, 148.41793823242188, 197.18038940429688, 204.66204833984375, 29.645946502685547, 38.11754608154297, 41.283241271972656, 79.8349380493164, 175.72218322753906, 159.00753784179688, 194.63455200195312, 220.25448608398438], "psl": [813.4989624023438, 813.2581176757812, 812.0100708007812, 812.2432861328125, 813.4827880859375, 813.3302612304688, 812.4312744140625, 812.7552490234375, 813.8872680664062, 813.9566650390625, 812.943359375, 812.9061889648438, 813.67236328125, 813.8700561523438, 812.8316650390625, 812.8504028320312, 813.8316650390625, 813.7816162109375, 812.5233764648438, 812.5086059570312, 813.0543212890625, 813.0809936523438, 811.546142578125, 811.6910400390625], "pre": [0.0, 0.001139541156589985, 0.2605113685131073, 0.45244649052619934, 1.3709068298339844e-06, 0.007019832730293274, 0.0, 0.0, 0.0, 0.17627930641174316, 0.279699444770813, 0.14415228366851807, 0.0, 0.0, 0.0, 0.0, 0.0, 0.0014736652374267578, 1.7895021438598633, 1.8489925861358643, 0.0, 0.0, 0.0, 0.0], "sw": [622.9339599609375, 368.8258056640625, 142.80422973632812, 56.29890060424805, 0.0, 0.0, 0.0, 0.0, 603.4652709960938, 302.3399353027344, 128.0343475341797, 39.98276901245117, 0.0, 0.0, 0.0, 0.0, 618.517578125, 496.2603454589844, 278.0179748535156, 2.82088041305542, 0.0, 0.0, 0.0, 0.0], "rh": [79.14404296875, 95.37529754638672, 98.66705322265625, 95.29486083984375, 96.5430908203125, 95.3260498046875, 88.80814361572266, 78.69586944580078, 78.89588165283203, 98.38753509521484, 98.97110748291016, 99.8472900390625, 79.44178009033203, 71.86701202392578, 71.6438980102539, 69.97465515136719, 67.3223876953125, 90.43804931640625, 99.49263763427734, 99.94146728515625, 86.12998962402344, 81.1268310546875, 81.3930892944336, 79.29078674316406]}