{"t2m": [14.9892578125, 18.73834228515625, 18.426116943359375, 14.509246826171875, 12.877532958984375, 12.26422119140625, 11.416046142578125, 9.74237060546875, 15.251373291015625, 18.82366943359375, 17.8253173828125, 13.9925537109375, 12.698883056640625, 11.327728271484375, 10.32275390625, 9.039947509765625, 15.347991943359375, 19.1187744140625, 16.850341796875, 13.83489990234375, 12.704010009765625, 10.89605712890625, 9.956817626953125, 8.769378662109375], "wnd": [12.40715217590332, 12.955375671386719, 18.126941680908203, 22.024126052856445, 18.41276741027832, 16.549907684326172, 13.718997955322266, 12.268216133117676, 8.780113220214844, 13.30018424987793, 21.419893264770508, 23.255523681640625, 15.831683158874512, 14.341713905334473, 14.7083740234375, 11.278610229492188, 9.71532154083252, 14.883445739746094, 24.416940689086914, 24.694915771484375, 12.560078620910645, 9.487302780151367, 10.085813522338867, 9.418577194213867], "dir": [43.79683303833008, 57.936370849609375, 21.90308380126953, 344.16998291015625, 347.62530517578125, 342.0190734863281, 344.44915771484375, 343.9875183105469, 53.90015411376953, 47.202430725097656, 3.4994735717773438, 342.2480163574219, 351.59228515625, 344.3607177734375, 339.6751708984375, 343.2349853515625, 57.88429641723633, 72.12347412109375, 356.6687316894531, 343.9848937988281, 346.1079406738281, 3.8178939819335938, 347.7022399902344, 7.701271057128906], "psl": [755.4117431640625, 754.8557739257812, 753.6177368164062, 754.0875854492188, 755.3836669921875, 755.2073974609375, 754.4805297851562, 754.8394775390625, 755.796875, 755.42919921875, 754.3523559570312, 754.5892333984375, 755.7725219726562, 755.7901000976562, 754.8431396484375, 754.7810668945312, 755.8966674804688, 755.353515625, 754.0145263671875, 754.2559204101562, 755.2002563476562, 755.1550903320312, 753.6724243164062, 753.7400512695312], "pre": [0.0, 7.424640961742821e-32, 1.1424502233126077e-08, 1.1605379768298008e-07, 1.1608847216848517e-09, 1.6441958905488718e-11, 3.637978807091713e-12, 1.4210854715202004e-14, 0.0, 0.0, 0.13017994165420532, 1.4078693766350625e-09, 2.2296831048151944e-11, 0.0, 0.0, 0.0, 0.0, 0.0, 0.33702585101127625, 6.19780053057184e-07, 7.255033551700762e-08, 0.0, 0.0, 0.0], "sw": [635.6336669921875, 1083.5206298828125, 872.8577270507812, 56.236419677734375, 0.0, 0.0, 0.0, 0.0, 630.1470947265625, 1066.854248046875, 642.376708984375, 46.01817321777344, 0.0, 0.0, 0.0, 0.0, 630.1101684570312, 1075.986572265625, 863.8190307617188, 139.9949951171875, 0.0, 0.0, 0.0, 0.0], "rh": [56.08047866821289, 49.57866668701172, 63.97203826904297, 80.90121459960938, 78.7597885131836, 80.83052825927734, 81.02902221679688, 81.80497741699219, 54.465484619140625, 51.44715118408203, 65.44200134277344, 76.53443908691406, 67.46722412109375, 65.010009765625, 69.54576110839844, 75.87403869628906, 56.94622802734375, 45.449581146240234, 73.82878112792969, 79.567138671875, 74.60443878173828, 82.34170532226562, 85.30167388916016, 86.8685531616211]}