{"t2m": [16.57647705078125, 17.66802978515625, 16.26666259765625, 14.94732666015625, 14.397369384765625, 14.10076904296875, 12.658477783203125, 11.39520263671875, 17.3355712890625, 17.37799072265625, 17.3148193359375, 14.971282958984375, 13.3865966796875, 12.480865478515625, 11.102447509765625, 10.64892578125, 18.14434814453125, 18.719940185546875, 17.095794677734375, 14.818603515625, 12.962158203125, 12.6422119140625, 11.92498779296875, 11.236572265625], "wnd": [6.7784318923950195, 14.620335578918457, 12.002071380615234, 4.016688346862793, 5.180291175842285, 3.416435480117798, 5.709408760070801, 8.614056587219238, 4.8760457038879395, 12.227197647094727, 11.465230941772461, 2.9947147369384766, 8.387406349182129, 5.828227519989014, 7.774977684020996, 7.928191661834717, 3.0306904315948486, 13.399444580078125, 11.553449630737305, 1.1266884803771973, 8.863773345947266, 5.064136028289795, 5.730057239532471, 6.375908851623535], "dir": [49.761531829833984, 34.45414733886719, 44.6043815612793, 38.38292694091797, 264.033203125, 299.3486328125, 285.0413818359375, 257.8818359375, 70.33984375, 40.34272384643555, 37.9255256652832, 99.35516357421875, 251.443603515625, 293.6181640625, 265.0438232421875, 263.3382568359375, 142.192138671875, 42.09016036987305, 55.39244079589844, 57.65969467163086, 250.6851806640625, 314.8548583984375, 303.6297607421875, 332.2560729980469], "psl": [803.5362548828125, 803.1951293945312, 802.0223388671875, 802.3154907226562, 803.4578857421875, 803.26904296875, 802.463134765625, 802.76123046875, 803.7999877929688, 803.8353271484375, 802.744384765625, 802.8536987304688, 803.6868896484375, 803.8894653320312, 802.831298828125, 802.7940673828125, 803.728515625, 803.6923217773438, 802.4266357421875, 802.5122680664062, 803.1229858398438, 803.0936889648438, 801.6068725585938, 801.6904907226562], "pre": [0.0, 4.7944716641268315e-08, 0.01929384097456932, 0.014328107237815857, 0.012028872966766357, 0.0, 0.0, 0.0, 0.0, 0.0004936046898365021, 0.0010596513748168945, 0.02748793736100197, 7.243454456329346e-05, 0.0, 0.0, 0.0, 0.0, 0.0, 0.25873255729675293, 0.004812978208065033, 0.0, 0.0, 0.0, 0.0], "sw": [616.8568115234375, 1034.86669921875, 212.77044677734375, 2.6519923210144043, 0.0, 0.0, 0.0, 0.0, 613.7537231445312, 1015.1646728515625, 555.5083618164062, 2.3420469760894775, 0.0, 0.0, 0.0, 0.0, 615.8040771484375, 1055.2374267578125, 610.5657958984375, 79.7603759765625, 0.0, 0.0, 0.0, 0.0], "rh": [79.55558013916016, 86.96154022216797, 93.82425689697266, 99.08477783203125, 92.24823760986328, 89.1918716430664, 86.62276458740234, 80.52742767333984, 65.60836029052734, 90.33662414550781, 85.61389923095703, 95.74270629882812, 85.92373657226562, 72.89584350585938, 74.77015686035156, 70.09947204589844, 53.57090377807617, 78.45382690429688, 86.25129699707031, 93.39083862304688, 84.66075897216797, 74.78244018554688, 80.04088592529297, 83.76673126220703]}