{"t2m": [19.892791748046875, 23.12872314453125, 23.9818115234375, 21.2235107421875, 17.8992919921875, 14.848724365234375, 13.355621337890625, 15.4810791015625, 20.744964599609375, 23.686676025390625, 24.140899658203125, 20.108856201171875, 17.91583251953125, 17.016693115234375, 16.168548583984375, 15.642486572265625, 20.71136474609375, 23.573486328125, 23.68572998046875, 20.323516845703125, 17.566619873046875, 16.74273681640625, 13.977447509765625, 12.969024658203125], "wnd": [14.278196334838867, 19.126937866210938, 23.247669219970703, 27.701465606689453, 21.97825813293457, 9.673456192016602, 9.338628768920898, 23.54140281677246, 25.111900329589844, 15.79374885559082, 22.347814559936523, 31.387760162353516, 25.905059814453125, 28.271156311035156, 27.960796356201172, 25.108356475830078, 19.91986656188965, 16.36556053161621, 21.79131507873535, 31.982202529907227, 21.017845153808594, 23.72140121459961, 8.687610626220703, 6.54082727432251], "dir": [112.50144958496094, 103.11487579345703, 108.35401916503906, 110.87498474121094, 95.85000610351562, 87.33287048339844, 92.05287170410156, 80.6006851196289, 94.27195739746094, 94.50565338134766, 106.16210174560547, 106.62403106689453, 86.3862075805664, 90.30534362792969, 82.48747253417969, 80.42546844482422, 92.8880386352539, 102.07868957519531, 106.88542175292969, 98.06669616699219, 87.81098175048828, 89.203125, 81.79803466796875, 92.4559097290039], "psl": [813.6009521484375, 812.89501953125, 811.060791015625, 811.3818969726562, 812.7139282226562, 812.9573364257812, 812.3086547851562, 812.261474609375, 813.4774169921875, 813.2410888671875, 811.6013793945312, 811.780517578125, 812.8873291015625, 813.1493530273438, 812.2838134765625, 812.3693237304688, 813.815185546875, 813.2938842773438, 811.3250732421875, 811.3657836914062, 812.6804809570312, 812.791748046875, 811.6757202148438, 811.58984375], "pre": [0.0, 0.0, 0.0, 0.0, 0.0, 0.0, 0.0, 0.0, 0.0, 0.0, 0.0, 0.0, 0.0, 0.0, 2.6064151436441598e-39, 0.0, 0.0, 0.0, 0.0, 0.0, 0.0, 0.0, 2.4569781635327947e-26, 0.0], "sw": [618.8969116210938, 1063.45068359375, 858.4426879882812, 157.21397399902344, 0.0, 0.0, 0.0, 0.0, 614.6121215820312, 1060.486328125, 857.8033447265625, 110.7603759765625, 0.0, 0.0, 0.0, 0.0, 616.1380004882812, 1062.6143798828125, 855.83203125, 145.83338928222656, 0.0, 0.0, 0.0, 0.0], "rh": [48.579383850097656, 43.015220642089844, 45.95283889770508, 47.76082229614258, 55.07855224609375, 72.18052673339844, 80.96417999267578, 65.17594146728516, 48.17439651489258, 42.482078552246094, 45.164188385009766, 56.24855041503906, 54.78126907348633, 59.60783386230469, 63.527828216552734, 62.88020706176758, 46.77858352661133, 41.437137603759766, 46.14545822143555, 55.600791931152344, 62.55600357055664, 67.06237030029297, 80.2230224609375, 74.03521728515625]}