{"t2m": [24.962432861328125, 25.678131103515625, 26.457672119140625, 23.46319580078125, 21.677093505859375, 20.643280029296875, 21.015899658203125, 20.31243896484375, 24.677642822265625, 24.996307373046875, 25.821685791015625, 22.84234619140625, 21.885986328125, 20.373443603515625, 19.946807861328125, 19.798065185546875, 25.20172119140625, 25.71044921875, 26.34112548828125, 23.28289794921875, 21.373809814453125, 20.849853515625, 20.329498291015625, 19.969024658203125], "wnd": [10.001766204833984, 11.625452041625977, 12.797014236450195, 7.54765510559082, 3.082557439804077, 8.027992248535156, 9.606245040893555, 10.545365333557129, 8.688689231872559, 10.000996589660645, 7.83734655380249, 4.50975227355957, 4.229831218719482, 7.82307243347168, 11.238825798034668, 11.760595321655273, 6.412549018859863, 11.201781272888184, 11.421235084533691, 1.9460840225219727, 10.239258766174316, 5.80855131149292, 9.051481246948242, 9.493714332580566], "dir": [24.25806427001953, 43.91075134277344, 48.01748275756836, 64.76453399658203, 180.8652801513672, 226.2110137939453, 229.69580078125, 248.52450561523438, 329.686279296875, 38.7446174621582, 23.212966918945312, 60.59791564941406, 211.86734008789062, 245.3467559814453, 217.71853637695312, 228.15396118164062, 354.3497314453125, 43.21171569824219, 53.774169921875, 87.01990509033203, 194.66427612304688, 234.3186492919922, 229.87759399414062, 235.06117248535156], "psl": [936.3743896484375, 935.8018188476562, 934.1729736328125, 934.6853637695312, 936.3507080078125, 936.0335693359375, 934.814208984375, 935.330810546875, 936.8182983398438, 936.637939453125, 935.3170166015625, 935.39892578125, 936.183837890625, 936.39453125, 935.3410034179688, 935.5694580078125, 936.6084594726562, 936.387939453125, 934.8214721679688, 935.041015625, 935.2924194335938, 935.5382690429688, 933.8912353515625, 934.1936645507812], "pre": [0.0, 3.3547501237599283e-21, 1.4609134214860209e-12, 0.4261411428451538, 2.439220905303955, 0.0, 0.0, 0.0, 0.0, 2.690901756286621, 3.1710848808288574, 5.047194480895996, 0.04359503835439682, 0.0, 0.0, 0.0, 0.0, 0.0, 4.76837158203125e-06, 3.104703187942505, 0.0, 0.0, 0.0, 0.0], "sw": [591.8068237304688, 1023.4431762695312, 681.2330322265625, 36.08769607543945, 0.0, 0.0, 0.0, 0.0, 575.2941284179688, 509.4239196777344, 496.3785705566406, 29.173295974731445, 0.0, 0.0, 0.0, 0.0, 588.7684936523438, 1020.6124877929688, 571.1123046875, 41.434207916259766, 0.0, 0.0, 0.0, 0.0], "rh": [66.4966812133789, 76.04015350341797, 68.89620208740234, 91.81991577148438, 97.26763153076172, 94.88655090332031, 78.09659576416016, 73.92349243164062, 72.84676361083984, 82.2259521484375, 75.51780700683594, 95.56385040283203, 83.60015869140625, 76.68146514892578, 63.67916488647461, 61.60752868652344, 62.196720123291016, 73.95468139648438, 69.99288177490234, 91.48121643066406, 75.07341003417969, 71.33834838867188, 65.48345947265625, 67.01034545898438]}