{"t2m": [23.866455078125, 24.822662353515625, 24.626617431640625, 22.27703857421875, 20.915283203125, 19.793182373046875, 19.603759765625, 18.79046630859375, 23.068695068359375, 23.85687255859375, 22.7471923828125, 21.8743896484375, 20.105926513671875, 19.20318603515625, 18.5491943359375, 18.2025146484375, 23.581573486328125, 24.832611083984375, 24.129486083984375, 21.37908935546875, 20.007049560546875, 19.450469970703125, 18.821380615234375, 18.564605712890625], "wnd": [8.314852714538574, 11.15194034576416, 10.337312698364258, 4.124357223510742, 0.8163342475891113, 4.3072404861450195, 6.610546112060547, 9.501851081848145, 7.224414348602295, 9.975455284118652, 6.830073833465576, 3.393327236175537, 4.891313076019287, 6.192502021789551, 10.562394142150879, 9.028741836547852, 5.789382457733154, 10.199352264404297, 9.194792747497559, 3.1540908813476562, 11.173103332519531, 4.983902931213379, 8.308568000793457, 7.9882707595825195], "dir": [356.86761474609375, 26.803600311279297, 40.99245071411133, 67.07514953613281, 24.44573211669922, 246.50009155273438, 255.74815368652344, 258.5835266113281, 348.2862243652344, 28.358383178710938, 353.7270202636719, 163.33407592773438, 224.88963317871094, 242.2958221435547, 238.08372497558594, 247.92349243164062, 358.38665771484375, 27.734786987304688, 37.1739616394043, 251.7424774169922, 210.34315490722656, 239.35472106933594, 254.31304931640625, 256.2677001953125], "psl": [913.2267456054688, 912.6814575195312, 911.1975708007812, 911.712646484375, 913.3002319335938, 912.9857177734375, 911.8449096679688, 912.34716796875, 913.721923828125, 913.5223999023438, 912.4406127929688, 912.3922729492188, 913.1155395507812, 913.3101806640625, 912.3222045898438, 912.53564453125, 913.5095825195312, 913.2572631835938, 911.8746948242188, 912.0406494140625, 912.2295532226562, 912.4849853515625, 910.8929443359375, 911.1668701171875], "pre": [0.0, 0.01466953381896019, 3.7765300273895264, 6.194223403930664, 6.47279691696167, 0.05005359649658203, 0.0, 0.0, 0.0, 2.0117077827453613, 10.17231559753418, 5.915372848510742, 0.9369926452636719, 0.0, 0.0, 0.0, 0.0, 0.0, 4.254979133605957, 10.31535530090332, 0.010890960693359375, 0.0, 0.0, 0.0], "sw": [595.3607177734375, 1029.5640869140625, 639.1969604492188, 12.087946891784668, 0.0, 0.0, 0.0, 0.0, 590.7108154296875, 939.7619018554688, 135.30426025390625, 30.5203914642334, 0.0, 0.0, 0.0, 0.0, 593.0769653320312, 1026.225341796875, 426.9979248046875, 30.321325302124023, 0.0, 0.0, 0.0, 0.0], "rh": [66.1732406616211, 75.47569274902344, 76.38261413574219, 92.37195587158203, 98.69672393798828, 90.8548583984375, 77.684814453125, 74.02345275878906, 76.65223693847656, 84.88240814208984, 89.835205078125, 94.4652099609375, 77.68627166748047, 66.57695007324219, 66.0948257446289, 66.83946228027344, 64.5687026977539, 73.90988159179688, 78.90972900390625, 97.25180053710938, 74.69478607177734, 68.004150390625, 68.22443389892578, 69.00691223144531]}