{"t2m": [21.1165771484375, 21.89691162109375, 20.614654541015625, 19.245819091796875, 17.534698486328125, 16.596923828125, 16.677764892578125, 16.526763916015625, 20.914886474609375, 20.475128173828125, 19.814910888671875, 18.99102783203125, 17.56268310546875, 16.624237060546875, 15.869232177734375, 15.305877685546875, 21.001312255859375, 21.15850830078125, 20.5477294921875, 18.9227294921875, 17.93695068359375, 16.73492431640625, 16.39581298828125, 16.09820556640625], "wnd": [6.03204870223999, 9.140689849853516, 9.326666831970215, 2.823418378829956, 1.4865460395812988, 6.3539276123046875, 6.494222164154053, 8.695321083068848, 5.041632175445557, 8.426952362060547, 7.153591156005859, 2.966269016265869, 5.059079647064209, 8.623734474182129, 9.62899112701416, 9.822022438049316, 4.9895148277282715, 9.810651779174805, 9.274229049682617, 2.7275822162628174, 6.8718743324279785, 5.904218673706055, 6.770432472229004, 5.752553939819336], "dir": [56.81633377075195, 56.65358352661133, 76.35657501220703, 92.29234313964844, 22.431358337402344, 255.0453338623047, 232.51107788085938, 252.7967071533203, 24.260108947753906, 58.98423385620117, 65.80865478515625, 149.07289123535156, 216.04736328125, 255.3690185546875, 246.6349639892578, 254.22296142578125, 66.5284423828125, 63.25633239746094, 78.34519958496094, 146.18283081054688, 203.16403198242188, 234.69764709472656, 227.09451293945312, 232.01602172851562], "psl": [872.66552734375, 872.2031860351562, 871.0653076171875, 871.37255859375, 872.693359375, 872.4312744140625, 871.4361572265625, 871.8385009765625, 873.0617065429688, 873.099365234375, 872.0111083984375, 871.9142456054688, 872.6228637695312, 872.8799438476562, 871.8797607421875, 871.95068359375, 872.9567260742188, 872.8509521484375, 871.514404296875, 871.4527587890625, 871.839111328125, 872.0614624023438, 870.5626831054688, 870.7555541992188], "pre": [0.0, 2.8864758014678955, 10.07232666015625, 2.5103695392608643, 0.7731663584709167, 0.049459993839263916, 0.0, 0.0, 0.0, 1.577126145362854, 11.194676399230957, 3.9531052112579346, 0.0, 0.0, 0.0, 0.0, 0.0, 0.007094621658325195, 6.654383182525635, 3.8854541778564453, 0.022457122802734375, 0.0, 0.0, 0.0], "sw": [599.990478515625, 561.5287475585938, 525.9202270507812, 10.694538116455078, 0.0, 0.0, 0.0, 0.0, 596.386474609375, 298.2030334472656, 155.4423828125, 40.14893341064453, 0.0, 0.0, 0.0, 0.0, 598.941650390625, 272.70794677734375, 552.595947265625, 39.510929107666016, 0.0, 0.0, 0.0, 0.0], "rh": [75.4127426147461, 84.36516571044922, 94.12677001953125, 97.92024230957031, 98.5669174194336, 84.61087799072266, 77.59828186035156, 78.92647552490234, 76.99271392822266, 93.37693786621094, 97.07421875, 98.82061767578125, 81.92487335205078, 71.11641693115234, 69.00908660888672, 69.50017547607422, 72.21845245361328, 87.38151550292969, 92.48123931884766, 99.41453552246094, 76.9173355102539, 70.12733459472656, 70.47251892089844, 70.99463653564453]}