{"t2m": [16.250762939453125, 19.69549560546875, 19.7803955078125, 17.266510009765625, 15.334197998046875, 13.350433349609375, 12.57049560546875, 10.988037109375, 16.81378173828125, 19.8546142578125, 19.4132080078125, 16.70343017578125, 14.75048828125, 12.0443115234375, 11.407989501953125, 11.027923583984375, 16.871551513671875, 19.831298828125, 19.29302978515625, 16.472137451171875, 13.900360107421875, 12.433807373046875, 11.56195068359375, 10.40191650390625], "wnd": [13.454992294311523, 13.79868221282959, 20.293292999267578, 18.67177391052246, 10.758495330810547, 4.665103912353516, 10.933228492736816, 11.462506294250488, 8.054081916809082, 16.395496368408203, 24.620983123779297, 14.1151123046875, 8.341797828674316, 8.339103698730469, 13.111413955688477, 14.077289581298828, 10.32357406616211, 17.71037483215332, 22.63860321044922, 22.33811378479004, 7.677485466003418, 8.701233863830566, 10.790251731872559, 9.729677200317383], "dir": [78.61013793945312, 88.57681274414062, 81.78459930419922, 66.70423889160156, 52.573978424072266, 33.23651885986328, 45.493408203125, 49.984561920166016, 70.38309478759766, 78.94330596923828, 64.52558898925781, 53.256988525390625, 51.84250259399414, 37.75279998779297, 46.112060546875, 46.0273551940918, 80.9881820678711, 73.28072357177734, 65.52543640136719, 55.157413482666016, 53.707881927490234, 44.942588806152344, 42.05320358276367, 57.69336700439453], "psl": [766.6514892578125, 766.0686645507812, 764.790771484375, 765.308837890625, 766.6040649414062, 766.4951782226562, 765.6785278320312, 766.0723266601562, 766.998779296875, 766.6257934570312, 765.4676513671875, 765.8883666992188, 767.0531005859375, 767.0011596679688, 766.0526733398438, 766.020751953125, 767.139404296875, 766.61328125, 765.0382690429688, 765.4447021484375, 766.384033203125, 766.2926025390625, 764.9207763671875, 764.9609985351562], "pre": [0.0, 1.6096202886131536e-24, 3.932882567406508e-20, 1.0205497971689364e-18, 1.7577588016751838e-24, 0.0, 0.0, 0.0, 0.0, 5.196307249027492e-20, 1.3012150741403226e-19, 2.0958688770562339e-22, 0.0, 0.0, 0.0, 0.0, 0.0, 0.0, 7.095153631286877e-11, 0.0, 0.0, 0.0, 0.0, 0.0], "sw": [636.1901245117188, 1079.8524169921875, 869.8978881835938, 55.10655212402344, 0.0, 0.0, 0.0, 0.0, 631.218994140625, 952.9534912109375, 595.0386962890625, 49.92656707763672, 0.0, 0.0, 0.0, 0.0, 630.0023193359375, 1072.7176513671875, 861.8817138671875, 150.41604614257812, 0.0, 0.0, 0.0, 0.0], "rh": [54.24840545654297, 45.68532180786133, 51.93952941894531, 55.64384460449219, 60.48200225830078, 77.6176528930664, 73.25721740722656, 75.10330963134766, 49.39191436767578, 46.66278839111328, 48.9851188659668, 59.964210510253906, 58.098445892333984, 66.5009536743164, 70.12779998779297, 74.23500061035156, 51.87099075317383, 43.78462219238281, 51.356346130371094, 64.26079559326172, 72.13150024414062, 78.77836608886719, 83.34580993652344, 83.4005126953125]}