{"t2m": [16.1419677734375, 20.817291259765625, 22.57342529296875, 20.032470703125, 16.77667236328125, 14.237701416015625, 12.567596435546875, 11.25592041015625, 17.458099365234375, 21.253814697265625, 23.15875244140625, 17.747467041015625, 15.516693115234375, 13.843719482421875, 11.769195556640625, 10.774688720703125, 17.07476806640625, 20.92376708984375, 22.14434814453125, 16.694793701171875, 14.599822998046875, 13.322113037109375, 11.88299560546875, 10.315155029296875], "wnd": [13.509239196777344, 3.4584054946899414, 10.594365119934082, 11.940264701843262, 9.034977912902832, 8.71953296661377, 12.028074264526367, 8.89415454864502, 12.574602127075195, 8.772554397583008, 4.638912677764893, 8.393144607543945, 13.054585456848145, 14.13990592956543, 11.190337181091309, 11.280632972717285, 11.85132884979248, 4.558773517608643, 6.233486175537109, 10.461320877075195, 11.9143648147583, 16.444107055664062, 11.4151029586792, 10.930427551269531], "dir": [6.338493347167969, 78.42772674560547, 165.00604248046875, 119.11622619628906, 12.141716003417969, 329.23486328125, 327.1383361816406, 329.74493408203125, 351.2972106933594, 6.328788757324219, 80.21826171875, 271.67962646484375, 313.50665283203125, 316.361572265625, 330.11944580078125, 325.1773376464844, 351.31964111328125, 358.64581298828125, 146.45309448242188, 300.59283447265625, 298.1162414550781, 313.61871337890625, 324.7435607910156, 326.7857360839844], "psl": [779.0139770507812, 778.1927490234375, 776.30712890625, 776.9503173828125, 778.7528686523438, 778.693359375, 778.0448608398438, 778.3594360351562, 779.31005859375, 778.7804565429688, 776.798828125, 777.7474975585938, 778.906982421875, 779.2713012695312, 778.4511108398438, 778.3675537109375, 779.4645385742188, 778.7379150390625, 776.489501953125, 777.2840576171875, 778.4901733398438, 778.6049194335938, 777.3798217773438, 777.3627319335938], "pre": [0.0, 0.0, 0.0, 0.0033161593601107597, 0.05944715440273285, 0.01170910894870758, 0.0, 0.0, 0.0, 0.0, 0.0, 0.5248121619224548, 0.10615898668766022, 0.0, 0.0, 0.0, 0.0, 0.0, 0.1091470718383789, 1.4043718576431274, 0.14717042446136475, 0.0, 0.0, 0.0], "sw": [612.3143310546875, 1071.5833740234375, 873.2389526367188, 9.285676956176758, 0.0, 0.0, 0.0, 0.0, 613.30810546875, 1069.2010498046875, 811.1327514648438, 116.1600570678711, 0.0, 0.0, 0.0, 0.0, 615.2100219726562, 1069.61865234375, 318.9916076660156, 14.165169715881348, 0.0, 0.0, 0.0, 0.0], "rh": [61.483158111572266, 43.01345443725586, 41.09176254272461, 50.867279052734375, 69.8426742553711, 76.3331527709961, 71.56172943115234, 69.28995513916016, 52.37348175048828, 38.36443328857422, 36.5209846496582, 70.35951232910156, 72.14574432373047, 64.68595886230469, 61.1917839050293, 60.10908508300781, 48.37373352050781, 41.12997817993164, 41.257747650146484, 74.97884368896484, 79.9253921508789, 73.02383422851562, 72.62310028076172, 77.95799255371094]}