{"t2m": [14.996917724609375, 19.07958984375, 20.91412353515625, 16.616729736328125, 14.746673583984375, 12.51922607421875, 10.94342041015625, 10.435516357421875, 16.007476806640625, 19.222015380859375, 21.26483154296875, 14.947174072265625, 13.746856689453125, 11.5697021484375, 10.38531494140625, 9.6588134765625, 15.655853271484375, 19.0242919921875, 21.014556884765625, 15.052154541015625, 13.486480712890625, 11.733673095703125, 10.4190673828125, 9.511077880859375], "wnd": [8.03018569946289, 6.825160503387451, 11.5421781539917, 3.2787680625915527, 4.145697116851807, 4.308835029602051, 6.597000598907471, 6.390865802764893, 4.351712703704834, 3.674182176589966, 4.244952201843262, 5.702173233032227, 6.1000823974609375, 8.141549110412598, 6.813323020935059, 7.165562629699707, 6.593947887420654, 4.216141700744629, 5.815255165100098, 3.8022329807281494, 6.907310962677002, 12.110724449157715, 8.604272842407227, 7.487680435180664], "dir": [45.929054260253906, 77.93946838378906, 126.02018737792969, 344.8336181640625, 103.26341247558594, 275.27008056640625, 283.5771484375, 249.1593475341797, 6.966163635253906, 39.37802505493164, 99.6955337524414, 201.51666259765625, 278.1019287109375, 272.63092041015625, 280.7824401855469, 280.688720703125, 15.616180419921875, 82.35262298583984, 99.17668151855469, 88.66199493408203, 261.1791687011719, 299.5443115234375, 293.58612060546875, 300.7139587402344], "psl": [758.5726318359375, 757.9378662109375, 756.1886596679688, 756.892578125, 758.3973999023438, 758.3789672851562, 757.703125, 757.9517822265625, 758.968994140625, 758.647216796875, 756.775146484375, 757.7384643554688, 758.757568359375, 759.015380859375, 758.053955078125, 757.958740234375, 759.0576782226562, 758.5777587890625, 756.3749389648438, 757.2896118164062, 758.2132568359375, 758.4053344726562, 756.970458984375, 756.8736572265625], "pre": [0.0, 4.7083628401313854e-39, 0.0, 0.7610379457473755, 0.025343449786305428, 4.610046744346619e-06, 0.0, 0.0, 0.0, 0.0, 0.0, 1.108662486076355, 0.968008279800415, 0.0, 0.0, 0.0, 0.0, 0.0, 0.0, 4.482314586639404, 0.3868008852005005, 0.0, 0.0, 0.0], "sw": [615.1157836914062, 1076.0023193359375, 885.5826416015625, 168.32994079589844, 0.0, 0.0, 0.0, 0.0, 616.6868286132812, 1075.9256591796875, 868.7230834960938, 5.249409198760986, 0.0, 0.0, 0.0, 0.0, 619.8942260742188, 1079.0167236328125, 877.178955078125, 124.35819244384766, 0.0, 0.0, 0.0, 0.0], "rh": [63.612937927246094, 45.06439971923828, 40.96819305419922, 70.59815216064453, 77.572021484375, 78.3219223022461, 73.26657104492188, 66.40860748291016, 51.96567916870117, 41.25435256958008, 38.72872543334961, 77.17208099365234, 77.63424682617188, 69.5269775390625, 61.3990364074707, 57.74048614501953, 49.01752853393555, 40.65411376953125, 39.21315383911133, 77.25523376464844, 83.75651550292969, 77.1202163696289, 75.21980285644531, 72.43489074707031]}