{"t2m": [17.47332763671875, 21.8046875, 23.151763916015625, 21.6932373046875, 17.269134521484375, 14.764373779296875, 13.63720703125, 13.115570068359375, 18.705535888671875, 22.430908203125, 23.772857666015625, 19.593658447265625, 17.288726806640625, 15.39239501953125, 13.972198486328125, 12.86187744140625, 18.598480224609375, 22.1435546875, 23.29296875, 18.598846435546875, 16.428955078125, 14.919769287109375, 13.31085205078125, 12.214508056640625], "wnd": [20.547910690307617, 5.455999851226807, 14.700559616088867, 11.249032974243164, 9.499635696411133, 9.038790702819824, 15.061005592346191, 15.693509101867676, 17.698768615722656, 8.742605209350586, 8.998867988586426, 3.829606056213379, 16.444368362426758, 19.402860641479492, 17.466350555419922, 17.027006149291992, 18.168699264526367, 2.50540828704834, 16.55851173400879, 3.5244321823120117, 18.539947509765625, 16.201370239257812, 12.201107025146484, 15.753886222839355], "dir": [14.682632446289062, 128.15765380859375, 204.03465270996094, 142.8734893798828, 286.1262512207031, 308.8121337890625, 351.2149658203125, 355.0865478515625, 9.622184753417969, 11.441543579101562, 184.76219177246094, 31.635730743408203, 339.4117431640625, 339.8524169921875, 349.9869689941406, 351.8210144042969, 1.9468917846679688, 40.74285888671875, 196.11968994140625, 54.21620178222656, 334.3149719238281, 343.85174560546875, 335.9420166015625, 342.93304443359375], "psl": [792.3610229492188, 791.6373291015625, 789.8117065429688, 790.056396484375, 791.9224853515625, 792.119384765625, 791.3869018554688, 791.7088012695312, 792.6892700195312, 792.1133422851562, 790.1180419921875, 790.74951171875, 792.059326171875, 792.5847778320312, 791.7717895507812, 791.72216796875, 792.8258666992188, 792.0990600585938, 789.9561157226562, 790.753173828125, 791.7095336914062, 792.0105590820312, 790.8562622070312, 790.7267456054688], "pre": [0.0, 9.894792574668724e-36, 0.0, 1.9036953347040253e-08, 0.05700632929801941, 0.024107206612825394, 0.0, 0.0, 0.0, 0.0, 0.0, 0.1918334662914276, 0.24147045612335205, 0.0, 0.0, 0.0, 0.0, 0.0, 0.0, 0.24519896507263184, 0.09780281782150269, 0.0, 0.0, 0.0], "sw": [611.134033203125, 1067.819091796875, 868.6529541015625, 16.09942626953125, 0.0, 0.0, 0.0, 0.0, 610.8855590820312, 1066.5406494140625, 250.6077423095703, 14.225669860839844, 0.0, 0.0, 0.0, 0.0, 612.3590698242188, 1068.078369140625, 852.452392578125, 21.08090591430664, 0.0, 0.0, 0.0, 0.0], "rh": [57.89682388305664, 41.70259094238281, 41.14324188232422, 47.41054153442383, 69.91341400146484, 75.91488647460938, 70.38134002685547, 65.78334045410156, 50.136627197265625, 37.55424880981445, 35.613555908203125, 59.069026947021484, 66.57037353515625, 59.11539077758789, 55.9669303894043, 55.4371337890625, 45.51853942871094, 36.913021087646484, 40.32807540893555, 65.51223754882812, 72.0329818725586, 68.33189392089844, 69.00688171386719, 70.79607391357422]}