{"t2m": [18.001953125, 18.118682861328125, 17.13751220703125, 16.197723388671875, 14.6827392578125, 14.9354248046875, 14.13311767578125, 12.68572998046875, 17.530426025390625, 17.41827392578125, 16.860595703125, 15.916168212890625, 13.878509521484375, 13.340606689453125, 12.318145751953125, 11.953033447265625, 18.403472900390625, 18.849578857421875, 16.877471923828125, 15.81976318359375, 14.040496826171875, 13.290802001953125, 12.74420166015625, 12.408966064453125], "wnd": [5.865272521972656, 10.608338356018066, 12.387269973754883, 4.166354656219482, 4.953529357910156, 2.117504358291626, 7.839258193969727, 10.4216890335083, 6.984244346618652, 9.837084770202637, 10.695226669311523, 3.0052695274353027, 10.785184860229492, 6.58071756362915, 11.65510368347168, 6.668837547302246, 4.860205173492432, 12.858260154724121, 10.522199630737305, 1.1526226997375488, 10.817140579223633, 7.8370842933654785, 9.986968040466309, 8.51200008392334], "dir": [354.0702819824219, 26.783477783203125, 25.8482666015625, 20.173011779785156, 198.88909912109375, 156.43446350097656, 197.7791290283203, 192.70700073242188, 10.039344787597656, 17.690948486328125, 35.21144485473633, 37.99130630493164, 194.7103729248047, 177.03140258789062, 192.09481811523438, 175.57589721679688, 2.2532119750976562, 30.867164611816406, 30.084827423095703, 76.0744400024414, 186.17388916015625, 191.6644287109375, 205.11415100097656, 197.8452606201172], "psl": [823.2131958007812, 822.8824462890625, 821.647705078125, 821.9266967773438, 823.1099853515625, 822.9263916015625, 822.089111328125, 822.39013671875, 823.520751953125, 823.5621337890625, 822.4705200195312, 822.5300903320312, 823.287841796875, 823.4927368164062, 822.46044921875, 822.49267578125, 823.4179077148438, 823.374267578125, 822.13720703125, 822.169921875, 822.69677734375, 822.6956787109375, 821.20751953125, 821.3341674804688], "pre": [0.0, 7.210849695127308e-10, 3.691696882247925, 1.1347148418426514, 0.00012411177158355713, 0.0, 0.0, 0.0, 0.0, 0.015508636832237244, 2.1528372764587402, 0.7200315594673157, 0.0, 0.0, 0.0, 0.0, 0.0, 0.0, 3.287060499191284, 4.634925842285156, 0.0007248818874359131, 0.0, 0.0, 0.0], "sw": [614.5106201171875, 511.36944580078125, 123.58338165283203, 7.252805709838867, 0.0, 0.0, 0.0, 0.0, 610.4237060546875, 290.13714599609375, 174.41287231445312, 21.444881439208984, 0.0, 0.0, 0.0, 0.0, 612.5510864257812, 1054.3302001953125, 141.09097290039062, 16.885650634765625, 0.0, 0.0, 0.0, 0.0], "rh": [76.73613739013672, 90.82273864746094, 99.93020629882812, 100.02430725097656, 98.0870590209961, 89.54944610595703, 87.34387969970703, 80.0677719116211, 81.30256652832031, 96.57603454589844, 99.8178939819336, 99.1363525390625, 82.45185089111328, 69.28028106689453, 71.555419921875, 67.13644409179688, 63.24317932128906, 84.1074447631836, 99.91451263427734, 100.02513885498047, 83.6989974975586, 75.72540283203125, 77.1907958984375, 77.0511245727539]}