{"t2m": [17.057586669921875, 21.893310546875, 23.657073974609375, 21.2132568359375, 16.489410400390625, 14.748870849609375, 12.333099365234375, 11.313201904296875, 18.145965576171875, 22.53131103515625, 24.056915283203125, 19.45867919921875, 16.46868896484375, 14.43634033203125, 12.655975341796875, 11.107025146484375, 18.219512939453125, 22.35760498046875, 22.3560791015625, 20.24224853515625, 15.92633056640625, 13.899261474609375, 12.77984619140625, 10.815185546875], "wnd": [14.503097534179688, 5.693463325500488, 11.945686340332031, 14.171368598937988, 8.383386611938477, 10.706497192382812, 10.906389236450195, 10.877998352050781, 12.354141235351562, 3.102850914001465, 11.038928031921387, 6.245337009429932, 12.646869659423828, 11.145150184631348, 10.743147850036621, 11.327203750610352, 12.843544006347656, 0.9858384132385254, 14.484315872192383, 8.12590217590332, 14.950363159179688, 8.524151802062988, 8.326610565185547, 9.441560745239258], "dir": [0.419464111328125, 208.3787384033203, 197.42648315429688, 133.32899475097656, 304.0614318847656, 297.02252197265625, 351.42254638671875, 344.063720703125, 357.0930480957031, 18.87450408935547, 196.9084014892578, 250.58485412597656, 348.32904052734375, 332.3289794921875, 339.66357421875, 344.42633056640625, 350.26458740234375, 203.89031982421875, 203.3401336669922, 136.4150848388672, 338.700927734375, 335.4059753417969, 341.1950988769531, 347.25390625], "psl": [793.2954711914062, 792.40869140625, 790.4468994140625, 790.9820556640625, 792.7940673828125, 792.8523559570312, 792.2742919921875, 792.5906982421875, 793.590576171875, 792.882080078125, 790.8507690429688, 791.4141235351562, 792.9650268554688, 793.3804931640625, 792.6038208007812, 792.6091918945312, 793.6871337890625, 792.8526000976562, 790.7435913085938, 791.2555541992188, 792.5399780273438, 792.88232421875, 791.6990356445312, 791.6592407226562], "pre": [0.0, 0.0, 0.0, 3.246089909225702e-05, 0.030063621699810028, 0.0, 0.0, 0.0, 0.0, 0.0, 0.0, 0.14813311398029327, 0.20516549050807953, 0.0, 0.0, 0.0, 0.0, 0.0, 0.0, 0.6052513122558594, 0.1952190399169922, 0.0, 0.0, 0.0], "sw": [612.0640869140625, 1066.6864013671875, 866.5717163085938, 8.089677810668945, 0.0, 0.0, 0.0, 0.0, 610.651611328125, 1065.34375, 502.1102600097656, 16.897157669067383, 0.0, 0.0, 0.0, 0.0, 612.2791748046875, 1067.191650390625, 146.9397735595703, 147.95921325683594, 0.0, 0.0, 0.0, 0.0], "rh": [58.72032165527344, 40.89906692504883, 39.84736633300781, 47.16191101074219, 76.0984115600586, 74.4405746459961, 77.56974792480469, 76.83452606201172, 54.18539810180664, 37.20923614501953, 34.62958526611328, 61.19999313354492, 74.2611312866211, 64.39421081542969, 62.62943649291992, 63.78071975708008, 48.93284606933594, 36.814334869384766, 43.94767379760742, 55.44768524169922, 77.89509582519531, 73.00590515136719, 72.28491973876953, 82.17903137207031]}