{"t2m": [20.111907958984375, 20.575714111328125, 19.515228271484375, 18.234832763671875, 17.231475830078125, 16.230010986328125, 15.724609375, 15.101104736328125, 19.833465576171875, 20.070587158203125, 18.679290771484375, 17.68365478515625, 16.623321533203125, 15.534820556640625, 14.602752685546875, 14.055084228515625, 19.912811279296875, 21.09637451171875, 19.65509033203125, 18.046051025390625, 17.08489990234375, 15.70166015625, 15.24005126953125, 14.877532958984375], "wnd": [7.280524253845215, 11.371125221252441, 13.503965377807617, 4.56752872467041, 3.8154778480529785, 5.128105640411377, 5.667385101318359, 7.156310081481934, 6.204999923706055, 9.7687349319458, 10.930882453918457, 5.364007949829102, 6.626279830932617, 7.6476359367370605, 8.601799964904785, 7.758058071136475, 6.094311714172363, 14.130940437316895, 13.462040901184082, 4.853741645812988, 7.820606231689453, 6.420540809631348, 6.8740339279174805, 6.4553351402282715], "dir": [54.27891540527344, 53.46540832519531, 64.00908660888672, 116.23097229003906, 204.44873046875, 203.8838653564453, 211.10848999023438, 216.7945556640625, 55.577796936035156, 51.088497161865234, 59.71728515625, 116.18657684326172, 210.68399047851562, 237.54364013671875, 225.47039794921875, 219.23171997070312, 62.28839874267578, 56.34499740600586, 67.82892608642578, 158.39495849609375, 190.81991577148438, 191.46226501464844, 198.54025268554688, 194.8899688720703], "psl": [853.078369140625, 852.7257690429688, 851.4824829101562, 851.8591918945312, 853.0128784179688, 852.87939453125, 851.9374389648438, 852.3116455078125, 853.4699096679688, 853.5014038085938, 852.417236328125, 852.3914794921875, 853.0753784179688, 853.3909301757812, 852.3616943359375, 852.3820190429688, 853.368408203125, 853.2535400390625, 851.9334106445312, 851.9240112304688, 852.35693359375, 852.5593872070312, 851.07763671875, 851.2265014648438], "pre": [0.0, 1.7740421295166016, 7.261661529541016, 0.9249181747436523, 0.46932607889175415, 0.0, 0.0, 0.0, 0.0, 0.23853334784507751, 4.995543003082275, 2.7341747283935547, 0.023509979248046875, 0.0, 0.0, 0.0, 0.0, 0.00014206767082214355, 2.0326952934265137, 3.9715728759765625, 0.0, 0.0, 0.0, 0.0], "sw": [603.982421875, 885.6287231445312, 537.001953125, 23.32274055480957, 0.0, 0.0, 0.0, 0.0, 590.4390869140625, 487.50982666015625, 182.4241943359375, 26.112266540527344, 0.0, 0.0, 0.0, 0.0, 603.6611328125, 776.4096069335938, 523.8046264648438, 45.385536193847656, 0.0, 0.0, 0.0, 0.0], "rh": [72.3100814819336, 86.23420715332031, 93.31417846679688, 97.0182113647461, 89.92959594726562, 86.09095764160156, 78.35613250732422, 78.1882553100586, 74.12630462646484, 87.4261703491211, 95.29270935058594, 99.02726745605469, 81.12648010253906, 70.68565368652344, 69.98760986328125, 67.49781036376953, 65.66610717773438, 80.56587219238281, 92.16712951660156, 94.20221710205078, 74.43756866455078, 70.66262817382812, 72.68575286865234, 74.2444839477539]}