{"t2m": [14.079315185546875, 18.49432373046875, 19.42828369140625, 18.35064697265625, 13.779022216796875, 11.36956787109375, 9.777557373046875, 9.602081298828125, 14.94293212890625, 18.38616943359375, 19.670135498046875, 17.106964111328125, 12.45086669921875, 10.469329833984375, 9.497894287109375, 9.21893310546875, 14.662933349609375, 18.4283447265625, 19.274688720703125, 17.287567138671875, 12.426025390625, 10.549224853515625, 9.386993408203125, 9.266357421875], "wnd": [8.259154319763184, 10.000958442687988, 7.473948001861572, 3.446378469467163, 5.754519462585449, 2.5658633708953857, 3.3682808876037598, 1.6953421831130981, 5.288028717041016, 7.354275226593018, 10.413491249084473, 10.302009582519531, 6.074218273162842, 4.46305513381958, 3.5937747955322266, 0.4919827878475189, 3.991407632827759, 9.769607543945312, 14.263404846191406, 11.441215515136719, 5.791208744049072, 4.721062660217285, 8.899208068847656, 2.9504687786102295], "dir": [288.37982177734375, 220.83706665039062, 247.18357849121094, 79.24369812011719, 155.14120483398438, 216.6175994873047, 184.83175659179688, 138.03372192382812, 261.66845703125, 257.8123474121094, 354.37481689453125, 122.44284057617188, 158.93838500976562, 191.5851593017578, 173.55776977539062, 124.21646118164062, 287.19091796875, 256.256591796875, 357.39752197265625, 33.910579681396484, 166.1771697998047, 181.4755859375, 172.2245330810547, 197.36892700195312], "psl": [746.9579467773438, 746.6453857421875, 745.0656127929688, 745.485595703125, 746.9799194335938, 746.90380859375, 746.2605590820312, 746.61083984375, 747.5457763671875, 747.3638916015625, 745.7340087890625, 745.863525390625, 747.2941284179688, 747.3038330078125, 746.6082153320312, 746.574462890625, 747.7496948242188, 747.1617431640625, 745.3082275390625, 745.5868530273438, 746.665283203125, 746.6885986328125, 745.597900390625, 745.6110229492188], "pre": [0.0, 7.751063988022662e-32, 2.140296747756457e-16, 0.013105110265314579, 0.0, 0.0, 0.0, 0.0, 0.0, 0.0, 0.0, 2.3354917999540703e-10, 0.0, 0.0, 0.0, 0.0, 0.0, 0.0, 3.2075572562462185e-06, 8.671106570545817e-07, 0.0, 0.0, 0.0, 0.0], "sw": [642.713623046875, 1076.121826171875, 182.97303771972656, 159.58819580078125, 0.0, 0.0, 0.0, 0.0, 636.4554443359375, 1078.0985107421875, 868.5325317382812, 45.639217376708984, 0.0, 0.0, 0.0, 0.0, 636.6783447265625, 1080.34375, 864.1814575195312, 149.88136291503906, 0.0, 0.0, 0.0, 0.0], "rh": [57.82847595214844, 43.52109909057617, 46.69856262207031, 41.74170684814453, 64.50235748291016, 72.10812377929688, 79.80500793457031, 69.76333618164062, 59.00822448730469, 47.03145980834961, 43.85450744628906, 55.23481369018555, 72.81681823730469, 69.95059204101562, 70.72419738769531, 65.87164306640625, 55.286354064941406, 44.178409576416016, 44.25323486328125, 49.009193420410156, 72.58023834228516, 80.0414810180664, 79.98575592041016, 74.5294189453125]}