{"t2m": [21.4859619140625, 22.431793212890625, 20.98016357421875, 19.820953369140625, 17.615966796875, 17.9525146484375, 17.0450439453125, 17.423065185546875, 21.216644287109375, 21.152008056640625, 21.03741455078125, 19.564971923828125, 17.802459716796875, 16.905517578125, 16.40863037109375, 15.666656494140625, 21.245513916015625, 21.65655517578125, 20.928619384765625, 19.097076416015625, 17.909759521484375, 16.84271240234375, 16.64739990234375, 16.431182861328125], "wnd": [5.2508721351623535, 11.418837547302246, 8.293293952941895, 2.799910545349121, 4.0592360496521, 4.899674892425537, 5.352363109588623, 5.639671802520752, 5.4402756690979, 7.925233840942383, 8.017906188964844, 2.673581838607788, 3.1604807376861572, 8.140345573425293, 5.744728088378906, 7.007970333099365, 4.963612079620361, 10.582250595092773, 9.335551261901855, 3.4557464122772217, 5.294742107391357, 5.952378749847412, 6.376765727996826, 5.264952659606934], "dir": [36.24331283569336, 52.78504180908203, 58.60426712036133, 150.36895751953125, 140.19732666015625, 257.2549743652344, 258.4149169921875, 252.2991485595703, 35.68103790283203, 46.475341796875, 57.51609420776367, 178.12850952148438, 248.41000366210938, 269.8822937011719, 249.35012817382812, 254.48110961914062, 36.278263092041016, 58.99083709716797, 51.174407958984375, 143.69432067871094, 233.88308715820312, 249.1759796142578, 244.83775329589844, 259.49822998046875], "psl": [880.08935546875, 879.5870361328125, 878.4165649414062, 878.7142333984375, 880.0800170898438, 879.8067016601562, 878.8118896484375, 879.213623046875, 880.4699096679688, 880.41162109375, 879.312255859375, 879.2918090820312, 879.9845581054688, 880.2173461914062, 879.2566528320312, 879.3624877929688, 880.3573608398438, 880.2321166992188, 878.919677734375, 878.89990234375, 879.2067260742188, 879.4146118164062, 877.9103393554688, 878.1177368164062], "pre": [0.0, 0.9613857269287109, 9.756380081176758, 4.623925685882568, 0.11196579039096832, 1.3530254364013672e-05, 0.0, 0.0, 0.0, 0.8935661315917969, 9.802892684936523, 5.439762115478516, 0.027276992797851562, 0.0, 0.0, 0.0, 0.0, 0.0, 9.630594253540039, 5.6686859130859375, 0.003253936767578125, 0.0, 0.0, 0.0], "sw": [599.3175048828125, 975.8560791015625, 366.24822998046875, 16.56686782836914, 0.0, 0.0, 0.0, 0.0, 595.8673095703125, 256.1384582519531, 496.027099609375, 41.670223236083984, 0.0, 0.0, 0.0, 0.0, 598.0211181640625, 300.8209228515625, 344.84979248046875, 38.7947883605957, 0.0, 0.0, 0.0, 0.0], "rh": [76.11569213867188, 82.55680847167969, 94.08837890625, 95.19788360595703, 100.51799774169922, 88.50088500976562, 78.06439208984375, 79.0825424194336, 78.4751968383789, 89.99722290039062, 92.20799255371094, 97.57804870605469, 81.58349609375, 69.13591003417969, 67.4580307006836, 66.88568878173828, 74.71710205078125, 86.06526947021484, 93.88154602050781, 99.45648193359375, 74.9642333984375, 69.0503158569336, 69.6322021484375, 70.2392807006836]}