{"t2m": [23.00286865234375, 28.19671630859375, 30.06378173828125, 27.3751220703125, 22.27471923828125, 18.87115478515625, 18.9481201171875, 17.23223876953125, 24.328155517578125, 28.398956298828125, 30.991119384765625, 27.458984375, 22.4278564453125, 21.50689697265625, 19.21917724609375, 17.57476806640625, 24.06890869140625, 28.19427490234375, 30.181610107421875, 27.1727294921875, 21.0928955078125, 21.197967529296875, 17.688079833984375, 16.552703857421875], "wnd": [13.313562393188477, 11.04484748840332, 8.188800811767578, 7.5799713134765625, 7.432013034820557, 8.914685249328613, 15.920589447021484, 11.170348167419434, 6.411243915557861, 6.779933929443359, 8.75753116607666, 7.703309059143066, 8.532987594604492, 20.735387802124023, 16.237394332885742, 13.180214881896973, 4.013474941253662, 5.0283918380737305, 14.058734893798828, 3.110684633255005, 9.787675857543945, 12.657183647155762, 8.154784202575684, 8.931899070739746], "dir": [83.65586853027344, 91.18518829345703, 218.04884338378906, 243.41343688964844, 111.01644897460938, 100.83790588378906, 61.79389190673828, 42.956138610839844, 97.28472137451172, 102.69486999511719, 84.17280578613281, 130.46185302734375, 79.76428985595703, 93.81969451904297, 73.71061706542969, 45.17508316040039, 116.64910125732422, 102.43509674072266, 224.23512268066406, 166.64324951171875, 54.0555305480957, 100.86811065673828, 25.19329833984375, 50.69966506958008], "psl": [871.684814453125, 870.28076171875, 867.5955200195312, 868.134033203125, 870.4689331054688, 871.10546875, 870.5932006835938, 871.0775146484375, 871.92431640625, 870.6969604492188, 867.8626708984375, 868.219482421875, 870.7142944335938, 871.4640502929688, 870.9708862304688, 871.0918579101562, 872.1272583007812, 870.7664794921875, 867.80859375, 868.178955078125, 870.56884765625, 871.2548217773438, 870.239013671875, 870.182373046875], "pre": [0.0, 0.0, 0.0, 0.0, 4.772822569490327e-38, 0.0, 0.0, 0.0, 0.0, 0.0, 0.0, 0.032027170062065125, 0.24374721944332123, 0.0, 0.0, 0.0, 0.0, 0.0, 0.0, 3.76158192263132e-37, 0.5390983819961548, 0.14023679494857788, 0.03366905450820923, 0.0], "sw": [592.6162109375, 1053.3426513671875, 826.9144897460938, 126.09019470214844, 0.0, 0.0, 0.0, 0.0, 586.7869262695312, 1045.71728515625, 856.957763671875, 19.9639949798584, 0.0, 0.0, 0.0, 0.0, 587.7530517578125, 1048.06982421875, 852.78955078125, 9.880704879760742, 0.0, 0.0, 0.0, 0.0], "rh": [54.016357421875, 30.071958541870117, 28.619552612304688, 47.40230941772461, 63.721351623535156, 66.32404327392578, 61.75044250488281, 64.14572143554688, 44.22250747680664, 31.41021728515625, 25.11048698425293, 40.221336364746094, 58.797401428222656, 52.75536346435547, 57.88549041748047, 50.83712387084961, 39.397491455078125, 30.169755935668945, 28.819730758666992, 37.62112045288086, 68.86344146728516, 61.119483947753906, 76.84748840332031, 73.48992156982422]}