{"t2m": [22.793304443359375, 23.894500732421875, 23.517547607421875, 21.04376220703125, 19.548614501953125, 19.573486328125, 19.16900634765625, 18.305419921875, 22.211669921875, 22.942840576171875, 21.762054443359375, 21.4334716796875, 19.523345947265625, 18.609039306640625, 18.1510009765625, 17.75189208984375, 22.5989990234375, 23.756103515625, 22.3648681640625, 20.663177490234375, 20.02191162109375, 18.79754638671875, 18.545989990234375, 18.258148193359375], "wnd": [7.330070972442627, 11.288444519042969, 10.764946937561035, 6.882728099822998, 2.047489643096924, 6.306166648864746, 6.5179290771484375, 7.5289459228515625, 7.504265308380127, 9.778780937194824, 4.3995466232299805, 1.3504047393798828, 5.885960578918457, 8.749649047851562, 7.781856536865234, 6.703273296356201, 6.770401477813721, 10.610052108764648, 8.063003540039062, 1.8023390769958496, 12.395031929016113, 4.474140644073486, 6.306133270263672, 5.520277976989746], "dir": [14.849502563476562, 35.57974624633789, 41.02077102661133, 27.23827362060547, 258.3321228027344, 267.4578857421875, 246.9340057373047, 266.97528076171875, 21.42389678955078, 29.351238250732422, 45.452972412109375, 207.59271240234375, 241.09490966796875, 260.1568908691406, 253.41702270507812, 251.0930938720703, 22.117996215820312, 36.617149353027344, 38.5321044921875, 187.4044189453125, 222.98228454589844, 244.56996154785156, 253.75477600097656, 260.52374267578125], "psl": [901.5728149414062, 901.05078125, 899.6392211914062, 900.1635131835938, 901.5603637695312, 901.2849731445312, 900.1707763671875, 900.6552124023438, 902.02880859375, 901.8643798828125, 900.8071899414062, 900.720947265625, 901.4209594726562, 901.6076049804688, 900.6484375, 900.82958984375, 901.840576171875, 901.6600952148438, 900.373779296875, 900.3934936523438, 900.5597534179688, 900.8208618164062, 899.265625, 899.5114135742188], "pre": [0.0, 1.6461839915701475e-24, 2.1019678115844727, 7.573116779327393, 14.75251579284668, 6.67572021484375e-06, 0.0, 0.0, 0.0, 1.3511371612548828, 7.975008010864258, 3.3886337280273438, 0.28762054443359375, 0.0, 0.0, 0.0, 0.0, 0.0, 6.465202331542969, 8.696044921875, 0.0, 0.0, 0.0, 0.0], "sw": [596.4132080078125, 1033.539794921875, 598.6565551757812, 0.7542545795440674, 0.0, 0.0, 0.0, 0.0, 592.6987915039062, 607.3080444335938, 171.66897583007812, 36.61204528808594, 0.0, 0.0, 0.0, 0.0, 594.6362915039062, 1028.7967529296875, 238.88902282714844, 30.0313663482666, 0.0, 0.0, 0.0, 0.0], "rh": [71.6091537475586, 77.19036102294922, 80.1127700805664, 97.24195861816406, 98.88043212890625, 88.87139892578125, 78.93912506103516, 76.39258575439453, 78.5533447265625, 86.70417785644531, 91.0842514038086, 94.59503173828125, 78.50611877441406, 70.2743911743164, 68.95941162109375, 68.4416275024414, 68.4615707397461, 78.71029663085938, 89.32306671142578, 99.16376495361328, 71.4707260131836, 69.66808319091797, 69.49325561523438, 69.43470764160156]}