{"t2m": [24.861663818359375, 26.130615234375, 26.682342529296875, 23.621734619140625, 22.28118896484375, 21.26324462890625, 21.261627197265625, 20.30035400390625, 24.54840087890625, 25.742706298828125, 25.5675048828125, 23.661651611328125, 22.328582763671875, 20.53851318359375, 20.1884765625, 19.993682861328125, 25.035614013671875, 26.0933837890625, 25.908050537109375, 23.649444580078125, 21.350341796875, 20.40447998046875, 20.550811767578125, 20.240875244140625], "wnd": [7.9276533126831055, 11.116655349731445, 13.383153915405273, 9.456754684448242, 2.1056149005889893, 6.570406436920166, 7.279589653015137, 8.90512752532959, 8.187111854553223, 10.857172966003418, 6.072343826293945, 4.880684852600098, 2.4270071983337402, 6.816532611846924, 8.997821807861328, 8.159201622009277, 6.944351673126221, 10.737425804138184, 11.948397636413574, 0.6016592383384705, 10.166583061218262, 6.350754737854004, 6.584816932678223, 6.220837116241455], "dir": [342.32757568359375, 38.5118522644043, 52.97502136230469, 82.67323303222656, 184.17929077148438, 215.29376220703125, 225.05628967285156, 250.15350341796875, 328.2596435546875, 31.38235092163086, 2.9324569702148438, 39.81281280517578, 182.88919067382812, 227.68553161621094, 233.51754760742188, 236.42735290527344, 328.8309020996094, 41.498512268066406, 49.91947555541992, 207.7397003173828, 204.86717224121094, 236.76991271972656, 221.81712341308594, 242.84445190429688], "psl": [939.5265502929688, 938.8978271484375, 937.2310791015625, 937.8226318359375, 939.5170288085938, 939.1730346679688, 937.9307250976562, 938.4698486328125, 940.0009155273438, 939.7281494140625, 938.4990844726562, 938.5067749023438, 939.3037719726562, 939.5256958007812, 938.4707641601562, 938.7047119140625, 939.784423828125, 939.497802734375, 937.9506225585938, 938.14892578125, 938.4280395507812, 938.68994140625, 937.0296630859375, 937.33642578125], "pre": [0.0, 6.927122776604728e-36, 0.01675054058432579, 1.4286214113235474, 1.3236724138259888, 3.2247044146060944e-08, 0.0, 0.0, 0.0, 0.7715070247650146, 7.000903606414795, 3.716991424560547, 1.6270807981491089, 0.0, 0.0, 0.0, 0.0, 0.0, 1.6897954940795898, 4.908676624298096, 0.009969711303710938, 0.0, 0.0, 0.0], "sw": [590.44140625, 1022.9549560546875, 651.5526733398438, 41.53578186035156, 0.0, 0.0, 0.0, 0.0, 577.3639526367188, 879.6385498046875, 479.3025207519531, 2.745978593826294, 0.0, 0.0, 0.0, 0.0, 587.8705444335938, 1019.4013061523438, 289.93560791015625, 35.91163635253906, 0.0, 0.0, 0.0, 0.0], "rh": [67.06089782714844, 72.62865447998047, 70.85405731201172, 91.8204345703125, 99.16542053222656, 95.20209503173828, 81.54408264160156, 77.44282531738281, 74.03440856933594, 79.01710510253906, 79.52596282958984, 92.3957748413086, 85.48819732666016, 80.88489532470703, 68.98493957519531, 68.76988983154297, 61.76987838745117, 73.00188446044922, 77.9179916381836, 92.16345977783203, 76.50264739990234, 79.37747955322266, 68.82322692871094, 69.71924591064453]}