{"t2m": [19.683868408203125, 19.5994873046875, 18.300018310546875, 17.33270263671875, 17.36248779296875, 16.116119384765625, 14.775238037109375, 14.242889404296875, 18.933502197265625, 18.248870849609375, 18.11883544921875, 17.283966064453125, 15.67718505859375, 14.80108642578125, 13.870086669921875, 13.3377685546875, 19.742767333984375, 20.18560791015625, 18.046844482421875, 17.316680908203125, 15.871826171875, 15.332275390625, 14.621124267578125, 14.3179931640625], "wnd": [7.246521949768066, 12.893746376037598, 11.284990310668945, 4.939998149871826, 3.2193491458892822, 5.028892993927002, 9.094359397888184, 11.226279258728027, 7.4715576171875, 11.757269859313965, 11.257336616516113, 4.1534528732299805, 13.760890007019043, 10.39820671081543, 10.03781795501709, 8.636009216308594, 5.5638427734375, 14.186220169067383, 12.973392486572266, 0.16704851388931274, 14.253809928894043, 6.1077375411987305, 6.917344570159912, 6.164173126220703], "dir": [33.5587158203125, 33.63928985595703, 50.5815544128418, 68.69195556640625, 289.1277160644531, 267.549072265625, 250.43235778808594, 261.93505859375, 32.63227081298828, 37.9811897277832, 55.71110153198242, 94.05469512939453, 237.96652221679688, 264.03094482421875, 255.35528564453125, 254.95755004882812, 48.09470748901367, 40.02598190307617, 58.04609298706055, 226.14599609375, 229.1798095703125, 265.262939453125, 284.46112060546875, 284.39630126953125], "psl": [845.631591796875, 845.2496948242188, 844.0552978515625, 844.3136596679688, 845.5420532226562, 845.37548828125, 844.4341430664062, 844.8135986328125, 845.9735717773438, 846.0423583984375, 844.86279296875, 844.9315795898438, 845.5888061523438, 845.8323974609375, 844.856689453125, 844.94482421875, 845.8438110351562, 845.78125, 844.5596923828125, 844.5593872070312, 845.0050659179688, 845.0390014648438, 843.5477905273438, 843.7139282226562], "pre": [0.0, 0.6027776598930359, 7.004239559173584, 5.080592632293701, 0.3169649839401245, 0.00016066431999206543, 0.0, 0.0, 0.0, 1.578099250793457, 6.305878162384033, 4.358865261077881, 1.5795230865478516e-05, 0.0, 0.0, 0.0, 0.0, 0.0, 6.571168422698975, 5.098820209503174, 0.0043792724609375, 0.0, 0.0, 0.0], "sw": [608.4063110351562, 542.4535522460938, 170.26022338867188, 23.77867889404297, 0.0, 0.0, 0.0, 0.0, 604.8397216796875, 175.4564666748047, 110.8641357421875, 24.13278579711914, 0.0, 0.0, 0.0, 0.0, 607.3705444335938, 953.8702392578125, 121.97237396240234, 13.545855522155762, 0.0, 0.0, 0.0, 0.0], "rh": [72.56317901611328, 90.41425323486328, 100.08184051513672, 100.14012145996094, 96.42134857177734, 88.89824676513672, 82.28659057617188, 78.65731811523438, 85.63908386230469, 100.104248046875, 100.20832824707031, 100.15182495117188, 81.19622802734375, 71.02881622314453, 72.38215637207031, 71.48635864257812, 62.825687408447266, 85.52686309814453, 99.93870544433594, 98.36087799072266, 80.65345764160156, 70.0637435913086, 74.5783920288086, 75.58935546875]}