{"t2m": [15.03436279296875, 15.072052001953125, 15.52276611328125, 13.85382080078125, 12.474578857421875, 11.922332763671875, 10.899322509765625, 9.61785888671875, 15.06524658203125, 14.76898193359375, 14.663238525390625, 13.62799072265625, 11.0045166015625, 10.00885009765625, 9.375091552734375, 8.84307861328125, 15.75482177734375, 16.64398193359375, 15.3250732421875, 13.603912353515625, 11.450836181640625, 10.711334228515625, 9.953277587890625, 10.006591796875], "wnd": [8.856135368347168, 12.943634986877441, 15.76761245727539, 6.444607257843018, 5.0367913246154785, 2.5645363330841064, 5.201087474822998, 8.784326553344727, 8.852508544921875, 12.413956642150879, 13.396114349365234, 6.3848772048950195, 6.26906156539917, 8.33010196685791, 6.565237998962402, 8.54631519317627, 10.926453590393066, 18.86536407470703, 17.808095932006836, 9.334869384765625, 3.0598840713500977, 3.199509620666504, 6.167128562927246, 2.3637030124664307], "dir": [20.761947631835938, 32.021636962890625, 41.973960876464844, 36.09109878540039, 82.46350860595703, 62.36659622192383, 113.37411499023438, 102.730712890625, 27.36437225341797, 24.192955017089844, 34.08437728881836, 62.000205993652344, 107.99510955810547, 89.36844635009766, 109.98723602294922, 100.1512451171875, 39.49616622924805, 41.4235725402832, 37.86616897583008, 48.54884719848633, 105.4701919555664, 59.14595031738281, 91.13329315185547, 80.74620819091797], "psl": [779.8610229492188, 779.6632690429688, 778.4481811523438, 778.751953125, 779.8712768554688, 779.715087890625, 778.8878173828125, 779.1704711914062, 780.2132568359375, 780.3167724609375, 779.3460693359375, 779.2864990234375, 780.1749267578125, 780.2650756835938, 779.2432250976562, 779.208740234375, 780.184814453125, 780.09716796875, 778.8515014648438, 778.9115600585938, 779.49169921875, 779.4865112304688, 777.9963989257812, 778.098876953125], "pre": [0.0, 0.10530287027359009, 0.00010216981172561646, 0.015398599207401276, 2.3171305656433105e-06, 1.547485589981079e-05, 0.0, 0.0, 0.0, 0.1421930342912674, 0.03010416030883789, 0.08202335238456726, 0.0, 0.0, 0.0, 0.0, 0.0, 0.0, 0.04046279191970825, 0.00534975528717041, 0.00012934207916259766, 0.0, 0.0, 0.0], "sw": [631.2435302734375, 245.9252166748047, 491.2718200683594, 43.16535949707031, 0.0, 0.0, 0.0, 0.0, 612.7603149414062, 270.61834716796875, 252.4130859375, 46.86579513549805, 0.0, 0.0, 0.0, 0.0, 626.2495727539062, 1067.5850830078125, 858.9732055664062, 36.457435607910156, 0.0, 0.0, 0.0, 0.0], "rh": [75.95491027832031, 92.52640533447266, 89.90019989013672, 96.85550689697266, 98.72051239013672, 96.45957946777344, 92.20018005371094, 80.5771255493164, 75.44366455078125, 97.99424743652344, 94.35266876220703, 92.5260009765625, 81.68212127685547, 75.51005554199219, 75.06450653076172, 75.27587127685547, 65.7382583618164, 82.54814910888672, 88.15599060058594, 94.67608642578125, 91.317138671875, 87.12294006347656, 86.74541473388672, 83.5680160522461]}