{"t2m": [19.136688232421875, 24.226837158203125, 25.460784912109375, 23.001190185546875, 18.88311767578125, 16.09075927734375, 14.82415771484375, 13.722503662109375, 19.81597900390625, 23.973541259765625, 25.629302978515625, 20.90216064453125, 18.117584228515625, 15.24658203125, 14.036224365234375, 12.980072021484375, 19.2799072265625, 23.825714111328125, 24.37213134765625, 19.462646484375, 17.58441162109375, 15.369384765625, 14.61944580078125, 12.749267578125], "wnd": [12.255027770996094, 11.18188190460205, 26.030115127563477, 22.90165138244629, 25.02513313293457, 15.16057300567627, 17.946229934692383, 14.742131233215332, 13.060681343078613, 2.0778064727783203, 24.89323616027832, 16.13239097595215, 18.5028076171875, 16.756542205810547, 15.933897018432617, 14.292823791503906, 13.317005157470703, 1.2732194662094116, 26.70160484313965, 25.098731994628906, 19.063369750976562, 16.487661361694336, 17.32528305053711, 12.396989822387695], "dir": [32.154178619384766, 78.31468200683594, 124.94792175292969, 110.07102966308594, 83.65414428710938, 89.94601440429688, 79.94367980957031, 60.33245086669922, 48.20499801635742, 68.49766540527344, 135.19082641601562, 74.58120727539062, 91.51976013183594, 82.61785125732422, 79.40486145019531, 53.992034912109375, 49.0229377746582, 82.07418060302734, 139.01515197753906, 57.47773361206055, 74.95053100585938, 74.57279205322266, 73.82925415039062, 47.23337173461914], "psl": [811.9832763671875, 810.9187622070312, 808.9893188476562, 809.5404663085938, 811.3757934570312, 811.771240234375, 811.0206909179688, 811.4522094726562, 812.2396240234375, 811.46044921875, 809.5008544921875, 810.3699951171875, 811.8713989257812, 812.2587280273438, 811.4627075195312, 811.50537109375, 812.521240234375, 811.490966796875, 809.447265625, 809.9288940429688, 811.2315063476562, 811.6331176757812, 810.455810546875, 810.4425048828125], "pre": [0.0, 0.0, 0.0, 2.7841559305422213e-36, 0.0, 0.0, 0.0, 0.0, 0.0, 0.0, 0.0, 0.897111713886261, 0.03659170866012573, 0.0, 0.0, 0.0, 0.0, 0.0, 0.0, 0.467006653547287, 6.127273081801832e-06, 0.0, 0.0, 0.0], "sw": [620.2374877929688, 1067.0865478515625, 865.5924072265625, 159.5314178466797, 0.0, 0.0, 0.0, 0.0, 614.4017944335938, 1060.274169921875, 859.6426391601562, 14.11982250213623, 0.0, 0.0, 0.0, 0.0, 614.5239868164062, 1064.33056640625, 858.6547241210938, 66.47168731689453, 0.0, 0.0, 0.0, 0.0], "rh": [47.57253646850586, 32.79948806762695, 32.69990158081055, 38.17976379394531, 52.38048553466797, 69.14515686035156, 74.67865753173828, 74.82320404052734, 49.30404281616211, 35.650970458984375, 32.59087371826172, 57.235599517822266, 61.776371002197266, 74.48406982421875, 78.53018188476562, 73.94235229492188, 47.501136779785156, 32.544227600097656, 39.41905975341797, 68.02850341796875, 62.43886947631836, 75.86624145507812, 77.69251251220703, 79.75151824951172]}