{"CO": [4.0075866536426474e-07, 4.810188329429366e-06, 0.003060867078602314, 0.00031709246104583144, 3.3527601772220805e-05, 0.018401438370347023, 0.043631043285131454, 0.3010917603969574, 0.10528536140918732, 0.9302844405174255, 2.2146644592285156, 3.751798629760742, 4.796208381652832, 5.05485725402832, 5.82811164855957, 5.817923069000244, 6.106876373291016, 6.413987159729004, 6.54408073425293, 6.6173014640808105, 6.692922592163086, 6.6789984703063965, 6.674719333648682, 6.514039993286133], "NO2": [3.898050636053085e-05, 7.436902524204925e-05, 0.01604439690709114, 0.0017174744280055165, 0.0001612328487681225, 0.03758591040968895, 0.031658124178647995, 0.12097825109958649, 0.5991438627243042, 0.6483044624328613, 0.5037059783935547, 0.7498229742050171, 0.20279504358768463, 0.09565027058124542, 0.10903799533843994, 0.20904962718486786, 0.6572584509849548, 0.43008434772491455, 1.0971451997756958, 0.9353586435317993, 0.2314656525850296, 0.11292968690395355, 0.10126761347055435, 0.22399677336215973], "SO2": [8.826307748677209e-05, 0.0016914184670895338, 0.8416776657104492, 0.08250867575407028, 0.006965251173824072, 2.923864599324588e-07, 1.08333770185709e-05, 0.003469336312264204, 0.0005494647193700075, 0.13502152264118195, 0.18231771886348724, 0.49558600783348083, 0.20650149881839752, 0.17290444672107697, 0.20913977921009064, 0.013349366374313831, 0.008622255176305771, 0.06831644475460052, 0.2396020144224167, 2.0981359481811523, 0.2586761713027954, 0.249953493475914, 0.18717113137245178, 0.0023295641876757145], "O3": [2.7212199711357243e-06, 4.982294043998081e-08, 6.029125074746844e-07, 5.946877834617226e-08, 0.001408230746164918, 1.1450661420822144, 1.8161121606826782, 2.643270254135132, 0.8076491355895996, 5.807775497436523, 12.946470260620117, 19.272323608398438, 26.76688575744629, 31.089195251464844, 34.721920013427734, 46.866241455078125, 45.06211471557617, 46.16511154174805, 38.300357818603516, 36.345252990722656, 35.2803840637207, 39.730133056640625, 37.47441864013672, 58.45962142944336], "PM10": [0.004402364604175091, 0.008409924805164337, 2.5231971740722656, 0.4139080345630646, 0.022198298946022987, 0.010974564589560032, 0.01175545621663332, 0.019585715606808662, 0.008891081437468529, 0.42817264795303345, 0.4258143901824951, 1.2603175640106201, 0.13019777834415436, 0.14745910465717316, 0.17620563507080078, 0.1786242127418518, 0.2060030847787857, 0.26509127020835876, 0.43931448459625244, 5.762928485870361, 0.20480604469776154, 0.23539556562900543, 0.3215227723121643, 0.2564994990825653], "PM25": [0.0005740393535234034, 0.001696817809715867, 1.2250151634216309, 0.19721300899982452, 0.006868686527013779, 2.114686310505931e-07, 0.00034762636641971767, 0.0016917639877647161, 0.00016908830730244517, 0.1999892145395279, 0.1674121767282486, 0.20964354276657104, 0.00023729183885734528, 1.847015340672442e-07, 1.528207071999077e-08, 9.792593402835337e-09, 0.0012503907782956958, 1.3780457265966106e-05, 0.033079907298088074, 1.5885863304138184, 0.004559970460832119, 0.007198850624263287, 0.038029994815588, 0.0007100097718648612]}