{"CO": [0.022408779710531235, 0.00034966564271599054, 0.010327932424843311, 0.0038716003764420748, 0.009118444286286831, 0.06646689772605896, 0.027038730680942535, 0.03747023269534111, 0.6615613102912903, 0.6666596531867981, 0.3439905643463135, 0.4262312650680542, 2.918564558029175, 4.621969223022461, 5.612029075622559, 5.911776065826416, 5.957991600036621, 6.149904251098633, 5.8477582931518555, 5.928281307220459, 6.355939865112305, 6.640632629394531, 6.489134788513184, 6.57960844039917], "NO2": [0.09658598154783249, 0.005764639470726252, 0.012962118722498417, 0.023122228682041168, 0.02932184748351574, 0.05077044293284416, 0.013855911791324615, 0.06072377786040306, 0.622301459312439, 1.0575660467147827, 1.2220451831817627, 1.1919152736663818, 0.25522318482398987, 0.05056338384747505, 0.06418445706367493, 0.3384382724761963, 0.4881856441497803, 0.4648805260658264, 0.7494039535522461, 0.8558618426322937, 0.4017772376537323, 0.054431915283203125, 0.07549148052930832, 0.1130792424082756], "SO2": [6.26896858215332, 0.09985609352588654, 1.8695766925811768, 0.0005804058164358139, 1.0542731285095215, 2.6056296825408936, 0.02123221755027771, 0.0017536282539367676, 3.213482614228269e-06, 6.46441125869751, 0.3189816474914551, 4.231313705444336, 1.428499698638916, 2.492672920227051, 8.081032137852162e-05, 0.0070182327181100845, 0.0032955503556877375, 5.865705490112305, 0.6766063570976257, 3.26731538772583, 3.7180850505828857, 3.009312391281128, 0.8634371161460876, 2.290098137791574e-07], "O3": [0.0004761489690281451, 1.120255546993576e-05, 9.680944046408513e-09, 7.030065973800959e-10, 0.1776326596736908, 3.163193702697754, 1.0802052021026611, 0.7701658010482788, 3.4575984477996826, 3.4785046577453613, 1.7828028202056885, 2.1428186893463135, 17.728986740112305, 29.372360229492188, 32.422183990478516, 36.92536544799805, 36.61178207397461, 41.12710952758789, 38.33631134033203, 33.946998596191406, 35.919586181640625, 41.44192123413086, 39.428123474121094, 44.99968719482422], "PM10": [15.309025764465332, 0.17239081859588623, 2.984545946121216, 4.4233622550964355, 2.703897476196289, 4.161221027374268, 0.2951838970184326, 0.011786326766014099, 0.06823276728391647, 17.797348022460938, 6.095258712768555, 11.571927070617676, 2.484048366546631, 3.69527268409729, 0.17136721312999725, 0.4288384020328522, 0.6712886095046997, 8.801475524902344, 2.936288356781006, 10.841015815734863, 5.861179828643799, 4.512247085571289, 2.2643351554870605, 0.243880033493042], "PM25": [7.9815497398376465, 0.07811938971281052, 1.5617411136627197, 1.9804301261901855, 1.346089482307434, 0.7264069318771362, 0.0018902423325926065, 0.0018599015893414617, 0.019796038046479225, 8.690957069396973, 2.7659671306610107, 5.6561598777771, 1.2541935443878174, 1.714665174484253, 1.2794021131412592e-06, 0.0646984875202179, 0.14111173152923584, 4.210928916931152, 1.1662688255310059, 4.956010818481445, 2.829442024230957, 2.0246760845184326, 0.28846487402915955, 1.166578869060686e-07]}