{"CO": [8.806058031041175e-05, 3.6238918710296275e-07, 1.5784446532052243e-06, 6.847201348136878e-06, 1.4630825717176776e-05, 0.00016691528435330838, 0.0443328395485878, 0.0413963682949543, 0.07992984354496002, 0.21502549946308136, 0.33036479353904724, 1.6115505695343018, 2.5720160007476807, 5.552182674407959, 6.132530689239502, 5.7955241203308105, 5.992060661315918, 6.098949909210205, 5.981777667999268, 5.989253520965576, 6.263473987579346, 6.635317802429199, 6.732235431671143, 6.483796119689941], "NO2": [0.00043291127076372504, 1.1467159310996067e-05, 2.4538885554648004e-05, 5.618717841571197e-05, 0.00012014371168334037, 0.0005398406647145748, 0.019038937985897064, 0.213411346077919, 0.7032009959220886, 1.0847976207733154, 0.9147053956985474, 0.6900191903114319, 0.1815192848443985, 0.06793984025716782, 0.04110656678676605, 0.16622427105903625, 0.6226536631584167, 0.5717107057571411, 0.46581873297691345, 0.7542848587036133, 0.2422131597995758, 0.05696847289800644, 0.0392022430896759, 0.24145282804965973], "SO2": [0.010022616945207119, 2.8629950975300744e-05, 0.0003876857808791101, 0.0013248196337372065, 0.0012739186640828848, 0.002616818295791745, 0.11531608551740646, 0.1724848449230194, 0.21621644496917725, 0.0328720360994339, 0.04095844179391861, 0.04169512167572975, 0.09620633721351624, 0.23151932656764984, 0.23764356970787048, 0.18582072854042053, 0.016484200954437256, 0.010051853954792023, 0.055433835834264755, 0.08571037650108337, 0.18958809971809387, 0.25131431221961975, 0.22268925607204437, 0.007697108667343855], "O3": [5.0457783800084144e-05, 8.501927339921167e-08, 6.695820076174641e-08, 2.2126069865180398e-08, 0.0011191045632585883, 0.018223624676465988, 1.7384834289550781, 1.2550573348999023, 1.2190263271331787, 1.4540313482284546, 2.3799221515655518, 11.178942680358887, 16.26837158203125, 32.65738296508789, 34.3662109375, 40.75139617919922, 44.74778366088867, 45.88772964477539, 46.323307037353516, 45.17070007324219, 40.4178352355957, 40.01538848876953, 37.83766174316406, 46.04491424560547], "PM10": [0.10722897201776505, 0.20742787420749664, 0.003426659619435668, 0.0037241559475660324, 0.9758585095405579, 0.9274682402610779, 0.31822991371154785, 0.7084192037582397, 1.0682709217071533, 0.7701689600944519, 0.8082209229469299, 0.2732430398464203, 0.06959544867277145, 1.3943907022476196, 0.2715091109275818, 0.5200242400169373, 0.5145848393440247, 0.3763525187969208, 0.44136902689933777, 0.49568966031074524, 0.20329450070858002, 1.3221237659454346, 0.31537148356437683, 2.543186664581299], "PM25": [0.05415548384189606, 0.10788396745920181, 1.9480434275465086e-05, 1.847518937836412e-08, 0.5180197954177856, 0.49364161491394043, 0.03621399775147438, 0.14347581565380096, 0.306630939245224, 0.28534165024757385, 0.36150872707366943, 0.10975363850593567, 1.0532409078223282e-06, 0.6590502858161926, 0.041315868496894836, 0.1578412652015686, 0.07042870670557022, 0.026912160217761993, 0.0815543457865715, 0.10890243947505951, 0.0029419760685414076, 0.5938693284988403, 0.02804093435406685, 0.3459165692329407]}