{"CO": [1.0182961318605521e-07, 6.810541890445165e-07, 2.703170139284339e-06, 1.0532493433856871e-05, 3.296296563348733e-05, 0.0011539878323674202, 0.009697722271084785, 1.0868642330169678, 1.0833994150161743, 1.6676952838897705, 3.938523530960083, 4.126428604125977, 4.03820276260376, 6.053653717041016, 5.742054462432861, 6.020786285400391, 6.02894926071167, 6.224067211151123, 6.327517032623291, 6.360265254974365, 6.575693130493164, 6.6393561363220215, 6.596656322479248, 6.576987266540527], "NO2": [5.914438224863261e-05, 0.0002926579036284238, 8.330453420057893e-05, 7.80326226959005e-05, 0.0004102898819837719, 0.004557786043733358, 0.007549538742750883, 0.3857513666152954, 0.6275432705879211, 1.976633906364441, 1.4784728288650513, 1.0350708961486816, 0.2988828718662262, 0.09113655984401703, 0.11391420662403107, 0.33474189043045044, 0.6023178100585938, 1.1808584928512573, 1.7733796834945679, 1.0640488862991333, 0.24685432016849518, 0.10530871152877808, 0.0963599905371666, 0.22974202036857605], "SO2": [6.942315056157611e-10, 8.897297811927274e-05, 0.0007199938991107047, 0.0028800242580473423, 0.0016790861263871193, 0.0015432432992383838, 0.0014191281516104937, 0.02487829141318798, 0.011475329287350178, 0.00463876174762845, 0.03647147864103317, 0.06703466922044754, 0.19772738218307495, 0.23663638532161713, 0.23496240377426147, 0.015351329930126667, 0.011451690457761288, 0.05815250426530838, 0.1521659791469574, 0.19377225637435913, 0.33235836029052734, 0.24956639111042023, 0.1880151927471161, 0.020035652443766594], "O3": [4.815194643015275e-06, 9.578810988841724e-08, 2.1821096041207966e-09, 6.66378965896719e-11, 0.0033280898351222277, 0.12137047201395035, 0.4187411963939667, 7.464480876922607, 5.7134108543396, 7.604850769042969, 18.583662033081055, 21.43025016784668, 22.895748138427734, 34.52214813232422, 35.426753997802734, 36.38943099975586, 36.86100387573242, 33.377601623535156, 31.19093894958496, 29.468204498291016, 35.479461669921875, 37.03955841064453, 37.62898635864258, 47.06547546386719], "PM10": [0.0037040894385427237, 0.03211256116628647, 0.16871270537376404, 0.2699224054813385, 0.18147604167461395, 0.10305362939834595, 0.17340515553951263, 0.052394766360521317, 0.039316434413194656, 0.13948994874954224, 0.49924689531326294, 0.378571480512619, 0.2473825365304947, 0.34899598360061646, 0.25790444016456604, 0.33039799332618713, 0.49608710408210754, 0.3663685619831085, 0.5392416715621948, 0.44374924898147583, 0.5266396999359131, 0.29494011402130127, 0.3322508931159973, 0.3194606900215149], "PM25": [3.1882791518000886e-06, 0.013929113745689392, 0.08000238239765167, 0.13001830875873566, 0.08717836439609528, 0.018957220017910004, 0.04618733003735542, 0.001919700182043016, 0.003126462921500206, 0.04602793976664543, 0.12665440142154694, 0.08736205846071243, 0.041017740964889526, 0.0713329166173935, 0.022206896916031837, 0.005784433800727129, 0.06684087961912155, 0.049747250974178314, 0.1115889921784401, 0.0772559642791748, 0.09171997755765915, 0.011052711866796017, 0.02999899536371231, 0.009784849360585213]}