{"CO": [1.195935965370154e-06, 2.7802119006992143e-07, 1.791965758002334e-07, 2.5535001668686164e-07, 1.6047710232669488e-05, 0.01738293655216694, 0.04534497484564781, 0.07346376776695251, 0.1062672883272171, 0.08320807665586472, 0.0851016417145729, 0.08567292988300323, 0.14380526542663574, 1.2290830612182617, 1.936106562614441, 6.039798736572266, 5.9893107414245605, 5.749762058258057, 5.16935396194458, 4.681239128112793, 4.602235794067383, 3.853647232055664, 6.392657279968262, 5.824715614318848], "NO2": [0.0007169984746724367, 0.00044001147034578025, 0.0007533708121627569, 0.0013828438241034746, 0.0010431644041091204, 0.05757973715662956, 0.05456570163369179, 1.0620412826538086, 2.2881546020507812, 2.610825300216675, 2.582292079925537, 2.335806131362915, 1.0228912830352783, 1.0291872024536133, 0.19333133101463318, 2.4709036350250244, 3.3558104038238525, 5.462928295135498, 6.098297119140625, 5.528306484222412, 1.6604291200637817, 0.6807466745376587, 0.1224902793765068, 0.8024232387542725], "SO2": [3.8167347971365673e-13, 3.816734526086024e-13, 3.816734526086024e-13, 3.8435289564757447e-13, 7.154697841127433e-13, 0.00012671665172092617, 2.0555491573759355e-05, 0.0003873102250508964, 5.1749088015640154e-05, 3.606142490752973e-05, 5.140184657648206e-05, 0.0003616749309003353, 0.00034240400418639183, 0.039300017058849335, 0.1233142837882042, 0.07984283566474915, 0.016438258811831474, 0.04658995196223259, 0.06467228382825851, 0.07120543718338013, 0.051148489117622375, 0.007006919011473656, 0.032669514417648315, 0.07245194166898727], "O3": [1.6530229629552196e-07, 1.2415232175655433e-09, 8.681054763925999e-10, 1.3851020330690744e-10, 0.001074629370123148, 0.12862235307693481, 2.0961809158325195, 1.201791524887085, 1.2229576110839844, 0.2208343744277954, 0.31674736738204956, 0.32335904240608215, 2.688426971435547, 18.98729705810547, 50.20838928222656, 41.047027587890625, 40.68108367919922, 37.06206130981445, 34.27576446533203, 32.35869598388672, 34.48735809326172, 39.994140625, 49.04488754272461, 44.71839141845703], "PM10": [0.002500379690900445, 0.0025052065029740334, 0.002811926882714033, 0.002893454162403941, 0.0026829761918634176, 0.009711102582514286, 0.008011375553905964, 0.01161444466561079, 0.013660693541169167, 0.01312917098402977, 0.011872140690684319, 0.01089926715940237, 0.009091758169233799, 0.015353230759501457, 0.2623877227306366, 0.10639896988868713, 0.41608065366744995, 0.3433733582496643, 0.2660179138183594, 0.21921448409557343, 0.21948930621147156, 0.17358100414276123, 0.5733495354652405, 0.34442952275276184], "PM25": [1.0000000830368325e-16, 1.0071808710216299e-16, 1.1287027689051832e-16, 2.2236432598130192e-14, 1.54254416856979e-13, 9.59885781970371e-11, 3.632721234936298e-09, 1.0658652849215855e-09, 5.763886701259935e-09, 5.349384935016133e-09, 2.735197845993298e-09, 2.2239730057549423e-09, 1.7479497849137715e-09, 1.772176183578722e-09, 1.3509486862517406e-09, 3.69722474857781e-09, 3.1785230003578135e-09, 2.169283197517302e-09, 3.13441761434774e-09, 8.684664543068266e-09, 6.8419825360876985e-09, 2.3443562646718874e-09, 1.886396150396763e-09, 5.476318509778366e-09]}