{"CO": [1.679970409895759e-05, 2.361447059229249e-06, 8.555885528949148e-07, 2.7646933631331194e-07, 0.0005086098099127412, 0.23407039046287537, 0.03835800290107727, 0.06008747220039368, 0.0561666414141655, 0.06780058890581131, 0.06643249094486237, 0.06858569383621216, 0.22264064848423004, 0.40123385190963745, 5.670422554016113, 5.785471439361572, 6.104811191558838, 5.620262145996094, 5.2828288078308105, 4.9221343994140625, 4.854188442230225, 4.264431476593018, 6.359523296356201, 5.958993434906006], "NO2": [0.01457914337515831, 0.0031661600805819035, 0.003962418995797634, 0.004876428749412298, 0.05884961783885956, 0.4527609050273895, 0.1749630868434906, 1.754417896270752, 2.2688353061676025, 2.365354299545288, 2.431448459625244, 2.3400628566741943, 2.2890748977661133, 0.4192444682121277, 1.3615421056747437, 3.3712804317474365, 12.367938995361328, 12.423100471496582, 13.024446487426758, 9.936153411865234, 2.5800201892852783, 0.395308256149292, 0.3411773145198822, 5.410766124725342], "SO2": [3.816734526086024e-13, 3.8167347971365673e-13, 3.816734526086024e-13, 3.817451183722037e-13, 4.444116082080729e-12, 1.2383474801147543e-10, 4.720716242445633e-05, 0.00011782428919104859, 0.0001671156205702573, 0.0001288383500650525, 9.187917748931795e-05, 0.0005753993755206466, 0.000621721672359854, 0.00042235004366375506, 0.14032259583473206, 0.10085442662239075, 0.0640847235918045, 0.043073344975709915, 0.062078483402729034, 0.06677312403917313, 0.042531661689281464, 0.043722108006477356, 0.088887058198452, 0.10738560557365417], "O3": [2.553229933255352e-06, 1.1633321389536988e-10, 1.8752192507132115e-11, 8.668252612009306e-14, 0.11171617358922958, 14.345518112182617, 1.4003480672836304, 0.34431153535842896, 0.02326704002916813, 0.004456057213246822, 0.0001912028674269095, 0.0001529176952317357, 5.518688201904297, 16.115177154541016, 45.68724060058594, 30.385717391967773, 28.065649032592773, 27.519182205200195, 25.292720794677734, 25.815645217895508, 35.49806213378906, 40.29096603393555, 48.118682861328125, 38.169124603271484], "PM10": [0.0033434273209422827, 0.003405679250136018, 0.00440222630277276, 0.004460303578525782, 0.0045639630407094955, 0.00903537217527628, 0.01950976997613907, 0.015193499624729156, 0.01633242890238762, 0.014753386378288269, 0.013914820738136768, 0.012182062491774559, 0.007870479486882687, 0.008352847769856453, 0.1411093771457672, 0.17417235672473907, 0.29203173518180847, 0.3724895715713501, 0.3108914792537689, 0.2412746250629425, 0.2521267235279083, 0.18005181849002838, 0.28049859404563904, 0.19725167751312256], "PM25": [9.999999506879345e-17, 1.0000000830368325e-16, 1.0701436093179002e-16, 3.1631618711055326e-14, 7.92656311952595e-15, 5.8704304438383925e-12, 3.023853953690314e-12, 1.2388874370827807e-09, 5.708622463629354e-09, 8.501974235741727e-09, 6.487657078224629e-09, 5.58912338632922e-09, 2.9846853877302237e-09, 1.6444586803388006e-09, 2.99451508034565e-09, 4.995298272247872e-11, 1.4090179023540372e-09, 1.559702034192867e-09, 3.840304518831772e-09, 1.4241012813442921e-08, 4.252437069141024e-09, 1.812904049103281e-09, 3.922546287782325e-09, 3.58698448721384e-09]}