{"CO": [7.398652087431401e-05, 2.697659738259972e-06, 1.6007344356694375e-06, 7.524037073380896e-07, 0.0014493948547169566, 0.2778129577636719, 0.3931932747364044, 0.16994164884090424, 0.07234832644462585, 0.11193834990262985, 0.14195987582206726, 0.13874918222427368, 0.3217761814594269, 0.6756093502044678, 0.5903320908546448, 3.7029476165771484, 5.547699928283691, 5.809531211853027, 5.34935998916626, 4.445620059967041, 4.577194690704346, 3.6853528022766113, 6.172614097595215, 6.2033867835998535], "NO2": [0.156948521733284, 0.004727015737444162, 0.005627939943224192, 0.008488076739013195, 0.305852472782135, 0.2793659269809723, 0.11166976392269135, 0.6927416324615479, 2.624868869781494, 3.8107099533081055, 4.727565765380859, 3.8338088989257812, 2.636725664138794, 0.4002893567085266, 0.25141632556915283, 0.9400299787521362, 7.053302764892578, 9.479948997497559, 8.9363431930542, 10.036322593688965, 1.6451786756515503, 0.20086507499217987, 0.06170046329498291, 0.34060138463974], "SO2": [3.816733712934395e-13, 3.816734526086024e-13, 3.816734526086024e-13, 9.869021832392688e-13, 4.3858927600837205e-10, 1.2075095412455994e-07, 7.101977672618887e-08, 0.00044416572200134397, 0.0008466638391837478, 0.00023574367514811456, 0.00010641926928656176, 0.00034404246252961457, 0.0015721498057246208, 0.0009439725545234978, 0.0017480035312473774, 0.07562035322189331, 0.07377976179122925, 0.03692252188920975, 0.05161295458674431, 0.06084408611059189, 0.050635289400815964, 0.04913296550512314, 0.14027881622314453, 0.1271228790283203], "O3": [0.0001079974026652053, 6.564516930041009e-09, 3.927560776606498e-10, 2.9172172490155024e-12, 0.5433375239372253, 16.24692726135254, 13.892430305480957, 3.634176015853882, 0.17157408595085144, 3.469821604085155e-05, 0.004274206701666117, 0.0002731837157625705, 8.533807754516602, 25.657306671142578, 14.1237154006958, 28.726625442504883, 29.18277931213379, 29.79665756225586, 28.470773696899414, 25.113162994384766, 38.2845458984375, 38.39036560058594, 44.41521072387695, 36.50047302246094], "PM10": [0.0058909570798277855, 0.0060304682701826096, 0.0061783818528056145, 0.006302705965936184, 0.010363046079874039, 0.009799420833587646, 0.009237312711775303, 0.011920521967113018, 0.01294667087495327, 0.012797306291759014, 0.011163596995174885, 0.00904660951346159, 0.007234902121126652, 0.006895130034536123, 0.00957208126783371, 0.07101548463106155, 0.38627350330352783, 0.6130377054214478, 0.6344428062438965, 0.2957465946674347, 0.226492777466774, 0.15002717077732086, 0.16268737614154816, 0.17870740592479706], "PM25": [1.0000000168623835e-16, 9.999999506879345e-17, 1.0000000168623835e-16, 2.9190547366462225e-16, 5.793726005647504e-16, 1.014631883692425e-14, 1.2225459461781812e-14, 3.344733170984604e-11, 6.539670138749898e-09, 8.966419606792897e-09, 3.139525972528645e-09, 1.6740917541113731e-09, 3.4503040424738174e-09, 1.7950572139824317e-09, 6.665350493761935e-10, 1.879717359543065e-08, 3.4880174304419143e-09, 2.554803923970894e-09, 2.4867672365758153e-09, 2.529617182389643e-09, 2.658797848553718e-09, 1.8931536338584465e-09, 1.6021385329523241e-09, 6.0042579796970585e-09]}