{"CO": [2.0155015434397683e-09, 5.669392777463145e-08, 1.2498582897813026e-11, 1.5767060546068024e-08, 7.970332080731168e-05, 0.0021915656980127096, 0.007431977428495884, 2.439225435256958, 2.640132427215576, 4.018460273742676, 4.670177936553955, 3.4786689281463623, 3.8714916706085205, 5.7260003089904785, 5.965993404388428, 5.407354354858398, 5.830536365509033, 6.109427452087402, 6.204949378967285, 6.138641834259033, 6.277130126953125, 6.629692554473877, 6.636980056762695, 6.444074630737305], "NO2": [3.2688349165255204e-06, 4.8009507736423984e-05, 2.998998388648033e-05, 4.8078843974508345e-05, 0.0030074063688516617, 0.01108889002352953, 0.009256398305296898, 0.19095869362354279, 0.6345186829566956, 0.550898551940918, 0.48830920457839966, 0.43126794695854187, 0.3028438985347748, 0.07842791825532913, 0.07524806261062622, 0.22495117783546448, 0.44215264916419983, 0.5180981755256653, 0.5031561851501465, 0.41471466422080994, 0.308573842048645, 0.07177478820085526, 0.07883360236883163, 0.18405261635780334], "SO2": [6.65200154074258e-13, 3.745827115153588e-08, 5.987779716498665e-10, 4.1480657273496035e-06, 3.5520711207936984e-06, 1.0155995369132143e-06, 3.6741967051057145e-05, 0.05622923746705055, 0.06589016318321228, 0.00468317000195384, 0.020601974800229073, 0.0649230107665062, 0.14271444082260132, 0.24533788859844208, 0.23724590241909027, 0.034661442041397095, 0.025168096646666527, 0.11862417310476303, 0.1675337851047516, 0.1989041268825531, 0.229763463139534, 0.27239057421684265, 0.22183525562286377, 0.0468326173722744], "O3": [6.159926613236166e-08, 2.406560497547616e-07, 1.9024897213171243e-09, 8.551240965326556e-11, 0.018216585740447044, 0.25082552433013916, 0.3931344747543335, 15.500679016113281, 13.984580993652344, 20.164262771606445, 28.20284652709961, 21.6573486328125, 23.311580657958984, 34.65388488769531, 35.825313568115234, 32.036949157714844, 36.471683502197266, 36.56802749633789, 33.4043083190918, 31.36895179748535, 32.51688766479492, 37.319664001464844, 37.514163970947266, 41.92660140991211], "PM10": [0.0037212998140603304, 0.006225300021469593, 0.014468618668615818, 0.0901467427611351, 0.038637425750494, 0.01612669788300991, 0.012211206369102001, 0.06738834828138351, 0.0759030133485794, 0.12093950808048248, 0.22437262535095215, 0.19169586896896362, 0.19077450037002563, 0.18357178568840027, 0.18436497449874878, 0.1889381855726242, 0.2820175886154175, 0.23986077308654785, 0.2327914535999298, 0.22417861223220825, 0.2325967699289322, 0.2464389055967331, 0.2639365494251251, 0.2661631405353546], "PM25": [7.926763134769033e-10, 0.0007980147493071854, 0.004485694691538811, 0.041597381234169006, 0.014109989628195763, 0.0003035424160771072, 0.00022706494200974703, 2.250834040751215e-05, 0.0001427250390406698, 0.002486231504008174, 0.01521116029471159, 0.0200104508548975, 0.0229515191167593, 0.003852794412523508, 0.0001532416936242953, 2.5845472464425256e-06, 0.0009427795885130763, 0.0008688089437782764, 0.006309191230684519, 0.006032375153154135, 0.009842881001532078, 0.010450474917888641, 0.00854035746306181, 0.0010865952353924513]}