{"CO": [1.1190500970315043e-08, 9.50857437231889e-09, 6.488904080725888e-09, 2.2243188624315735e-08, 5.464040441438556e-06, 0.03785300627350807, 0.09020654857158661, 0.15698814392089844, 0.0966605693101883, 0.1976783275604248, 0.299501895904541, 0.7780830264091492, 0.6828378438949585, 2.615499258041382, 6.555879592895508, 3.7229838371276855, 5.097748756408691, 5.189149856567383, 5.214292049407959, 5.377366542816162, 5.071717262268066, 5.829904556274414, 6.03233528137207, 5.678155422210693], "NO2": [5.439113374450244e-05, 6.586922245332971e-05, 0.0001889700215542689, 0.0004924419336020947, 0.0001415311126038432, 0.4807424247264862, 0.2745783030986786, 0.9655662775039673, 1.8869554996490479, 2.2554702758789062, 0.9875778555870056, 1.921407699584961, 0.4403289258480072, 0.9114184379577637, 0.14157982170581818, 0.7567125558853149, 0.9153681993484497, 1.492641568183899, 1.7731109857559204, 2.00943660736084, 0.5170591473579407, 0.5116807222366333, 0.2388494908809662, 0.2694580852985382], "SO2": [3.816734526086024e-13, 3.8167347971365673e-13, 3.9833633895709764e-13, 8.232188368484383e-12, 1.0780974203650207e-11, 3.8167347971365673e-13, 3.816734526086024e-13, 3.816734526086024e-13, 3.816734526086024e-13, 2.4579923774581403e-05, 0.0002684400824364275, 0.02873723953962326, 0.023341625928878784, 3.816734526086024e-13, 0.0001302230084547773, 1.0868723698820304e-08, 0.00032950600143522024, 0.050904281437397, 0.09708136320114136, 0.142379492521286, 0.1284579336643219, 3.8167347971365673e-13, 3.8167347971365673e-13, 4.899392479273956e-06], "O3": [1.427303431000837e-08, 6.999994806022869e-09, 1.8477014362972e-10, 3.852244911950464e-11, 0.0005646116915158927, 2.4423837661743164, 3.709336280822754, 4.965337753295898, 1.8093396425247192, 1.90875244140625, 2.7182066440582275, 4.233851432800293, 5.291269779205322, 28.65591049194336, 55.500362396240234, 31.5074405670166, 41.53617858886719, 40.74298095703125, 36.99314880371094, 34.199951171875, 32.273460388183594, 41.662532806396484, 48.91663360595703, 42.32366180419922], "PM10": [0.004258188419044018, 0.004147843457758427, 0.002941258018836379, 0.002914539072662592, 0.0029189633205533028, 0.009540749713778496, 0.010937076061964035, 0.009051783010363579, 0.01209932193160057, 0.0067781684920191765, 0.011876082047820091, 0.022158822044730186, 0.018884239718317986, 0.0671674832701683, 0.3645857572555542, 0.26087746024131775, 0.3073420822620392, 0.25780874490737915, 0.2441563606262207, 0.21851222217082977, 0.20220956206321716, 0.3174654245376587, 0.29851192235946655, 0.45641714334487915], "PM25": [2.1108671173996984e-16, 1.9850604901175693e-16, 2.6366249136246245e-13, 1.7382479136629492e-11, 2.2293757118152513e-11, 3.9608368668231364e-12, 1.493462159496417e-10, 1.125564268525392e-12, 1.5329335578684322e-09, 1.0065716038454298e-09, 2.32471153438496e-10, 1.1078206130221702e-09, 1.4491642552627582e-08, 2.238022211997759e-09, 7.638934818032794e-09, 9.83745238047895e-11, 1.5409036269176113e-09, 8.497633707804653e-10, 6.621625470160097e-09, 3.823798522262223e-08, 7.868983686876163e-08, 4.6684608179248244e-08, 4.2371259278972673e-10, 2.6247113857347237e-11]}