{"CO": [6.030599908335432e-10, 9.465255246254856e-10, 4.923169871773325e-09, 5.119973067735373e-08, 1.3565286280936562e-05, 0.004253550432622433, 0.1551285684108734, 0.10691671073436737, 0.24776676297187805, 0.971115231513977, 1.0148810148239136, 2.3436882495880127, 1.5065823793411255, 1.2691922187805176, 6.494579315185547, 5.567351818084717, 5.767324924468994, 6.0182976722717285, 6.015743255615234, 5.883713245391846, 5.3944525718688965, 6.533851623535156, 6.097705364227295, 5.747808933258057], "NO2": [8.827767487673555e-06, 2.667339504114352e-05, 0.0002651842951308936, 0.000514550949446857, 0.00017007214773911983, 0.25774821639060974, 0.6005040407180786, 0.35409700870513916, 1.2019002437591553, 1.6038435697555542, 0.9603460431098938, 1.20346999168396, 0.7271451950073242, 2.0878067016601562, 0.1659485101699829, 0.564378559589386, 1.2774085998535156, 1.0814473628997803, 1.170600414276123, 1.5470974445343018, 0.2973765432834625, 0.0782662034034729, 0.18262659013271332, 0.956035315990448], "SO2": [3.8167347971365673e-13, 3.816734526086024e-13, 3.816734526086024e-13, 4.034673799484939e-13, 5.859035045324701e-13, 3.816734526086024e-13, 3.816734526086024e-13, 7.240309969347436e-07, 1.925297056004638e-06, 0.0022226059809327126, 0.03527630865573883, 0.10453394800424576, 0.0611688569188118, 3.816734526086024e-13, 3.8167347971365673e-13, 0.0001606342993909493, 0.03879554197192192, 0.09223344177007675, 0.17449374496936798, 0.20044155418872833, 0.17139801383018494, 3.816734526086024e-13, 3.8167347971365673e-13, 3.816734526086024e-13], "O3": [3.201081710813014e-08, 4.2114827181194414e-09, 2.797612419502826e-10, 7.115017464087714e-09, 0.0012360572582110763, 0.44361966848373413, 5.732268333435059, 3.08366060256958, 2.791994571685791, 5.947195053100586, 6.403922080993652, 14.446868896484375, 9.757911682128906, 13.162982940673828, 59.230560302734375, 48.6262321472168, 48.72561264038086, 45.09779739379883, 37.301876068115234, 35.562992095947266, 33.123252868652344, 47.506736755371094, 48.59186935424805, 39.66423416137695], "PM10": [0.0054343570955097675, 0.0029838618356734514, 0.0027245383244007826, 0.0027156095020473003, 0.002675418509170413, 0.01002544816583395, 0.010443093255162239, 0.012197683565318584, 0.009282013401389122, 0.03283346816897392, 0.030153892934322357, 0.06033321097493172, 0.039965420961380005, 0.03839586675167084, 0.29013553261756897, 0.19783984124660492, 0.2996824383735657, 0.3435611128807068, 0.2778984010219574, 0.2294345498085022, 0.2010095864534378, 0.6434875726699829, 0.3482600748538971, 0.21578526496887207], "PM25": [2.731531700640369e-16, 1.392228880128083e-16, 2.0448123117992558e-16, 3.917859079153284e-14, 8.156576949231928e-14, 1.0452555704656974e-12, 2.383053823717951e-12, 2.952113206666773e-11, 3.6343320020115755e-10, 1.685995787426009e-10, 4.1477075246598716e-11, 4.409960938089874e-11, 1.4883567711621026e-09, 7.741969731966947e-09, 4.04695654765419e-09, 5.151188919860772e-10, 6.649808481640207e-10, 2.527268394558746e-10, 1.0156427782126443e-10, 3.371833923182521e-10, 4.6129861042132347e-10, 4.0029118908435635e-11, 1.2016776462786538e-12, 1.7943083130411708e-10]}