{"CO": [4.411756648892151e-08, 0.0019971898291260004, 0.0017702801851555705, 0.004515031818300486, 0.006384721025824547, 0.062479328364133835, 0.058991070836782455, 0.07233186066150665, 0.4515463709831238, 0.6164407730102539, 1.3505860567092896, 1.1187593936920166, 1.0105104446411133, 1.6658185720443726, 5.411612510681152, 5.169458389282227, 5.111763954162598, 5.463818550109863, 5.404858589172363, 5.564403533935547, 5.727484703063965, 5.884913921356201, 6.195827007293701, 6.13683557510376], "NO2": [0.0010122198145836592, 0.013633590191602707, 0.011574823409318924, 0.025578023865818977, 0.06645454466342926, 0.1883920580148697, 0.12402473390102386, 0.5803171396255493, 0.6889520287513733, 1.220890998840332, 3.6607308387756348, 3.670224189758301, 0.8241238594055176, 0.2541519105434418, 0.1592765897512436, 1.2229547500610352, 1.8799865245819092, 5.036672115325928, 5.892357349395752, 5.835586071014404, 1.480536937713623, 0.31651508808135986, 0.2259209305047989, 1.7457002401351929], "SO2": [0.004208460450172424, 0.37225231528282166, 0.5113726854324341, 1.5620471239089966, 1.8030515909194946, 1.354563593864441, 0.6510655283927917, 0.22051142156124115, 0.02287444844841957, 0.07861216366291046, 0.06963401287794113, 0.03208864480257034, 0.05079008638858795, 0.6270688772201538, 0.31767797470092773, 0.27784550189971924, 0.11176815629005432, 0.054143715649843216, 0.036344245076179504, 0.5571262240409851, 0.17443010210990906, 0.5690765380859375, 0.600978434085846, 0.3764728605747223], "O3": [7.497988008253742e-08, 1.0124610525963362e-05, 5.991518747805458e-08, 3.5121652253167213e-09, 0.2578999996185303, 3.255080223083496, 2.1856956481933594, 2.096376657485962, 6.256248950958252, 3.4056568145751953, 4.797260761260986, 3.658860206604004, 5.860451698303223, 14.469913482666016, 32.82792282104492, 28.87859535217285, 25.1451473236084, 24.778339385986328, 22.316415786743164, 25.653018951416016, 32.10045623779297, 41.0721321105957, 42.91859817504883, 34.70215606689453], "PM10": [0.010389411821961403, 1.8771065473556519, 1.7622804641723633, 4.287176609039307, 5.173110008239746, 4.455021858215332, 2.890730142593384, 1.3802754878997803, 0.4371996521949768, 0.4673079252243042, 0.31768205761909485, 0.16011343896389008, 0.21475887298583984, 2.353118896484375, 0.6035699248313904, 0.7112790942192078, 0.5053697824478149, 0.40281957387924194, 0.4339713454246521, 1.8997663259506226, 0.7360857129096985, 2.1458170413970947, 2.1183059215545654, 1.5743619203567505], "PM25": [2.110052082571201e-05, 0.8434624075889587, 0.7301598191261292, 1.9222040176391602, 2.2608189582824707, 0.4989636540412903, 0.21654927730560303, 0.07013960182666779, 0.016570525243878365, 0.11240678280591965, 0.08317641913890839, 0.027370914816856384, 0.04970128461718559, 0.5730481147766113, 0.14259332418441772, 0.12474268674850464, 0.03527746722102165, 0.021488675847649574, 0.024476902559399605, 0.520733654499054, 0.10884875059127808, 0.5216836333274841, 0.5111902952194214, 0.3461598753929138]}