{"CO": [2.7734867735773605e-09, 4.313571722036613e-09, 1.4007751625300102e-09, 1.877495270363738e-09, 6.837580258434173e-06, 0.00018183594511356205, 0.016534537076950073, 0.027652423828840256, 0.08649376034736633, 0.5025585889816284, 0.992362380027771, 2.2890665531158447, 3.5125784873962402, 2.7807717323303223, 4.8748579025268555, 6.0190229415893555, 6.0009260177612305, 5.637972354888916, 5.728634834289551, 6.092912197113037, 6.407051086425781, 6.125794887542725, 6.358101844787598, 5.958931922912598], "NO2": [1.5332478142227046e-05, 4.1595398215577006e-05, 4.414490831550211e-05, 8.168241038220003e-05, 0.00012325539137236774, 0.002425475511699915, 0.024698704481124878, 0.045296356081962585, 0.6323202252388, 1.4939730167388916, 1.6794601678848267, 1.7044970989227295, 0.218852698802948, 0.6685063242912292, 0.26624444127082825, 0.44416725635528564, 1.0105867385864258, 1.472678303718567, 1.6794757843017578, 2.1773486137390137, 0.33672288060188293, 0.21640877425670624, 0.18287555873394012, 0.40982523560523987], "SO2": [3.816734526086024e-13, 7.995829475956895e-13, 1.850697017857783e-08, 1.1770714181125186e-08, 1.256700410401379e-09, 8.604503286095688e-13, 2.9113298438687707e-08, 1.2763263335102693e-08, 0.0002641932514961809, 0.004423676524311304, 0.02614964358508587, 0.10215319693088531, 0.15695779025554657, 0.06996669620275497, 0.014330687932670116, 4.723664915218251e-06, 0.004658168181777, 0.07298661768436432, 0.16899922490119934, 0.2228994518518448, 0.2453867346048355, 0.16702498495578766, 0.008325048722326756, 1.7215260186276282e-06], "O3": [1.1540916666774592e-08, 4.873868419963401e-09, 5.861027219111747e-10, 7.364253651331865e-11, 0.0009700790978968143, 0.02764004096388817, 0.6995134949684143, 1.1046462059020996, 1.7635583877563477, 3.404207468032837, 5.528534889221191, 12.984136581420898, 20.786510467529297, 18.009784698486328, 37.784934997558594, 60.13840866088867, 48.21198272705078, 42.870845794677734, 37.856380462646484, 36.923824310302734, 36.83193588256836, 37.666439056396484, 47.13533020019531, 45.441429138183594], "PM10": [0.0024731589946895838, 0.0042948233895003796, 0.003367028431966901, 0.002728076186031103, 0.002608777256682515, 0.0026538604870438576, 0.009770390577614307, 0.013131133280694485, 0.010981055907905102, 0.01611444167792797, 0.028172289952635765, 0.06054099276661873, 0.09296082705259323, 0.08051897585391998, 0.13519397377967834, 0.30746960639953613, 0.31121230125427246, 0.23662857711315155, 0.20142948627471924, 0.20245952904224396, 0.20523427426815033, 0.2097354382276535, 0.312447190284729, 0.31061598658561707], "PM25": [1.0868911712207918e-16, 4.022151969124144e-12, 3.7253062856734687e-08, 1.9228039604968217e-08, 2.1734463118150416e-09, 1.238875538614459e-12, 2.039054203262225e-10, 6.854695699942681e-10, 2.800742571196224e-08, 1.0605997147195012e-07, 1.1888412920768587e-08, 1.8337427576398113e-08, 2.536790999485561e-09, 2.1872187616622796e-08, 1.3129239917475388e-09, 5.975207884034717e-09, 1.2131704352214001e-05, 1.5267023627529852e-05, 7.044135941214336e-07, 1.2448495567696227e-07, 3.97933952456242e-08, 4.042058421305228e-08, 6.345588499101495e-10, 1.5656999308166775e-10]}