{"CO": [4.464599498987809e-07, 1.8491704167900025e-08, 8.730188127969996e-09, 6.010699049596724e-09, 1.5372168491012417e-05, 0.0014602713054046035, 0.01020753663033247, 2.321171283721924, 2.695551633834839, 4.749828338623047, 4.119845390319824, 3.134714126586914, 4.080016136169434, 5.433862686157227, 5.62553071975708, 5.544264793395996, 5.886412620544434, 6.2040205001831055, 6.132793426513672, 6.073732852935791, 6.253462314605713, 6.551266670227051, 6.5110273361206055, 6.128200531005859], "NO2": [0.00017448654398322105, 2.5729188564582728e-05, 3.588856998248957e-05, 4.475864261621609e-05, 0.00020164476882200688, 0.005036435555666685, 0.006312499288469553, 0.3023253381252289, 1.051769495010376, 0.6846005320549011, 0.8516100645065308, 0.9553496241569519, 0.28424036502838135, 0.11467370390892029, 0.11881648004055023, 0.308811753988266, 0.6266653537750244, 0.649629533290863, 0.8221074938774109, 0.9009100198745728, 0.31361261010169983, 0.10003720223903656, 0.09723375737667084, 0.28494060039520264], "SO2": [3.816734526086024e-13, 5.206523059908541e-11, 4.3183989717476834e-10, 1.4893632993562278e-09, 2.1654203430365726e-10, 2.286560629727319e-07, 0.00018879084382206202, 0.049437981098890305, 0.025998398661613464, 0.009736190550029278, 0.013743766583502293, 0.06665212661027908, 0.13411396741867065, 0.23094332218170166, 0.20546551048755646, 0.039069764316082, 0.0595318078994751, 0.16667287051677704, 0.1594814509153366, 0.1872936636209488, 0.23040468990802765, 0.2660606801509857, 0.15559642016887665, 0.031574755907058716], "O3": [1.8324806660530157e-05, 4.1344719647895545e-08, 1.2084284684021895e-09, 7.465591339572697e-11, 0.002578263869509101, 0.1544661819934845, 0.25542378425598145, 13.900838851928711, 13.741416931152344, 24.557641983032227, 26.886272430419922, 19.768556594848633, 23.790864944458008, 32.7944221496582, 33.84022903442383, 33.14119338989258, 37.14142608642578, 34.6793212890625, 31.456579208374023, 30.463258743286133, 31.962297439575195, 36.55360412597656, 41.0211067199707, 36.32389450073242], "PM10": [0.006893950514495373, 0.005318406503647566, 0.014468533918261528, 0.047073449939489365, 0.03538608178496361, 0.011053032241761684, 0.009322353638708591, 0.06546022742986679, 0.073463574051857, 0.16387724876403809, 0.2519701421260834, 0.190171480178833, 0.17061038315296173, 0.17036232352256775, 0.17254628241062164, 0.21968722343444824, 0.24325412511825562, 0.2092094123363495, 0.23557764291763306, 0.22427117824554443, 0.2303725779056549, 0.21336275339126587, 0.21759140491485596, 0.2452954798936844], "PM25": [8.260471804533154e-05, 0.0010456793243065476, 0.005270431749522686, 0.02118462137877941, 0.016960084438323975, 0.00013108779967296869, 7.249821010191226e-06, 2.0029098379836796e-09, 5.369189602788538e-05, 0.0021506755147129297, 0.02726922184228897, 0.024330701678991318, 0.014460249803960323, 0.00259182951413095, 8.933746357797645e-06, 5.003402065995033e-07, 7.256788376253098e-05, 0.0006039943546056747, 0.01109490729868412, 0.007143440190702677, 0.00623164651915431, 0.0013456341112032533, 0.00031696073710918427, 1.4950253898859955e-05]}