{"CO": [4.204180470424035e-08, 2.089752371148279e-08, 5.6999178710270826e-09, 4.18870937934912e-09, 4.445014928933233e-05, 0.012315369211137295, 0.12357980757951736, 0.4188190698623657, 0.8376455903053284, 3.186774253845215, 4.246217727661133, 5.090146064758301, 4.357477188110352, 3.444614887237549, 6.114621162414551, 5.694640636444092, 6.212791442871094, 6.620240688323975, 6.7078962326049805, 6.693471431732178, 6.646998882293701, 6.083291053771973, 6.388285160064697, 6.2040696144104], "NO2": [3.196457328158431e-05, 4.375612115836702e-05, 5.864187187398784e-05, 6.971188850002363e-05, 0.000420138007029891, 0.07555107027292252, 0.021791256964206696, 0.21937187016010284, 1.0485907793045044, 1.247352123260498, 1.1904529333114624, 1.297760248184204, 0.22384673357009888, 0.2783828377723694, 0.1444401890039444, 0.7867211699485779, 0.8572380542755127, 1.1748918294906616, 1.3044663667678833, 1.3046603202819824, 0.33576127886772156, 0.2992514371871948, 0.19963166117668152, 0.634377121925354], "SO2": [3.816734526086024e-13, 3.8167347971365673e-13, 8.710983601112332e-10, 7.756485160825832e-07, 9.897245263346122e-07, 8.106724180834135e-08, 5.694191145266814e-07, 3.816734526086024e-13, 0.0007984868716448545, 3.816734526086024e-13, 0.10065451264381409, 0.1660865843296051, 0.1635517030954361, 0.01233762875199318, 7.933547749416903e-06, 3.816734526086024e-13, 0.004112119786441326, 0.1863814890384674, 0.2206607311964035, 0.23594525456428528, 0.2280953973531723, 6.654571188846603e-05, 6.749712611053837e-07, 3.816734526086024e-13], "O3": [1.6150718806784425e-07, 1.1566860358414033e-08, 1.145594508145109e-09, 1.0419372031833518e-09, 0.004645700100809336, 0.9563015103340149, 0.8950762152671814, 2.9067230224609375, 5.035830020904541, 18.834836959838867, 23.76148223876953, 27.687360763549805, 24.356327056884766, 24.13442039489746, 47.58175277709961, 36.63859558105469, 39.12485885620117, 38.79969787597656, 37.33125686645508, 37.3493766784668, 36.406166076660156, 39.37241744995117, 49.874916076660156, 42.24860763549805], "PM10": [0.003291693516075611, 0.0035699941217899323, 0.0030748392455279827, 0.0029964190907776356, 0.0027128944639116526, 0.009893260896205902, 0.010390382260084152, 0.009260149672627449, 0.0159982331097126, 0.08776293694972992, 0.11865946650505066, 0.13985848426818848, 0.12011818587779999, 0.11014381051063538, 0.4833945333957672, 0.18396201729774475, 0.2137836217880249, 0.24277490377426147, 0.237544983625412, 0.22471752762794495, 0.22886230051517487, 0.30836886167526245, 0.3433835506439209, 0.21389688551425934], "PM25": [3.0864817368581043e-09, 1.7762413762056894e-08, 1.410581262462074e-06, 3.525326746967039e-06, 2.128132337020361e-06, 3.977565086188406e-07, 3.101827417140157e-07, 1.3847486002305232e-07, 5.39616129557885e-09, 7.038833871320094e-08, 5.493958497027052e-07, 1.6135352325363783e-06, 3.6056715657650784e-07, 1.7595048973362282e-07, 4.034156972920755e-07, 1.5375718476207112e-08, 1.6131124880303105e-08, 3.6672602732323867e-07, 1.0454166385898134e-06, 7.361452958321024e-07, 1.0468747859704308e-06, 3.5537173062039074e-06, 1.874946207180983e-07, 3.493402545018398e-08]}