{"CO": [1.5185879419732373e-05, 7.917303719295887e-07, 4.094014229849563e-07, 3.053745842862554e-07, 0.00013224183931015432, 0.3020593225955963, 0.3982848525047302, 0.08144111186265945, 0.04893867298960686, 0.05761338770389557, 0.054158154875040054, 0.0636216253042221, 0.16815757751464844, 0.37783774733543396, 6.011560440063477, 5.955286979675293, 5.530858993530273, 5.508373737335205, 5.131775856018066, 4.94777774810791, 5.047210693359375, 4.6985087394714355, 6.249844551086426, 6.149372100830078], "NO2": [0.01623530685901642, 0.001110851881094277, 0.003077395958825946, 0.0026110296603292227, 0.01279406063258648, 0.9627123475074768, 0.9466091990470886, 1.9657599925994873, 1.902390718460083, 2.0781350135803223, 2.1372411251068115, 2.25087833404541, 1.3722833395004272, 0.42592334747314453, 0.9335956573486328, 3.641558885574341, 9.609047889709473, 10.742679595947266, 7.896512031555176, 7.2416462898254395, 2.2695789337158203, 0.5040608644485474, 0.5799856781959534, 5.017319202423096], "SO2": [3.816734526086024e-13, 3.816734526086024e-13, 3.8167347971365673e-13, 4.632298776334476e-13, 5.686651236708196e-13, 3.233031620197835e-08, 3.337157977512106e-05, 5.775041427114047e-05, 0.0002821155940182507, 0.00012366527516860515, 0.00023036234779283404, 0.00045921895070932806, 0.0002691771078389138, 0.00040926216752268374, 0.21355053782463074, 0.11021962761878967, 0.05204285681247711, 0.05989086255431175, 0.0707082450389862, 0.057252977043390274, 0.05395316332578659, 0.050129517912864685, 0.14672303199768066, 0.14817330241203308], "O3": [4.6230084080889355e-06, 1.5892539506623393e-09, 2.8921304370474465e-13, 5.706149528578175e-12, 0.01474546454846859, 17.74269676208496, 11.9284029006958, 1.022422432899475, 0.03871658071875572, 0.007396170869469643, 0.012491703033447266, 0.06173083186149597, 5.437506198883057, 15.652474403381348, 49.901981353759766, 30.609331130981445, 29.870357513427734, 29.498544692993164, 30.682497024536133, 29.3864688873291, 35.719993591308594, 44.553855895996094, 46.005924224853516, 42.61196517944336], "PM10": [0.004207218997180462, 0.0034657674841582775, 0.0047395434230566025, 0.004646001849323511, 0.004079524893313646, 0.008596999570727348, 0.011722566559910774, 0.015216069296002388, 0.017780529335141182, 0.015335425734519958, 0.014315912500023842, 0.012725151143968105, 0.010290607810020447, 0.008580274879932404, 0.1175769567489624, 0.13450895249843597, 0.28860002756118774, 0.34371355175971985, 0.2763108015060425, 0.28368210792541504, 0.266323983669281, 0.20764192938804626, 0.18563172221183777, 0.1448255479335785], "PM25": [9.999999506879345e-17, 1.1493318592888677e-16, 6.925891418771283e-16, 2.0804419385150874e-13, 7.492701663107393e-14, 1.567874411030623e-12, 1.344191424834662e-11, 3.9094674164630305e-09, 7.166867987962178e-09, 1.0040295705948665e-08, 1.4512890444962068e-08, 7.971225457481523e-09, 2.753386185716522e-09, 1.708246766263244e-09, 5.781948253513747e-09, 5.547269865679993e-10, 2.3828621298349617e-09, 2.784781516496082e-09, 2.3570624563262754e-08, 2.0431466296599865e-08, 5.281321602268463e-09, 2.6862423396778468e-09, 2.1021795415521183e-09, 4.2223757823478536e-10]}