{"CO": [1.4396941878658254e-06, 5.431000431599387e-07, 6.719532308352427e-08, 1.7133538676716853e-07, 2.3251097445609048e-05, 0.09392359107732773, 0.07284791767597198, 0.07788579165935516, 0.10529427975416183, 0.055282194167375565, 0.0735994204878807, 0.07930121570825577, 0.08397415280342102, 0.3477999269962311, 5.557121753692627, 4.351125717163086, 5.457108497619629, 5.604166030883789, 5.091636657714844, 4.8086771965026855, 4.653175354003906, 5.120574951171875, 6.531585693359375, 5.018072605133057], "NO2": [0.0005693584680557251, 0.0002729773987084627, 0.00020080985268577933, 0.0004286913317628205, 0.0004179645038675517, 0.5878439545631409, 0.5087652206420898, 0.8775425553321838, 3.3535714149475098, 2.063232660293579, 2.210271120071411, 1.67729651927948, 0.4799240827560425, 0.7172425985336304, 0.22815218567848206, 2.0578882694244385, 4.460038661956787, 3.5754027366638184, 2.716892719268799, 3.2688353061676025, 0.8012157082557678, 0.4961077868938446, 0.17818784713745117, 2.24461030960083], "SO2": [3.816734526086024e-13, 3.816734526086024e-13, 4.560810279788385e-13, 3.923123111093663e-12, 1.4096700152663177e-12, 4.59207505354442e-10, 3.816734526086024e-13, 6.770324745275502e-09, 2.8955537345609628e-06, 2.130591201421339e-05, 0.000440433417679742, 0.0013087812112644315, 9.467980817134958e-07, 3.8167347971365673e-13, 0.016274789348244667, 0.0028449196834117174, 0.0006322611588984728, 0.04411793127655983, 0.06337670236825943, 0.08773186057806015, 0.04761729761958122, 0.015008322894573212, 0.015827534720301628, 3.816734526086024e-13], "O3": [1.3534304343920667e-07, 1.0729672084153208e-07, 1.3653236319299822e-09, 2.0194548255858535e-09, 0.0021552075631916523, 4.789254188537598, 2.639777421951294, 2.3802261352539062, 0.6282992362976074, 0.03605085611343384, 0.10016536712646484, 0.46255630254745483, 3.1528477668762207, 13.631583213806152, 47.161170959472656, 28.87114143371582, 31.996675491333008, 36.99211883544922, 35.279483795166016, 30.80324363708496, 32.37096405029297, 43.15338134765625, 52.01299285888672, 31.47726821899414], "PM10": [0.002560107037425041, 0.0028448293451219797, 0.0035894352477043867, 0.0033091993536800146, 0.003121103858575225, 0.009234406054019928, 0.013551857322454453, 0.014667674899101257, 0.011876612901687622, 0.013801755383610725, 0.011082998476922512, 0.011201388202607632, 0.01206562202423811, 0.009447833523154259, 0.41540107131004333, 0.18077877163887024, 0.6537430882453918, 0.3145062327384949, 0.2432180792093277, 0.21365413069725037, 0.24115988612174988, 0.25523629784584045, 0.33326438069343567, 0.33352234959602356], "PM25": [1.1433957465153911e-16, 1.2197124886207175e-16, 5.187109964645276e-13, 7.739769762593607e-12, 2.4525965026250818e-12, 4.0719807896643506e-14, 1.0451356446949944e-09, 3.1659048715937388e-09, 4.7705075445492184e-09, 2.366425988498122e-08, 1.9806763873475575e-07, 3.05405016831628e-08, 6.6511103291588825e-09, 3.787850477721122e-09, 5.874543074213534e-10, 3.1880492690206097e-10, 1.4607776099850867e-09, 8.767391079800291e-08, 2.3280955474547227e-07, 2.435846795378893e-07, 1.2971564444796968e-07, 2.676816990287989e-08, 1.2929034232112002e-10, 5.352451371010147e-09]}