{"CO": [2.2272075739238062e-08, 1.565813079196232e-08, 3.139313475841732e-09, 9.701222047908686e-09, 6.368180947902147e-06, 0.005004578270018101, 0.012462317012250423, 0.06075253337621689, 0.09927833825349808, 0.1901145577430725, 0.2614451050758362, 0.9592682123184204, 1.374971628189087, 0.652391791343689, 6.031580924987793, 3.5850977897644043, 4.950239658355713, 5.16209077835083, 5.089798450469971, 5.451786994934082, 5.619009017944336, 5.095067024230957, 6.108977794647217, 5.776122093200684], "NO2": [0.00012878194684162736, 0.00011145694588776678, 0.00015470771177206188, 0.0004568840377032757, 0.0001562008837936446, 0.07983092963695526, 0.024818681180477142, 1.0870836973190308, 2.8758063316345215, 2.764214038848877, 2.566925287246704, 3.4456992149353027, 0.5516465306282043, 0.7740033268928528, 0.36764955520629883, 2.1862215995788574, 3.9500794410705566, 3.727327823638916, 4.121994972229004, 4.32496452331543, 0.7145928740501404, 0.7851065993309021, 0.41207626461982727, 1.137133002281189], "SO2": [3.816734526086024e-13, 3.816734526086024e-13, 1.3934704085061256e-12, 1.022774434589202e-10, 2.457411010792221e-11, 5.373180741487238e-13, 1.7471903390742227e-07, 3.816734526086024e-13, 2.4149253707861362e-09, 2.816633468682994e-06, 0.00020054054039064795, 0.03524197265505791, 0.05413896217942238, 5.72353087591182e-07, 3.816734526086024e-13, 3.816734526086024e-13, 4.1367286030435935e-05, 0.03946366533637047, 0.08592697232961655, 0.14854975044727325, 0.17301732301712036, 1.5744264601380564e-05, 3.816734526086024e-13, 3.816734526086024e-13], "O3": [1.9463479716819165e-09, 3.051622066152504e-09, 1.598775556388432e-10, 7.68613818424857e-12, 0.0006285622366704047, 0.466441810131073, 0.5763818621635437, 1.5735411643981934, 0.8560560941696167, 1.0205727815628052, 0.9275234937667847, 3.4112815856933594, 8.844938278198242, 14.872660636901855, 56.21794891357422, 30.116168975830078, 36.68545150756836, 38.05680465698242, 34.517784118652344, 31.867839813232422, 32.927127838134766, 39.97883605957031, 50.73188018798828, 43.75579071044922], "PM10": [0.003127708099782467, 0.003793025854974985, 0.003391482401639223, 0.002881385385990143, 0.0027545662596821785, 0.009397800080478191, 0.012330453842878342, 0.014069474302232265, 0.012583276256918907, 0.0073235235176980495, 0.009949393570423126, 0.02670116350054741, 0.03623221442103386, 0.012224041856825352, 0.24638602137565613, 0.19984383881092072, 0.30777671933174133, 0.25182482600212097, 0.2287973016500473, 0.21252846717834473, 0.2060408741235733, 0.24998410046100616, 0.3224393427371979, 0.35028567910194397], "PM25": [1.4255373919876742e-16, 1.816743132097319e-16, 1.2119468623117413e-11, 2.0177566562029625e-10, 4.907769676765206e-11, 6.72696360420888e-12, 3.051092989370119e-10, 5.106369216356654e-10, 1.2583181163705603e-09, 9.469294237618442e-10, 6.226038573586834e-10, 9.944973733411189e-10, 1.2251400782758992e-08, 1.1692202761537374e-08, 1.7349702119417998e-08, 7.035814708622468e-10, 1.1904184304967202e-09, 1.503866364771511e-08, 9.185717431137164e-08, 7.024986103942865e-08, 3.1569609149073585e-08, 1.1092845397797646e-07, 1.773836611450308e-13, 1.868694365914081e-10]}