{"CO": [5.986388718071112e-09, 6.180306821867987e-10, 8.832874015540781e-11, 6.424756560097222e-11, 4.1568296182958875e-06, 0.0013097840128466487, 1.2079696655273438, 3.2016472816467285, 5.1007771492004395, 4.0579304695129395, 2.3834590911865234, 1.3782161474227905, 3.651324987411499, 4.464512348175049, 2.965259552001953, 5.068093299865723, 6.228939056396484, 6.061788082122803, 5.716650009155273, 5.474154949188232, 5.8138861656188965, 6.250887870788574, 6.005964279174805, 5.844786643981934], "NO2": [1.833637543313671e-05, 8.195100235752761e-05, 0.0006929453229531646, 0.0011100538540631533, 2.5006245778058656e-05, 0.002146188635379076, 0.325848251581192, 0.7462945580482483, 1.1653140783309937, 2.0613138675689697, 3.3283767700195312, 4.050787925720215, 0.4086598753929138, 0.3004964590072632, 0.8009392023086548, 0.9982616305351257, 2.4816997051239014, 3.765810966491699, 5.264547348022461, 5.348669528961182, 0.5948480367660522, 0.1589374840259552, 0.3049740493297577, 0.6270220279693604], "SO2": [3.816734526086024e-13, 3.8167347971365673e-13, 3.816734526086024e-13, 3.8167347971365673e-13, 3.0131523942600325e-08, 3.294424823252484e-05, 1.4682929538878398e-08, 3.816734526086024e-13, 3.816734526086024e-13, 3.816734526086024e-13, 0.0006714098271913826, 0.048459503799676895, 0.15081442892551422, 0.17436003684997559, 3.816734526086024e-13, 3.816734526086024e-13, 0.05351835489273071, 0.06749916821718216, 0.1092737540602684, 0.1581764817237854, 0.2145114243030548, 0.2675391435623169, 0.0005734655424021184, 3.816734526086024e-13], "O3": [5.037369188443108e-09, 3.266863168871481e-10, 2.5424866205436825e-12, 3.6891133594132985e-13, 0.00027522307937033474, 0.03527285158634186, 7.401287078857422, 16.496755599975586, 30.619901657104492, 22.716215133666992, 12.109321594238281, 6.467296600341797, 19.73788833618164, 26.329633712768555, 20.776960372924805, 34.54972457885742, 37.347267150878906, 32.982093811035156, 26.253664016723633, 22.32862663269043, 29.245481491088867, 33.181907653808594, 37.18933868408203, 35.703975677490234], "PM10": [0.003281238954514265, 0.0035305474884808064, 0.003125894581899047, 0.0025519432965666056, 0.00243687117472291, 0.0033184741623699665, 0.03419863432645798, 0.11078593879938126, 0.23533929884433746, 0.17290924489498138, 0.10472068935632706, 0.05358467251062393, 0.10538933426141739, 0.1287454217672348, 0.12258146703243256, 0.3200612962245941, 0.3226591646671295, 0.26676055788993835, 0.24777071177959442, 0.19229765236377716, 0.18542800843715668, 0.19310781359672546, 0.25411754846572876, 0.2066587656736374], "PM25": [1.3316668080742833e-11, 2.2669648558348854e-07, 6.822579962317832e-06, 3.279954762547277e-05, 2.1905060876292737e-08, 3.4783856350806275e-10, 1.8381528243960332e-10, 2.9137105055088153e-12, 3.906924206376061e-08, 2.60389398931693e-09, 1.421842739546264e-06, 1.2480063560360577e-05, 1.8475004637252823e-08, 9.534454337156717e-10, 1.4294696537575646e-09, 1.3260854003424583e-12, 1.0734822808444733e-08, 9.437762793496063e-10, 2.4478558771079406e-06, 5.651964784192387e-06, 9.273039225377033e-09, 2.0862128691234716e-10, 1.7491458947915817e-08, 5.310592143814574e-08]}