{"CO": [0.00012344669084995985, 1.2560000186567777e-06, 1.3400250281847548e-05, 1.8071537851938047e-05, 1.7358835975755937e-05, 0.0008122269646264613, 0.08870252221822739, 0.03353828564286232, 0.16795885562896729, 0.3573654592037201, 0.5947085022926331, 2.2344343662261963, 3.8749985694885254, 5.532683372497559, 5.781120777130127, 5.734756946563721, 5.910358905792236, 6.0740156173706055, 5.970746040344238, 5.987448215484619, 6.249772548675537, 6.6412177085876465, 6.451754093170166, 6.508297443389893], "NO2": [0.0004123351245652884, 1.700918255664874e-05, 0.00011735683801816776, 0.0001371708931401372, 6.768975435988978e-05, 0.0029833924490958452, 0.05449850857257843, 0.15527735650539398, 0.6713390946388245, 1.9983644485473633, 1.1513679027557373, 1.3868359327316284, 0.17240460216999054, 0.09092864394187927, 0.14342497289180756, 0.8689985275268555, 1.889485478401184, 1.2159115076065063, 1.7409788370132446, 1.5105116367340088, 0.2043105661869049, 0.09590908885002136, 0.1885000765323639, 0.6295040845870972], "SO2": [0.013568214140832424, 0.0002188052167184651, 0.00461303535848856, 0.004917476326227188, 0.0030307744164019823, 0.03180607780814171, 1.585495114326477, 0.5438036322593689, 0.3014584183692932, 0.013704478740692139, 0.04108306020498276, 0.051096413284540176, 0.1372966319322586, 0.24310755729675293, 0.5674640536308289, 1.6839008331298828, 0.035585395991802216, 0.011425801552832127, 0.07426951080560684, 0.10236304998397827, 0.19761458039283752, 0.28585049510002136, 1.03709077835083, 0.002047003945335746], "O3": [5.393175524659455e-05, 1.2690178152752196e-07, 8.392564865289387e-08, 2.6434477717884874e-08, 0.0006321807741187513, 0.07722066342830658, 3.3553366661071777, 1.4273065328598022, 1.274312138557434, 0.9858347177505493, 3.619926691055298, 14.048208236694336, 23.62930679321289, 32.9620475769043, 33.05703353881836, 29.26961898803711, 39.99209213256836, 44.00226593017578, 41.419471740722656, 42.0914192199707, 42.1427116394043, 41.23432922363281, 38.77886962890625, 49.85668182373047], "PM10": [0.06077873706817627, 0.1680016815662384, 0.030634762719273567, 0.10326912999153137, 0.03520462289452553, 0.4788662791252136, 5.283459663391113, 1.6341028213500977, 1.7445019483566284, 0.28166934847831726, 0.31714287400245667, 0.1439247876405716, 0.11572358012199402, 0.8365728259086609, 1.0465749502182007, 4.734417915344238, 0.6292004585266113, 0.3629513382911682, 0.4721513092517853, 0.6116725206375122, 0.4129451513290405, 0.8240163922309875, 2.8566365242004395, 1.8901000022888184], "PM25": [0.028342897072434425, 0.08631005138158798, 0.013297977857291698, 0.05297120288014412, 0.016871239989995956, 0.14315755665302277, 0.9963653087615967, 0.38475850224494934, 0.48049116134643555, 0.05931964889168739, 0.12206501513719559, 0.03729988634586334, 0.005977055989205837, 0.3615126311779022, 0.3420359194278717, 2.4938416481018066, 0.12262347340583801, 0.025836843997240067, 0.0632520243525505, 0.11543844640254974, 0.06262429803609848, 0.3242000341415405, 0.9359043836593628, 0.2813698947429657]}