{"CO": [6.721361245354274e-08, 4.106001227910383e-08, 2.5238666268023735e-08, 1.2776439461958944e-07, 2.447097358526662e-05, 0.0027245348319411278, 0.030133528634905815, 0.1411258429288864, 0.5932736992835999, 2.436732530593872, 2.544604539871216, 3.6607677936553955, 3.6806647777557373, 5.081604480743408, 5.588861465454102, 5.852741241455078, 6.021018981933594, 6.669931888580322, 6.5473456382751465, 6.650076389312744, 6.587651252746582, 6.660411834716797, 6.645960807800293, 6.253478050231934], "NO2": [3.411698344280012e-05, 3.831339563475922e-05, 3.444239337113686e-05, 3.3165342756547034e-05, 0.0006321888067759573, 0.007806448731571436, 0.01927972212433815, 0.07461287826299667, 0.9747358560562134, 0.8769645690917969, 0.6561086773872375, 1.1367679834365845, 0.19223976135253906, 0.06625021249055862, 0.09469360113143921, 0.30760136246681213, 0.9503664374351501, 0.7598507404327393, 1.246782660484314, 1.8592785596847534, 0.16811341047286987, 0.06040102243423462, 0.09452758729457855, 0.2502783238887787], "SO2": [3.8173118637428727e-13, 2.7100688013148577e-11, 1.8068685676553287e-06, 3.2527404982829466e-05, 0.00023263668117579073, 2.9323833587113768e-05, 1.1952743989240844e-05, 0.0017044784035533667, 0.0053748320788145065, 0.05569517984986305, 0.06006571650505066, 0.11879687011241913, 0.10646352171897888, 0.17542347311973572, 0.096944659948349, 0.006879177875816822, 0.04829096049070358, 0.2139192521572113, 0.19155268371105194, 0.23768354952335358, 0.2029736489057541, 0.23170995712280273, 0.0418563038110733, 0.00057309988187626], "O3": [1.312789777330181e-06, 1.758695304943103e-07, 1.952998474052947e-08, 2.4907928164452642e-08, 0.00552841043099761, 0.2536947429180145, 1.2315895557403564, 0.9624029994010925, 3.2460248470306396, 14.227326393127441, 14.598173141479492, 20.832202911376953, 20.936290740966797, 31.006519317626953, 34.92999267578125, 39.673091888427734, 35.728843688964844, 39.31540298461914, 39.32025146484375, 40.07093048095703, 38.6375732421875, 39.351566314697266, 45.28777313232422, 46.63402557373047], "PM10": [0.0026924361009150743, 0.003500452032312751, 0.0035528307780623436, 0.0033081425353884697, 0.003943950403481722, 0.010104491375386715, 0.009338758885860443, 0.01777525432407856, 0.014406958594918251, 0.060071852058172226, 0.06602564454078674, 0.09546269476413727, 0.0971614196896553, 0.14419645071029663, 0.18053469061851501, 0.20216535031795502, 0.17395193874835968, 0.21409451961517334, 0.1995931714773178, 0.19480329751968384, 0.19669082760810852, 0.2022901475429535, 0.2791414260864258, 0.2227179855108261], "PM25": [1.4808202442040397e-09, 1.9707561804693796e-08, 3.796397322730627e-06, 4.7141129471128806e-05, 0.0003093673149123788, 4.280050052329898e-05, 2.334587770747021e-05, 3.141552724628127e-06, 1.0044600458058994e-06, 1.2692946427250718e-07, 3.1061503591445216e-07, 1.0013548035203712e-06, 7.454013029928319e-06, 6.315245627774857e-06, 6.950126135052415e-06, 1.0756806432254962e-06, 1.6574976768879424e-07, 1.3111031371693116e-08, 3.6375481613504235e-06, 3.7874069676036015e-06, 0.0001638138055568561, 0.00018187882960774004, 4.791365427081473e-05, 4.382412726045004e-07]}