{"CO": [4.710455581147244e-09, 4.316678570148724e-08, 1.1805796340524921e-08, 3.776853940706815e-09, 2.334401187908952e-06, 0.0003699592489283532, 0.0060140290297567844, 0.11987286806106567, 0.0781397745013237, 0.08044400066137314, 0.23860551416873932, 1.1266332864761353, 3.1552178859710693, 1.9395519495010376, 5.711273670196533, 6.057322978973389, 5.702193260192871, 5.063042640686035, 4.842185020446777, 5.839198112487793, 6.287917137145996, 5.815179824829102, 6.379397392272949, 5.775984764099121], "NO2": [2.1565521819866262e-05, 5.1878003432648256e-05, 4.320379957789555e-05, 4.6335902879945934e-05, 2.0880937881884165e-05, 0.009821337647736073, 0.006573934108018875, 0.4299537241458893, 1.4055143594741821, 1.7785853147506714, 1.1255820989608765, 1.235238790512085, 0.16046229004859924, 0.4754909574985504, 0.17379331588745117, 0.3363220691680908, 1.5279399156570435, 1.3337048292160034, 1.3723703622817993, 1.1415865421295166, 0.17324474453926086, 0.2650960683822632, 0.12481191009283066, 0.6597862839698792], "SO2": [3.816734526086024e-13, 3.816734526086024e-13, 8.070021734196686e-11, 4.1668959949170414e-10, 3.8167328997827654e-13, 8.072340539067024e-12, 8.163051345988492e-10, 3.876155852452351e-13, 2.692003545234911e-05, 0.00015030321083031595, 0.005188966169953346, 0.05124437436461449, 0.13972480595111847, 0.022370703518390656, 5.305856575432699e-06, 3.816734526086024e-13, 0.0014715493889525533, 0.04923970624804497, 0.10817058384418488, 0.20772390067577362, 0.24581006169319153, 0.15596184134483337, 0.00015541905304417014, 3.816734526086024e-13], "O3": [2.0012307366812365e-09, 1.726415987945984e-08, 1.8513068855696702e-09, 3.3870967142135555e-10, 0.0002279088512295857, 0.09472845494747162, 0.37563103437423706, 4.314332008361816, 1.7724257707595825, 0.6154001951217651, 1.6230108737945557, 6.555728912353516, 19.48099136352539, 15.170876502990723, 37.964698791503906, 48.13362121582031, 42.85172653198242, 37.79970169067383, 34.64887619018555, 36.30745315551758, 36.1300163269043, 38.694305419921875, 53.01012420654297, 42.91780090332031], "PM10": [0.0023772278800606728, 0.003479980630800128, 0.00340627646073699, 0.0027348899748176336, 0.0025954642333090305, 0.005333686713129282, 0.014065553434193134, 0.01063493825495243, 0.011826183646917343, 0.0110301673412323, 0.008429648354649544, 0.029952187091112137, 0.08068256080150604, 0.05470295250415802, 0.35265111923217773, 0.5744513273239136, 0.3155665397644043, 0.2187054455280304, 0.17947515845298767, 0.19492106139659882, 0.19765089452266693, 0.21789880096912384, 0.4667087197303772, 0.2876569628715515], "PM25": [1.1681046240290851e-16, 1.0909990824916282e-16, 1.6982329431591836e-10, 7.591905992754278e-10, 8.052264502964382e-14, 1.0287216391235976e-11, 4.1125067795633186e-09, 1.8666754808549513e-09, 1.7821911058035766e-08, 1.1074840813307674e-06, 1.176400843405645e-07, 4.4474720795051326e-08, 8.179821264775455e-09, 1.393464454935156e-08, 5.88970539006084e-10, 4.580364976192186e-09, 7.17770774372184e-07, 5.828092071169522e-06, 8.594921041549242e-07, 1.2819178607514914e-07, 5.41140678933516e-08, 5.5112700181325636e-08, 1.9578978195655683e-12, 1.1676979383423713e-09]}