{"CO": [5.260508260107599e-06, 1.32200898406154e-06, 1.7688475395516434e-07, 5.889786507395911e-07, 0.00016058825713116676, 0.20669132471084595, 0.20276522636413574, 0.09228020906448364, 0.13723234832286835, 0.10937155783176422, 0.14709866046905518, 0.14737340807914734, 0.13112331926822662, 0.45685136318206787, 0.41665706038475037, 6.223755359649658, 3.80548095703125, 4.438591957092285, 4.863468170166016, 4.772524833679199, 4.747649192810059, 4.777357578277588, 4.1461005210876465, 4.816224575042725], "NO2": [0.003890825668349862, 0.002838611602783203, 0.003188376547768712, 0.004032650496810675, 0.022495711222290993, 0.3922651410102844, 0.1663946658372879, 2.6853060722351074, 3.09002685546875, 4.032217979431152, 3.7950620651245117, 2.8136909008026123, 1.1927987337112427, 0.7886959314346313, 0.2038254588842392, 1.1947057247161865, 8.417034149169922, 11.686612129211426, 14.030769348144531, 9.798626899719238, 1.3598177433013916, 0.337584525346756, 0.3618229329586029, 2.091428518295288], "SO2": [3.816734526086024e-13, 3.816734526086024e-13, 3.8167960545593127e-13, 2.401055699749466e-12, 3.816727478771903e-13, 1.1263218802071151e-08, 3.8166320689807243e-13, 2.723494981182739e-05, 0.0013916409807279706, 0.00019669260655064136, 4.6224409743444994e-05, 0.0019406960345804691, 0.00011608031491050497, 0.00014223568723537028, 0.0005094181979075074, 0.2047753930091858, 0.05053580924868584, 0.05625559017062187, 0.04775112867355347, 0.06758970022201538, 0.04841366782784462, 0.048460233956575394, 0.038835152983665466, 0.06433118879795074], "O3": [5.976125976303592e-07, 1.7971453214471467e-09, 7.440662127232434e-13, 8.462346379189967e-10, 0.017452649772167206, 13.084943771362305, 8.358043670654297, 1.3370273113250732, 0.44249477982521057, 0.00043256260687485337, 3.8940271451792796e-07, 0.0038178537506610155, 5.920106410980225, 20.16438865661621, 15.303001403808594, 38.107173919677734, 23.174964904785156, 23.296985626220703, 23.557294845581055, 24.698278427124023, 35.59005355834961, 44.62935256958008, 36.77646255493164, 32.08797836303711], "PM10": [0.005878807511180639, 0.008427918888628483, 0.009037240408360958, 0.007943199947476387, 0.0063973283395171165, 0.008934005163609982, 0.008810421451926231, 0.015020889230072498, 0.00971917249262333, 0.012307212688028812, 0.009450053796172142, 0.009164136834442616, 0.01252331305295229, 0.008403311483561993, 0.01250850223004818, 0.13029523193836212, 0.12961217761039734, 0.26069995760917664, 0.33275318145751953, 0.24720649421215057, 0.27652978897094727, 0.24372968077659607, 0.17912286520004272, 0.14285439252853394], "PM25": [1.0003733731036655e-16, 1.364682442241087e-16, 1.3338731805017084e-14, 5.1357858937839396e-12, 3.8968136985458035e-14, 1.0173232292383719e-13, 1.0030576072786245e-16, 1.0212161116740504e-09, 9.590632288336565e-09, 4.400750430733069e-09, 1.0088259116969311e-08, 2.1043588205316155e-08, 4.113148044382342e-09, 2.4680570920310174e-09, 5.176885031765721e-10, 4.214948834402321e-09, 2.027168433116344e-09, 2.4014632504787414e-09, 4.957725607823704e-08, 1.630582602274444e-07, 2.7077840414335697e-08, 1.7570391364074567e-08, 8.604698287228985e-09, 1.1644862851767357e-10]}