{"CO": [3.886453043833171e-07, 1.1154683221548112e-07, 0.0021655545569956303, 1.4505446415569168e-05, 5.209869777900167e-05, 0.027822477743029594, 0.03446738421916962, 0.83417147397995, 0.10205966979265213, 0.4981122612953186, 1.6243083477020264, 3.262075185775757, 4.2209153175354, 5.326669216156006, 5.816955089569092, 5.864372730255127, 5.94148588180542, 6.274810791015625, 6.489762306213379, 6.668122291564941, 6.575713634490967, 6.718764781951904, 6.676448345184326, 6.533341884613037], "NO2": [0.00018241608631797135, 5.035272261011414e-05, 0.013304459862411022, 9.57037991611287e-05, 0.0024241951759904623, 0.06069732829928398, 0.07234209030866623, 0.21948666870594025, 0.771924614906311, 1.8164732456207275, 2.1047799587249756, 0.753374457359314, 0.280652791261673, 0.09277348965406418, 0.1166103333234787, 0.3298773467540741, 1.046703577041626, 1.853369951248169, 1.9181805849075317, 0.838192880153656, 0.34394362568855286, 0.0936693325638771, 0.09185529500246048, 0.5061247944831848], "SO2": [5.308192498887365e-07, 3.130808909190819e-05, 0.6697206497192383, 0.0037664335686713457, 0.0002302543871337548, 0.00010415497672511265, 5.511572908289963e-06, 0.0090755270794034, 0.0004755439003929496, 0.0036110214423388243, 0.02205939032137394, 0.1405584216117859, 0.17275923490524292, 0.19344985485076904, 0.20895156264305115, 0.012794407084584236, 0.0022998496424406767, 0.05226866900920868, 0.12779608368873596, 0.2932223081588745, 0.2324182540178299, 0.2607695162296295, 0.17004194855690002, 0.0007577063515782356], "O3": [7.551073395006824e-06, 2.9415410551791865e-08, 2.1790565085666458e-07, 2.9925877331749007e-09, 0.009430632926523685, 1.8096601963043213, 1.679205060005188, 5.618844985961914, 0.8133025169372559, 2.1330339908599854, 7.540744781494141, 16.314517974853516, 23.61212921142578, 32.65065383911133, 35.32566452026367, 45.90848159790039, 39.33205795288086, 37.264827728271484, 35.54094314575195, 32.34604263305664, 35.51491165161133, 41.413875579833984, 37.538387298583984, 51.78712463378906], "PM10": [0.00476401811465621, 0.005699728615581989, 2.1278281211853027, 0.021640613675117493, 0.0033483353909105062, 0.010797691531479359, 0.010391480289399624, 0.024947628378868103, 0.00871721375733614, 0.01738058403134346, 0.06348807364702225, 0.12724892795085907, 0.11277095228433609, 0.15752719342708588, 0.17253190279006958, 0.18436165153980255, 0.1961027979850769, 0.2723400294780731, 0.29298901557922363, 0.3296208679676056, 0.2094007134437561, 0.2334451973438263, 0.2808942198753357, 0.295293390750885], "PM25": [3.1554820907331305e-06, 8.331239951075986e-05, 1.0330346822738647, 0.008947874419391155, 0.00013819077867083251, 0.00031845818739384413, 4.4240267015993595e-05, 6.99824740877375e-05, 4.7859267660044225e-09, 0.0025338612031191587, 0.009557471610605717, 0.0069840047508478165, 3.0534355044409267e-09, 0.0003648271085694432, 0.00010039890912594274, 5.817322734635866e-10, 5.2921609494660515e-06, 8.114117372315377e-05, 0.0024087766651064157, 0.03622133284807205, 0.0007280081044882536, 0.0063002100214362144, 0.021361960098147392, 9.745575516717508e-05]}