{"CO": [9.547175068291835e-07, 1.1993186888048513e-08, 7.994686690437902e-09, 6.308597200188615e-09, 2.620272607600782e-05, 0.03965958207845688, 0.04661446809768677, 0.9434087872505188, 2.0767226219177246, 4.015174865722656, 4.5856428146362305, 3.26627254486084, 4.050092697143555, 4.096381664276123, 5.167026996612549, 5.912819862365723, 5.684899806976318, 5.751402378082275, 6.07243013381958, 6.012563228607178, 6.222177982330322, 6.2219157218933105, 6.325544357299805, 6.3684258460998535], "NO2": [0.0006611719145439565, 2.0111227058805525e-05, 4.6631877921754494e-05, 3.7115412851562724e-05, 0.00028121736249886453, 0.07212463021278381, 0.08715857565402985, 0.18427811563014984, 0.6927966475486755, 1.0288970470428467, 1.2602835893630981, 0.8404650092124939, 0.22075682878494263, 0.12833455204963684, 0.1253485530614853, 0.3953147530555725, 0.7315772771835327, 0.8627627491950989, 1.1088659763336182, 0.8256447911262512, 0.25653916597366333, 0.1323230117559433, 0.09471496939659119, 0.37973594665527344], "SO2": [3.8167347971365673e-13, 3.816734526086024e-13, 1.710871895543864e-12, 4.636104000699248e-10, 1.0777124748173605e-09, 8.354681391153918e-10, 7.56556328269653e-05, 0.003114640712738037, 0.009863177314400673, 0.0035886699333786964, 0.01113315112888813, 0.06485067307949066, 0.14349357783794403, 0.133384108543396, 0.07954081147909164, 0.00036700547207146883, 0.007813254371285439, 0.07562132179737091, 0.12601988017559052, 0.17172221839427948, 0.2133333832025528, 0.192414790391922, 0.074992835521698, 0.0008183846366591752], "O3": [2.7018677428714e-05, 3.3515267006123395e-08, 3.557678873722381e-10, 1.4753595567462696e-10, 0.0019210099708288908, 2.1531574726104736, 2.2309954166412354, 5.566675662994385, 11.107481002807617, 18.045995712280273, 26.313745498657227, 22.50708770751953, 24.743261337280273, 26.665634155273438, 34.73842239379883, 39.24149703979492, 33.551300048828125, 32.585941314697266, 31.95758628845215, 32.49360275268555, 33.19219970703125, 34.70004653930664, 43.07341384887695, 47.01465606689453], "PM10": [0.31856435537338257, 0.6083409786224365, 1.859881043434143, 0.3929440975189209, 0.36165133118629456, 0.6290128827095032, 0.2831110656261444, 0.07919806987047195, 1.0143176317214966, 2.6344754695892334, 3.0778393745422363, 0.6124853491783142, 0.39125365018844604, 0.8830816149711609, 0.37341025471687317, 0.32835784554481506, 1.195790410041809, 2.7317054271698, 1.6227138042449951, 0.7615641951560974, 0.4102528691291809, 0.9234352111816406, 0.4366571307182312, 0.25984498858451843], "PM25": [0.1627064347267151, 0.31108078360557556, 0.9449145197868347, 0.19676418602466583, 0.18110665678977966, 0.3065798282623291, 0.1421576589345932, 0.02594910003244877, 0.47267499566078186, 1.110323190689087, 1.2205203771591187, 0.2023652344942093, 0.11247149109840393, 0.343759149312973, 0.08195402473211288, 0.006883559282869101, 0.43004941940307617, 1.1280710697174072, 0.6316428780555725, 0.17546917498111725, 0.042649686336517334, 0.3372421860694885, 0.09616032987833023, 0.0006435863324441016]}