{"CO": [0.08616187423467636, 0.05669182538986206, 0.04997827112674713, 0.04306981340050697, 0.028476102277636528, 0.03156166151165962, 0.11124768853187561, 0.09114617854356766, 0.16328153014183044, 0.41255971789360046, 0.6832768321037292, 0.41468244791030884, 2.9103848934173584, 5.573583126068115, 5.304774761199951, 5.803350448608398, 5.877882480621338, 6.182743549346924, 6.04186487197876, 5.966194152832031, 6.394862174987793, 6.781880855560303, 6.659989833831787, 6.638625621795654], "NO2": [0.17097429931163788, 0.11115162074565887, 0.09772581607103348, 0.08434345573186874, 0.02888442948460579, 0.025074541568756104, 0.10796834528446198, 0.37030214071273804, 0.7641475796699524, 1.1285622119903564, 1.3715877532958984, 1.2242496013641357, 0.2620639503002167, 0.09592747688293457, 0.09055864065885544, 0.3994236886501312, 0.6898045539855957, 0.8475481867790222, 0.896974503993988, 0.8794333934783936, 0.3451329469680786, 0.08969448506832123, 0.16644451022148132, 0.3536663353443146], "SO2": [7.899291038513184, 6.185206890106201, 5.446725845336914, 4.720362663269043, 3.0472006797790527, 2.3247299194335938, 3.763509511947632, 5.72844123840332, 5.999371528625488, 6.976278781890869, 5.933546543121338, 5.0575761795043945, 2.671412229537964, 2.2823476791381836, 3.832388162612915, 7.978898048400879, 4.474358081817627, 4.967951774597168, 5.402236461639404, 4.913346767425537, 2.7287113666534424, 2.059248208999634, 4.283191204071045, 6.333582401275635], "O3": [0.00014646259660366923, 2.187892391702917e-07, 1.4025089534186463e-08, 8.867616640984011e-10, 0.11613919585943222, 0.6830657720565796, 4.563521385192871, 1.0837218761444092, 1.4199014902114868, 1.9554293155670166, 3.0049071311950684, 2.0015151500701904, 17.105058670043945, 32.419944763183594, 31.87255096435547, 35.67764663696289, 45.52415084838867, 39.94234848022461, 40.57374954223633, 32.269046783447266, 34.4754753112793, 38.523197174072266, 38.561561584472656, 48.049964904785156], "PM10": [18.709060668945312, 14.224772453308105, 13.144582748413086, 14.900314331054688, 6.310423374176025, 4.643298149108887, 7.420464038848877, 12.585204124450684, 13.185985565185547, 14.725043296813965, 15.650020599365234, 15.107231140136719, 5.34063196182251, 4.258815765380859, 7.126394271850586, 15.663614273071289, 13.133394241333008, 12.709671020507812, 14.589404106140137, 15.717611312866211, 5.353754997253418, 3.7119431495666504, 9.009567260742188, 22.101194381713867], "PM25": [9.901453971862793, 7.58322811126709, 6.927727699279785, 7.758353233337402, 3.3636698722839355, 1.6050323247909546, 2.9735443592071533, 6.589876174926758, 6.878280162811279, 7.730007171630859, 7.961235523223877, 7.665718078613281, 2.6938018798828125, 2.024479866027832, 3.531337261199951, 8.349327087402344, 6.607367038726807, 6.488365650177002, 7.437967777252197, 7.944052219390869, 2.750007390975952, 1.4728258848190308, 4.05914306640625, 11.324982643127441]}