{"CO": [4.827461452805437e-08, 1.4372614209889889e-08, 3.411045383927558e-07, 5.529500981538149e-07, 5.5818643886595964e-05, 0.0039017710369080305, 0.03059934452176094, 0.23409663140773773, 0.8878523707389832, 1.275010347366333, 1.4495923519134521, 2.314683198928833, 3.6021101474761963, 5.683659553527832, 5.840051651000977, 5.7473859786987305, 6.115535259246826, 6.410210609436035, 6.395675182342529, 6.437178134918213, 6.556610107421875, 6.692578315734863, 6.662007808685303, 6.207173824310303], "NO2": [2.716264862101525e-05, 1.5720086594228633e-05, 1.9595170670072548e-05, 4.839392931899056e-05, 0.0016128690913319588, 0.008842766284942627, 0.02762056514620781, 0.051808472722768784, 0.5137293338775635, 0.7318064570426941, 0.8251650929450989, 0.825641393661499, 0.244268998503685, 0.07376197725534439, 0.10396767407655716, 0.25438210368156433, 0.4287410080432892, 0.5264990329742432, 0.6458202004432678, 0.7670568227767944, 0.27652058005332947, 0.0669800415635109, 0.07186440378427505, 0.1347842514514923], "SO2": [3.8167347971365673e-13, 1.7840921628931028e-08, 5.214248085394502e-05, 0.00011112029460491613, 4.821016318601323e-06, 1.5533913028775714e-05, 8.552641702408437e-06, 0.001816536532714963, 0.009271841496229172, 0.013899481855332851, 0.02692943625152111, 0.07722145318984985, 0.11742756515741348, 0.20866788923740387, 0.05984577536582947, 0.0011498950188979506, 0.03176826983690262, 0.08829307556152344, 0.14560116827487946, 0.19892871379852295, 0.19913139939308167, 0.2458018958568573, 0.06015056371688843, 0.0009097359725274146], "O3": [1.4454269603447756e-06, 3.430350759003886e-08, 1.09390785318908e-09, 2.2358648266163073e-10, 0.013356882147490978, 0.3219866156578064, 1.3100801706314087, 1.5754563808441162, 4.9182047843933105, 7.385859966278076, 7.4950761795043945, 12.098347663879395, 20.151966094970703, 33.38927459716797, 39.351905822753906, 37.59016418457031, 37.68593215942383, 38.112937927246094, 35.96843338012695, 33.13634490966797, 35.595542907714844, 39.74506759643555, 45.17021179199219, 46.75664520263672], "PM10": [0.003360079601407051, 0.004582920111715794, 0.003961069043725729, 0.004381058271974325, 0.003333377419039607, 0.009675249457359314, 0.009492915123701096, 0.011929254047572613, 0.021080859005451202, 0.032575782388448715, 0.04007992148399353, 0.06035945564508438, 0.09647990018129349, 0.16299426555633545, 0.21663402020931244, 0.20422819256782532, 0.1924682855606079, 0.2939828336238861, 0.24581670761108398, 0.22410215437412262, 0.20864322781562805, 0.20507559180259705, 0.28719961643218994, 0.23667767643928528], "PM25": [6.602739466288199e-10, 3.973966400394602e-08, 0.0001085756448446773, 0.00020078185480087996, 9.503852197667584e-06, 2.239607783849351e-05, 1.5086633538885508e-05, 1.5129747055198095e-07, 1.5241970174884045e-07, 1.4169521023177367e-07, 3.4739186958177015e-06, 2.517704842830426e-06, 1.2231076880198088e-06, 2.08587175620778e-06, 2.4789269303937544e-08, 1.2505705626608687e-07, 1.7583017708489024e-08, 1.2516579994681365e-09, 3.2014424505177885e-05, 1.159184830612503e-05, 6.536496130138403e-06, 4.8020050599006936e-05, 9.041556950251106e-06, 6.760966897445542e-08]}