{"CO": [8.987134592075563e-09, 1.662105120203705e-08, 1.1577699687848053e-08, 4.352910920601971e-09, 1.0024860785051715e-05, 0.0003189166309311986, 0.6723929643630981, 2.259492874145508, 4.157864093780518, 4.483016490936279, 3.053917169570923, 2.729111671447754, 3.841155767440796, 5.145753860473633, 5.24997091293335, 5.720775127410889, 5.601334571838379, 6.189671993255615, 6.0284576416015625, 5.996598243713379, 6.132180213928223, 6.33847713470459, 6.399868965148926, 6.260375499725342], "NO2": [4.757409442390781e-06, 2.1104320694576018e-05, 4.3242685933364555e-05, 6.58414646750316e-05, 0.00020029640290886164, 0.0015550651587545872, 0.11221423745155334, 0.3744446039199829, 0.8397887349128723, 1.1084445714950562, 1.0730844736099243, 1.0228768587112427, 0.32619842886924744, 0.11771368980407715, 0.12478070706129074, 0.2849009037017822, 0.9302651882171631, 0.7431344985961914, 1.0634582042694092, 1.1155444383621216, 0.39224597811698914, 0.12334419041872025, 0.12198121845722198, 0.3511790931224823], "SO2": [3.816734526086024e-13, 3.8167347971365673e-13, 3.8167347971365673e-13, 3.8167347971365673e-13, 1.5516314899599593e-09, 9.171039891953114e-06, 0.013245733454823494, 0.04329200088977814, 0.013250057585537434, 0.03221077099442482, 0.018936216831207275, 0.0645495131611824, 0.12254247069358826, 0.2122134417295456, 0.09498203545808792, 0.033086929470300674, 0.06281853467226028, 0.13027097284793854, 0.14688950777053833, 0.1607850342988968, 0.21587570011615753, 0.2442399263381958, 0.11499173194169998, 0.007200977299362421], "O3": [2.7741049279939034e-07, 5.25422994002156e-09, 1.310259123421531e-09, 1.546630011561856e-11, 0.0014967370079830289, 0.024566076695919037, 5.052999973297119, 13.601221084594727, 20.976211547851562, 29.17104148864746, 25.876480102539062, 20.7922306060791, 22.64975929260254, 31.222003936767578, 32.08313751220703, 34.18871307373047, 34.004112243652344, 33.8482551574707, 32.54573440551758, 32.102821350097656, 31.358264923095703, 35.355682373046875, 39.84834289550781, 42.6285514831543], "PM10": [0.002386674517765641, 0.00326924747787416, 0.003990724217146635, 0.011507896706461906, 0.005695149302482605, 0.002789917401969433, 0.01977570727467537, 0.06745167821645737, 0.11603690683841705, 0.17736290395259857, 0.13704639673233032, 0.11356166005134583, 0.12938009202480316, 0.1495279222726822, 0.15421311557292938, 0.2356869876384735, 0.19630196690559387, 0.2007341831922531, 0.19875124096870422, 0.19601070880889893, 0.20279651880264282, 0.19319194555282593, 0.230234757065773, 0.23746588826179504], "PM25": [1.2498485375544988e-06, 4.964460003975546e-06, 0.0004268312477506697, 0.004507455974817276, 0.0016270375344902277, 1.6839048839756288e-05, 6.123205054109349e-08, 5.315091655688775e-08, 3.7697188304264273e-07, 0.0002466935256961733, 0.00010000466136261821, 2.1033457642261055e-07, 0.002856515347957611, 0.00015952729154378176, 4.744211068441473e-08, 5.338371758534244e-11, 2.6990664991899393e-07, 3.0414992746585767e-09, 9.969798156816978e-06, 0.00033770938171073794, 0.004708839580416679, 0.0001304074830841273, 4.167919485098537e-07, 8.675131368818256e-08]}