{"CO": [4.5349739963285174e-08, 2.9832470715973614e-08, 3.6634226319165464e-08, 8.362302850173364e-08, 0.00011761391215259209, 0.034369442611932755, 0.11041316390037537, 0.19079263508319855, 0.17723366618156433, 0.41450703144073486, 0.5105373859405518, 0.9770179986953735, 0.293024480342865, 0.5740728974342346, 3.8909590244293213, 2.2151405811309814, 4.540841579437256, 5.330686569213867, 5.492841720581055, 5.3864593505859375, 4.436601161956787, 4.545865535736084, 5.410732269287109, 5.82603645324707], "NO2": [0.00013553406461142004, 0.0004840426263399422, 0.001541776699014008, 0.0014373320154845715, 0.005372058600187302, 0.27667272090911865, 0.746345579624176, 1.759100317955017, 3.838383674621582, 3.9321095943450928, 1.929680347442627, 3.6157004833221436, 0.8963925242424011, 1.8020596504211426, 1.1350780725479126, 1.465908408164978, 3.3385419845581055, 3.9235284328460693, 4.37450647354126, 4.597228050231934, 2.4317195415496826, 1.3330485820770264, 0.9596359729766846, 0.46279171109199524], "SO2": [3.816734526086024e-13, 3.8167347971365673e-13, 3.816734526086024e-13, 9.565400771807675e-13, 4.507531067149406e-12, 1.1833158151258738e-12, 6.537428731689943e-08, 1.233730273497713e-07, 3.816734526086024e-13, 0.0009072226821444929, 0.0052922866307199, 0.036587782204151154, 0.00652738194912672, 1.0616245162964333e-05, 0.009147273376584053, 0.0027055658865720034, 0.0064166695810854435, 0.054542068392038345, 0.11368446052074432, 0.14261364936828613, 0.0686403289437294, 0.00011826965783257037, 0.004532011225819588, 5.83991550229257e-07], "O3": [1.7576519795170498e-08, 1.3395988762709976e-09, 3.654923043903968e-13, 8.643828985910318e-10, 0.011076315306127071, 2.0931966304779053, 4.370263576507568, 5.040261745452881, 0.3028891682624817, 1.3778469562530518, 3.147730588912964, 3.952190637588501, 3.021021842956543, 22.24964714050293, 26.361948013305664, 25.53874397277832, 35.975425720214844, 39.58798599243164, 34.88174057006836, 32.017662048339844, 29.152143478393555, 38.807228088378906, 42.6148567199707, 43.06828308105469], "PM10": [0.0025254860520362854, 0.00414675148203969, 0.0029878884088248014, 0.003012660890817642, 0.0033336535561829805, 0.010663820430636406, 0.011103169992566109, 0.009671124629676342, 0.008223865181207657, 0.014606613665819168, 0.01812446117401123, 0.028435785323381424, 0.009372832253575325, 0.00846888218075037, 0.17926280200481415, 0.08320587128400803, 0.2580833435058594, 0.29192787408828735, 0.27688539028167725, 0.23480668663978577, 0.20089490711688995, 0.22876086831092834, 0.2730616629123688, 0.36461812257766724], "PM25": [1.4179176688826318e-16, 1.9486424408992687e-16, 9.634868484910842e-16, 1.5805221714737527e-12, 1.0246079158726662e-11, 1.863266702387123e-12, 2.457893957807933e-11, 2.0667037525790022e-11, 1.26191046501134e-09, 7.0602657054053e-10, 2.736197379782368e-10, 1.5437623401837186e-09, 1.478960864886858e-08, 8.68941896214892e-09, 1.5345054116266965e-09, 1.2107358171586924e-10, 1.283430806076069e-09, 4.843752621219721e-10, 5.639204103680129e-10, 1.3672281973242661e-08, 8.308788324029592e-08, 8.410344065623576e-08, 2.8781279581835406e-09, 3.5948643367644806e-11]}