{"CO": [7.095578347104947e-09, 1.7955976261418982e-08, 9.239800924376596e-09, 6.589969903103565e-09, 0.00015621382044628263, 0.00024942317395471036, 1.2664806842803955, 2.4600203037261963, 4.837660789489746, 3.8207967281341553, 2.8088855743408203, 2.2572991847991943, 2.332364082336426, 3.653177261352539, 4.850447654724121, 5.610012054443359, 5.645411014556885, 5.9070892333984375, 5.856063365936279, 5.647881507873535, 5.638370990753174, 5.8262434005737305, 6.541248798370361, 6.05172061920166], "NO2": [8.519761649949942e-06, 3.629501588875428e-05, 0.00011331060522934422, 0.000291476579150185, 0.006654691882431507, 0.002840470988303423, 0.2861003875732422, 0.5036293864250183, 0.8439221382141113, 1.4184216260910034, 1.8424878120422363, 3.217320442199707, 0.5251052975654602, 0.17357122898101807, 0.29358506202697754, 0.5934751033782959, 0.9200729131698608, 1.8972156047821045, 2.569261074066162, 3.176557779312134, 0.5646125078201294, 0.18148864805698395, 0.14343415200710297, 0.4470091164112091], "SO2": [3.816734526086024e-13, 3.816734526086024e-13, 3.816734526086024e-13, 4.002359424784552e-13, 5.162205662934127e-10, 2.1523596842598636e-06, 0.015539675951004028, 0.0018915209220722318, 0.0032705089543014765, 0.013094965368509293, 0.014405122958123684, 0.04355398565530777, 0.06193217635154724, 0.1208268254995346, 0.012155501171946526, 0.002114130649715662, 0.06442835181951523, 0.08180853724479675, 0.11481290310621262, 0.14281457662582397, 0.13269533216953278, 0.1720295250415802, 0.04510895162820816, 8.053655619733036e-05], "O3": [6.955149700615948e-08, 3.915638480123107e-09, 3.4566290801896216e-11, 8.961122859377224e-13, 0.04209702089428902, 0.036122292280197144, 7.67141580581665, 14.05019474029541, 26.17414093017578, 26.12942886352539, 21.337905883789062, 16.323347091674805, 18.377798080444336, 25.21311378479004, 31.00094223022461, 38.31845474243164, 34.68695068359375, 33.19763946533203, 30.84426498413086, 27.076751708984375, 30.257734298706055, 33.81242370605469, 41.80763626098633, 37.569313049316406], "PM10": [0.0032759204041212797, 0.003917558118700981, 0.01450743805617094, 0.13866069912910461, 0.10072339326143265, 0.003097986802458763, 0.03672002628445625, 0.08395520597696304, 0.18208742141723633, 0.19123217463493347, 0.1462097018957138, 0.17478662729263306, 0.18708226084709167, 0.13236309587955475, 0.20652244985103607, 0.38763687014579773, 0.2445632964372635, 0.24661047756671906, 0.25390592217445374, 0.2685111165046692, 0.23424333333969116, 0.21019196510314941, 0.2874118387699127, 0.2373332679271698], "PM25": [4.4433227230911143e-07, 1.0478026524651796e-05, 0.004570368677377701, 0.06268665939569473, 0.03918511047959328, 2.796361513901502e-05, 2.3849000996278846e-08, 2.048650031838406e-07, 6.250340334190696e-07, 0.0009539694292470813, 0.0012045901967212558, 0.02230048179626465, 0.027729757130146027, 9.598713950254023e-05, 5.374530598345473e-09, 2.5070843179264557e-08, 1.4878679621688207e-06, 0.000274837453616783, 0.0015839245170354843, 0.011401398107409477, 0.007228901609778404, 5.7356624893145636e-05, 1.2550789563192666e-07, 1.1580292635926526e-07]}