{"CO": [6.925788387235343e-09, 9.115378674096064e-09, 3.290101631137077e-07, 1.8543383362157329e-07, 6.702779501210898e-05, 0.003722024615854025, 0.009190235286951065, 0.26792746782302856, 1.07249116897583, 1.6654143333435059, 1.6371179819107056, 2.4864866733551025, 4.144638538360596, 5.927951335906982, 6.058775901794434, 5.7344136238098145, 6.212133407592773, 6.439070224761963, 6.4133195877075195, 6.447101593017578, 6.566380500793457, 6.74039888381958, 6.635926246643066, 6.171875], "NO2": [2.3384063752018847e-06, 1.3250302799860947e-05, 2.3050912204780616e-05, 4.7900051868055016e-05, 0.002139390679076314, 0.009110593236982822, 0.014426814392209053, 0.0639440193772316, 0.4973568022251129, 0.6315319538116455, 0.7863098382949829, 0.8676978945732117, 0.2540164589881897, 0.06740910559892654, 0.0885622575879097, 0.26788225769996643, 0.40741637349128723, 0.5489663481712341, 0.7472609281539917, 0.7848981618881226, 0.30248451232910156, 0.06419506669044495, 0.06325121968984604, 0.16060595214366913], "SO2": [3.9011323468493564e-13, 7.0596799517375075e-09, 5.1231538236606866e-05, 3.175185338477604e-05, 7.642267519258894e-06, 1.290814543608576e-05, 6.219597253220854e-06, 0.001959604909643531, 0.01058581005781889, 0.02358238399028778, 0.03532503545284271, 0.08818216621875763, 0.1550154685974121, 0.221124067902565, 0.036860011518001556, 0.0018968911608681083, 0.04420149326324463, 0.10232096910476685, 0.1603878140449524, 0.20409844815731049, 0.20756934583187103, 0.2590237855911255, 0.0519791804254055, 0.0003884732723236084], "O3": [3.3869445026368794e-09, 1.8750483832263853e-08, 6.551891806871879e-10, 3.6059888408601637e-10, 0.01719483733177185, 0.320515900850296, 0.4798170328140259, 1.7991621494293213, 6.394007682800293, 9.87014102935791, 8.621068000793457, 12.654814720153809, 22.63351821899414, 34.43735122680664, 42.23680877685547, 38.251930236816406, 40.2310905456543, 38.685997009277344, 34.77843475341797, 32.71259307861328, 35.60871887207031, 38.93691635131836, 45.22136688232422, 47.8084831237793], "PM10": [0.003618646413087845, 0.004737596958875656, 0.004064339213073254, 0.004243653267621994, 0.003387509612366557, 0.009373865090310574, 0.009826281107962132, 0.011613728478550911, 0.026716021820902824, 0.042984817177057266, 0.04523347318172455, 0.06421568244695663, 0.11031420528888702, 0.16946755349636078, 0.26169419288635254, 0.20186232030391693, 0.20450066030025482, 0.28612247109413147, 0.24588993191719055, 0.22193099558353424, 0.2074970304965973, 0.20478709042072296, 0.30132901668548584, 0.23969416320323944], "PM25": [5.662615862322973e-11, 1.7353078973769698e-08, 0.0001068790297722444, 6.453659443650395e-05, 1.4846451449557208e-05, 1.8450740753905848e-05, 6.942445452295942e-06, 5.323742513496654e-08, 8.156667519187977e-08, 6.569376154175188e-08, 1.8437565358908614e-06, 4.0948430068965536e-06, 9.783287850950728e-07, 7.945083666527353e-07, 5.693622142644017e-07, 6.330656532327339e-08, 2.014238109637745e-09, 4.232645380852773e-07, 1.6285808669636026e-05, 1.2593100109370425e-05, 3.3771973448892822e-06, 1.6237559975706972e-05, 3.724005068761471e-07, 5.775389411155629e-08]}