{"CO": [1.1829769391624723e-05, 2.098099457725766e-06, 4.87268437154853e-07, 8.161391065186763e-07, 0.0002531968930270523, 0.22856295108795166, 0.22352808713912964, 0.04666052386164665, 0.15494443476200104, 0.10517162084579468, 0.102134570479393, 0.08939670771360397, 0.15801256895065308, 0.46097153425216675, 0.5232511162757874, 5.656404495239258, 4.521828651428223, 4.479681968688965, 5.0031914710998535, 4.799173355102539, 4.96542501449585, 4.662199974060059, 4.018764972686768, 5.14563512802124], "NO2": [0.016590945422649384, 0.0031258424278348684, 0.004541884642094374, 0.0038231136277318, 0.03442263975739479, 0.38227003812789917, 0.09888124465942383, 1.4609951972961426, 2.3310389518737793, 3.885939598083496, 3.2261548042297363, 2.552414894104004, 1.79697585105896, 0.662104070186615, 0.16334588825702667, 0.7963148355484009, 5.641960144042969, 10.415830612182617, 14.198983192443848, 7.949522495269775, 1.855545163154602, 0.2502143085002899, 0.1830674707889557, 0.802315890789032], "SO2": [3.816734526086024e-13, 3.8167347971365673e-13, 3.8167440128550334e-13, 7.672529061739097e-13, 3.816720702508325e-13, 1.095503271431042e-10, 3.816678418623598e-13, 0.00031048888922668993, 0.0020797294564545155, 0.00033551148953847587, 6.812332139816135e-05, 0.0006232657469809055, 0.0002000806271098554, 0.0004575045604724437, 7.278617317751923e-07, 0.20196329057216644, 0.09730056673288345, 0.07465850561857224, 0.04954586923122406, 0.06451377272605896, 0.05183299630880356, 0.05182228982448578, 0.06199631839990616, 0.07854151725769043], "O3": [2.9805154554196633e-05, 2.625438533243596e-08, 5.393040614781741e-12, 9.08985864356282e-09, 0.0376155748963356, 14.384737968444824, 8.802271842956543, 0.27095741033554077, 0.3826363682746887, 0.0016027122037485242, 0.00016839365707710385, 0.012075264006853104, 7.787208080291748, 20.430526733398438, 18.225461959838867, 41.63887023925781, 30.56661033630371, 23.414674758911133, 22.46734619140625, 26.777481079101562, 35.60764694213867, 42.15497589111328, 34.787662506103516, 35.94664001464844], "PM10": [0.005813876632601023, 0.008200484327971935, 0.008520352654159069, 0.007616277784109116, 0.006427236367017031, 0.008657943457365036, 0.008876047097146511, 0.02015385590493679, 0.010769102722406387, 0.012526984326541424, 0.012186489999294281, 0.012347890064120293, 0.011932545341551304, 0.009210457094013691, 0.010852508246898651, 0.0908166766166687, 0.12837712466716766, 0.28546324372291565, 0.3813370168209076, 0.2783444821834564, 0.287881463766098, 0.23435750603675842, 0.15980355441570282, 0.17536112666130066], "PM25": [1.0000000168623835e-16, 1.256097582963414e-16, 1.9089606943258584e-15, 1.0326250488371103e-12, 4.531498196428882e-14, 1.9101077886946776e-15, 1.142476006377527e-13, 2.9264750622814972e-09, 1.011228611957904e-08, 4.9519148781485e-09, 1.2304818497455017e-08, 1.972626684221268e-08, 4.339296033606388e-09, 2.01758498796778e-09, 8.362851522392134e-10, 4.4549688382744534e-09, 2.775460750115144e-09, 1.9749091251242135e-09, 6.517252870708035e-08, 1.0945839790110767e-07, 7.342876084948102e-09, 4.028347433404633e-09, 4.239959050522657e-09, 3.6056529983952146e-10]}