{"CO": [6.890785152791068e-05, 1.3709215636481531e-05, 4.119985078432364e-06, 1.7673405636742245e-06, 0.052414920181035995, 0.1597522795200348, 0.1278500258922577, 0.12424527108669281, 0.10439487546682358, 0.22459684312343597, 0.16478683054447174, 0.1410789042711258, 0.2775684893131256, 0.5083900094032288, 0.8637178540229797, 2.6778371334075928, 5.044894695281982, 4.198419094085693, 4.538175106048584, 4.92528772354126, 5.002462387084961, 3.954016923904419, 3.6369388103485107, 5.63491678237915], "NO2": [0.19570016860961914, 0.03267848119139671, 0.01610328070819378, 0.016352735459804535, 1.8880213499069214, 0.1980038583278656, 0.04216776043176651, 0.6848354935646057, 3.5142319202423096, 5.164646625518799, 4.953848838806152, 3.1823513507843018, 3.299731492996216, 0.5443792939186096, 0.21805548667907715, 0.23152855038642883, 5.165999889373779, 12.49608039855957, 11.590841293334961, 11.414571762084961, 4.376122951507568, 0.391916424036026, 0.18358220160007477, 1.3761861324310303], "SO2": [3.8167347971365673e-13, 3.816734526086024e-13, 3.816734526086024e-13, 3.8208192577708633e-13, 3.9045023182519845e-13, 3.816519854055872e-13, 9.778736848042868e-12, 2.9803391953464597e-05, 0.0004526971897576004, 0.0018046824261546135, 0.0008644338813610375, 0.0005998614360578358, 0.0002477593661751598, 0.00021126112551428378, 0.004705225583165884, 0.09426789730787277, 0.0982833132147789, 0.06605430692434311, 0.07038840651512146, 0.07127679884433746, 0.0725906640291214, 0.04745251685380936, 0.04258332401514053, 0.11089933663606644], "O3": [1.2690473560894588e-08, 1.40136666715307e-08, 2.00961713936465e-09, 9.974752144051302e-14, 11.142938613891602, 10.343118667602539, 4.9376373291015625, 2.9615814685821533, 0.06832965463399887, 0.009033212438225746, 0.029053544625639915, 5.859448606315709e-07, 23.620546340942383, 23.861352920532227, 20.32347297668457, 17.49506378173828, 22.4361572265625, 12.590914726257324, 10.904252052307129, 15.00423812866211, 34.86031723022461, 42.05377960205078, 28.658178329467773, 33.599361419677734], "PM10": [0.005945216864347458, 0.006450535263866186, 0.007683182135224342, 0.007811548188328743, 0.009068258106708527, 0.008963009342551231, 0.009004089049994946, 0.010872108861804008, 0.012516635470092297, 0.00850642193108797, 0.008694551885128021, 0.02180957794189453, 0.01193162240087986, 0.010895704850554466, 0.009729206562042236, 0.06993824988603592, 0.5087490677833557, 0.700123131275177, 1.028804898262024, 0.7114129662513733, 0.42004096508026123, 0.15744785964488983, 0.14238576591014862, 0.13758109509944916], "PM25": [1.0000000830368325e-16, 1.0410424027515496e-16, 1.228750462516819e-16, 1.765082153245938e-14, 8.897984887963617e-14, 1.0000000830368325e-16, 1.4687999968153817e-16, 1.0297150632165852e-10, 1.2662054738044048e-09, 8.274833596111364e-10, 1.530826909679206e-09, 2.0118344323805104e-08, 4.074743209514509e-09, 1.658970405493676e-09, 7.750428077102356e-10, 1.044010711215293e-10, 2.236330454152835e-09, 1.5733429004072264e-09, 1.280381578538936e-09, 3.876797194379833e-08, 4.032197864489717e-08, 4.004169884552766e-09, 3.056143671464895e-10, 3.989687746841497e-11]}