{"CO": [4.0681544533072156e-07, 8.634138737306785e-09, 3.2363409729896375e-09, 3.6107261625062392e-09, 0.0004068738198839128, 0.04473700374364853, 0.055273473262786865, 0.8276073932647705, 2.1663601398468018, 4.369377613067627, 3.747343063354492, 3.3291234970092773, 3.5850796699523926, 3.966965675354004, 5.914816856384277, 5.977588176727295, 5.723326683044434, 6.077920913696289, 6.102474689483643, 6.28782320022583, 6.134898662567139, 6.130566596984863, 6.4488067626953125, 6.289520263671875], "NO2": [0.00026974870706908405, 2.325164678040892e-05, 3.57803437509574e-05, 6.302385736489668e-05, 0.010562964715063572, 0.111225426197052, 0.11249559372663498, 0.45331698656082153, 1.0448453426361084, 1.4830774068832397, 1.3032588958740234, 1.4519950151443481, 0.36984482407569885, 0.16404025256633759, 0.1765812784433365, 0.5461681485176086, 0.9739308953285217, 1.376710295677185, 1.5921653509140015, 1.3941872119903564, 0.4340355396270752, 0.15663154423236847, 0.1291477233171463, 0.5253850221633911], "SO2": [3.816734526086024e-13, 3.8402324397703025e-13, 2.793581555318725e-12, 1.5778702788793453e-09, 5.053449325664872e-10, 1.9113718607854935e-08, 0.0003584782825782895, 0.0010658751707524061, 0.00735203642398119, 0.0041054245084524155, 0.017522666603326797, 0.07700667530298233, 0.10729014873504639, 0.13105137646198273, 0.03564200922846794, 4.425972292665392e-05, 0.01030011847615242, 0.11363711953163147, 0.1393335461616516, 0.20141816139221191, 0.18870222568511963, 0.18354085087776184, 0.03583765774965286, 3.1157028956840804e-07], "O3": [8.243266165663954e-06, 1.3490326189469215e-08, 1.3890576189279358e-10, 3.702544174033484e-11, 0.08179891109466553, 2.6807000637054443, 1.6207926273345947, 4.490511417388916, 10.958678245544434, 23.006004333496094, 25.309467315673828, 21.574390411376953, 22.864450454711914, 26.543970108032227, 40.75799560546875, 38.84306716918945, 32.93129348754883, 33.46018600463867, 32.940364837646484, 31.978744506835938, 31.99031639099121, 34.5302734375, 49.3955078125, 44.499568939208984], "PM10": [0.5831779837608337, 2.712022066116333, 1.69320809841156, 2.904566526412964, 1.6797343492507935, 1.03630530834198, 0.39170148968696594, 0.24413974583148956, 3.76155948638916, 4.77224063873291, 4.815410614013672, 2.1187169551849365, 0.9992053508758545, 1.2418192625045776, 0.5520159006118774, 0.3395310938358307, 3.214057445526123, 4.854043960571289, 5.169163227081299, 2.20633602142334, 1.460879921913147, 1.4153624773025513, 0.5819823741912842, 0.3149479925632477], "PM25": [0.30017024278640747, 1.3823806047439575, 0.856612503528595, 1.4423120021820068, 0.8416721820831299, 0.5196875333786011, 0.19503872096538544, 0.11285848170518875, 1.834354281425476, 2.1595215797424316, 2.186842679977417, 0.8733622431755066, 0.39460864663124084, 0.5486253499984741, 0.0906103253364563, 0.009032579138875008, 1.4186995029449463, 2.203101873397827, 2.3487706184387207, 0.8597894906997681, 0.5279560089111328, 0.5969021916389465, 0.13358576595783234, 0.03400777652859688]}