{"CO": [8.161154418928618e-09, 4.820577714781393e-09, 1.5334070679884348e-09, 1.584425701750547e-09, 6.419677083613351e-05, 0.004930301569402218, 0.07713882625102997, 0.7980412244796753, 1.811576247215271, 4.335145473480225, 3.5152485370635986, 3.548269271850586, 4.691687107086182, 4.665637493133545, 6.280649185180664, 5.95161247253418, 6.143770217895508, 6.2320332527160645, 6.2428741455078125, 6.441783428192139, 6.510991096496582, 6.591716289520264, 6.473565101623535, 6.271113395690918], "NO2": [7.2273946898349095e-06, 2.2662834453512914e-05, 2.598062201286666e-05, 4.221693961881101e-05, 0.000802548136562109, 0.015537920407950878, 0.02252589911222458, 0.4158751368522644, 1.1366467475891113, 1.4999586343765259, 1.3348184823989868, 1.2803499698638916, 0.3494502902030945, 0.27309101819992065, 0.19292625784873962, 0.6918731331825256, 1.1127490997314453, 1.602851152420044, 1.4820024967193604, 1.3451287746429443, 0.38905975222587585, 0.21429382264614105, 0.21127928793430328, 0.6503854393959045], "SO2": [3.816734526086024e-13, 3.8254580167658425e-13, 1.462459385363768e-12, 7.132199275616813e-10, 1.6281463954825881e-09, 9.658969446491028e-08, 0.0007139621302485466, 8.378591883229092e-05, 0.003019844414666295, 0.003399142064154148, 0.036888666450977325, 0.1402869075536728, 0.17401543259620667, 0.16536477208137512, 0.016025736927986145, 3.525118518155068e-05, 0.025008562952280045, 0.1354866772890091, 0.17742113769054413, 0.23190055787563324, 0.23394688963890076, 0.2322349101305008, 0.0038675342220813036, 0.00014582125004380941], "O3": [1.2503861057666654e-07, 6.08671024693308e-09, 8.954621766310566e-11, 2.822084753384413e-11, 0.00931521039456129, 0.3069477677345276, 0.5739879608154297, 4.596419334411621, 9.801862716674805, 24.58769989013672, 21.454505920410156, 20.564075469970703, 25.210590362548828, 28.783960342407227, 43.94905090332031, 38.978363037109375, 36.170509338378906, 34.39487838745117, 32.497337341308594, 32.33686828613281, 33.921451568603516, 37.29266357421875, 48.15498733520508, 45.1703987121582], "PM10": [0.06428226828575134, 2.156644582748413, 0.8136131763458252, 1.3621848821640015, 0.5716186761856079, 0.13129468262195587, 0.03293820470571518, 0.052655331790447235, 2.276205539703369, 2.435666799545288, 2.371152400970459, 0.8202400207519531, 0.6217727661132812, 0.2848661541938782, 0.48135441541671753, 0.3007860779762268, 1.830405354499817, 3.503448247909546, 2.786011219024658, 1.1753427982330322, 0.627448320388794, 0.4063401520252228, 0.4242353141307831, 0.2416408509016037], "PM25": [0.03228354454040527, 1.125718593597412, 0.42201247811317444, 0.6941298246383667, 0.2936403155326843, 0.06312042474746704, 0.005868410225957632, 0.015513426624238491, 1.1389414072036743, 1.1014430522918701, 1.0879961252212524, 0.3094671070575714, 0.2354738563299179, 0.06811728328466415, 0.0011867550201714039, 9.968760423362255e-06, 0.7802493572235107, 1.5895962715148926, 1.2585186958312988, 0.41496098041534424, 0.19080691039562225, 0.0807647705078125, 0.004517424385994673, 0.0012910915538668633]}