{"CO": [1.6141022962656848e-09, 3.263762948790827e-08, 2.843734989710356e-07, 1.8922787603514735e-07, 9.550189133733511e-05, 0.006039362400770187, 0.008288816548883915, 1.7679318189620972, 2.8001439571380615, 3.966127395629883, 4.728515625, 3.590442180633545, 3.9685821533203125, 5.679794788360596, 5.995432376861572, 5.388935565948486, 5.800797939300537, 6.079043388366699, 6.212484359741211, 6.151002407073975, 6.311893463134766, 6.622287273406982, 6.570496559143066, 6.500897407531738], "NO2": [3.550623887349502e-06, 3.12843440042343e-05, 0.00015016818360891193, 8.124724263325334e-05, 0.003917069640010595, 0.023195767775177956, 0.008603970520198345, 0.19712431728839874, 0.6444705724716187, 0.5489477515220642, 0.5176568031311035, 0.45132917165756226, 0.26532861590385437, 0.08704975992441177, 0.08005031943321228, 0.26093652844429016, 0.5348913669586182, 0.5320314168930054, 0.5475170612335205, 0.43508586287498474, 0.2956039011478424, 0.07626406848430634, 0.11208684742450714, 0.15702593326568604], "SO2": [1.2089857110222924e-12, 6.12409166933503e-07, 3.716988430824131e-05, 3.997156454715878e-05, 4.948409696226008e-05, 4.31931039202027e-05, 5.018613956053741e-05, 0.03928554803133011, 0.07576638460159302, 0.004223732743412256, 0.02239925041794777, 0.062239278107881546, 0.1521698236465454, 0.23887717723846436, 0.24079614877700806, 0.03575892746448517, 0.026155604049563408, 0.095903679728508, 0.15360501408576965, 0.19449494779109955, 0.23584699630737305, 0.270974725484848, 0.22624467313289642, 0.052315276116132736], "O3": [1.9146831675698195e-08, 3.7029647614872374e-07, 1.0792842175533224e-09, 5.2305680620090556e-11, 0.022059030830860138, 0.5153907537460327, 0.41255107522010803, 11.398988723754883, 14.83858585357666, 19.634033203125, 26.87183380126953, 21.409311294555664, 23.942066192626953, 34.40581130981445, 35.97910690307617, 31.85926055908203, 36.015350341796875, 34.74776840209961, 32.34051513671875, 30.02327537536621, 32.988792419433594, 37.27913284301758, 37.00593185424805, 41.51634216308594], "PM10": [0.003884329227730632, 0.00467063020914793, 0.02468239702284336, 0.09367968887090683, 0.04322877153754234, 0.02215185947716236, 0.014371871948242188, 0.05129913613200188, 0.08122309297323227, 0.11667469888925552, 0.21774695813655853, 0.2034427523612976, 0.19278430938720703, 0.18589353561401367, 0.18664787709712982, 0.18522456288337708, 0.27277183532714844, 0.25013867020606995, 0.24120484292507172, 0.22644130885601044, 0.23205485939979553, 0.25346142053604126, 0.251677930355072, 0.2568638324737549], "PM25": [9.96126722774271e-11, 0.00030280620558187366, 0.009268015623092651, 0.042664024978876114, 0.01597648486495018, 0.0011473322520032525, 0.00043764940346591175, 0.00010259962436975911, 1.859658004832454e-05, 0.0020127459429204464, 0.013735420070588589, 0.021357018500566483, 0.02269534207880497, 0.004484272561967373, 0.00018310759332962334, 5.580809703253919e-10, 0.000553072604816407, 0.0008797603077255189, 0.006985144689679146, 0.006561550311744213, 0.008698428981006145, 0.01160429697483778, 0.005775965750217438, 0.0015293940668925643]}