{"CO": [3.953522082156269e-06, 2.8976403427805053e-06, 0.010833919048309326, 0.021527202799916267, 0.005823001731187105, 0.02227816917002201, 0.01658601500093937, 0.08564722537994385, 0.7845209240913391, 0.6601755023002625, 1.4513452053070068, 1.25441575050354, 2.737294912338257, 4.502142906188965, 5.803826332092285, 6.186192989349365, 5.818343639373779, 6.162251949310303, 6.444153308868408, 6.1718244552612305, 6.569812297821045, 6.542566299438477, 6.652092933654785, 6.476972579956055], "NO2": [0.00015912187518551946, 0.00011807007103925571, 0.04407026246190071, 0.08460292965173721, 0.015227464027702808, 0.03033360280096531, 0.0106217535212636, 0.04620984196662903, 0.7734700441360474, 1.6901925802230835, 1.3469572067260742, 1.296097993850708, 0.33359405398368835, 0.10599163174629211, 0.07592238485813141, 0.1352805644273758, 0.7668232321739197, 1.910691261291504, 1.067720651626587, 1.1253178119659424, 0.3349515199661255, 0.12314591556787491, 0.13004383444786072, 0.23735091090202332], "SO2": [0.0011166230542585254, 0.0005217790603637695, 3.487003803253174, 6.707968235015869, 1.684977650642395, 0.05012347176671028, 6.55214098514989e-05, 0.004026955459266901, 0.0019585294649004936, 4.05945348739624, 0.8221721649169922, 8.326077461242676, 1.7369142770767212, 0.15863022208213806, 0.22998012602329254, 0.022481780499219894, 0.0016057159518823028, 0.03598735108971596, 0.29205048084259033, 7.387105941772461, 0.1988280564546585, 0.3817168176174164, 0.22116760909557343, 0.007164143491536379], "O3": [3.279428938185447e-06, 5.9143516750737035e-08, 1.3059104730928084e-07, 1.884035327748279e-08, 0.1260431557893753, 1.1446737051010132, 0.6720367074012756, 1.3768062591552734, 4.112061977386475, 2.50524640083313, 6.682289123535156, 5.328164577484131, 15.479252815246582, 28.149925231933594, 35.80686569213867, 41.054290771484375, 36.756874084472656, 38.146305084228516, 31.666810989379883, 32.07270812988281, 35.39931869506836, 40.64543914794922, 38.910011291503906, 52.74685287475586], "PM10": [0.012373889796435833, 0.007069623563438654, 7.834691047668457, 15.913102149963379, 4.514368057250977, 0.17043572664260864, 0.16595064103603363, 0.13490505516529083, 0.042826198041439056, 12.155476570129395, 2.5149850845336914, 14.648923873901367, 4.8752121925354, 0.1625617891550064, 0.37212949991226196, 0.44153550267219543, 0.21034087240695953, 0.27338743209838867, 0.7309948801994324, 13.174684524536133, 0.3557114899158478, 0.848120391368866, 0.4228569269180298, 0.3259008228778839], "PM25": [0.003968785051256418, 0.001243982813321054, 3.667585849761963, 7.420419692993164, 2.129103422164917, 0.020525895059108734, 0.06597460061311722, 0.03565352037549019, 0.009793027304112911, 4.028709888458252, 0.9331990480422974, 5.714322090148926, 2.1667068004608154, 0.005991111975163221, 0.0646604374051094, 0.0162200890481472, 0.0010631571058183908, 0.017937608063220978, 0.17635653913021088, 4.791553974151611, 0.026873581111431122, 0.18071191012859344, 0.05232096463441849, 0.004243422765284777]}