{"CO": [7.104067556440441e-09, 2.3233074841755297e-07, 7.67396244327756e-08, 7.0050281131273096e-09, 5.682235951098846e-06, 0.00015707139391452074, 0.01109391450881958, 0.08019427210092545, 0.09812010079622269, 0.05393257737159729, 0.1651492565870285, 0.6427180171012878, 2.4869301319122314, 2.0638980865478516, 6.1756911277771, 6.400146007537842, 6.255253314971924, 5.636804580688477, 4.949130535125732, 5.518058776855469, 6.0852203369140625, 5.824277877807617, 6.612431526184082, 6.2943243980407715], "NO2": [4.9012091039912775e-05, 0.00012948733638040721, 5.085423981654458e-05, 5.303844591253437e-05, 0.00010023931099567562, 0.003785794833675027, 0.024539874866604805, 0.2100735753774643, 1.6791490316390991, 1.134369134902954, 1.5089832544326782, 1.2260551452636719, 0.24815191328525543, 0.5168271064758301, 0.23610687255859375, 0.6114816665649414, 0.6526056528091431, 1.673041582107544, 1.6484569311141968, 1.3606176376342773, 0.3095892667770386, 0.30062538385391235, 0.2514590919017792, 0.7020372748374939], "SO2": [3.816734526086024e-13, 3.816734526086024e-13, 3.328871206464967e-11, 5.062001373623559e-10, 3.787124780441076e-11, 6.958227830727859e-12, 1.0449121568001374e-09, 1.053287773840339e-12, 1.8660064597497694e-05, 0.00019017327576875687, 0.002935737604275346, 0.027517253533005714, 0.10627951472997665, 0.023227958008646965, 6.745875725755468e-05, 3.2270390786653946e-12, 0.00013215783110354096, 0.07097827643156052, 0.11170429736375809, 0.17837019264698029, 0.22098655998706818, 0.15811839699745178, 2.3732263798592612e-07, 7.50349001682471e-13], "O3": [3.4897638112596496e-09, 3.986815144685352e-08, 1.1292525137207576e-08, 3.785896041108572e-10, 0.0007589196902699769, 0.039206214249134064, 0.6634594202041626, 3.1467390060424805, 2.0193543434143066, 0.6579660773277283, 0.8549900650978088, 3.4288339614868164, 15.476088523864746, 15.611064910888672, 42.51559066772461, 45.83604431152344, 43.44830322265625, 39.37889862060547, 33.904273986816406, 34.566162109375, 35.05379867553711, 38.31216812133789, 51.535972595214844, 43.71636199951172], "PM10": [0.0023876873310655355, 0.002627928974106908, 0.0036354095209389925, 0.002902594394981861, 0.0027410981711000204, 0.0037699714303016663, 0.014593204483389854, 0.011647539213299751, 0.01086308155208826, 0.012222012504935265, 0.006879632826894522, 0.01788686402142048, 0.06451092660427094, 0.05831577628850937, 0.34681272506713867, 0.7503665089607239, 0.719793438911438, 0.2604886293411255, 0.18016405403614044, 0.18508602678775787, 0.19617882370948792, 0.21505092084407806, 0.675005316734314, 0.6356199979782104], "PM25": [1.0837912953316371e-16, 9.493556919529223e-16, 9.614611884423141e-11, 1.3312372315610332e-09, 2.334548387938895e-10, 2.1803952740540034e-11, 8.399815065729399e-09, 3.0989357746591395e-09, 1.9356235725354054e-08, 2.1803841718792683e-06, 4.6145740384417877e-07, 1.0138978723261971e-07, 1.0055859434032755e-07, 7.697434689646343e-09, 5.176995721001276e-09, 2.727807757452183e-09, 5.064316610514652e-08, 1.245234852831345e-05, 2.337085106773884e-06, 9.064514188139583e-07, 6.948428108444205e-07, 4.049420709861806e-08, 1.306158514680078e-10, 2.6432897537453925e-10]}