{"CO": [2.6651783628039993e-05, 1.4690948546558502e-06, 3.5415152410678274e-07, 3.5514617025000916e-07, 5.078600952401757e-05, 0.08421304076910019, 0.0448654368519783, 0.04948325827717781, 0.056952934712171555, 0.07606122642755508, 0.0686524510383606, 0.07351955771446228, 0.18937239050865173, 0.42781907320022583, 5.796304225921631, 6.404226303100586, 6.0501837730407715, 5.608978748321533, 5.24236536026001, 4.884981632232666, 4.748883247375488, 4.205419063568115, 6.407782077789307, 5.8719916343688965], "NO2": [0.021546296775341034, 0.0014657051069661975, 0.0021100006997585297, 0.003518414683640003, 0.0026308493688702583, 0.22968760132789612, 0.0817844495177269, 0.9057079553604126, 2.138005495071411, 2.559556245803833, 2.455270767211914, 2.324533700942993, 2.104769706726074, 0.530167281627655, 0.316389262676239, 1.7600574493408203, 9.803018569946289, 8.50169849395752, 9.61830997467041, 7.678993225097656, 2.312812566757202, 0.5302919745445251, 0.661592960357666, 3.223417043685913], "SO2": [3.816734526086024e-13, 3.816734526086024e-13, 3.816734526086024e-13, 3.8344780367398357e-13, 4.119292255390372e-13, 6.041478263796307e-05, 1.9168885046383366e-05, 0.0002905060537159443, 8.323328802362084e-05, 3.954893327318132e-05, 9.540479368297383e-05, 0.0005813943571411073, 0.00046191885485313833, 0.0002356943004997447, 0.07775987684726715, 0.008333970792591572, 0.05051988363265991, 0.03600268438458443, 0.06629563868045807, 0.07068857550621033, 0.04281747341156006, 0.03961247578263283, 0.10098908096551895, 0.053995683789253235], "O3": [2.1139037187367649e-07, 1.3060582615409544e-09, 4.312003011597287e-12, 3.612185149517305e-13, 0.00622567581012845, 4.692079067230225, 1.871658444404602, 0.5708222389221191, 0.1272665560245514, 0.09803476929664612, 0.016546379774808884, 0.10023944079875946, 3.5873305797576904, 16.69052505493164, 56.29433059692383, 41.015525817871094, 30.639394760131836, 31.34261131286621, 28.97171401977539, 28.846601486206055, 34.73268127441406, 41.26094436645508, 49.335506439208984, 41.89409637451172], "PM10": [0.0034992704167962074, 0.0027353111654520035, 0.003112334990873933, 0.0036785220727324486, 0.002718285657465458, 0.012307079508900642, 0.008489607833325863, 0.014383126050233841, 0.014082658104598522, 0.014084606431424618, 0.012947366572916508, 0.011684739030897617, 0.00860013347119093, 0.008036041632294655, 0.41962310671806335, 0.14207753539085388, 0.2694098651409149, 0.34726962447166443, 0.2525312304496765, 0.22060155868530273, 0.2368520051240921, 0.1728605031967163, 0.20945657789707184, 0.1239146888256073], "PM25": [1.0000000168623835e-16, 1.0000000168623835e-16, 1.1134944246861303e-16, 4.418240404611973e-14, 2.2882806828311737e-14, 8.122075234595627e-11, 4.545729764826589e-11, 5.392799540260285e-10, 5.912623723958177e-09, 7.534685764198912e-09, 5.131730151930469e-09, 4.99551244814711e-09, 2.5894268951276445e-09, 1.6510494083021854e-09, 8.329425149611325e-09, 4.8792245799234024e-09, 1.4341532406092483e-09, 1.3988367131290147e-09, 4.6722128388410056e-09, 1.6421923376697123e-08, 4.754200144674314e-09, 1.8702228654632336e-09, 9.563371206056104e-10, 6.266699603685311e-09]}