{"CO": [7.574701754720081e-08, 1.8179827421249684e-08, 1.3751639826864448e-08, 1.040896879800357e-08, 0.0002482432755641639, 0.004778847098350525, 0.24885079264640808, 1.60860276222229, 4.157757759094238, 4.423330783843994, 3.065868854522705, 2.7230985164642334, 2.5999677181243896, 3.643361806869507, 6.032954216003418, 6.0261101722717285, 5.362789154052734, 5.950219631195068, 5.803285121917725, 5.759884834289551, 5.685412406921387, 5.934738636016846, 6.5066657066345215, 6.1067891120910645], "NO2": [4.431471461430192e-05, 4.095244730706327e-05, 7.27297956473194e-05, 9.238686470780522e-05, 0.014003923162817955, 0.07476437836885452, 0.1295158863067627, 0.6202264428138733, 1.2502398490905762, 1.5225433111190796, 1.05812668800354, 1.335511326789856, 0.4334256052970886, 0.17129427194595337, 0.1387851983308792, 0.45397669076919556, 1.2204556465148926, 1.4042173624038696, 1.199354648590088, 1.2079644203186035, 0.3941383361816406, 0.1920265555381775, 0.13830439746379852, 0.502103328704834], "SO2": [3.816734526086024e-13, 3.816734526086024e-13, 3.816734526086024e-13, 6.472873994613215e-13, 4.0108719297216044e-12, 2.2077848882418039e-07, 0.004534523468464613, 0.006209968589246273, 0.0050684199668467045, 0.01560356467962265, 0.014777572825551033, 0.032052457332611084, 0.06550206243991852, 0.11680522561073303, 0.0036414971109479666, 7.725528121227399e-05, 0.03366600722074509, 0.09380782395601273, 0.10703860968351364, 0.1349499225616455, 0.1450805962085724, 0.17883779108524323, 0.016633547842502594, 8.312971658597235e-06], "O3": [1.1081457387263072e-06, 1.1161865876019306e-09, 2.4449700597450885e-10, 1.9664549502640405e-11, 0.085116446018219, 0.7285669445991516, 2.460951566696167, 9.312397003173828, 19.689224243164062, 28.13023567199707, 27.21965980529785, 22.853595733642578, 20.334224700927734, 25.80522918701172, 41.80092239379883, 40.287479400634766, 31.956321716308594, 34.12076950073242, 33.807395935058594, 32.66727066040039, 31.512401580810547, 35.04747009277344, 49.473445892333984, 40.3667106628418], "PM10": [0.003987269476056099, 0.02447350136935711, 0.33025461435317993, 3.72280216217041, 0.4359775185585022, 0.014226985163986683, 0.010651674121618271, 0.04460711404681206, 0.12418973445892334, 0.3466871678829193, 0.23153471946716309, 4.408125877380371, 0.8891966938972473, 0.13744807243347168, 0.3924406170845032, 0.46583420038223267, 0.2644551396369934, 0.2934277355670929, 0.6032330393791199, 3.9632370471954346, 0.5283122658729553, 0.21579071879386902, 0.415149986743927, 0.2762930989265442], "PM25": [1.590887990232659e-07, 0.007881343364715576, 0.1557472050189972, 1.7299411296844482, 0.20302130281925201, 0.0005677517037838697, 1.7835920516517945e-05, 1.5604905811983372e-08, 0.0021585822105407715, 0.06419683992862701, 0.030053120106458664, 1.8115612268447876, 0.30727025866508484, 0.0021049953065812588, 4.154569251113571e-05, 0.0007461759960278869, 0.001657153945416212, 0.015952114015817642, 0.13635598123073578, 1.6355235576629639, 0.09234219044446945, 0.0006748007726855576, 8.225957571994513e-05, 0.0019341643201187253]}