{"CO": [1.0630232694097685e-08, 1.0596264976570069e-09, 1.1643960462492942e-08, 2.55635601575932e-09, 5.507491732714698e-05, 0.01781133934855461, 0.051739901304244995, 0.7616297602653503, 0.7241494655609131, 3.045992612838745, 3.4861063957214355, 3.5953545570373535, 5.181069850921631, 5.9089179039001465, 6.185021877288818, 5.835153102874756, 6.151124954223633, 6.692732334136963, 6.630797863006592, 6.586493492126465, 6.653963565826416, 6.717056751251221, 6.47034215927124, 6.425782680511475], "NO2": [4.363338064194977e-07, 2.3733205125608947e-06, 2.214809865108691e-05, 2.4114129701047204e-05, 0.0015630944399163127, 0.0252522062510252, 0.017871251329779625, 0.1370828002691269, 0.495574951171875, 0.24489182233810425, 0.5628005266189575, 0.739648699760437, 0.15488757193088531, 0.10440808534622192, 0.12993349134922028, 0.36380699276924133, 0.512316882610321, 0.3207017779350281, 0.44723108410835266, 0.6455965042114258, 0.3095019459724426, 0.10575977712869644, 0.15714961290359497, 0.3017219007015228], "SO2": [3.816734526086024e-13, 3.816734526086024e-13, 2.2090769107308006e-06, 5.3664368948602714e-08, 1.1718455425580032e-05, 1.869974425972032e-06, 0.0008354567107744515, 0.0008699378813616931, 0.0001223602012032643, 0.01678355038166046, 0.0370950885117054, 0.08963275700807571, 0.20967136323451996, 0.24698805809020996, 0.11345738172531128, 0.00010326150368200615, 0.01834132894873619, 0.2122015655040741, 0.20628684759140015, 0.21531572937965393, 0.2270766794681549, 0.24514220654964447, 0.03435143455862999, 0.017797259613871574], "O3": [6.576276234682155e-08, 3.8379868172455645e-09, 2.5193616082219705e-09, 2.248554453743168e-09, 0.010258243419229984, 0.8852205276489258, 0.5756221413612366, 4.81630802154541, 4.991654872894287, 20.640295028686523, 20.153953552246094, 20.523523330688477, 28.207544326782227, 35.0697021484375, 42.992549896240234, 41.044410705566406, 38.55693817138672, 40.248069763183594, 36.60588073730469, 35.42900848388672, 36.4004020690918, 38.996002197265625, 47.63836669921875, 52.00858688354492], "PM10": [0.004126685671508312, 0.0035330099053680897, 0.01001719944179058, 0.004792550578713417, 0.003411810612305999, 0.009664134122431278, 0.008715005591511726, 0.02454359643161297, 0.01166810467839241, 0.08575302362442017, 0.11188733577728271, 0.11481039226055145, 0.14528416097164154, 0.16473905742168427, 0.2278374582529068, 0.20742371678352356, 0.20253732800483704, 0.28495293855667114, 0.27327775955200195, 0.25168657302856445, 0.21901941299438477, 0.22564837336540222, 0.3280450999736786, 0.25588086247444153], "PM25": [5.783990673080552e-06, 1.2256530226295581e-06, 0.003389054210856557, 0.0009360368712805212, 0.0002971324429381639, 0.0001256043469766155, 3.4436579881003127e-05, 2.410852539469488e-05, 0.00016440378385595977, 5.3406292863655835e-06, 2.644518644956406e-06, 0.0017324283253401518, 1.2152441740909126e-05, 3.03298747894587e-05, 9.343326382804662e-05, 1.0131127187174016e-10, 0.0001521869417047128, 1.999653977691196e-05, 7.342489880102221e-06, 0.0010322293965145946, 1.1639132026175503e-05, 0.00012750712630804628, 9.002172009786591e-05, 8.701942277866692e-09]}