{"CO": [0.06136155501008034, 0.039259109646081924, 0.06264246255159378, 0.05733364820480347, 0.037306975573301315, 0.08920060098171234, 0.03486400470137596, 0.19767530262470245, 0.13444757461547852, 0.5830814242362976, 0.5172135829925537, 0.9348053932189941, 2.97524356842041, 4.76336145401001, 5.746755599975586, 5.719630241394043, 6.0307722091674805, 6.199734687805176, 6.1083083152771, 6.083262920379639, 6.3757004737854, 6.674069881439209, 6.648234844207764, 6.598720073699951], "NO2": [0.8449686169624329, 0.448383092880249, 0.8755738139152527, 0.7528702616691589, 0.3106337785720825, 0.20301756262779236, 0.12541289627552032, 0.2660708427429199, 1.0303313732147217, 1.3460367918014526, 2.493856430053711, 1.7510181665420532, 0.5921483635902405, 0.22356261312961578, 0.15680234134197235, 0.39505311846733093, 0.9769248962402344, 1.2296662330627441, 1.5083354711532593, 1.7416127920150757, 0.8291205763816833, 0.22276030480861664, 0.2013893872499466, 0.3630843460559845], "SO2": [35.233421325683594, 19.02935028076172, 34.979827880859375, 30.640060424804688, 19.194210052490234, 12.695910453796387, 5.512353420257568, 6.341619968414307, 25.475614547729492, 28.590782165527344, 60.43439483642578, 24.99066925048828, 14.716231346130371, 12.458955764770508, 5.774113178253174, 9.040477752685547, 19.53164291381836, 23.884052276611328, 31.839689254760742, 36.395381927490234, 21.154708862304688, 11.97126293182373, 7.751554012298584, 9.484447479248047], "O3": [3.286850915174e-05, 3.0488251923088683e-06, 8.537918461115623e-08, 6.764384608004548e-09, 1.2375653982162476, 4.924959659576416, 1.4832764863967896, 1.6947071552276611, 0.7167972326278687, 3.020782232284546, 2.1373205184936523, 4.636277675628662, 18.445537567138672, 31.425941467285156, 33.70917510986328, 40.95271682739258, 42.087860107421875, 39.62274932861328, 36.69454574584961, 30.731082916259766, 38.776756286621094, 42.96990203857422, 39.44194030761719, 51.17584991455078], "PM10": [72.59103393554688, 41.029598236083984, 74.4464340209961, 64.8763198852539, 39.66126251220703, 27.447935104370117, 11.745356559753418, 14.847545623779297, 54.932559967041016, 55.74123001098633, 123.5191650390625, 52.50384521484375, 30.25029945373535, 27.876420974731445, 11.838973999023438, 21.867868423461914, 39.82354736328125, 50.44110870361328, 66.53201293945312, 79.88265991210938, 45.89432907104492, 26.581506729125977, 16.29081916809082, 22.848018646240234], "PM25": [38.014503479003906, 21.58785057067871, 38.97990417480469, 33.94672775268555, 20.956235885620117, 14.396724700927734, 6.2456889152526855, 8.103468894958496, 29.26047706604004, 29.440046310424805, 62.041542053222656, 27.4488525390625, 15.978189468383789, 14.545563697814941, 6.390259742736816, 11.733095169067383, 20.882444381713867, 26.373592376708984, 34.36641311645508, 40.75590133666992, 23.3696346282959, 13.854278564453125, 8.372299194335938, 12.10309886932373]}