{"CO": [1.7768049076494208e-07, 1.2318187359028343e-08, 3.104891277416755e-08, 1.957913582373294e-06, 0.0006334921345114708, 0.008259298279881477, 0.010563398711383343, 0.971804678440094, 0.5902567505836487, 1.4046804904937744, 3.1745822429656982, 2.8436174392700195, 3.2807881832122803, 5.915256023406982, 5.917603015899658, 5.899612903594971, 5.9061384201049805, 6.461230754852295, 6.534374713897705, 6.502847194671631, 6.552027702331543, 6.669159412384033, 6.621969223022461, 6.537677764892578], "NO2": [0.00010756932897493243, 1.913947198772803e-05, 2.273356403748039e-05, 7.636057853233069e-05, 0.03314981609582901, 0.0164069551974535, 0.007604499813169241, 0.1415875256061554, 0.6961709856987, 1.0535540580749512, 0.830744743347168, 1.321264624595642, 0.3361351788043976, 0.07526670396327972, 0.10112612694501877, 0.2535093426704407, 0.5601117610931396, 0.7452623248100281, 0.7100586891174316, 1.1201214790344238, 0.4437406361103058, 0.12104412168264389, 0.10347354412078857, 0.41068771481513977], "SO2": [3.982422898396454e-12, 4.046710699867617e-08, 8.708558198122773e-06, 0.0006039777072146535, 0.00012585727381519973, 1.2765816791215912e-05, 3.2503827242180705e-05, 0.01057804562151432, 0.00024124441551975906, 0.003078109584748745, 0.02008681744337082, 0.047228217124938965, 0.09930020570755005, 0.23992541432380676, 0.1971030831336975, 0.0030689043924212456, 0.0034994673915207386, 0.1460409313440323, 0.17465746402740479, 0.18020790815353394, 0.2003219723701477, 0.233780175447464, 0.17586274445056915, 0.001623485703021288], "O3": [1.8755958990368526e-06, 2.2321202663988515e-08, 9.90318192576646e-14, 3.861671260541044e-10, 0.1986611932516098, 0.5208001732826233, 0.3842449188232422, 6.301822185516357, 3.4585835933685303, 8.104299545288086, 16.6225528717041, 13.546134948730469, 18.730152130126953, 34.03706741333008, 37.07780075073242, 42.20698547363281, 36.344764709472656, 35.342002868652344, 34.078243255615234, 33.29451370239258, 35.76900100708008, 38.32122802734375, 39.490234375, 53.78715896606445], "PM10": [0.005526777822524309, 0.007849439047276974, 0.010310946963727474, 0.014505983330309391, 0.0074625322595238686, 0.06769506633281708, 0.011021713726222515, 0.0719229057431221, 0.024960879236459732, 0.0468171201646328, 0.32199928164482117, 0.09804069995880127, 0.09389089792966843, 0.18520480394363403, 0.18094420433044434, 0.24840191006660461, 0.1987493485212326, 0.38886362314224243, 0.5858186483383179, 0.35259824991226196, 0.23011864721775055, 0.250609427690506, 0.2645692229270935, 0.3004463315010071], "PM25": [0.00026245551998727024, 0.0018063598545268178, 0.0025455583818256855, 0.004160155542194843, 0.0007215166697278619, 0.01615312322974205, 0.0003696315689012408, 0.012649355456233025, 0.007270257920026779, 0.005388986319303513, 0.0882129818201065, 0.003153096651658416, 0.0005881041870452464, 0.0068466924130916595, 0.003483249107375741, 1.7466119970777072e-05, 0.0008898545056581497, 0.06989888846874237, 0.13415910303592682, 0.02557009644806385, 0.0007872218266129494, 0.008342063054442406, 0.01607617735862732, 0.00014567749167326838]}