{"CO": [9.390612376591889e-08, 3.519470226365229e-08, 1.1506973152108912e-08, 6.022745413503117e-09, 2.9696811907342635e-05, 0.0019533999729901552, 0.0060324519872665405, 2.2219960689544678, 2.3218815326690674, 4.7925519943237305, 4.304721832275391, 3.4385077953338623, 4.100728511810303, 5.697854995727539, 5.878966808319092, 5.46139669418335, 5.98781156539917, 6.1069207191467285, 6.208085060119629, 6.240238189697266, 6.240882873535156, 6.651460647583008, 6.573146343231201, 6.3024797439575195], "NO2": [5.821822924190201e-05, 4.6011566155357286e-05, 4.0735641960054636e-05, 4.2314255551900715e-05, 0.0008515614317730069, 0.007770473603159189, 0.007227254565805197, 0.24258457124233246, 0.9869387149810791, 0.59934401512146, 2.683495283126831, 2.035092353820801, 0.2606005370616913, 0.09217924624681473, 0.0973130390048027, 0.2589028477668762, 0.5072738528251648, 0.6053236126899719, 1.7644894123077393, 2.4409849643707275, 0.3001740872859955, 0.07304282486438751, 0.08625634014606476, 0.24921508133411407], "SO2": [4.0106747133464293e-13, 1.2754389766556073e-09, 7.209152830256471e-09, 9.25299161735893e-08, 3.823956667807493e-13, 1.2931657522585738e-07, 8.306347444886342e-05, 0.0459519661962986, 0.0288383886218071, 0.011516997590661049, 0.016531089320778847, 0.06212703138589859, 0.13727450370788574, 0.25193825364112854, 0.23186884820461273, 0.027899306267499924, 0.04961514472961426, 0.14507068693637848, 0.16434097290039062, 0.19537782669067383, 0.22894692420959473, 0.27736905217170715, 0.16592815518379211, 0.02322004921734333], "O3": [4.319580057199346e-06, 4.2920266452028955e-08, 1.3892497152667715e-09, 8.073183094259306e-11, 0.006010951939970255, 0.20321506261825562, 0.22833257913589478, 13.710147857666016, 11.510598182678223, 24.742172241210938, 22.00888442993164, 18.937644958496094, 24.240449905395508, 34.476348876953125, 35.86270523071289, 32.88737869262695, 38.433387756347656, 35.643436431884766, 31.50721549987793, 29.22991943359375, 32.23452377319336, 37.11432647705078, 39.858734130859375, 39.74773406982422], "PM10": [0.0037016533315181732, 0.007297597825527191, 0.016161540523171425, 0.05071532726287842, 0.06523537635803223, 0.0145168611779809, 0.009917627088725567, 0.061475761234760284, 0.061487916857004166, 0.1648867130279541, 0.2310439795255661, 0.215264230966568, 0.19623440504074097, 0.17583349347114563, 0.17950330674648285, 0.220500648021698, 0.27563902735710144, 0.21965256333351135, 0.23692476749420166, 0.25419965386390686, 0.24904119968414307, 0.22686909139156342, 0.23135049641132355, 0.27587711811065674], "PM25": [9.878320270217955e-06, 0.0019457313464954495, 0.0061613330617547035, 0.02316543646156788, 0.02967817522585392, 0.0002623524924274534, 1.7397482224623673e-05, 7.677828079977189e-07, 0.00032025162363424897, 0.0027624540962278843, 0.027504511177539825, 0.03169266879558563, 0.024256622418761253, 0.002928077708929777, 4.505003016674891e-05, 9.428977136849426e-06, 0.0004535504849627614, 0.001265768427401781, 0.01072631310671568, 0.014021417126059532, 0.010698451660573483, 0.0051391576416790485, 0.002265104092657566, 0.0007361941388808191]}