{"CO": [5.165238690096885e-07, 1.3452957858817172e-08, 3.669559021091118e-07, 2.270723598485347e-06, 6.208156992215663e-05, 0.02517521381378174, 0.05040798336267471, 0.36003413796424866, 0.36992350220680237, 0.8855873346328735, 1.2115322351455688, 2.229785203933716, 3.603538990020752, 4.842005252838135, 5.128971099853516, 5.892773628234863, 5.9248127937316895, 6.296874523162842, 6.433004856109619, 6.539921283721924, 6.581099987030029, 6.703077793121338, 6.616698265075684, 6.5805158615112305], "NO2": [0.0006297306972555816, 2.27592699957313e-05, 2.211914397776127e-05, 4.3997053580824286e-05, 0.004510839469730854, 0.07828762382268906, 0.1083894819021225, 0.12302079796791077, 0.7504950165748596, 1.0674158334732056, 1.3499599695205688, 1.1968798637390137, 0.2906241714954376, 0.06342525780200958, 0.10427414625883102, 0.2989567816257477, 0.7565979361534119, 0.8661163449287415, 1.1355211734771729, 1.1857904195785522, 0.2833144962787628, 0.06333519518375397, 0.10890688002109528, 0.3319854140281677], "SO2": [6.87417234246368e-10, 6.910121186365359e-08, 6.442240555770695e-05, 0.0004873235884588212, 1.745076042425353e-05, 3.437430495978333e-05, 8.055520993366372e-06, 0.0006137116579338908, 0.00026630028150975704, 0.003730481257662177, 0.01753878779709339, 0.07487405091524124, 0.11951301991939545, 0.1605035662651062, 0.07212192565202713, 0.005781118758022785, 0.0029074896592646837, 0.05543835088610649, 0.15665559470653534, 0.2244240790605545, 0.22496023774147034, 0.24806948006153107, 0.14304295182228088, 1.308823243562074e-06], "O3": [6.219719580258243e-06, 1.657144110822628e-08, 1.2492091805427208e-09, 6.068560098881903e-10, 0.01695123128592968, 2.060487747192383, 2.5054714679718018, 2.3268134593963623, 2.046035051345825, 5.060361385345459, 5.998934268951416, 11.17794418334961, 20.2724609375, 30.00705909729004, 35.3345947265625, 39.56416320800781, 36.30760955810547, 40.830780029296875, 35.757747650146484, 32.22687911987305, 36.156707763671875, 40.00070571899414, 38.87838363647461, 48.35434341430664], "PM10": [0.009502598084509373, 0.00932096503674984, 0.008398769423365593, 0.008962643332779408, 0.006675926968455315, 0.010206768289208412, 0.010511279106140137, 0.014351165853440762, 0.008149707689881325, 0.03814658522605896, 0.037271782755851746, 0.06011103838682175, 0.09790845215320587, 0.14209453761577606, 0.16695238649845123, 0.2042451649904251, 0.21660259366035461, 0.28712695837020874, 0.2396617978811264, 0.21179825067520142, 0.21181119978427887, 0.215079203248024, 0.24033021926879883, 0.3029983937740326], "PM25": [5.54320195078617e-07, 4.12958615925163e-06, 0.0001265154278371483, 0.000809970370028168, 2.9114280550857075e-05, 5.557079202844761e-05, 1.5191821148619056e-05, 1.8377139667791198e-06, 2.0171034975646762e-06, 1.703877751424443e-05, 6.657704943791032e-05, 6.961390317883343e-05, 2.355974356760271e-05, 0.0003013633831869811, 5.108341611048672e-06, 5.380189804782276e-08, 5.070483553026861e-07, 2.467197919031605e-05, 6.267065327847376e-05, 0.00016356137348338962, 0.0004669096088036895, 0.0017587551847100258, 0.000425473612267524, 5.678829984390177e-05]}