{"CO": [4.024192978846486e-09, 1.3399534815050629e-09, 1.77369230414115e-09, 1.9846554621949508e-08, 5.4018705668568145e-06, 0.01619807258248329, 0.11716366559267044, 0.11759410053491592, 0.15763211250305176, 0.6139307022094727, 0.9658811092376709, 2.191598892211914, 1.60116446018219, 1.7109705209732056, 6.002505302429199, 5.691490650177002, 5.700363636016846, 5.924985885620117, 6.12074089050293, 6.186229228973389, 5.605495929718018, 4.854307651519775, 6.081952095031738, 5.755438327789307], "NO2": [8.898464329831768e-06, 1.4305425793281756e-05, 8.324897498823702e-05, 0.00034477582084946334, 6.052756725694053e-05, 0.43998557329177856, 0.144075408577919, 0.2289103865623474, 0.3777332007884979, 0.7350361943244934, 1.5111709833145142, 1.1818419694900513, 0.25461041927337646, 0.8884257078170776, 0.08211235702037811, 0.09907370060682297, 1.3422762155532837, 1.2010539770126343, 1.516761302947998, 1.6016594171524048, 0.18984389305114746, 0.8948920965194702, 0.11614713817834854, 0.10887730121612549], "SO2": [3.816734526086024e-13, 3.816734526086024e-13, 3.84719654137472e-13, 1.6371823601674107e-12, 7.67652814145231e-13, 3.816734526086024e-13, 1.1921338916032198e-10, 3.816734526086024e-13, 3.1058053195920365e-07, 0.0007522163796238601, 0.0308578759431839, 0.09636009484529495, 0.06608203798532486, 3.747315346913638e-09, 3.816734526086024e-13, 1.6353262708435068e-06, 0.017834555357694626, 0.09949580579996109, 0.18171007931232452, 0.22144055366516113, 0.18157269060611725, 1.4488715351035353e-05, 3.816734526086024e-13, 3.816734526086024e-13], "O3": [1.5927970054008256e-08, 8.098990811333806e-09, 1.9267842876757868e-10, 2.34909841578812e-10, 0.0005535124219022691, 1.2725298404693604, 4.69679594039917, 4.210650444030762, 3.9163475036621094, 4.865078449249268, 5.31784725189209, 12.993703842163086, 10.785566329956055, 17.367759704589844, 47.298763275146484, 49.07990264892578, 43.2775764465332, 41.03751754760742, 34.98796081542969, 34.331993103027344, 32.885841369628906, 34.81117248535156, 48.786521911621094, 45.15370178222656], "PM10": [0.0043564606457948685, 0.0036713683512061834, 0.0025701140984892845, 0.0026062834076583385, 0.002620673505589366, 0.009251643903553486, 0.010287855751812458, 0.013144200667738914, 0.010058552958071232, 0.02046174556016922, 0.02817799709737301, 0.05550029128789902, 0.04243946447968483, 0.04781138896942139, 0.27491939067840576, 0.2696799039840698, 0.27517902851104736, 0.28307268023490906, 0.24356402456760406, 0.21214695274829865, 0.19906429946422577, 0.20261582732200623, 0.37332794070243835, 0.37895670533180237], "PM25": [2.1983590034061672e-16, 1.7871839321694102e-16, 9.71638879922708e-14, 2.3017920035284245e-12, 7.904713125381213e-13, 3.285965466739982e-12, 1.522867595915578e-11, 2.2324152249009188e-10, 4.107181539314553e-10, 2.755885242233802e-10, 8.622450670126014e-11, 8.308495558217999e-11, 1.4359043953859896e-09, 1.147241768251206e-08, 5.5643400997951176e-09, 3.6834765793081203e-10, 8.625311020971083e-10, 2.702733870041385e-10, 5.540233272149919e-10, 3.022018635334689e-09, 3.851703400670203e-09, 4.404420295145428e-08, 2.5214638710302495e-10, 1.77813614526956e-11]}