{"CO": [6.297395938048567e-10, 8.199886880611018e-10, 1.200014025926066e-07, 4.0284645365318283e-05, 5.570348730543628e-05, 0.005739368963986635, 0.01767296902835369, 0.003326710080727935, 0.6658651828765869, 2.4823625087738037, 3.8746604919433594, 3.8485310077667236, 3.5841190814971924, 4.4213385581970215, 5.61613655090332, 5.585482597351074, 5.537276744842529, 5.0739336013793945, 5.816586017608643, 6.132198810577393, 6.185464382171631, 6.437971115112305, 6.491165637969971, 6.475257396697998], "NO2": [3.5575997117121005e-06, 0.00011491744953673333, 1.5328947483794764e-05, 0.0005606384947896004, 0.00135240878444165, 0.025832325220108032, 0.02041667327284813, 0.011882240884006023, 0.8750225901603699, 3.3990120887756348, 2.3084731101989746, 1.8734594583511353, 0.5333513021469116, 0.1460547298192978, 0.09846651554107666, 0.1777282953262329, 0.8916773200035095, 2.1164886951446533, 1.886505126953125, 2.6134653091430664, 0.4235226511955261, 0.11142843961715698, 0.09050678461790085, 0.08502527326345444], "SO2": [3.8167347971365673e-13, 7.360132059375246e-08, 3.613917579059489e-05, 0.008983945474028587, 0.0016304256860166788, 0.00010630050383042544, 0.0005251094116829336, 7.259927951963618e-05, 0.009009510278701782, 0.03842933848500252, 0.05815292149782181, 0.04396827518939972, 0.07490978389978409, 0.13145197927951813, 0.2107650637626648, 0.1123441830277443, 0.04125291854143143, 0.048698317259550095, 0.11055229604244232, 0.11549001932144165, 0.17215894162654877, 0.22981597483158112, 0.2178853452205658, 0.19585122168064117], "O3": [5.4929540915793496e-09, 1.2031048379768094e-10, 1.3565785828006938e-08, 6.948982722576602e-09, 0.007518381346017122, 0.5236549377441406, 0.7158158421516418, 0.13182424008846283, 4.7383575439453125, 11.278375625610352, 20.206392288208008, 20.700971603393555, 21.61744499206543, 29.26227569580078, 34.97112274169922, 31.613725662231445, 29.980588912963867, 28.422367095947266, 30.726980209350586, 27.706079483032227, 32.14250564575195, 36.84678649902344, 36.975215911865234, 34.597015380859375], "PM10": [0.004664251115173101, 0.004504313226789236, 0.004253759980201721, 0.05230472609400749, 0.017063753679394722, 0.016374949365854263, 0.019687531515955925, 0.014552120119333267, 0.02453582175076008, 0.07246112823486328, 0.11732636392116547, 0.14771999418735504, 0.1749814748764038, 0.16990818083286285, 0.1930692493915558, 0.1664017140865326, 0.19216245412826538, 0.19025129079818726, 0.20348457992076874, 0.19622911512851715, 0.22341525554656982, 0.22909015417099, 0.24630872905254364, 0.27798992395401], "PM25": [1.1249829125442416e-14, 5.245468059911218e-08, 3.740084866876714e-05, 0.01822955161333084, 0.004874188918620348, 0.0005025475984439254, 0.0008740429184399545, 1.942378185049165e-05, 1.6506515043701597e-09, 3.6626076962420484e-06, 3.842711157631129e-05, 0.00479067862033844, 0.013573980890214443, 0.00536238681524992, 0.0018121874891221523, 4.10314946464041e-08, 1.8816359670381644e-06, 1.6927713659242727e-05, 0.00039214835851453245, 0.00025772335357032716, 0.004135219380259514, 0.002367151901125908, 0.0035037752240896225, 0.009932956658303738]}