{"CO": [2.0202257928758627e-06, 1.8881260643865971e-07, 1.5627554148522904e-06, 8.34441561892163e-06, 2.2317955881590024e-05, 0.00014867699064780027, 0.01524432748556137, 0.11819107085466385, 0.08315429091453552, 0.20825079083442688, 0.4232845604419708, 1.9733344316482544, 3.3715996742248535, 5.598053455352783, 6.3085551261901855, 5.7041497230529785, 5.948618412017822, 6.101746082305908, 5.990013599395752, 6.014934539794922, 6.359530925750732, 6.576529502868652, 6.728969573974609, 6.345183372497559], "NO2": [1.4239593838283326e-05, 1.1789591553679202e-05, 2.1596308215521276e-05, 5.522763967746869e-05, 0.00019468869140837342, 0.0009428967605344951, 0.00814029760658741, 0.22458264231681824, 0.7138826847076416, 1.1304078102111816, 0.7514243125915527, 0.6027203798294067, 0.10528361052274704, 0.02544858306646347, 0.05342436581850052, 0.31773900985717773, 0.9796977043151855, 0.8843706250190735, 0.6198449730873108, 0.7960696816444397, 0.1199801042675972, 0.030530540272593498, 0.055841460824012756, 0.14882686734199524], "SO2": [1.3495552593667526e-05, 1.6475609299959615e-05, 0.0003666583215817809, 0.0015446175821125507, 0.002559935674071312, 0.0018872645450755954, 0.0019360939040780067, 0.201778382062912, 0.19912324845790863, 0.030938874930143356, 0.04899982362985611, 0.04672882333397865, 0.13139979541301727, 0.24440477788448334, 0.23907172679901123, 0.13843435049057007, 0.009731789119541645, 0.0074230097234249115, 0.05581103265285492, 0.09978706389665604, 0.217796191573143, 0.24222660064697266, 0.24201637506484985, 0.0027741575613617897], "O3": [2.6419070309202652e-06, 5.312429252057882e-08, 9.056444127963914e-08, 4.1279911044966866e-08, 0.001496653538197279, 0.020432518795132637, 0.6161640882492065, 2.7620038986206055, 1.09203040599823, 1.3277993202209473, 3.144146680831909, 13.648271560668945, 21.126384735107422, 32.913482666015625, 36.09415054321289, 38.69551467895508, 47.55256652832031, 47.59618377685547, 46.805294036865234, 45.76420974731445, 42.379180908203125, 40.72753143310547, 39.26706314086914, 72.9104995727539], "PM10": [0.6108818054199219, 0.07202304899692535, 0.003439420834183693, 0.003660822520032525, 0.0033427332527935505, 0.8792014718055725, 0.22690168023109436, 1.886575698852539, 1.1095473766326904, 0.5693904161453247, 0.34327828884124756, 0.07279227674007416, 0.09731271862983704, 0.4114404618740082, 0.5226154327392578, 0.8001145124435425, 0.4130924344062805, 0.3409338593482971, 0.3316614031791687, 0.32415467500686646, 0.3096091151237488, 0.2735975384712219, 0.6659409403800964, 1.5691076517105103], "PM25": [0.23946499824523926, 0.036371465772390366, 1.3991157175041735e-06, 2.8139302798990684e-07, 5.702546786778839e-06, 0.4825492799282074, 0.07108480483293533, 0.5786699652671814, 0.21760691702365875, 0.16807563602924347, 0.11502892524003983, 0.005224736873060465, 0.004093442112207413, 0.13669510185718536, 0.1460510492324829, 0.2915419340133667, 0.03009624592959881, 0.007731798570603132, 0.02052576281130314, 0.015145814046263695, 0.04067525640130043, 0.03695029765367508, 0.1933269202709198, 0.3707173764705658]}