{"CO": [8.957138561527245e-06, 8.135766620398499e-07, 3.5949673815593997e-07, 2.846970232894819e-07, 0.00014870915038045496, 0.23351801931858063, 0.34107792377471924, 0.04930880665779114, 0.06137164309620857, 0.061514001339673996, 0.06530573219060898, 0.07266635447740555, 0.12760435044765472, 0.3514070212841034, 3.802089214324951, 4.534920692443848, 4.554628849029541, 5.579268932342529, 5.152138710021973, 4.810251235961914, 5.085194110870361, 4.935955047607422, 5.743675708770752, 5.7867841720581055], "NO2": [0.005526215769350529, 0.0007140369853004813, 0.00240900251083076, 0.0016959792701527476, 0.011226633563637733, 0.45645618438720703, 1.2953513860702515, 2.214254379272461, 2.410640001296997, 2.301532745361328, 2.297793388366699, 2.1111884117126465, 0.9765726327896118, 0.5278986692428589, 0.9985544085502625, 5.146697998046875, 10.48600959777832, 11.875603675842285, 7.933624267578125, 7.022541522979736, 2.369009494781494, 0.5628577470779419, 0.7388078570365906, 5.978681564331055], "SO2": [3.816734526086024e-13, 3.816734526086024e-13, 3.8423024527681204e-13, 9.95058961443529e-13, 3.81673154453005e-13, 2.5026816556639186e-12, 6.985043099483335e-11, 3.862474113702774e-05, 0.0001203877545776777, 7.334334077313542e-05, 0.00024903961457312107, 0.00045636127470061183, 0.0001702891750028357, 0.00033698903280310333, 0.11668732762336731, 0.060485001653432846, 0.015386219136416912, 0.0456509068608284, 0.06580852717161179, 0.061397142708301544, 0.04426370561122894, 0.049487415701150894, 0.11280271410942078, 0.012209822423756123], "O3": [1.647431275841882e-07, 2.4627404116017715e-08, 9.89932441575192e-12, 1.729523330107341e-10, 0.00997841078788042, 12.971202850341797, 12.491945266723633, 0.14761847257614136, 0.02631530910730362, 0.015550127252936363, 0.016261231154203415, 0.35567423701286316, 3.9419405460357666, 14.997601509094238, 34.79296112060547, 27.662561416625977, 22.056419372558594, 28.386598587036133, 30.486173629760742, 28.591733932495117, 33.26533508300781, 44.50566482543945, 46.9188232421875, 32.315189361572266], "PM10": [0.003470551921054721, 0.0031522135250270367, 0.003567833686247468, 0.0034934428986161947, 0.0031937221065163612, 0.008903004229068756, 0.007570632267743349, 0.014994717203080654, 0.015580662526190281, 0.014521168544888496, 0.012837124057114124, 0.01285923644900322, 0.011483539827167988, 0.009450409561395645, 0.043065860867500305, 0.08331011235713959, 0.3478887975215912, 0.34252211451530457, 0.25537198781967163, 0.24762067198753357, 0.2751339077949524, 0.24039393663406372, 0.18592654168605804, 0.20739609003067017], "PM25": [1.2232229107914946e-16, 1.2539519426289005e-16, 2.6444150078778865e-14, 1.335878673305868e-12, 1.0379224760043466e-16, 9.999999506879345e-17, 2.9466599109741545e-14, 2.642335683589181e-09, 5.947811132500647e-09, 1.0323155663627404e-08, 8.009243401829735e-08, 1.4499876854756621e-08, 2.915170993489369e-09, 2.0006094558766563e-09, 8.882534707765899e-10, 4.544982612486592e-09, 1.4833818617887573e-09, 1.3253793618162035e-08, 1.0317966570028148e-07, 9.47804466022717e-08, 9.643284393234808e-09, 8.997809608501939e-09, 5.865140595417984e-10, 7.24742987845417e-10]}