{"CO": [6.017109654976593e-08, 8.401596574003634e-07, 2.878878513001837e-05, 2.6800567866303027e-05, 6.968670732021565e-06, 0.0010111216688528657, 0.01808781735599041, 0.01191069558262825, 0.269887775182724, 1.195371150970459, 2.6059396266937256, 4.382853031158447, 5.452922344207764, 6.172461032867432, 5.7374587059021, 5.864651679992676, 6.155613899230957, 6.4793829917907715, 6.726754188537598, 6.763332843780518, 6.782557487487793, 6.757709980010986, 6.719949245452881, 6.493772983551025], "NO2": [6.482262051576981e-06, 6.5502896440250424e-09, 0.0001353838451905176, 0.00014422890671994537, 8.071521733654663e-05, 0.0041877757757902145, 0.013357890769839287, 0.04298948496580124, 0.36846575140953064, 0.3626362085342407, 0.3775136470794678, 0.4615863859653473, 0.14332300424575806, 0.06559795886278152, 0.12089338898658752, 0.19300267100334167, 0.3614290654659271, 0.3405294120311737, 0.2883591949939728, 0.465253084897995, 0.15866915881633759, 0.07558431476354599, 0.10981389135122299, 0.18416838347911835], "SO2": [3.1881827453617007e-06, 4.200589387437503e-08, 0.0066869622096419334, 0.006837406195700169, 0.00028986894176341593, 4.033631557831541e-05, 1.7072832633857615e-05, 0.0007204022840596735, 0.0038879152853041887, 0.015379074029624462, 0.07395025342702866, 0.19448111951351166, 0.24270693957805634, 0.21563540399074554, 0.1838953047990799, 0.015474934130907059, 0.023587532341480255, 0.11622583866119385, 0.2723507881164551, 0.29515576362609863, 0.2905864417552948, 0.2725909948348999, 0.12622177600860596, 0.007319987285882235], "O3": [1.0358522786191315e-06, 1.8653503630616797e-08, 3.598285047701211e-08, 2.2439882840785685e-08, 0.0007372417603619397, 0.11565703898668289, 0.756984531879425, 0.43560686707496643, 2.092820167541504, 8.127445220947266, 16.11503028869629, 25.640514373779297, 30.45721435546875, 35.1844367980957, 33.20233917236328, 47.72160720825195, 50.604373931884766, 48.29555130004883, 40.826107025146484, 37.86547088623047, 37.23263168334961, 39.36875534057617, 42.039371490478516, 52.88686752319336], "PM10": [0.0027170972898602486, 0.0039985645562410355, 0.025721317157149315, 0.02703407220542431, 0.0035238144919276237, 0.004663022235035896, 0.008973962627351284, 0.011548366397619247, 0.009941119700670242, 0.034934695810079575, 0.07876410335302353, 0.1379452496767044, 0.1456555724143982, 0.17495912313461304, 0.17101618647575378, 0.18824830651283264, 0.2023967057466507, 0.24897414445877075, 0.21329963207244873, 0.22505465149879456, 0.2039114534854889, 0.2026950567960739, 0.20786409080028534, 0.2814888656139374], "PM25": [1.5901301594567485e-05, 5.998256824568671e-08, 0.01120928954333067, 0.011815891601145267, 0.0002963824081234634, 2.4788282537713258e-09, 3.593450674088672e-05, 1.6259683661701274e-06, 1.974055339815095e-05, 0.0010898050386458635, 0.0038886908441781998, 0.010144885629415512, 0.000965012819506228, 0.00011269750393694267, 0.0001633057981962338, 7.500819965144956e-10, 0.0002745632082223892, 0.0006278161308728158, 0.002829819219186902, 0.009458939544856548, 0.0031879341695457697, 5.4720901971450076e-05, 0.0004971796879544854, 3.999207910965197e-05]}