{"CO": [4.286097828298807e-05, 2.1718599327869015e-06, 7.709900273766834e-07, 4.3200691379752243e-07, 0.0002793969470076263, 0.3924030661582947, 0.24260647594928741, 0.05504712089896202, 0.04740580543875694, 0.07151506841182709, 0.056024253368377686, 0.06735215336084366, 0.2007569670677185, 0.42725199460983276, 1.1039018630981445, 5.476733207702637, 5.123809337615967, 5.427677154541016, 5.1448187828063965, 4.970493793487549, 5.194190502166748, 4.712703704833984, 3.816246747970581, 4.853133201599121], "NO2": [0.05534111335873604, 0.0037279974203556776, 0.0056190574541687965, 0.0049913679249584675, 0.05282923951745033, 0.44285041093826294, 0.04715730622410774, 1.6213512420654297, 1.9939206838607788, 2.492138147354126, 2.160487174987793, 2.4380691051483154, 1.9332733154296875, 0.36254456639289856, 0.25378456711769104, 2.195317029953003, 10.386287689208984, 11.408574104309082, 9.161182403564453, 7.743804454803467, 2.306208372116089, 0.2978847622871399, 0.10519804060459137, 0.5947898030281067], "SO2": [3.8167347971365673e-13, 3.816734526086024e-13, 3.816734526086024e-13, 4.4773839041716e-13, 5.164360692561099e-13, 9.183995924866295e-11, 9.682593145043938e-07, 0.00014586812176275998, 0.0007419223547913134, 0.00031586684053763747, 0.00011224117042729631, 0.0003650077269412577, 0.0003083187621086836, 0.00040526187513023615, 0.016414744779467583, 0.09941911697387695, 0.07625927776098251, 0.06983909010887146, 0.07346683740615845, 0.056792087852954865, 0.05577678978443146, 0.057736411690711975, 0.053668033331632614, 0.06789542734622955], "O3": [1.1044223356293514e-05, 7.802243573440393e-11, 3.0094919611922677e-12, 1.1622790403731376e-12, 0.04685373976826668, 22.174463272094727, 9.398520469665527, 0.4825933575630188, 0.0462358184158802, 0.015171599574387074, 8.042258559726179e-05, 0.01039022859185934, 8.820099830627441, 18.622745513916016, 17.89589500427246, 31.48902130126953, 26.3200740814209, 27.855289459228516, 28.476829528808594, 27.977022171020508, 38.04023361206055, 45.920536041259766, 33.80303955078125, 31.933807373046875], "PM10": [0.005874987691640854, 0.0078084333799779415, 0.007522389758378267, 0.007489844225347042, 0.006566716358065605, 0.008937322534620762, 0.00952847395092249, 0.01791798509657383, 0.017053132876753807, 0.015171310864388943, 0.014756478369235992, 0.013408302329480648, 0.009971520863473415, 0.008218919858336449, 0.011984946206212044, 0.10861621052026749, 0.19741643965244293, 0.38473179936408997, 0.31450819969177246, 0.35045570135116577, 0.28690364956855774, 0.22581830620765686, 0.1812785416841507, 0.16118592023849487], "PM25": [1.0000000830368325e-16, 1.2047549455633907e-16, 6.742134503007159e-16, 1.6041734726603835e-13, 4.809995514409339e-14, 1.370828592715703e-15, 3.57189240208014e-13, 5.578233874814487e-09, 3.629519351733279e-09, 7.982614569357338e-09, 1.6829886817504303e-08, 1.0783281823023572e-08, 3.0805511475051617e-09, 1.9146184637719443e-09, 4.858374813565547e-10, 2.663349318865471e-09, 2.9514695132348834e-09, 3.1282660906128967e-09, 3.779222623734313e-08, 3.8257073953218423e-08, 6.264738949823823e-09, 2.0573640568954943e-09, 1.194919385660853e-09, 6.968425281250745e-10]}