{"CO": [1.9914183724267787e-07, 1.5910970319055195e-08, 1.4208954901562265e-08, 9.827539670936858e-09, 0.00028614868642762303, 0.019195567816495895, 0.1879698485136032, 1.3642330169677734, 3.397376537322998, 4.638426303863525, 3.3579955101013184, 3.2871272563934326, 2.806467056274414, 3.5075886249542236, 6.0197882652282715, 6.031217098236084, 5.361729621887207, 5.9912919998168945, 5.834221839904785, 5.835580348968506, 5.7792277336120605, 5.959571361541748, 6.470648288726807, 6.27241849899292], "NO2": [0.00011220457963645458, 3.398687476874329e-05, 5.4143962188391015e-05, 7.266938337124884e-05, 0.012754496186971664, 0.11617505550384521, 0.11543262004852295, 0.47051215171813965, 0.9487484693527222, 1.3144276142120361, 1.0430991649627686, 0.9490177631378174, 0.32215219736099243, 0.14704087376594543, 0.10881588608026505, 0.4277489185333252, 0.9149923920631409, 1.2704873085021973, 0.9485528469085693, 0.7705360054969788, 0.30761265754699707, 0.15674501657485962, 0.11895835399627686, 0.5867010354995728], "SO2": [3.816734526086024e-13, 3.816734526086024e-13, 3.818533759591264e-13, 8.991558365922803e-12, 2.7771376778090717e-12, 3.6746563125689136e-08, 0.0031617602799087763, 0.003999995533376932, 0.006757792551070452, 0.01250886544585228, 0.018212703987956047, 0.036740679293870926, 0.06761378794908524, 0.1074763759970665, 0.01880871318280697, 6.787909660488367e-05, 0.025101082399487495, 0.10429488122463226, 0.1139223501086235, 0.13881517946720123, 0.16126152873039246, 0.17375782132148743, 0.014403332956135273, 5.760801286669448e-06], "O3": [4.876552793575684e-06, 3.040642404528171e-09, 8.974725407284723e-10, 5.963413096665704e-11, 0.08808524161577225, 1.785923957824707, 2.406399726867676, 7.779918670654297, 16.470714569091797, 27.921581268310547, 28.331497192382812, 24.851913452148438, 21.221220016479492, 25.19004249572754, 41.070926666259766, 39.35700988769531, 30.76105308532715, 34.123783111572266, 34.64548873901367, 33.471435546875, 31.29690170288086, 34.83427047729492, 52.36267852783203, 42.6922492980957], "PM10": [0.004020507913082838, 4.507668495178223, 9.60248851776123, 25.604944229125977, 0.11040902882814407, 0.009015146642923355, 0.008648264221847057, 0.04023612290620804, 2.0850350856781006, 9.715189933776855, 14.727348327636719, 29.030620574951172, 0.11978531628847122, 0.12444072216749191, 0.34283447265625, 1.9669315814971924, 2.4839961528778076, 6.282576560974121, 11.100916862487793, 25.96717643737793, 0.47960978746414185, 0.20888224244117737, 0.3793501555919647, 2.9939961433410645], "PM25": [0.00018057289707940072, 2.2387499809265137, 4.74934720993042, 12.363151550292969, 0.0005007331492379308, 5.185279587749392e-05, 0.00013907835818827152, 0.0005603452445939183, 0.9792830944061279, 4.572099208831787, 7.013308048248291, 13.499539375305176, 0.0007015485898591578, 6.505384953925386e-05, 7.272040966199711e-05, 0.7668535709381104, 1.0853174924850464, 2.923917293548584, 5.216548919677734, 12.141408920288086, 1.2673854143940844e-05, 5.733022408094257e-05, 7.463456131517887e-05, 1.3685680627822876]}