{"CO": [2.2579807534839347e-07, 1.5788681650974468e-07, 6.962944354427236e-08, 3.4458874864640165e-08, 6.0393249441403896e-06, 0.06549587100744247, 0.03445591777563095, 0.05288492888212204, 0.06912917643785477, 0.06919777393341064, 0.05138517916202545, 0.061337895691394806, 0.08653153479099274, 0.3544447422027588, 2.2349085807800293, 5.200150966644287, 6.0531134605407715, 5.510880947113037, 4.59763240814209, 4.872636795043945, 4.701268196105957, 4.937997341156006, 6.299393653869629, 6.249475479125977], "NO2": [0.0004259755660314113, 0.0001815315627027303, 0.00039304138044826686, 0.0006073729018680751, 0.00012659243657253683, 0.42063456773757935, 0.36709192395210266, 1.1407568454742432, 1.912337064743042, 2.0871706008911133, 1.9509787559509277, 1.7219221591949463, 0.8288217186927795, 1.2104301452636719, 0.35070300102233887, 3.183270215988159, 4.9959397315979, 5.50874662399292, 4.413986682891846, 4.058889389038086, 1.4550879001617432, 0.6654766201972961, 0.4137518107891083, 2.47055721282959], "SO2": [3.816734526086024e-13, 3.816734526086024e-13, 3.816734526086024e-13, 4.707970124862015e-13, 4.153563615012096e-13, 1.4431283261728822e-06, 4.5821733074546955e-09, 6.727602794853738e-06, 1.765753836480144e-06, 3.049605766136665e-05, 0.00011658672883640975, 0.001260382472537458, 0.001394463237375021, 1.4149326489132363e-05, 0.06238960102200508, 0.0024697526823729277, 0.0018216937314718962, 0.06618781387805939, 0.08295247703790665, 0.11162561923265457, 0.08570947498083115, 0.00757389422506094, 3.816734526086024e-13, 0.005216250661760569], "O3": [1.2851779640499217e-09, 6.750429659696522e-10, 3.1605415506952284e-10, 6.402963576013221e-11, 0.0006199244526214898, 3.9841597080230713, 1.3915605545043945, 0.5282126665115356, 0.41144102811813354, 0.24872365593910217, 0.05605936050415039, 0.15653802454471588, 1.360823392868042, 11.721376419067383, 45.60490036010742, 39.275943756103516, 38.00172805786133, 34.94420623779297, 30.956235885620117, 28.880802154541016, 30.479719161987305, 41.98617172241211, 51.2785758972168, 40.1505012512207], "PM10": [0.0024176521692425013, 0.002512908773496747, 0.0028107515536248684, 0.00308049563318491, 0.0027841683477163315, 0.009164239279925823, 0.01994231902062893, 0.01596490852534771, 0.014680708758533001, 0.01257797610014677, 0.012446761131286621, 0.011317765340209007, 0.010960815474390984, 0.008284156210720539, 0.5609796643257141, 0.41873231530189514, 0.49044179916381836, 0.2650265693664551, 0.1840229481458664, 0.17908549308776855, 0.1872899830341339, 0.20542730391025543, 0.5017886161804199, 0.5683415532112122], "PM25": [1.0000000168623835e-16, 1.0281780898651249e-16, 1.1942582221134397e-15, 7.831818960718495e-13, 2.7632513248040946e-13, 1.2226725437224778e-13, 1.9524766248224523e-09, 1.0875946365729305e-08, 8.42282776858383e-09, 4.454035362755349e-09, 3.3615372707629376e-09, 5.513428380510277e-09, 3.27965099522487e-09, 1.5308321277274217e-09, 5.114298429198527e-10, 3.6129623737224392e-09, 4.127876707116229e-09, 1.551888284545555e-09, 1.172600949672642e-08, 3.5183578717123964e-08, 1.3086840056075744e-08, 1.8066768081581586e-09, 1.0722827070708263e-09, 4.117027274652685e-10]}