{"CO": [4.289701678317215e-07, 1.657586068404271e-08, 0.0012765416176989675, 3.770290277316235e-06, 0.00021243729861453176, 0.017049239948391914, 0.027200473472476006, 1.065785527229309, 0.35648322105407715, 1.0138134956359863, 2.3904123306274414, 2.7517762184143066, 3.577610969543457, 5.186700344085693, 5.859118461608887, 5.866805076599121, 5.8349528312683105, 6.424584865570068, 6.568274021148682, 6.61587381362915, 6.532754421234131, 6.719020366668701, 6.649620532989502, 6.54893159866333], "NO2": [0.00026138927205465734, 3.001098411914427e-05, 0.008257920853793621, 4.595583232003264e-05, 0.014638993889093399, 0.06831434369087219, 0.09549421072006226, 0.21120920777320862, 0.8932218551635742, 1.2641913890838623, 1.826628565788269, 1.6089030504226685, 0.3890816867351532, 0.1613871306180954, 0.1582425981760025, 0.5142034888267517, 0.8439236283302307, 1.1603355407714844, 1.8625786304473877, 1.9866032600402832, 0.5175615549087524, 0.1683521419763565, 0.20750576257705688, 0.6116912364959717], "SO2": [2.4034695674662876e-12, 3.732590236893429e-09, 0.42182037234306335, 0.0009004982421174645, 5.118939225212671e-05, 0.0001494857424404472, 1.2380010048218537e-05, 0.0101838493719697, 0.0001861570926848799, 0.003981520887464285, 0.01445731520652771, 0.10260403901338577, 0.13337308168411255, 0.1878952533006668, 0.20941157639026642, 0.008904246613383293, 0.001124711474403739, 0.11445663869380951, 0.15553876757621765, 0.22543366253376007, 0.21994827687740326, 0.25768667459487915, 0.15076689422130585, 0.0012034295359626412], "O3": [3.811547458099085e-06, 1.7404643060103808e-08, 4.698806677083667e-08, 7.919742084361303e-10, 0.06678915023803711, 1.2325160503387451, 1.226794958114624, 6.467547416687012, 1.8439793586730957, 5.905420303344727, 11.233463287353516, 12.304079055786133, 20.000228881835938, 30.90900230407715, 36.018314361572266, 42.77728271484375, 35.912017822265625, 36.284339904785156, 32.34172821044922, 29.717023849487305, 35.36098861694336, 41.050453186035156, 38.23456573486328, 51.625274658203125], "PM10": [0.005642916075885296, 0.006037186365574598, 1.3055500984191895, 0.008372822776436806, 0.0042833248153328896, 0.011281298473477364, 0.01036196481436491, 0.0301237590610981, 0.008367682807147503, 0.03125469386577606, 0.10297394543886185, 0.0848231315612793, 0.09640239179134369, 0.1557491570711136, 0.17210008203983307, 0.21740658581256866, 0.18850399553775787, 0.2563445568084717, 0.40313929319381714, 0.25718098878860474, 0.21812473237514496, 0.23241889476776123, 0.25394776463508606, 0.31180083751678467], "PM25": [3.2787470445327926e-06, 0.00013649649918079376, 0.6251024007797241, 0.0022479514591395855, 0.00012760946992784739, 0.00030988556682132185, 0.00010006623779190704, 8.72827456532832e-07, 9.167391544906422e-05, 0.0028518589679151773, 0.013937221840023994, 0.001711283577606082, 6.736091017955914e-05, 0.0003661959490273148, 3.457483398960903e-05, 1.4033747675057384e-06, 7.796045792929363e-06, 0.0021589170210063457, 0.04964936897158623, 0.007411876227706671, 0.0002442654222249985, 0.0040382565930485725, 0.0070345173589885235, 0.0002352561423322186]}