{"CO": [1.1500348451320974e-09, 4.702294731373513e-08, 2.5360218813830215e-08, 4.0356798791663095e-08, 4.962441744282842e-05, 0.006735538132488728, 0.004588623996824026, 3.0547006130218506, 2.853930950164795, 3.4161903858184814, 4.729857921600342, 3.853505849838257, 3.6659531593322754, 5.849894046783447, 6.329791069030762, 5.346251487731934, 5.662586212158203, 6.013676643371582, 6.191693305969238, 6.1842427253723145, 6.209024906158447, 6.467904090881348, 6.6186394691467285, 6.397545337677002], "NO2": [2.5215663299604785e-06, 4.9392401706427336e-05, 0.00013681297423318028, 0.00017183547606691718, 0.0017222921596840024, 0.028331153094768524, 0.008364763110876083, 0.26059117913246155, 0.5141821503639221, 1.191683053970337, 0.8987038135528564, 0.9857531189918518, 0.6222937703132629, 0.12008602172136307, 0.09655549377202988, 0.2895347476005554, 0.5299693942070007, 0.6461645364761353, 0.618016242980957, 0.8871214985847473, 0.6119464635848999, 0.15636548399925232, 0.11345349997282028, 0.2726735472679138], "SO2": [3.816734526086024e-13, 7.339817642559865e-11, 4.448802144452202e-07, 8.049977623159066e-06, 3.8178452086867765e-05, 6.131213922344614e-06, 7.122317038010806e-05, 0.08987434208393097, 0.08971763402223587, 0.00723388884216547, 0.021274883300065994, 0.04191742092370987, 0.09662903845310211, 0.24148668348789215, 0.20636720955371857, 0.058296721428632736, 0.022274084389209747, 0.08536407351493835, 0.1602657586336136, 0.169921413064003, 0.18772979080677032, 0.2309126853942871, 0.2648868262767792, 0.0579855814576149], "O3": [6.650430872667812e-09, 3.213040429272951e-07, 1.3328078640739704e-09, 9.529429328969385e-11, 0.010874503292143345, 0.5692956447601318, 0.24679754674434662, 18.41823959350586, 16.303455352783203, 14.556413650512695, 24.385095596313477, 21.903425216674805, 22.175100326538086, 35.21524429321289, 37.0880126953125, 31.003822326660156, 32.05169677734375, 35.237525939941406, 31.759063720703125, 29.63994598388672, 31.355850219726562, 37.28196716308594, 38.23280334472656, 41.43227767944336], "PM10": [0.0037683481350541115, 0.004688708111643791, 0.006001841276884079, 0.007817517966032028, 0.006740603595972061, 0.014751092530786991, 0.009721892885863781, 0.0839814618229866, 0.0838862806558609, 0.09488803148269653, 0.20946647226810455, 0.20172204077243805, 0.15597715973854065, 0.17917035520076752, 0.18534983694553375, 0.17374658584594727, 0.24626272916793823, 0.24879029393196106, 0.22447876632213593, 0.23072567582130432, 0.218414306640625, 0.222819522023201, 0.2183404415845871, 0.24904584884643555], "PM25": [2.5773260262096365e-11, 0.0001451842690585181, 0.0006440498400479555, 0.0015318244695663452, 0.0011338841868564487, 0.0004236033128108829, 4.183950519376367e-09, 1.1758591877963909e-09, 2.872575578294345e-06, 0.0017635088879615068, 0.01229424960911274, 0.016188694164156914, 0.009018662385642529, 0.0004101649683434516, 2.0444865640456555e-06, 1.3007196708603175e-10, 0.00030573480762541294, 0.001231611822731793, 0.0034771107602864504, 0.007330423220992088, 0.004183665849268436, 0.0016386514762416482, 0.00012136723671574146, 0.0005126027972437441]}