{"CO": [8.398873205806012e-07, 2.839333319570869e-07, 2.1086694346195145e-07, 1.443020352098756e-07, 0.00017543409194331616, 0.07016114145517349, 0.20311105251312256, 0.13704565167427063, 0.14101798832416534, 0.14187222719192505, 0.23590461909770966, 0.3409157991409302, 0.13330090045928955, 0.4633786976337433, 0.6790870428085327, 2.3309519290924072, 3.6004536151885986, 4.535811424255371, 4.819860935211182, 4.869143486022949, 4.694018363952637, 4.649833679199219, 4.09586238861084, 5.53839111328125], "NO2": [0.0013720403658226132, 0.0023291155230253935, 0.0045163691975176334, 0.004765885882079601, 0.012215138413012028, 0.24889999628067017, 1.0584216117858887, 3.7040231227874756, 4.411970138549805, 4.572433948516846, 4.579869270324707, 3.9758830070495605, 1.2005606889724731, 1.418908953666687, 0.5025621056556702, 7.043914794921875, 13.190716743469238, 16.729114532470703, 13.608878135681152, 11.432188987731934, 2.9323184490203857, 0.7807224988937378, 1.872015118598938, 6.416128158569336], "SO2": [3.816734526086024e-13, 3.816734526086024e-13, 3.8167795204761823e-13, 5.033637569262783e-12, 1.508798836737102e-12, 4.015991095229765e-08, 7.382817024392807e-09, 1.9587299902923405e-05, 0.0008530971244908869, 0.00017502678383607417, 0.0002518090477678925, 0.00714473519474268, 0.0008371068397536874, 1.3944335250926088e-06, 1.838189632508147e-06, 0.049283288419246674, 0.017431551590561867, 0.028743870556354523, 0.062493398785591125, 0.08415145426988602, 0.05412429943680763, 0.009921930730342865, 0.018035339191555977, 0.0374089740216732], "O3": [2.0578783122005007e-08, 2.1191179921942194e-09, 6.544789016293961e-11, 1.2525950329050906e-12, 0.023666147142648697, 3.687896966934204, 7.59317684173584, 1.6436277627944946, 0.009393464773893356, 0.0011432303581386805, 0.02102142758667469, 0.09532498568296432, 4.113010406494141, 24.56146812438965, 19.566091537475586, 20.302976608276367, 17.47462272644043, 21.56293296813965, 25.432071685791016, 24.45829200744629, 30.540630340576172, 46.35080337524414, 37.53028869628906, 29.632619857788086], "PM10": [0.0025281086564064026, 0.0038545166607946157, 0.004457652103155851, 0.00408310629427433, 0.0035099280066788197, 0.012939496897161007, 0.008776209317147732, 0.01174450758844614, 0.008539861999452114, 0.01010337844491005, 0.0086775291711092, 0.012070617638528347, 0.011915325187146664, 0.011890802532434464, 0.00817619264125824, 0.08296279609203339, 0.1738293617963791, 0.24733853340148926, 0.25854888558387756, 0.23299609124660492, 0.2535819709300995, 0.24381619691848755, 0.16346454620361328, 0.19282495975494385], "PM25": [1.0000000168623835e-16, 1.4713676977856443e-16, 6.111960624974799e-15, 1.2580943231643715e-11, 2.6164727936345278e-12, 1.9994313496529692e-11, 4.140734196494966e-12, 3.5375655738079104e-09, 3.1342313189242077e-09, 1.866404364392338e-09, 1.7153841680439541e-09, 1.0389702431723435e-08, 1.1930369581136802e-08, 3.1245024345594175e-09, 3.9398614926078324e-10, 5.280703097021444e-10, 1.3381612484764105e-09, 8.29679880354206e-10, 4.976638212639273e-09, 9.593373562211127e-08, 1.2905505286653352e-07, 5.8114700607347913e-08, 8.52379589133534e-09, 1.3639925300346079e-10]}