{"CO": [1.3033126800010564e-09, 4.1763811964301567e-07, 0.000104588019894436, 0.00043556425953283906, 0.0007151940371841192, 0.011611354537308216, 0.019635891541838646, 0.013737794943153858, 0.01323694922029972, 0.333112895488739, 1.9654269218444824, 1.7754732370376587, 2.1768581867218018, 2.5172975063323975, 3.9494898319244385, 3.33601450920105, 4.765702724456787, 5.130707263946533, 5.522410869598389, 6.138635635375977, 6.333545684814453, 6.270723342895508, 6.244964122772217, 6.426827430725098], "NO2": [2.945611754512356e-07, 7.52262058085762e-05, 0.0009252115269191563, 0.0031541541684418917, 0.01197265274822712, 0.04599420726299286, 0.026667309924960136, 0.05330823361873627, 0.37365299463272095, 2.085899829864502, 1.7338519096374512, 1.883160948753357, 0.7248154282569885, 0.17279064655303955, 0.09394076466560364, 0.28089237213134766, 1.427078127861023, 1.07552969455719, 1.34365713596344, 1.5027544498443604, 0.816057026386261, 0.17949633300304413, 0.1536787897348404, 0.2743559181690216], "SO2": [5.847244910484051e-11, 0.0001289961364818737, 0.025051767006516457, 0.10750111192464828, 0.10213032364845276, 0.02880745567381382, 0.015204528346657753, 0.0033697306644171476, 0.0005427358555607498, 0.0013774780090898275, 0.01716654747724533, 0.2398548275232315, 0.8201436400413513, 0.7646666169166565, 0.5027132630348206, 0.43153873085975647, 0.14226201176643372, 0.04383642226457596, 0.07641786336898804, 0.15503457188606262, 0.19845151901245117, 0.36968883872032166, 0.2767655551433563, 0.21991659700870514], "O3": [2.9609168450406287e-08, 5.066343433668408e-08, 3.8155803849804215e-06, 8.241275395448611e-07, 0.05885287746787071, 0.8645412921905518, 0.8123722076416016, 0.48953521251678467, 0.005456926766782999, 0.748970091342926, 9.474331855773926, 8.279525756835938, 11.916874885559082, 19.159503936767578, 27.321712493896484, 23.950359344482422, 25.510536193847656, 27.476118087768555, 29.80755043029785, 30.789297103881836, 30.668231964111328, 40.657379150390625, 40.38395309448242, 36.430877685546875], "PM10": [0.004460838623344898, 0.004957280587404966, 0.11163712292909622, 0.4438092112541199, 0.4588109850883484, 0.18097452819347382, 0.12975408136844635, 0.04208076372742653, 0.016114750877022743, 0.011644476093351841, 0.059941455721855164, 0.7774166464805603, 2.756633996963501, 2.5259060859680176, 1.6307820081710815, 1.7882089614868164, 0.5467775464057922, 0.18895003199577332, 0.21574373543262482, 0.5148782730102539, 0.535295844078064, 1.0640109777450562, 0.7849898338317871, 0.4236040413379669], "PM25": [1.144031883115737e-10, 0.00018112857651431113, 0.04275466501712799, 0.1824386566877365, 0.19017371535301208, 0.016100773587822914, 0.011629155836999416, 0.0027318624779582024, 0.00015799702669028193, 0.0003464299370534718, 0.0007168479496613145, 0.1506449282169342, 0.7851548790931702, 0.558377742767334, 0.21099790930747986, 0.19134476780891418, 0.049537889659404755, 0.0005485062720254064, 0.002395355375483632, 0.06910831481218338, 0.07772690802812576, 0.20713813602924347, 0.12883593142032623, 0.04230670630931854]}