{"CO": [1.3377165259953472e-06, 5.27151769347256e-07, 7.07065552774111e-08, 1.2529449122666847e-07, 1.3459938600135501e-05, 0.03310934454202652, 0.06749439984560013, 0.0242361631244421, 0.07289135456085205, 0.050561193376779556, 0.0576656311750412, 0.059846263378858566, 0.10140156000852585, 0.3233594000339508, 6.036440849304199, 4.340576171875, 5.836109638214111, 5.483129978179932, 5.056888103485107, 4.7701945304870605, 4.630289077758789, 5.134891033172607, 6.454478740692139, 5.949757099151611], "NO2": [0.00038573145866394043, 0.0002663106715772301, 0.0002428034204058349, 0.00035052341991104186, 0.00033100033761002123, 0.25897321105003357, 0.4361760914325714, 0.49739521741867065, 2.5392844676971436, 1.6775214672088623, 1.8105000257492065, 1.3087892532348633, 0.4185611605644226, 1.195345163345337, 0.2573487162590027, 1.7487062215805054, 4.44666862487793, 3.017620325088501, 1.952323079109192, 2.514655828475952, 0.510304868221283, 0.41080179810523987, 0.17288514971733093, 0.7052370309829712], "SO2": [3.8167347971365673e-13, 3.816734526086024e-13, 3.8911167582304784e-13, 1.7784925008396124e-12, 8.247714035174158e-13, 7.347948360880707e-10, 4.4695052991983175e-08, 2.1513666403905063e-09, 4.927623649564339e-06, 2.667175795068033e-05, 0.0006326813600026071, 0.0007247470202855766, 0.0005413953331299126, 2.8445763746276498e-05, 0.12055522203445435, 0.013550476171076298, 0.005560655612498522, 0.0564744770526886, 0.06696644425392151, 0.08001834899187088, 0.05166316777467728, 0.012516739778220654, 0.00016513068112544715, 3.816734526086024e-13], "O3": [1.882183511270341e-07, 7.574855942493741e-08, 1.858094456075321e-09, 2.6811168840623623e-09, 0.0012798961251974106, 2.055126667022705, 2.5582447052001953, 0.6452972888946533, 0.157296821475029, 0.22454476356506348, 0.33811187744140625, 0.6604692935943604, 3.2368903160095215, 10.61190414428711, 48.27528381347656, 26.883920669555664, 33.31315994262695, 37.24320983886719, 35.74580001831055, 32.045188903808594, 32.7025260925293, 42.56007385253906, 51.19996643066406, 46.92698287963867], "PM10": [0.00239021354354918, 0.0029255205299705267, 0.0035541169345378876, 0.003273479174822569, 0.003076055785641074, 0.01034582033753395, 0.013583007268607616, 0.016657531261444092, 0.013413301669061184, 0.014522888697683811, 0.012063928879797459, 0.011743105947971344, 0.01169347483664751, 0.005928711965680122, 0.1839514523744583, 0.0512719452381134, 0.5743094086647034, 0.2721673548221588, 0.2382596880197525, 0.22252382338047028, 0.2305053472518921, 0.24347883462905884, 0.2990363538265228, 0.5654590129852295], "PM25": [1.0062255766758046e-16, 1.251900270011973e-16, 3.784990102915185e-14, 3.3610139411194284e-12, 1.2941150972015092e-12, 2.8495693946698408e-15, 1.3798514553187147e-09, 8.911841042902324e-09, 8.517667460239409e-09, 1.104022473441546e-08, 8.585330135701952e-08, 1.7578512867544305e-08, 6.968197574508395e-09, 3.597306452718385e-09, 4.419944965583511e-10, 1.1589432746816897e-09, 1.2376538682801197e-09, 1.6802159663598104e-08, 8.922135208422333e-08, 1.1336235417047646e-07, 5.71491796108603e-08, 2.4837301992874927e-08, 5.173670380997919e-10, 7.613971675368703e-10]}