{"CO": [1.2301137530812412e-06, 3.7372338113073056e-08, 4.515734275400973e-08, 1.6737624264351325e-06, 0.0003698350628837943, 0.00847950205206871, 0.008633758872747421, 0.8993913531303406, 0.7589153051376343, 1.8964979648590088, 3.5004031658172607, 2.9807400703430176, 3.8155949115753174, 5.748039245605469, 5.467470645904541, 5.914465427398682, 5.908172607421875, 6.334370136260986, 6.435205459594727, 6.428739070892334, 6.587430953979492, 6.6755266189575195, 6.612974643707275, 6.520194053649902], "NO2": [0.0007796019199304283, 4.603438719641417e-05, 1.0010106961999554e-05, 7.766862108837813e-05, 0.015048474073410034, 0.011811372824013233, 0.010662505403161049, 0.1678830087184906, 0.6592215895652771, 1.0969622135162354, 0.808986485004425, 1.0621507167816162, 0.3062984049320221, 0.09031279385089874, 0.12857146561145782, 0.308843731880188, 0.6729602813720703, 0.7470345497131348, 0.7763839364051819, 0.9922463297843933, 0.4182218909263611, 0.11102382093667984, 0.09823407232761383, 0.3159617781639099], "SO2": [2.203257975369466e-12, 1.1712406156050292e-08, 1.3750992366112769e-05, 0.0006017317646183074, 8.508127939421684e-05, 1.2822590766958797e-09, 3.6924186133546755e-05, 0.008637530729174614, 0.0007939005154184997, 0.003405136289075017, 0.021907605230808258, 0.046846695244312286, 0.12378664314746857, 0.22913116216659546, 0.14531491696834564, 0.003196297213435173, 0.0025385906919837, 0.13587315380573273, 0.16261692345142365, 0.180388942360878, 0.2047453075647354, 0.24454841017723083, 0.17795653641223907, 0.003513819072395563], "O3": [5.799353857582901e-06, 4.5029683093389394e-08, 1.628743806492139e-09, 7.49066475513871e-10, 0.10619064420461655, 0.45182153582572937, 0.3505054712295532, 6.162148475646973, 4.623978614807129, 9.932350158691406, 18.614452362060547, 14.92872142791748, 21.302276611328125, 33.154502868652344, 35.21864318847656, 42.040428161621094, 35.61555099487305, 34.3796272277832, 32.87796401977539, 32.883216857910156, 35.37046432495117, 36.96722412109375, 39.801116943359375, 55.88417053222656], "PM10": [0.004832494538277388, 0.0198415108025074, 0.024784838780760765, 0.011461840942502022, 0.007923669181764126, 0.2630414068698883, 0.03288481384515762, 0.09828296303749084, 0.08438513427972794, 0.21756671369075775, 0.440883994102478, 0.10810373723506927, 0.11125409603118896, 0.31087154150009155, 0.22339673340320587, 0.25985583662986755, 0.23710981011390686, 0.6253549456596375, 0.7573068737983704, 0.4575595557689667, 0.23303227126598358, 0.32887259125709534, 0.2794616222381592, 0.28980109095573425], "PM25": [6.298402877291664e-05, 0.008008691482245922, 0.010627553798258305, 0.002976371208205819, 5.3549829459598186e-08, 0.11079010367393494, 0.01040623988956213, 0.022909605875611305, 0.03398280218243599, 0.073773093521595, 0.13006161153316498, 0.005048778839409351, 0.0001986132119782269, 0.06735746562480927, 0.021111994981765747, 1.3098037925374229e-06, 0.008810833096504211, 0.16736090183258057, 0.21161198616027832, 0.06985953450202942, 0.0009542302577756345, 0.04592510312795639, 0.02325752004981041, 8.611068915342912e-05]}