{"CO": [9.895647235680372e-05, 0.0005467940354719758, 0.005151507444679737, 0.002062050625681877, 0.0037105437368154526, 0.045682650059461594, 0.0897030457854271, 0.06797584891319275, 0.23363469541072845, 0.5534754395484924, 1.3180274963378906, 0.9218491911888123, 0.9998182654380798, 1.764068365097046, 4.128021717071533, 4.052236080169678, 4.615851879119873, 5.344513893127441, 5.495874881744385, 5.648883819580078, 5.70074462890625, 5.944031715393066, 5.933256149291992, 5.847581386566162], "NO2": [0.0006907423376105726, 0.0031865467317402363, 0.03357335925102234, 0.013184173963963985, 0.011065526865422726, 0.176725372672081, 0.18804402649402618, 0.7648800015449524, 0.880273699760437, 1.0992625951766968, 2.570505142211914, 3.0015265941619873, 0.5524076223373413, 0.26229289174079895, 0.2847931385040283, 2.104588031768799, 3.8515264987945557, 4.305257797241211, 2.076409101486206, 2.441136121749878, 0.8993650674819946, 0.4109264016151428, 0.43740829825401306, 1.8413366079330444], "SO2": [0.011016322299838066, 0.12088083475828171, 1.7627551555633545, 0.7588261365890503, 1.1936070919036865, 0.9566957950592041, 0.5229781270027161, 0.17072322964668274, 0.06756594032049179, 0.07738947868347168, 0.02773316577076912, 0.03823106363415718, 0.1777936816215515, 0.8839243650436401, 0.6585259437561035, 0.41435450315475464, 0.2274913787841797, 0.045031752437353134, 0.11327056586742401, 1.0453510284423828, 0.6444272994995117, 1.321311593055725, 0.6457990407943726, 0.18978174030780792], "O3": [8.154701936291531e-05, 1.8102100511896424e-05, 1.858221594375209e-07, 3.167162887507402e-08, 0.059677619487047195, 2.4095118045806885, 3.27211332321167, 2.699908971786499, 2.9603066444396973, 2.9175872802734375, 5.765844345092773, 3.7370426654815674, 6.412853240966797, 14.621304512023926, 27.22432518005371, 25.19145393371582, 21.54718017578125, 26.406070709228516, 28.972267150878906, 33.486610412597656, 33.470497131347656, 39.54705810546875, 43.26492691040039, 35.375675201416016], "PM10": [0.08671419322490692, 0.49326416850090027, 5.222488880157471, 2.050657033920288, 3.3555736541748047, 2.9485464096069336, 2.391817808151245, 1.0390596389770508, 0.6537992358207703, 0.39658117294311523, 0.17832377552986145, 0.1739874631166458, 0.5805457830429077, 3.3589203357696533, 1.7830921411514282, 1.443972110748291, 0.892115592956543, 0.5479212403297424, 0.6786822080612183, 3.183274984359741, 2.1395015716552734, 4.5505146980285645, 2.980332851409912, 1.3131115436553955], "PM25": [0.03125416114926338, 0.23402507603168488, 2.402928352355957, 0.9729791283607483, 1.5929456949234009, 0.3433031439781189, 0.16118590533733368, 0.05319826677441597, 0.15273959934711456, 0.11075273901224136, 0.02709348313510418, 0.0354015976190567, 0.22596292197704315, 0.7778326272964478, 0.5594807863235474, 0.2785044312477112, 0.08905382454395294, 0.043635815382003784, 0.1185431033372879, 0.9067581295967102, 0.4440500736236572, 1.4371328353881836, 0.722822904586792, 0.2143300175666809]}