{"CO": [7.025078230071813e-05, 5.382828021538444e-05, 0.0020615519024431705, 0.0004975596093572676, 0.001217733253724873, 0.027338214218616486, 0.08371499925851822, 0.14387890696525574, 0.13698822259902954, 0.5786935091018677, 0.4938606023788452, 1.316267490386963, 2.29325008392334, 3.137352466583252, 4.283759593963623, 5.943048477172852, 5.926444053649902, 5.663956642150879, 5.651010990142822, 5.769242763519287, 5.773488521575928, 6.283252239227295, 6.302937030792236, 6.516895771026611], "NO2": [0.0002550107892602682, 0.00035228132037445903, 0.013745446689426899, 0.0032363382633775473, 0.001383288879878819, 0.04325922206044197, 0.034678880125284195, 0.08823814988136292, 0.4403008818626404, 0.5860663652420044, 1.428531289100647, 0.8365939259529114, 0.26212984323501587, 0.0862082913517952, 0.06645195186138153, 0.18197105824947357, 0.5116680860519409, 1.2982993125915527, 0.8976792097091675, 0.9107049703598022, 0.40371137857437134, 0.1132083386182785, 0.08324506133794785, 0.13800187408924103], "SO2": [0.013252733275294304, 0.012989087030291557, 0.7659770250320435, 0.18708303570747375, 0.38990646600723267, 0.9219832420349121, 0.8586739301681519, 0.09823688119649887, 0.3042384386062622, 0.08258406817913055, 0.2741773724555969, 0.11822096258401871, 0.8884478211402893, 0.9407979249954224, 0.799874484539032, 0.2178722620010376, 0.15072493255138397, 0.03264478221535683, 1.0264739990234375, 1.7206213474273682, 1.1716300249099731, 1.5463430881500244, 0.780836284160614, 0.1431293934583664], "O3": [1.603080818313174e-05, 2.5499393814243376e-06, 4.551479833025951e-07, 2.2848054470614443e-07, 0.01800372451543808, 1.4700263738632202, 3.276106834411621, 3.1807632446289062, 1.5155036449432373, 3.569257974624634, 2.4448466300964355, 8.477705001831055, 14.021557807922363, 21.48841667175293, 27.507192611694336, 32.98394012451172, 36.62074661254883, 35.51447677612305, 35.58298873901367, 38.63178253173828, 37.09455108642578, 39.52665328979492, 41.07623291015625, 43.423622131347656], "PM10": [0.05597257614135742, 0.11478598415851593, 2.1054091453552246, 0.48703134059906006, 1.025878667831421, 2.9727425575256348, 3.6975598335266113, 0.49377956986427307, 1.7667194604873657, 0.34711816906929016, 0.8974632024765015, 0.37961000204086304, 2.610239028930664, 2.7252001762390137, 1.9617195129394531, 0.34303635358810425, 0.718369722366333, 0.5481464266777039, 3.155827045440674, 4.942524433135986, 3.567255973815918, 4.270216941833496, 2.9147250652313232, 1.0031867027282715], "PM25": [0.01671162247657776, 0.054581690579652786, 1.0297257900238037, 0.24058304727077484, 0.5060086846351624, 0.31997963786125183, 0.30767202377319336, 0.039082422852516174, 0.5510799884796143, 0.11802737414836884, 0.36847585439682007, 0.13280315697193146, 1.2094694375991821, 1.1576881408691406, 0.752689003944397, 0.06235387921333313, 0.1820317655801773, 0.06723178178071976, 1.226366400718689, 1.411900520324707, 1.1279082298278809, 1.68108332157135, 0.8267760276794434, 0.2417653650045395]}