{"CO": [5.6187807786045596e-05, 2.2414387785829604e-05, 7.41970461604069e-06, 3.050575969609781e-06, 0.013720319606363773, 0.2462058663368225, 0.19841185212135315, 0.0729246437549591, 0.0857754722237587, 0.10076862573623657, 0.08954714238643646, 0.14349761605262756, 0.3547917604446411, 0.6215938925743103, 1.0990866422653198, 3.0873727798461914, 3.1780788898468018, 3.5902206897735596, 4.685070991516113, 4.829926490783691, 4.126210689544678, 3.5422682762145996, 4.052221298217773, 6.638556003570557], "NO2": [0.04296429082751274, 0.03437814116477966, 0.014152714982628822, 0.007705416530370712, 0.8050509095191956, 0.2405095398426056, 0.058305319398641586, 0.11853484809398651, 0.25326836109161377, 1.3279879093170166, 3.9620859622955322, 5.243281841278076, 2.8859148025512695, 0.39342477917671204, 0.22482989728450775, 0.14653357863426208, 0.2310464233160019, 1.2071559429168701, 3.609889030456543, 3.161426067352295, 1.1811940670013428, 0.24374085664749146, 0.17337065935134888, 0.11780603975057602], "SO2": [3.816734526086024e-13, 3.8167347971365673e-13, 3.8167347971365673e-13, 3.816734526086024e-13, 2.2516910211378693e-11, 2.9568320014661253e-11, 8.128065061285827e-12, 4.631540650734678e-05, 0.0002472428313922137, 0.0003760794352274388, 0.0004847676318604499, 0.00024710147408768535, 0.0018410763004794717, 0.0010856111766770482, 0.010901367291808128, 0.15423144400119781, 0.20798079669475555, 0.18461968004703522, 0.09090010821819305, 0.07857169955968857, 0.0784909650683403, 0.05249156802892685, 0.05890921875834465, 0.18572655320167542], "O3": [0.000798200024291873, 1.7325843373328098e-06, 1.3276340723678004e-05, 6.009599360368156e-07, 4.107089042663574, 14.135684967041016, 6.566880226135254, 2.6011247634887695, 1.6684954166412354, 1.3290767669677734, 0.5175941586494446, 0.03490336611866951, 14.709918975830078, 23.113880157470703, 21.094234466552734, 39.30655288696289, 28.89519500732422, 22.866525650024414, 19.19228172302246, 23.897722244262695, 32.84589385986328, 34.784217834472656, 28.536285400390625, 38.84185028076172], "PM10": [0.005871443077921867, 0.005857294891029596, 0.005999642424285412, 0.006015829276293516, 0.009141863323748112, 0.009091266430914402, 0.008997946977615356, 0.011221679858863354, 0.013021264225244522, 0.012760522775352001, 0.013436962850391865, 0.010974360629916191, 0.006953518837690353, 0.008181887678802013, 0.01150028221309185, 0.10374682396650314, 0.41292303800582886, 0.9574611186981201, 0.7213187217712402, 0.8856654167175293, 0.18080878257751465, 0.14008605480194092, 0.12786784768104553, 0.1357623189687729], "PM25": [1.0000000830368325e-16, 1.0000000830368325e-16, 1.0000000830368325e-16, 1.0000000168623835e-16, 1.291616718466441e-16, 1.0553911408780375e-16, 1.0000151046367565e-16, 1.63245823109337e-11, 2.648337382726851e-10, 9.999521211057072e-10, 3.54824436499257e-09, 4.080915161353005e-09, 3.1304612235771856e-09, 9.665465094954584e-10, 3.607406873218366e-10, 1.2464927978683704e-09, 5.519095180872569e-10, 5.147050008424969e-10, 8.485828151272301e-10, 1.3082085414950484e-09, 1.217443035272936e-09, 9.166479242317394e-10, 4.2736481020710926e-10, 1.2645094693564118e-10]}