{"CO": [6.72444912197534e-07, 1.284653592392715e-07, 6.55050911291255e-08, 4.941297859772931e-08, 4.87637635160354e-06, 0.027349120005965233, 0.030843012034893036, 0.02068067342042923, 0.056505635380744934, 0.05202353373169899, 0.049600228667259216, 0.08418846875429153, 0.10059621185064316, 0.5265194177627563, 5.981213569641113, 6.225130081176758, 5.88162088394165, 5.199416637420654, 4.994640350341797, 4.904017448425293, 4.73256254196167, 5.229113578796387, 6.47020959854126, 6.1328444480896], "NO2": [0.00019866350339725614, 6.541037873830646e-05, 0.0001746775524225086, 0.0002796843182295561, 0.000135791560751386, 0.1301564872264862, 0.06601381301879883, 0.09541241824626923, 1.6712360382080078, 1.7312071323394775, 1.54392671585083, 1.5347967147827148, 0.33116385340690613, 0.6692651510238647, 0.23455768823623657, 0.9110026955604553, 3.4790141582489014, 2.195366621017456, 2.10516357421875, 2.353606939315796, 0.34903383255004883, 0.44710594415664673, 0.09002132713794708, 0.10590726137161255], "SO2": [3.816734526086024e-13, 3.816734526086024e-13, 3.816734526086024e-13, 5.136749857935496e-13, 4.161011812886528e-13, 2.9443732273648493e-05, 1.4024235106546712e-08, 3.9023896647449874e-07, 1.9704857550095767e-06, 1.1379863281035796e-05, 0.0007994432235136628, 0.00200848001986742, 0.0012777160154655576, 3.270821616752073e-05, 3.816734526086024e-13, 0.000971240340732038, 0.011298720724880695, 0.0756378322839737, 0.07795923203229904, 0.10327303409576416, 0.06851065903902054, 0.012834638357162476, 0.01863955333828926, 0.0063948240131139755], "O3": [2.651481523230359e-08, 5.218933551986993e-08, 1.9152273100786488e-09, 1.213931732912954e-09, 0.00042853306513279676, 1.6354097127914429, 1.7154878377914429, 0.6065471768379211, 0.31824803352355957, 0.1099151223897934, 0.3880312144756317, 0.38114655017852783, 2.8513026237487793, 14.443403244018555, 54.33669662475586, 40.44623565673828, 35.23283004760742, 35.76380157470703, 35.05068588256836, 31.24427604675293, 33.61306381225586, 43.88117218017578, 50.89799880981445, 46.94049835205078], "PM10": [0.0023840710055083036, 0.002614428987726569, 0.003169906558468938, 0.00315877259708941, 0.002914487151429057, 0.010359447449445724, 0.010014904662966728, 0.01265240740031004, 0.014298293739557266, 0.014466542750597, 0.012586313299834728, 0.010558920912444592, 0.011043287813663483, 0.00865473598241806, 0.6710004806518555, 0.2642512619495392, 0.34503692388534546, 0.2173527032136917, 0.20242229104042053, 0.1961299628019333, 0.2132183015346527, 0.2331831008195877, 0.7144508361816406, 0.5388215184211731], "PM25": [1.0030299463589408e-16, 1.0845912782456494e-16, 1.1357862672150545e-15, 5.365832019162131e-13, 2.2269209046243965e-13, 2.963231326980065e-10, 1.8722802822002116e-11, 3.011752269799217e-08, 1.1459909465827423e-08, 8.972266485329783e-09, 6.751120551484746e-09, 8.476925827949344e-09, 2.9823870040246447e-09, 1.7332691948368506e-09, 2.081130157094435e-09, 2.6051309998109673e-09, 1.5513219597806938e-09, 1.6180720097125345e-09, 1.296192309041544e-08, 4.244919793450208e-08, 6.042987443777292e-09, 2.7735020946551003e-09, 3.0687128393935836e-09, 4.264056663316751e-09]}