{"CO": [5.12080077896826e-06, 6.624891284445766e-07, 1.6288524307128682e-07, 2.559411598213046e-07, 0.00013111942098475993, 0.2158810794353485, 0.2614748775959015, 0.07409872114658356, 0.08051485568284988, 0.06363456696271896, 0.07884236425161362, 0.07790453732013702, 0.11538612842559814, 0.3700767159461975, 5.757578372955322, 5.217933177947998, 4.489516258239746, 5.595789909362793, 5.13472843170166, 4.778198719024658, 4.955297470092773, 5.008872985839844, 6.424222946166992, 5.55502462387085], "NO2": [0.0021927389316260815, 0.0004598860105033964, 0.001079169916920364, 0.0012454978423193097, 0.006508531980216503, 0.48653173446655273, 1.3351250886917114, 2.659050703048706, 3.0834739208221436, 2.4074251651763916, 2.4119811058044434, 2.101797580718994, 0.7017403841018677, 0.8770014047622681, 0.4839266836643219, 3.8913421630859375, 8.262930870056152, 9.416098594665527, 6.62338924407959, 6.4805450439453125, 1.9996391534805298, 0.5573552250862122, 0.40576496720314026, 4.312416076660156], "SO2": [3.816734526086024e-13, 3.816734526086024e-13, 4.0098751142442213e-13, 1.844003682388573e-12, 1.3927056122936543e-12, 3.815213119387484e-13, 2.0758179744007066e-06, 1.8653350707609206e-05, 3.5904264223063365e-05, 5.1323193474672735e-05, 0.00029495975468307734, 0.0008433962939307094, 0.00032105337595567107, 0.00038817443419247866, 0.09727763384580612, 0.09484369307756424, 0.0031406355556100607, 0.03932908549904823, 0.06278664618730545, 0.06932006776332855, 0.03745464235544205, 0.05080382525920868, 0.021334249526262283, 0.013426326215267181], "O3": [6.890695658512414e-07, 5.248523748946354e-08, 7.605389235054716e-11, 2.089284162343219e-10, 0.011802976951003075, 10.9708833694458, 9.283123016357422, 0.7146847248077393, 0.02843339368700981, 0.019492002204060555, 0.02150343544781208, 0.2282489836215973, 3.4958760738372803, 14.378568649291992, 45.04219436645508, 35.00486755371094, 23.076683044433594, 31.058523178100586, 31.83511734008789, 28.445951461791992, 32.26177215576172, 44.1521110534668, 50.569488525390625, 39.007484436035156], "PM10": [0.0026867107953876257, 0.0029956279322504997, 0.0034460348542779684, 0.0033638759050518274, 0.0030306936241686344, 0.008748946711421013, 0.007777659222483635, 0.013354090042412281, 0.013626365922391415, 0.01396817434579134, 0.011417431756854057, 0.011878089047968388, 0.011634251102805138, 0.008418822661042213, 0.11524023860692978, 0.11081406474113464, 0.4539839029312134, 0.3433104455471039, 0.2537210285663605, 0.2312861531972885, 0.2675645351409912, 0.24616459012031555, 0.2359159141778946, 0.27086636424064636], "PM25": [1.0334243340077322e-16, 1.238908372787868e-16, 1.4459168183513643e-13, 3.1173048083837918e-12, 2.159048113903328e-12, 2.89824011957731e-14, 9.049709870367906e-10, 2.9468838480539716e-09, 5.382703616163553e-09, 1.2659686632332523e-08, 1.342504845069925e-07, 2.1691050733352313e-08, 7.822352543485067e-09, 2.470184945480014e-09, 7.318734507322233e-10, 1.0420102558583721e-09, 1.1916259090583026e-09, 3.5942274934086527e-08, 1.738415704721774e-07, 1.5686200072195788e-07, 1.985267772397492e-08, 1.6122118751127346e-08, 2.8442487254309867e-10, 1.8026508064039604e-09]}