{"CO": [2.7883464426281535e-08, 3.518595903528876e-08, 2.9630115250256495e-08, 2.453326430895686e-08, 8.558103218092583e-06, 0.00011037923832191154, 0.007055635564029217, 3.0560271739959717, 2.4322288036346436, 4.648899078369141, 4.308050632476807, 3.8300387859344482, 4.375265598297119, 5.764896869659424, 5.6609625816345215, 5.674890518188477, 5.870259761810303, 6.415818691253662, 6.299997806549072, 6.281861305236816, 6.388301849365234, 6.670351982116699, 6.613701343536377, 6.305338382720947], "NO2": [8.828340469335672e-06, 4.5108517952030525e-05, 3.8386941014323384e-05, 4.925049506709911e-05, 8.767785038799047e-05, 0.0005706912488676608, 0.006638605147600174, 0.44389021396636963, 0.6845252513885498, 0.7589906454086304, 0.6597277522087097, 0.5395964980125427, 0.3034898042678833, 0.12391289323568344, 0.1418391913175583, 0.3921270966529846, 0.4188963770866394, 0.2988191246986389, 0.39366790652275085, 0.4686483144760132, 0.3520860970020294, 0.11536862701177597, 0.09996908158063889, 0.34194430708885193], "SO2": [3.816734526086024e-13, 3.8338592283498896e-13, 7.29259101023283e-12, 2.2735744398261204e-09, 6.4987504266866836e-09, 2.584311573627929e-07, 0.0001635491062188521, 0.09789938479661942, 0.07127025723457336, 0.04492216184735298, 0.07039155066013336, 0.06858959048986435, 0.1268298476934433, 0.23558929562568665, 0.11362429708242416, 0.10238765180110931, 0.10019241273403168, 0.18631714582443237, 0.1744135469198227, 0.19773949682712555, 0.2196679264307022, 0.2819577753543854, 0.2652328908443451, 0.03380092605948448], "O3": [6.172055009301403e-07, 7.427997417153165e-08, 3.353139277351147e-08, 6.968416066399641e-09, 0.000364028790500015, 0.01218276098370552, 0.20738984644412994, 17.19603729248047, 12.53356647491455, 28.36276626586914, 30.66584587097168, 26.673479080200195, 24.936750411987305, 34.43499755859375, 34.639442443847656, 30.158742904663086, 36.234100341796875, 34.65574264526367, 33.79039001464844, 34.060546875, 32.441097259521484, 38.102325439453125, 38.090293884277344, 36.095420837402344], "PM10": [0.003393777646124363, 0.003485701745375991, 0.0034714918583631516, 0.003555061761289835, 0.0028085866943001747, 0.0026969637256115675, 0.0090325977653265, 0.07951535284519196, 0.064813993871212, 0.1497005820274353, 0.1475532352924347, 0.12858404219150543, 0.13460463285446167, 0.16661436855793, 0.16052503883838654, 0.17317764461040497, 0.18935367465019226, 0.1887962371110916, 0.19310075044631958, 0.19372212886810303, 0.19159510731697083, 0.19820550084114075, 0.19940365850925446, 0.2241518348455429], "PM25": [4.746552803580606e-11, 4.400420039019082e-06, 5.236489960225299e-05, 5.8130921388510615e-05, 3.786771776503883e-05, 1.8050839571515098e-05, 2.399323761892447e-07, 2.9828284286992357e-10, 4.1553557821316645e-06, 1.4791132343816571e-05, 0.00017685351485852152, 7.377780275419354e-05, 5.487947419169359e-05, 0.00010100702638737857, 1.1143220035592094e-07, 6.173507816065182e-10, 1.4275373105832045e-09, 6.582479006311814e-09, 8.347178663825616e-06, 0.0002143884339602664, 0.00040253298357129097, 0.00031846610363572836, 2.4939956801972585e-06, 1.4674773618494896e-09]}