{"CO": [0.00022431944671552628, 6.497604317701189e-06, 2.5819179427344352e-05, 9.2105838120915e-06, 8.042818808462471e-05, 0.006530893035233021, 0.1315614879131317, 0.029201943427324295, 0.10817737132310867, 0.20312078297138214, 0.3479503095149994, 0.36095109581947327, 2.6013848781585693, 5.81213903427124, 5.50189733505249, 5.7737579345703125, 5.812502384185791, 6.1347856521606445, 6.028503894805908, 5.916803359985352, 6.351039409637451, 6.761350154876709, 6.682662010192871, 6.556929111480713], "NO2": [0.0013373796828091145, 3.6412879126146436e-05, 6.0448903241194785e-05, 6.535688589792699e-05, 0.0014455572236329317, 0.009113239124417305, 0.05905637890100479, 0.23256303369998932, 0.6436337232589722, 0.7225860357284546, 1.2567951679229736, 1.239912509918213, 0.17392313480377197, 0.04989250376820564, 0.05205117166042328, 0.3381340801715851, 0.5359098315238953, 0.5471326112747192, 0.6237884759902954, 0.7447802424430847, 0.22209535539150238, 0.044890597462654114, 0.06625426560640335, 0.12466349452733994], "SO2": [0.036482952535152435, 0.0006297699292190373, 0.0032091636676341295, 0.001200448488816619, 0.0013606530847027898, 0.003631413448601961, 2.0101044178009033, 0.3400944471359253, 0.12153693288564682, 0.04197656363248825, 0.01579984463751316, 0.02819354459643364, 0.12867169082164764, 0.1939420849084854, 1.761420488357544, 4.706984043121338, 0.049153659492731094, 0.01426524855196476, 0.028161780908703804, 0.10086420178413391, 0.21750643849372864, 0.25410813093185425, 1.0852015018463135, 0.07393728941679001], "O3": [8.42020454001613e-05, 2.100980225350213e-07, 1.4558035665857005e-08, 8.122152950207351e-10, 0.011321424506604671, 0.3994812071323395, 5.253332614898682, 1.226351022720337, 1.573378562927246, 1.7808303833007812, 1.703242540359497, 1.9003056287765503, 15.873104095458984, 33.242740631103516, 32.25541687011719, 33.82191467285156, 45.888954162597656, 42.07375717163086, 43.86541748046875, 34.16267776489258, 35.65142822265625, 38.728187561035156, 37.880306243896484, 42.453025817871094], "PM10": [0.11387432366609573, 0.42753204703330994, 0.6990258693695068, 8.818965911865234, 0.1916351318359375, 0.06090407818555832, 4.095134735107422, 0.7231124639511108, 1.3164474964141846, 0.8228824734687805, 6.723437309265137, 7.84813117980957, 0.8507003784179688, 0.16647621989250183, 3.475485324859619, 8.971332550048828, 3.5341765880584717, 1.225846290588379, 2.9630556106567383, 9.46325969696045, 0.6188589930534363, 0.20937028527259827, 2.659722328186035, 2.665064573287964], "PM25": [0.05586450174450874, 0.1886562705039978, 0.34690654277801514, 4.593399524688721, 0.11057326197624207, 0.0037218814250081778, 1.3053158521652222, 0.1660759001970291, 0.5323175191879272, 0.35123181343078613, 3.451019763946533, 4.282938003540039, 0.4000181257724762, 0.0006926099886186421, 1.580510139465332, 4.68936014175415, 1.551842212677002, 0.4672847092151642, 1.3439769744873047, 4.606770038604736, 0.21640996634960175, 0.0050195506773889065, 0.9362759590148926, 0.5882272124290466]}