{"CO": [0.0012970633106306195, 0.0029331373516470194, 0.012909711338579655, 0.006485742516815662, 0.0036268967669457197, 0.03348716348409653, 0.017170580103993416, 0.06781740486621857, 0.7741888761520386, 0.6571254134178162, 0.500088095664978, 0.7518935799598694, 2.6152193546295166, 3.8273940086364746, 5.661684036254883, 5.842155456542969, 5.874924659729004, 6.046890735626221, 5.695738315582275, 5.90153169631958, 6.188080787658691, 6.383559226989746, 6.6195831298828125, 6.589189529418945], "NO2": [0.007551695220172405, 0.013098855502903461, 0.028949039056897163, 0.012545900419354439, 0.0035353938583284616, 0.038277093321084976, 0.009672989137470722, 0.14292965829372406, 1.1678838729858398, 0.986919641494751, 0.9266000390052795, 0.8905725479125977, 0.20158088207244873, 0.08921223133802414, 0.06481867283582687, 0.19850791990756989, 0.9818090796470642, 0.5294111371040344, 1.042163372039795, 0.6795575022697449, 0.3861056864261627, 0.1311904788017273, 0.0752515196800232, 0.17391765117645264], "SO2": [0.29109421372413635, 0.6054505705833435, 4.0689778327941895, 1.4127190113067627, 0.7245021462440491, 1.3191218376159668, 0.009307931177318096, 0.31345394253730774, 0.002358006313443184, 7.774611949920654, 1.5530719757080078, 2.3025999069213867, 0.915725588798523, 0.9401794075965881, 0.201286181807518, 0.05604509636759758, 0.5548422336578369, 1.1783803701400757, 0.6343257427215576, 4.513912677764893, 3.3748793601989746, 1.8988845348358154, 0.3392816483974457, 0.0163697749376297], "O3": [9.501175372861326e-05, 1.0675235898816027e-05, 5.114970491604254e-08, 1.4804070858076557e-08, 0.03883429616689682, 1.4147900342941284, 0.6968610286712646, 2.2183778285980225, 3.6073153018951416, 3.6818246841430664, 2.940199613571167, 4.227713584899902, 16.550783157348633, 24.695602416992188, 32.80511474609375, 36.132442474365234, 33.90797424316406, 36.380496978759766, 32.8088493347168, 36.45508575439453, 37.56884765625, 39.9779052734375, 39.75803756713867, 47.04230880737305], "PM10": [1.1600638628005981, 1.9976284503936768, 7.323445796966553, 4.119546890258789, 2.110116958618164, 3.5232961177825928, 0.16677482426166534, 1.785818338394165, 0.05650150403380394, 21.02354621887207, 4.501084804534912, 5.7459940910339355, 2.0317678451538086, 2.308412551879883, 0.30552616715431213, 0.3582121729850769, 1.7333441972732544, 2.617658853530884, 1.7876579761505127, 10.043318748474121, 7.717816352844238, 5.0833048820495605, 0.7492592334747314, 0.28004056215286255], "PM25": [0.5864590406417847, 0.9755794405937195, 3.6325697898864746, 1.8119359016418457, 1.0206185579299927, 0.34879401326179504, 0.025463886559009552, 0.1086028590798378, 0.0052000246942043304, 8.275477409362793, 2.0169923305511475, 2.7051279544830322, 0.9398133158683777, 0.959723949432373, 0.0559525303542614, 0.02910628356039524, 0.5521535873413086, 1.0321354866027832, 0.612130343914032, 4.339634418487549, 2.970625877380371, 1.1488183736801147, 0.11102817207574844, 0.006399228703230619]}