{"CO": [1.914187851070892e-05, 5.120500077282486e-07, 5.325764504959807e-07, 4.482127167193539e-07, 6.330443284241483e-05, 0.3100093901157379, 0.2680535316467285, 0.16676431894302368, 0.09062657505273819, 0.1050947830080986, 0.09652888029813766, 0.10880564153194427, 0.20319247245788574, 0.5371044278144836, 0.05761207267642021, 5.2773308753967285, 5.984361171722412, 5.86375093460083, 5.44384241104126, 4.6661763191223145, 4.2758564949035645, 4.123178482055664, 6.283841609954834, 6.199312210083008], "NO2": [0.017730701714754105, 0.0011529908515512943, 0.0019317551050335169, 0.0037945392541587353, 0.007115181535482407, 0.7237512469291687, 0.13169780373573303, 0.6397427916526794, 3.114671468734741, 3.3625855445861816, 3.127497911453247, 2.823066473007202, 1.9003064632415771, 0.42245861887931824, 0.3795102834701538, 1.0904098749160767, 5.956245422363281, 7.952340126037598, 7.509045124053955, 5.797057628631592, 1.2862951755523682, 0.29218462109565735, 0.06573382019996643, 0.9876865744590759], "SO2": [3.816734526086024e-13, 3.816734526086024e-13, 3.8167347971365673e-13, 4.3490590902889315e-13, 7.726809643504584e-12, 1.3248710502011818e-06, 3.783297675141739e-09, 0.0007626611040905118, 0.0004923990345560014, 0.00010697887046262622, 5.648846854455769e-05, 0.00030318761128000915, 0.0005502061103470623, 0.0004153094196226448, 5.601326392934425e-06, 0.08110171556472778, 0.03245930373668671, 0.03113887645304203, 0.05454321205615997, 0.05844809114933014, 0.04088076204061508, 0.025366785004734993, 0.08866830170154572, 0.1132008507847786], "O3": [1.5240761968016159e-06, 4.76657213699383e-10, 5.416090839704957e-11, 6.895375655006919e-13, 0.005207054782658815, 18.421876907348633, 10.329883575439453, 4.561739444732666, 0.031702350825071335, 0.16140665113925934, 0.14571566879749298, 0.3580009341239929, 3.9239559173583984, 20.71830177307129, 5.747872829437256, 31.355056762695312, 37.283302307128906, 34.805442810058594, 33.89651870727539, 33.25704574584961, 37.4174690246582, 41.54833221435547, 47.342323303222656, 39.68777847290039], "PM10": [0.005835133139044046, 0.00607640203088522, 0.006206089630723, 0.006303589325398207, 0.0064110178500413895, 0.008944661356508732, 0.008945975452661514, 0.010983661748468876, 0.01202669832855463, 0.013150169514119625, 0.012048060074448586, 0.010395835153758526, 0.007072607520967722, 0.007437699940055609, 0.008532870560884476, 0.11762668192386627, 0.4017963409423828, 0.4153536856174469, 0.3622730076313019, 0.2613830864429474, 0.18737587332725525, 0.17698542773723602, 0.20298010110855103, 0.26367315649986267], "PM25": [1.0000000168623835e-16, 1.0000000168623835e-16, 1.0079597442864098e-16, 3.0380344371921594e-15, 1.0247288552368752e-14, 1.5506208513385578e-12, 3.4226221765360084e-16, 1.2661642567746156e-10, 1.4182616858704478e-08, 6.0676588198305126e-09, 2.9432538628526572e-09, 1.8053611938739778e-09, 2.2942387989388635e-09, 1.6895597143573582e-09, 1.6660209670171788e-11, 1.463742638208032e-08, 3.5281084720395484e-09, 2.6522051221888887e-09, 2.034114876536819e-09, 3.1158977620293626e-09, 3.5210019344589227e-09, 1.9368990855639368e-09, 3.023819417080631e-09, 9.380906718092774e-09]}