{"CO": [8.76958894391322e-10, 2.319452505616937e-05, 0.0002752952859736979, 0.0005173220997676253, 0.0003539248718880117, 0.009294809773564339, 0.025601280853152275, 0.01938779465854168, 0.057950712740421295, 0.6815118789672852, 2.0471701622009277, 2.740891933441162, 1.5615204572677612, 2.057591676712036, 5.129913806915283, 3.5051119327545166, 5.550264358520508, 5.494785785675049, 6.097977638244629, 6.241976737976074, 6.374687671661377, 6.234351634979248, 6.401647090911865, 6.32530403137207], "NO2": [1.4711893527419306e-05, 0.0003003644524142146, 0.0023313460405915976, 0.0038823550567030907, 0.004100739490240812, 0.04918462038040161, 0.03096560202538967, 0.06139373779296875, 0.41443997621536255, 3.4746055603027344, 2.795912981033325, 2.363877534866333, 0.6265969276428223, 0.1858200877904892, 0.11833354085683823, 0.14230196177959442, 1.8714138269424438, 1.4504141807556152, 2.665052652359009, 2.2066891193389893, 0.774530291557312, 0.2438322752714157, 0.10781334340572357, 0.015682503581047058], "SO2": [1.7094716753263128e-08, 0.004090282134711742, 0.05190605670213699, 0.12158054113388062, 0.05518098548054695, 0.04933805391192436, 0.04183724522590637, 0.011660276912152767, 0.00035601513809524477, 0.00827646441757679, 0.018363414332270622, 0.38474828004837036, 1.3467485904693604, 0.9400842785835266, 0.2751460373401642, 0.4070313274860382, 0.05613317713141441, 0.0534815676510334, 0.10414375364780426, 0.15571323037147522, 0.2771522104740143, 0.5372005701065063, 0.4130052328109741, 0.23693953454494476], "O3": [1.4936077263882908e-08, 3.5773928175331093e-07, 4.126037822516082e-07, 1.3566234713380254e-07, 0.018028875812888145, 0.7474662065505981, 1.0357242822647095, 0.6815792918205261, 0.13092395663261414, 1.2785402536392212, 8.226183891296387, 12.857159614562988, 8.763497352600098, 16.927677154541016, 31.953521728515625, 24.999835968017578, 26.700571060180664, 30.09082794189453, 31.1236572265625, 30.283201217651367, 32.633216857910156, 41.19722366333008, 40.83393096923828, 38.37706756591797], "PM10": [0.004479144234210253, 0.02876725234091282, 0.27521997690200806, 0.5111429691314697, 0.2793874442577362, 0.24311676621437073, 0.2691815495491028, 0.10317791253328323, 0.015408746898174286, 0.021730029955506325, 0.11266279220581055, 1.2820234298706055, 4.386646270751953, 3.1692090034484863, 0.5844131112098694, 1.6748956441879272, 0.23810210824012756, 0.20386144518852234, 0.32513484358787537, 0.4716879725456238, 0.7001089453697205, 1.6087809801101685, 1.1664224863052368, 0.6187812685966492], "PM25": [3.364636214087113e-08, 0.00798300001770258, 0.10817508399486542, 0.20599493384361267, 0.12161733955144882, 0.023266583681106567, 0.022308913990855217, 0.007524602115154266, 0.00014116629608906806, 0.000994490459561348, 0.020067445933818817, 0.24041078984737396, 1.5200834274291992, 0.6397307515144348, 0.08067648857831955, 0.17666132748126984, 0.005005843937397003, 0.00013410973770078272, 0.028778817504644394, 0.0645442008972168, 0.10868281126022339, 0.34101933240890503, 0.21420051157474518, 0.08383294194936752]}