{"CO": [8.757961040828377e-07, 1.0957356266771967e-07, 7.283334184648993e-07, 6.724692866555415e-06, 1.9729013729374856e-05, 0.000279050727840513, 0.024486929178237915, 0.19615234434604645, 0.1530219465494156, 0.1769534796476364, 0.26005151867866516, 1.4308744668960571, 2.482844352722168, 5.307821273803711, 6.421006679534912, 5.854706764221191, 6.0284504890441895, 6.115347862243652, 5.998401641845703, 5.980807781219482, 6.330803394317627, 6.5636467933654785, 6.745965957641602, 6.457930564880371], "NO2": [2.905912697315216e-05, 1.1359953532519285e-05, 1.6858957678778097e-05, 4.794084816239774e-05, 0.0001928189885802567, 0.001624182565137744, 0.014699354767799377, 0.1906871199607849, 0.7823083400726318, 1.2907787561416626, 0.9566925168037415, 0.9572508335113525, 0.1153019443154335, 0.039129141718149185, 0.06986010819673538, 0.34901368618011475, 0.702528715133667, 0.7007865905761719, 0.500918984413147, 1.047340989112854, 0.1261374056339264, 0.03839457780122757, 0.05258431285619736, 0.14581383764743805], "SO2": [9.71098506852286e-06, 7.938224371173419e-06, 0.0001264066231669858, 0.0011775593739002943, 0.0023295332212001085, 0.004206131212413311, 0.0017604223685339093, 0.21922950446605682, 0.2285345047712326, 0.033841028809547424, 0.04429272934794426, 0.0377543568611145, 0.09840084612369537, 0.22898508608341217, 0.23436594009399414, 0.042327579110860825, 0.010642068460583687, 0.01121118851006031, 0.044768452644348145, 0.0917951837182045, 0.20814837515354156, 0.24068541824817657, 0.2289477437734604, 2.309260480615194e-06], "O3": [7.873259164625779e-07, 3.6770678946140833e-08, 5.321175322592353e-08, 2.8165432652826894e-08, 0.001483315252698958, 0.03775645047426224, 0.9727359414100647, 4.3063249588012695, 2.1584365367889404, 0.9524854421615601, 1.8430805206298828, 9.469764709472656, 15.936285018920898, 31.043672561645508, 36.13351821899414, 41.294288635253906, 47.57283020019531, 47.70820617675781, 47.00731658935547, 44.148990631103516, 40.454139709472656, 39.90766525268555, 38.71165466308594, 56.04624938964844], "PM10": [1.8650851249694824, 0.2964285612106323, 0.17432250082492828, 0.2293766587972641, 0.07496286928653717, 1.6951494216918945, 0.2740250527858734, 1.4639233350753784, 1.4986790418624878, 0.8937042951583862, 0.9571126699447632, 0.4824754595756531, 0.10701712965965271, 0.7698224782943726, 0.8015930652618408, 5.264101982116699, 0.6664973497390747, 0.5667167901992798, 0.827434778213501, 0.7274016737937927, 0.22037316858768463, 0.7073695063591003, 1.1445780992507935, 1.466623306274414], "PM25": [0.9909747242927551, 0.1524573117494583, 0.09110276401042938, 0.12090087682008743, 0.03758262097835541, 0.9062513709068298, 0.11697115749120712, 0.4174848794937134, 0.45960187911987305, 0.2603604793548584, 0.39839404821395874, 0.2158277928829193, 0.01912347413599491, 0.33444491028785706, 0.26111963391304016, 2.6590561866760254, 0.16322864592075348, 0.128783717751503, 0.2816751301288605, 0.22693713009357452, 0.009647264145314693, 0.26707103848457336, 0.47482502460479736, 0.4341427981853485]}