{"CO": [1.0296852259727984e-08, 1.5234354577842169e-07, 1.5013149834430806e-08, 9.51097067769524e-09, 1.8743986629488063e-06, 8.135512871376704e-06, 0.023435542359948158, 0.03359978646039963, 0.037180982530117035, 0.03149018436670303, 0.14227789640426636, 0.5038895010948181, 1.6350291967391968, 1.1634619235992432, 5.297175407409668, 6.127617835998535, 6.085052013397217, 5.49679708480835, 5.039501190185547, 5.531959056854248, 5.903203964233398, 5.429483413696289, 6.614397048950195, 6.4685378074646], "NO2": [2.6203892048215494e-05, 7.430434925481677e-05, 1.952324601006694e-05, 4.770201849169098e-05, 2.522896829759702e-05, 0.001847774488851428, 0.025435658171772957, 0.06746868044137955, 0.8870146870613098, 0.8291499614715576, 1.0326133966445923, 1.0799200534820557, 0.33132386207580566, 0.3838486671447754, 0.25093117356300354, 0.5625821948051453, 1.388649582862854, 1.812563419342041, 2.054151773452759, 1.204886555671692, 0.2892889976501465, 0.297329843044281, 0.1972348392009735, 0.43799614906311035], "SO2": [3.816734526086024e-13, 3.816734526086024e-13, 3.816734526086024e-13, 6.476179835457341e-12, 6.184811777304455e-13, 2.987432523582356e-10, 1.3549812649671367e-07, 8.757635588940715e-11, 4.076677669218043e-06, 2.239193690911634e-06, 0.005029588472098112, 0.0189588014036417, 0.06609012186527252, 0.0018058526329696178, 5.647375900252882e-10, 2.2639508046040646e-09, 0.027348561212420464, 0.10769528150558472, 0.12165660411119461, 0.18286171555519104, 0.20785672962665558, 0.06746581941843033, 0.0001495421165600419, 3.816734526086024e-13], "O3": [7.4155352969285104e-09, 7.274753244246313e-08, 5.02539831970239e-09, 2.5102558920409024e-10, 0.00016915200103539973, 0.004267577081918716, 1.4337965250015259, 1.2551831007003784, 0.29898566007614136, 0.23750989139080048, 0.9505782127380371, 2.708461046218872, 10.60987663269043, 11.1221342086792, 46.58708190917969, 45.08829116821289, 37.178585052490234, 35.649723052978516, 30.669490814208984, 32.242156982421875, 32.425262451171875, 37.72684097290039, 52.347747802734375, 43.984493255615234], "PM10": [0.0023830800782889128, 0.002571752294898033, 0.0035302690230309963, 0.002762921154499054, 0.002536564599722624, 0.006121824029833078, 0.017456529662013054, 0.015966542065143585, 0.013572470284998417, 0.013275859877467155, 0.008707050234079361, 0.014530577696859837, 0.04428466409444809, 0.03234773129224777, 0.30562180280685425, 0.6665935516357422, 0.31673628091812134, 0.19319385290145874, 0.16856607794761658, 0.17622190713882446, 0.18390856683254242, 0.20934678614139557, 0.5369827747344971, 0.6192908883094788], "PM25": [1.0825713693642439e-16, 1.0797166698086499e-16, 7.860866502983077e-16, 2.0956965329776978e-11, 1.3439094672176854e-12, 3.060865702065631e-14, 1.44541507651752e-08, 2.158647482985998e-08, 1.150473050159917e-08, 1.5114924423187404e-08, 3.699553019487212e-08, 1.5544500797659566e-08, 2.7362683230336415e-09, 1.4178943574805203e-09, 2.6965467636586027e-09, 3.6862013441663066e-09, 1.6350272247223074e-09, 7.290995540643053e-08, 2.4077536409095046e-07, 1.0050373333569951e-07, 3.866281872433319e-08, 7.2749690716023e-09, 1.2187403308772105e-09, 1.226652668329109e-09]}