{"CO": [3.0968385544838384e-07, 1.803278237844097e-08, 1.1196016203030013e-05, 1.7654116390986019e-06, 2.870200842153281e-05, 0.035253480076789856, 0.05144399031996727, 0.6101361513137817, 0.3733491003513336, 1.0593312978744507, 1.5546860694885254, 2.7530770301818848, 3.734919786453247, 5.056784629821777, 5.239429950714111, 5.887122631072998, 5.936694622039795, 6.334756851196289, 6.452390193939209, 6.6271491050720215, 6.542870044708252, 6.702754974365234, 6.663774013519287, 6.592878818511963], "NO2": [0.0003221995721105486, 2.8151251171948388e-05, 7.873671711422503e-05, 3.2397740142187104e-05, 0.0013402072945609689, 0.07086075842380524, 0.15323452651500702, 0.19869661331176758, 0.6512853503227234, 0.8522518277168274, 1.168237566947937, 0.7822529673576355, 0.2794925272464752, 0.06221552938222885, 0.10774365067481995, 0.22911086678504944, 0.5534284114837646, 1.011978268623352, 0.8926201462745667, 0.77056485414505, 0.30706873536109924, 0.0868249237537384, 0.1259833425283432, 0.5029426217079163], "SO2": [2.6441387968034746e-10, 4.3199402388616193e-10, 0.0035244643222540617, 0.00039170245872810483, 2.110105924657546e-05, 5.551351569010876e-05, 8.346095455635805e-06, 0.002854549093171954, 0.0001115936174755916, 0.0027139196172356606, 0.014466281048953533, 0.10310732573270798, 0.1396610587835312, 0.17322956025600433, 0.11169298738241196, 0.01275115180760622, 0.0023336680606007576, 0.07424285262823105, 0.12951698899269104, 0.241668239235878, 0.22841614484786987, 0.25781184434890747, 0.16726846992969513, 0.00032874784665182233], "O3": [5.8551127040118445e-06, 2.545791488728355e-08, 1.942466409943222e-09, 5.913110001642963e-10, 0.0060606710612773895, 2.370077133178711, 2.85854434967041, 3.772634267807007, 2.2101781368255615, 6.394295692443848, 7.940284729003906, 13.875303268432617, 20.855417251586914, 32.06037902832031, 34.95848846435547, 41.01356506347656, 39.90343475341797, 37.53369903564453, 37.19024658203125, 32.062164306640625, 35.35346603393555, 41.59184646606445, 40.11264419555664, 52.766963958740234], "PM10": [0.0053986478596925735, 0.008725843392312527, 0.015098335221409798, 0.0060915350914001465, 0.0045595006085932255, 0.010424407199025154, 0.010596965439617634, 0.020361099392175674, 0.008082193322479725, 0.02532591111958027, 0.057736605405807495, 0.07330816239118576, 0.10020148009061813, 0.15170414745807648, 0.16238194704055786, 0.20006129145622253, 0.22275322675704956, 0.2766905426979065, 0.2892202138900757, 0.20936879515647888, 0.21018460392951965, 0.22627849876880646, 0.24180585145950317, 0.31287628412246704], "PM25": [1.1833730013677268e-06, 6.139805009297561e-06, 0.005940059665590525, 0.0007181846885941923, 3.933452899218537e-05, 9.256169141735882e-05, 1.534887451271061e-05, 1.3787837815470994e-05, 3.8067416880949168e-06, 1.3598486248156405e-07, 0.0002807828423101455, 0.00020066616707481444, 4.0731076296651736e-05, 0.0004758500726893544, 3.0222108762245625e-06, 2.408305590506643e-07, 3.976217044510122e-07, 0.0002568389754742384, 0.0004164082056377083, 0.0003495317359920591, 0.0001294726098421961, 0.0033929457422345877, 0.0022735155653208494, 1.4688183000544086e-05]}