{"CO": [1.683575767685852e-08, 1.6894794896415988e-08, 1.526776394200624e-08, 1.1553150436327542e-08, 5.869453161722049e-05, 0.001517696538940072, 0.11440674960613251, 1.7756483554840088, 4.458565711975098, 4.528855800628662, 3.3619701862335205, 3.1950409412384033, 2.6722943782806396, 3.807272434234619, 6.020269393920898, 5.635349273681641, 5.438529968261719, 5.9398016929626465, 5.849089622497559, 5.801911354064941, 5.738689422607422, 5.961423397064209, 6.352761745452881, 6.11265230178833], "NO2": [8.58262228575768e-06, 3.078471854678355e-05, 7.5503732659854e-05, 8.10128913144581e-05, 0.0009869028581306338, 0.00510127330198884, 0.06309039145708084, 0.46216824650764465, 0.7737066745758057, 1.3248658180236816, 1.0147829055786133, 0.9590739607810974, 0.4864334762096405, 0.17798133194446564, 0.14821553230285645, 0.4317241311073303, 0.88315749168396, 1.1726405620574951, 0.986884355545044, 0.8363775610923767, 0.4448281228542328, 0.19963635504245758, 0.12256921082735062, 0.4555031359195709], "SO2": [3.8167347971365673e-13, 3.816734526086024e-13, 3.816734526086024e-13, 8.204691808767761e-13, 1.2188272092983343e-11, 9.331114370070281e-08, 0.0028530496638268232, 0.01854456402361393, 0.00514647550880909, 0.012431144714355469, 0.015510695055127144, 0.021975787356495857, 0.07407158613204956, 0.1257510781288147, 0.015246535651385784, 0.007821355015039444, 0.050806354731321335, 0.09012722223997116, 0.10628781467676163, 0.12832100689411163, 0.1548769623041153, 0.18586915731430054, 0.09376740455627441, 0.00013335869880393147], "O3": [5.161537615094858e-07, 3.742853138533064e-09, 3.6781103163185946e-10, 3.882065849336591e-11, 0.006697901990264654, 0.11780928075313568, 1.333735466003418, 10.717256546020508, 22.465370178222656, 25.305633544921875, 27.25870704650879, 25.112394332885742, 19.38467788696289, 26.40008544921875, 40.44180679321289, 37.3241081237793, 32.64323806762695, 31.183135986328125, 33.50874328613281, 32.68385696411133, 31.272113800048828, 34.943912506103516, 41.676517486572266, 40.90845489501953], "PM10": [0.0039003666024655104, 0.015035348013043404, 0.37862786650657654, 4.830566883087158, 0.28320151567459106, 0.010656006634235382, 0.005578348413109779, 0.05726098641753197, 0.13929003477096558, 0.4268348813056946, 0.3995250463485718, 8.288573265075684, 0.6511544585227966, 0.13970164954662323, 0.40765580534935, 0.3933795690536499, 0.21408207714557648, 0.3208303451538086, 1.0312801599502563, 6.360079288482666, 0.7619916200637817, 0.21349506080150604, 0.28402090072631836, 0.26370668411254883], "PM25": [0.0006673167808912694, 0.004764708690345287, 0.1787959635257721, 2.2440786361694336, 0.13173820078372955, 8.32809237181209e-05, 4.132675104906447e-11, 9.716430993123026e-10, 0.0002654311538208276, 0.10138830542564392, 0.09631876647472382, 3.39687180519104, 0.21164263784885406, 0.0011153670493513346, 6.458785719587468e-06, 6.144987128209323e-05, 0.0001834917056839913, 0.01786568947136402, 0.32299238443374634, 2.6439313888549805, 0.1894630342721939, 0.0002944102743640542, 2.18895634951366e-09, 6.516741268569604e-05]}