{"CO": [9.429625151824439e-07, 3.1766938946020673e-07, 6.519206152688639e-08, 6.438491340077235e-08, 8.427518878306728e-06, 0.002813574858009815, 0.022319728508591652, 0.0635070726275444, 0.049656160175800323, 0.04519740492105484, 0.05128897726535797, 0.07246693968772888, 0.09571313858032227, 0.29030847549438477, 6.2569990158081055, 6.373067378997803, 5.729547023773193, 5.216845512390137, 5.023099422454834, 4.862085819244385, 4.72125768661499, 5.20493745803833, 6.526777267456055, 6.354582786560059], "NO2": [0.00029577530222013593, 0.00013843621127307415, 0.000162727854331024, 0.00028481261688284576, 0.00018033987726084888, 0.013444514013826847, 0.02192048542201519, 0.8116649389266968, 1.5067945718765259, 1.4470056295394897, 1.3163604736328125, 1.2701414823532104, 0.4316004812717438, 0.9935405254364014, 0.5768162608146667, 1.3184027671813965, 3.183907985687256, 1.8919837474822998, 1.6185650825500488, 2.1076297760009766, 0.6363058090209961, 0.5957764983177185, 0.11876776069402695, 0.911037266254425], "SO2": [3.8167347971365673e-13, 3.816734526086024e-13, 3.817395347310154e-13, 7.524791336907533e-13, 4.521343152305568e-13, 5.932379735895665e-06, 1.7377762560499832e-05, 4.872751560469624e-06, 7.041533990559401e-06, 2.1136769646545872e-05, 0.0007715667597949505, 0.0014891480095684528, 0.0008162438170984387, 6.094192031014245e-06, 0.004434339236468077, 0.012460227124392986, 0.016740426421165466, 0.07281005382537842, 0.07593227922916412, 0.09532655775547028, 0.05837664380669594, 0.036320339888334274, 0.014327234588563442, 0.0033964929170906544], "O3": [9.267869138795959e-09, 1.4234078093977587e-07, 4.476450321533321e-09, 1.4767195244402842e-09, 0.0006391829228959978, 0.23576927185058594, 1.0403645038604736, 1.465089201927185, 0.2730352580547333, 0.2071065902709961, 0.718813419342041, 0.5211753845214844, 2.907355308532715, 12.369203567504883, 47.89885330200195, 37.05362319946289, 35.60626983642578, 36.71763610839844, 35.64093780517578, 32.137474060058594, 33.312896728515625, 42.75004959106445, 49.95494079589844, 39.83521270751953], "PM10": [0.0024469541385769844, 0.002982762176543474, 0.003432747209444642, 0.003213089657947421, 0.002970381872728467, 0.008093662559986115, 0.004796102177351713, 0.015269311144948006, 0.015026560053229332, 0.01492007914930582, 0.012596976943314075, 0.010955775156617165, 0.011667650192975998, 0.011237834580242634, 0.6870769262313843, 0.21903344988822937, 0.33177199959754944, 0.22831407189369202, 0.22197134792804718, 0.21234093606472015, 0.22452598810195923, 0.22631791234016418, 0.6452736258506775, 0.4289097487926483], "PM25": [1.0064152326466508e-16, 1.2570900673495797e-16, 3.4432346703678826e-15, 1.010425358834166e-12, 2.777939553735842e-13, 1.125537218982231e-09, 1.0569102926183405e-08, 1.7312569156047175e-08, 1.2616548694666108e-08, 9.524193878007736e-09, 1.270974880895892e-08, 8.245083726876601e-09, 3.402317316769654e-09, 1.992450648913291e-09, 1.3201663762174576e-08, 1.10810960407548e-09, 1.5214092208282182e-09, 3.016068284011908e-09, 2.3065062748628407e-08, 3.808165516261397e-08, 1.060931076324323e-08, 3.4605220911032575e-09, 9.806289114067113e-10, 1.3769179130207476e-09]}