{"CO": [1.7474329760958085e-09, 9.807857637156303e-09, 1.86103710220209e-09, 2.2234429852829862e-09, 1.1021630598406773e-05, 0.001535341376438737, 0.031631652265787125, 0.057121843099594116, 0.09430282562971115, 0.2170708179473877, 0.3704892694950104, 1.991810917854309, 2.2724053859710693, 0.8049766421318054, 5.549915790557861, 5.928040504455566, 5.300064563751221, 5.658808708190918, 5.612877368927002, 5.9661478996276855, 6.057483673095703, 4.88736629486084, 6.218148708343506, 5.871413230895996], "NO2": [3.958409797633067e-05, 0.00010882213246077299, 0.00012269105354789644, 0.00028578704223036766, 0.0002519423724152148, 0.023447908461093903, 0.04024960845708847, 0.22246083617210388, 1.0467722415924072, 2.0600948333740234, 2.8463807106018066, 3.077791929244995, 0.45127761363983154, 0.5086073875427246, 0.3657686710357666, 1.024749994277954, 2.5315804481506348, 4.46414852142334, 4.211901664733887, 3.7340281009674072, 0.7429859042167664, 0.9326841831207275, 0.32679176330566406, 0.6126137971878052], "SO2": [3.816734526086024e-13, 3.8167347971365673e-13, 1.1537518163073912e-10, 1.3975848256464474e-09, 1.8786222577560352e-10, 3.97814566661589e-13, 2.7700961316434736e-11, 3.755578958930528e-08, 5.243605727400791e-08, 4.103188621229492e-05, 3.816734526086024e-13, 0.08222241699695587, 0.09302506595849991, 1.8636494132806547e-05, 4.3297426088884094e-08, 1.0603612565773801e-07, 8.611616067355499e-05, 0.05153542011976242, 0.12511849403381348, 0.19296257197856903, 0.19926507771015167, 0.0014701776672154665, 1.461671388369723e-07, 1.2727940656986902e-07], "O3": [1.115508796445397e-09, 1.286614703666089e-09, 1.654246184479291e-10, 5.206654985628889e-12, 0.0013608672888949513, 0.17052188515663147, 1.2817692756652832, 2.206599712371826, 2.503730297088623, 1.6755131483078003, 1.1585805416107178, 9.336969375610352, 13.297613143920898, 10.827563285827637, 41.68899917602539, 51.177406311035156, 38.838863372802734, 37.267799377441406, 34.19902801513672, 33.05483627319336, 33.66811752319336, 33.885528564453125, 50.09397888183594, 44.91999053955078], "PM10": [0.0033969839569181204, 0.004162022843956947, 0.0034499471075832844, 0.0028378029819577932, 0.002663496881723404, 0.006026105955243111, 0.010621767491102219, 0.013835370540618896, 0.012561161071062088, 0.00762554444372654, 0.01365983858704567, 0.05128837749361992, 0.05863242223858833, 0.023199470713734627, 0.21280747652053833, 0.31287717819213867, 0.31293559074401855, 0.265925794839859, 0.22660423815250397, 0.20868274569511414, 0.2100140005350113, 0.2344249039888382, 0.40839922428131104, 0.3670709729194641], "PM25": [1.5380683660083682e-16, 1.5820950210242786e-16, 4.39686009823248e-10, 2.6446023149162556e-09, 3.559291472665649e-10, 1.3148666183626645e-11, 5.6072639587068096e-11, 3.6379194101598955e-10, 9.203302009375136e-10, 7.316492967035515e-10, 5.45932798967641e-10, 3.677123883161215e-10, 4.760444261009411e-10, 2.1147402051724384e-08, 3.404176385224389e-10, 1.3419036992701194e-09, 8.885611690878648e-10, 3.6227046962267195e-07, 4.982251198271115e-07, 1.2495769396991818e-07, 3.499297562825632e-08, 1.5304919998015976e-07, 2.373744811823286e-10, 8.394830663949193e-11]}