{"CO": [2.88764852029999e-07, 1.3361283635049404e-08, 3.123018359474372e-07, 1.451868229196407e-06, 5.282355778035708e-05, 0.0069861640222370625, 0.04947854205965996, 0.19061867892742157, 0.646325945854187, 1.1070191860198975, 1.2069593667984009, 2.16469144821167, 3.0161590576171875, 5.262453556060791, 5.447292804718018, 5.776944160461426, 6.0137939453125, 6.343587398529053, 6.38260555267334, 6.442473888397217, 6.556849002838135, 6.670813083648682, 6.681118965148926, 6.2392096519470215], "NO2": [0.0001672366342972964, 1.7314247088506818e-05, 2.3982574930414557e-05, 5.373211752157658e-05, 0.00150113960262388, 0.01414190698415041, 0.03947274014353752, 0.04622355103492737, 0.7310689687728882, 0.7951831221580505, 0.862586259841919, 0.7932291030883789, 0.23194314539432526, 0.09944678097963333, 0.125584676861763, 0.23340792953968048, 0.4786956012248993, 0.569573163986206, 0.73493492603302, 0.7251596450805664, 0.25380170345306396, 0.07180482149124146, 0.06632408499717712, 0.12856505811214447], "SO2": [1.075203402874092e-12, 2.3987789532498027e-08, 4.698768680100329e-05, 0.000293473043711856, 1.1312681635899935e-05, 1.884368248283863e-05, 1.0546904377406463e-05, 0.001337747205980122, 0.006075140554457903, 0.01064715813845396, 0.01672261953353882, 0.06747030466794968, 0.08229700475931168, 0.18488362431526184, 0.09297984838485718, 0.0013846128713339567, 0.01766682229936123, 0.061119187623262405, 0.11969130486249924, 0.19765566289424896, 0.19880463182926178, 0.24149444699287415, 0.09015042334794998, 0.002688685432076454], "O3": [3.835167717625154e-06, 2.715495917016142e-08, 1.0862293287061675e-09, 4.884779247760207e-10, 0.012439250014722347, 0.5146307945251465, 1.9748557806015015, 1.3201576471328735, 3.456259250640869, 6.443029403686523, 5.84576416015625, 11.317506790161133, 17.043800354003906, 32.10811996459961, 35.09162139892578, 37.38026809692383, 36.80293273925781, 36.260719299316406, 36.96143341064453, 33.310489654541016, 35.98487854003906, 40.408260345458984, 42.05940628051758, 46.326297760009766], "PM10": [0.0035717252176254988, 0.00464838370680809, 0.003964861389249563, 0.004718507640063763, 0.0033699513878673315, 0.009848987683653831, 0.009753795340657234, 0.013887069188058376, 0.015150213614106178, 0.02786993235349655, 0.03308077156543732, 0.05650416761636734, 0.08082210272550583, 0.15243113040924072, 0.17409338057041168, 0.2058568298816681, 0.18714763224124908, 0.28738829493522644, 0.24276115000247955, 0.2209457904100418, 0.2093869298696518, 0.2055463194847107, 0.26106491684913635, 0.23509179055690765], "PM25": [1.9623802582913186e-09, 7.90372283177021e-08, 9.584638610249385e-05, 0.0005267120432108641, 1.731542215566151e-05, 2.8775984901585616e-05, 2.177877649955917e-05, 2.9501535436793347e-07, 2.0490085717028705e-07, 4.3366031832192675e-07, 1.4849058061372489e-05, 4.786813723178795e-10, 2.6153743419854436e-06, 1.815609539335128e-05, 5.498652171809226e-06, 1.8183479255640123e-07, 3.7487524195967126e-08, 1.4137300468064495e-06, 6.29593341727741e-05, 4.6123248466756195e-05, 7.209356408566236e-05, 0.00014228481450118124, 1.6411377146141604e-05, 1.309151969053346e-07]}