{"CO": [1.4674219617205608e-09, 2.1433824159977632e-10, 7.876651414440161e-11, 1.0628715962912594e-10, 9.299440534960013e-06, 0.004887124989181757, 0.9539388418197632, 3.8212623596191406, 3.812075614929199, 4.7220869064331055, 2.3626790046691895, 1.1571122407913208, 1.8070969581604004, 2.9553816318511963, 4.366958141326904, 5.589589595794678, 6.3474812507629395, 6.395179748535156, 5.671253204345703, 5.602484226226807, 5.437819004058838, 6.430236339569092, 6.376356601715088, 5.74070930480957], "NO2": [5.920728654018603e-05, 0.0003035313857253641, 0.0009497219580225646, 0.0010841407347470522, 0.00032280400046147406, 0.001904199132695794, 0.252723753452301, 1.6696423292160034, 4.847241401672363, 9.979574203491211, 4.747177600860596, 4.3048415184021, 0.9144529104232788, 1.1891793012619019, 1.4950772523880005, 4.439451217651367, 7.231940269470215, 6.608819484710693, 6.112099647521973, 7.0012078285217285, 1.8619648218154907, 0.32218217849731445, 1.0418567657470703, 3.0751516819000244], "SO2": [3.816734526086024e-13, 3.8167347971365673e-13, 3.8167347971365673e-13, 4.727843550683675e-13, 1.4795364933206656e-10, 4.4202839490026236e-05, 0.00010523288074182346, 3.816734526086024e-13, 3.816734526086024e-13, 5.30639554199297e-05, 0.0009104548953473568, 0.03932630270719528, 0.05983506143093109, 0.03977888077497482, 3.816734526086024e-13, 0.0012243909295648336, 0.004604870919138193, 0.03888849914073944, 0.10537348687648773, 0.16846956312656403, 0.1505492776632309, 0.07300656288862228, 1.9608714296737162e-07, 3.816734526086024e-13], "O3": [3.022047723177934e-09, 1.618585959706209e-10, 9.028368330721293e-12, 1.532640334089841e-12, 0.001050012419000268, 0.08190719038248062, 5.601224899291992, 17.99236297607422, 15.546199798583984, 13.968267440795898, 11.090208053588867, 5.572314739227295, 10.04930591583252, 18.73898696899414, 28.954744338989258, 32.09156799316406, 33.462127685546875, 34.265079498291016, 27.64977264404297, 23.8554630279541, 25.677331924438477, 47.03493881225586, 41.228816986083984, 33.739227294921875], "PM10": [0.004430346190929413, 0.004444960039108992, 0.0032987201120704412, 0.0025926390662789345, 0.0025740154087543488, 0.00438665272668004, 0.028205551207065582, 0.08139994740486145, 0.09792184084653854, 0.14357776939868927, 0.0990917906165123, 0.050294313579797745, 0.06301122158765793, 0.10021429508924484, 0.2254142165184021, 0.43550652265548706, 0.37364402413368225, 0.3181987404823303, 0.2876468002796173, 0.2188471108675003, 0.21414992213249207, 0.23019175231456757, 0.33577799797058105, 0.2253997027873993], "PM25": [5.9868885023128815e-12, 3.277494107275375e-13, 2.503244104445912e-06, 4.566452844301239e-06, 5.652646564158204e-07, 7.61157846820848e-13, 4.0735362809686884e-14, 5.891283012642023e-13, 3.3547997713156974e-09, 4.922293128650779e-11, 4.776514401783061e-07, 2.655924845385016e-06, 1.330456171899641e-07, 5.1657256250337014e-08, 1.8625599951249683e-09, 1.2735161536436834e-10, 1.56430850495326e-08, 4.598092004926002e-07, 1.248962234967621e-06, 1.0185186738453922e-06, 1.200507426801778e-07, 6.529806473309918e-09, 2.3550629890678465e-08, 1.0886707713098076e-07]}