{"CO": [6.936074492536193e-10, 5.461684395413613e-06, 0.00018301648378837854, 0.0002488685422576964, 0.00020826634136028588, 0.007602308411151171, 0.019350355491042137, 0.017675019800662994, 0.2719772458076477, 0.8702065944671631, 2.299210786819458, 3.7896416187286377, 2.318817615509033, 4.224798202514648, 5.282989501953125, 5.649790287017822, 5.534041881561279, 5.404727458953857, 6.225398063659668, 6.412944316864014, 6.398936748504639, 6.475895404815674, 6.4740447998046875, 6.353241443634033], "NO2": [3.022988721568254e-06, 0.00027894481900148094, 0.0016438112361356616, 0.0018025861354544759, 0.002879168139770627, 0.03539799526333809, 0.03273884579539299, 0.07445422559976578, 0.8074507117271423, 1.8209643363952637, 2.123082160949707, 1.7966920137405396, 0.48820748925209045, 0.12007924169301987, 0.07231143116950989, 0.1661013811826706, 0.4579067826271057, 0.8733623623847961, 1.4641815423965454, 1.3282274007797241, 0.4275130331516266, 0.13346537947654724, 0.1254158467054367, 0.24840828776359558], "SO2": [1.844540853390697e-09, 0.0009481108281761408, 0.03519738093018532, 0.05786881223320961, 0.027854228392243385, 0.006235834211111069, 0.013567968271672726, 0.0034608806017786264, 0.00022229003661777824, 0.011230573058128357, 0.01409965567290783, 0.16116882860660553, 0.7524811029434204, 0.5026389956474304, 0.19204312562942505, 0.12403351813554764, 0.06126110255718231, 0.04034098610281944, 0.11760459840297699, 0.183739572763443, 0.2365504801273346, 0.4844445586204529, 0.33625322580337524, 0.21875649690628052], "O3": [1.2025058282461032e-08, 5.039129558070954e-09, 8.018823791644536e-07, 1.986955933119816e-09, 0.014702967368066311, 0.6530077457427979, 0.7960312366485596, 0.6206666827201843, 1.3995444774627686, 4.004823207855225, 9.86029052734375, 18.48708724975586, 12.926542282104492, 26.970584869384766, 32.452056884765625, 32.50108337402344, 29.161033630371094, 28.954517364501953, 32.60391616821289, 30.095470428466797, 32.32932662963867, 39.62370300292969, 38.91610336303711, 37.306331634521484], "PM10": [0.004386346787214279, 0.010623220354318619, 0.18347851932048798, 0.339941143989563, 0.16693760454654694, 0.08785146474838257, 0.12056583166122437, 0.046766843646764755, 0.01179658342152834, 0.023669308051466942, 0.10706900805234909, 0.7206937074661255, 2.1266579627990723, 1.2886722087860107, 0.26648712158203125, 0.20387133955955505, 0.2226969450712204, 0.19867202639579773, 0.37188488245010376, 0.530261218547821, 0.4720546305179596, 1.1031608581542969, 0.7810252904891968, 0.49955281615257263], "PM25": [3.5901643880009715e-09, 0.0013840438332408667, 0.07256772369146347, 0.1449059695005417, 0.0749262198805809, 0.0077090696431696415, 0.01129311416298151, 0.0033257424365729094, 0.000153913046233356, 0.00015935924602672458, 0.015767445787787437, 0.15065425634384155, 0.696813702583313, 0.2833915948867798, 0.026499412953853607, 0.003272230736911297, 0.0034163726959377527, 0.0003170554991811514, 0.04392364248633385, 0.09536148607730865, 0.0628691241145134, 0.2407933920621872, 0.1367916613817215, 0.06091417744755745]}