{"CO": [2.1012986906043807e-08, 7.527874146262548e-08, 4.219023594487226e-06, 2.7354390113032423e-06, 2.6094323402503505e-05, 0.0002114266826538369, 0.023918943479657173, 0.046904876828193665, 0.09675398468971252, 0.8497624397277832, 1.7642831802368164, 3.7836105823516846, 4.95097017288208, 6.174752712249756, 4.638181209564209, 6.104132175445557, 6.194697380065918, 6.325999736785889, 6.580765724182129, 6.7144455909729, 6.67534875869751, 6.792453289031982, 6.627095699310303, 6.0164713859558105], "NO2": [5.224506367085269e-06, 7.0320943450497e-06, 3.133768041152507e-05, 3.0726259865332395e-05, 0.0006942072068341076, 0.0014391924487426877, 0.05635659769177437, 0.08061610907316208, 0.5466213822364807, 0.5320669412612915, 0.5220627188682556, 0.49385446310043335, 0.17374072968959808, 0.07885320484638214, 0.17728619277477264, 0.20660999417304993, 0.5462436079978943, 0.5421626567840576, 0.44866135716438293, 0.4669276475906372, 0.2298949509859085, 0.06985153257846832, 0.08583430200815201, 0.27355700731277466], "SO2": [3.415049076860299e-10, 8.841459020914044e-06, 0.0009519836166873574, 0.0006779197137802839, 7.956814762621889e-09, 1.300492868949732e-07, 1.8987860528341116e-07, 1.8486003682482988e-05, 0.0006551400292664766, 0.008894037455320358, 0.04345942661166191, 0.16177639365196228, 0.21930480003356934, 0.22645053267478943, 0.0957537591457367, 0.004324391018599272, 0.01570415310561657, 0.06696197390556335, 0.22499620914459229, 0.2795143723487854, 0.2645218074321747, 0.27944204211235046, 0.028414487838745117, 0.0007565913256257772], "O3": [7.003301334407297e-07, 1.3859431824414514e-08, 5.002505965023829e-09, 1.742516353431256e-09, 0.00550318555906415, 0.030103856697678566, 1.0070515871047974, 1.5929142236709595, 0.8729485273361206, 5.636836051940918, 10.88379192352295, 22.574413299560547, 26.992891311645508, 35.155582427978516, 33.6435546875, 45.92061233520508, 47.304203033447266, 46.18278884887695, 40.61505889892578, 38.247779846191406, 34.61225891113281, 38.047054290771484, 51.77273178100586, 45.71263122558594], "PM10": [0.0034900393802672625, 0.004201099276542664, 0.006800671573728323, 0.0051550474017858505, 0.003137205960229039, 0.0027628715615719557, 0.008912621065974236, 0.010538208298385143, 0.008341793902218342, 0.02361622452735901, 0.048733748495578766, 0.09993863850831985, 0.1302448809146881, 0.17689655721187592, 0.14107215404510498, 0.241336852312088, 0.23185892403125763, 0.2647459805011749, 0.21723859012126923, 0.20166952908039093, 0.19842904806137085, 0.20363272726535797, 0.2753399610519409, 0.3352773189544678], "PM25": [1.1732357307892016e-09, 1.8342328985454515e-05, 0.0016619596863165498, 0.0010422241175547242, 1.1178562075997434e-08, 1.8342507246416062e-07, 1.3781287577785406e-07, 1.040058927870291e-09, 1.0057560473342164e-07, 0.00010353856487199664, 0.00027214051806367934, 0.0007338801515288651, 1.2559974393866469e-08, 1.8502252274775824e-14, 1.274078842428139e-09, 3.69365764640861e-08, 2.393394970567897e-05, 0.00018717179773375392, 0.00031854351982474327, 0.0004656414093915373, 1.041160282988507e-10, 7.011026870173964e-09, 2.0008607748422946e-07, 1.514261493973379e-09]}