{"CO": [1.5639836874470348e-06, 8.588800710640498e-07, 2.875512734590302e-07, 4.1763726699173276e-07, 0.0001624379656277597, 0.2927621901035309, 0.2419891655445099, 0.14773567020893097, 0.12970788776874542, 0.12135768681764603, 0.17962563037872314, 0.23286734521389008, 0.13847048580646515, 0.5671142339706421, 0.5733073353767395, 2.895451068878174, 3.7148525714874268, 4.394226551055908, 4.834606647491455, 4.804977893829346, 4.601577281951904, 4.55806303024292, 4.018732070922852, 5.244951248168945], "NO2": [0.0020756032317876816, 0.003049213672056794, 0.005081525072455406, 0.004956452175974846, 0.01951642520725727, 0.49134913086891174, 0.39376580715179443, 4.469038009643555, 3.6753809452056885, 4.3750433921813965, 4.265502452850342, 3.3658359050750732, 1.81829035282135, 1.1413438320159912, 0.4139820337295532, 5.656138896942139, 11.247565269470215, 15.551015853881836, 17.077350616455078, 11.432269096374512, 2.3536875247955322, 0.6394702792167664, 1.088810920715332, 5.430058002471924], "SO2": [3.816734526086024e-13, 3.816734526086024e-13, 3.816749433865896e-13, 3.808231074237112e-12, 5.124922838536938e-13, 3.8155335011294533e-13, 3.380070112690703e-10, 4.034346420667134e-05, 0.0013431634288281202, 0.0002597687707748264, 0.00010031517740571871, 0.0038573374040424824, 0.0002851228346116841, 0.00022933361469767988, 0.0009343875572085381, 0.1022590845823288, 0.04142580181360245, 0.04306664317846298, 0.05209365114569664, 0.07390189915895462, 0.06016508862376213, 0.030534325167536736, 0.03249531611800194, 0.06062978506088257], "O3": [7.272620905496296e-07, 1.3897929473927206e-09, 1.0418547101431752e-11, 1.2307865837613008e-10, 0.021085018292069435, 16.314313888549805, 9.913354873657227, 1.4528049230575562, 0.1626240611076355, 0.0009056804119609296, 0.0007771762902848423, 0.01114658173173666, 6.932934761047363, 23.944494247436523, 17.064952850341797, 27.691247940063477, 19.791318893432617, 19.502552032470703, 21.192167282104492, 23.434078216552734, 34.3765754699707, 44.21186065673828, 37.217220306396484, 29.411163330078125], "PM10": [0.0036646942608058453, 0.006726522464305162, 0.006407484412193298, 0.007047393824905157, 0.004533403553068638, 0.008795713074505329, 0.008485514670610428, 0.011318287812173367, 0.009271709248423576, 0.011560767889022827, 0.007798590697348118, 0.00909931119531393, 0.012629106640815735, 0.009211123920977116, 0.010488169267773628, 0.0886717438697815, 0.13955079019069672, 0.2775217890739441, 0.3444705009460449, 0.2487107366323471, 0.2510470449924469, 0.24234142899513245, 0.16109831631183624, 0.15348342061042786], "PM25": [1.0000000168623835e-16, 1.4102348153532393e-16, 4.34387548582096e-15, 9.075541533565268e-12, 3.2693707224980273e-13, 1.1870118603318769e-12, 1.0000000168623835e-16, 1.1484626583069257e-09, 6.690218601335118e-09, 3.246089619324266e-09, 3.2717877296306597e-09, 1.6090957899450586e-08, 5.249880086211078e-09, 2.3902373413875466e-09, 7.468194951343321e-10, 8.299879672435395e-10, 1.7762006310206857e-09, 1.7090865389590704e-09, 1.5320759771952908e-08, 1.3804570642150793e-07, 3.182501728815623e-08, 4.402989972618343e-08, 5.6093987232941345e-09, 1.8536239210220629e-10]}