{"CO": [1.1722949722070553e-08, 2.6486541173653677e-05, 0.0003221062943339348, 0.0010438085300847888, 0.0022014884743839502, 0.04852113500237465, 0.047346651554107666, 0.020819921046495438, 0.05711009353399277, 0.27832406759262085, 0.8090833425521851, 1.5227175951004028, 1.489008903503418, 2.14414119720459, 5.386324882507324, 3.6140975952148438, 5.115854740142822, 5.428621768951416, 5.591065883636475, 5.975561141967773, 5.960146903991699, 6.0673394203186035, 6.402562618255615, 6.260598659515381], "NO2": [1.7582011651029461e-06, 0.0002241456095362082, 0.002232395578175783, 0.006865851581096649, 0.04161372408270836, 0.11611983180046082, 0.0477537102997303, 0.09499507397413254, 0.8783735632896423, 1.3974701166152954, 1.886098027229309, 2.7665154933929443, 0.7184766530990601, 0.17043697834014893, 0.09538339823484421, 0.1726730316877365, 0.8293792605400085, 0.7331911325454712, 1.2073050737380981, 2.676023006439209, 1.4468786716461182, 0.19882701337337494, 0.09105189889669418, 0.19221514463424683], "SO2": [5.490240368999366e-07, 0.008344256319105625, 0.07739456743001938, 0.2919484078884125, 0.4382055103778839, 0.4023318588733673, 0.24553349614143372, 0.02184739150106907, 0.014590378850698471, 0.006935086566954851, 0.023003878071904182, 0.2529706358909607, 0.7718161344528198, 0.5155758857727051, 0.26310792565345764, 0.40695253014564514, 0.10843811184167862, 0.04952766373753548, 0.0659385696053505, 0.1413555145263672, 0.3348366916179657, 0.3703473210334778, 0.39333808422088623, 0.23433367908000946], "O3": [2.970004402413906e-07, 5.421533387561794e-06, 2.668162233021576e-05, 5.707790364795073e-07, 0.17941585183143616, 2.6006646156311035, 1.9449503421783447, 0.659467875957489, 0.1106901466846466, 0.9543038606643677, 3.72587513923645, 6.173702239990234, 8.402920722961426, 17.216819763183594, 33.01026153564453, 23.33293342590332, 28.66221046447754, 29.957456588745117, 30.706283569335938, 28.67583465576172, 31.191211700439453, 42.291847229003906, 41.86644744873047, 36.74252700805664], "PM10": [0.004849249962717295, 0.03235245496034622, 0.32582151889801025, 1.0139864683151245, 1.3984880447387695, 1.442703366279602, 1.295009732246399, 0.17223699390888214, 0.1712646633386612, 0.06114116311073303, 0.11138297617435455, 0.8250470757484436, 2.51822829246521, 1.79228675365448, 0.496401846408844, 1.5858818292617798, 0.4035053551197052, 0.2004612237215042, 0.22929070889949799, 0.5199856162071228, 1.091718316078186, 1.2428185939788818, 1.071379542350769, 0.703855037689209], "PM25": [1.3012851241001044e-06, 0.011223996989428997, 0.13210853934288025, 0.4270736575126648, 0.5895660519599915, 0.1398422122001648, 0.08089559525251389, 0.012389171868562698, 0.008023306727409363, 0.010912495665252209, 0.023367777466773987, 0.1593027561903, 0.6340165734291077, 0.495423287153244, 0.0980578362941742, 0.18960711359977722, 0.02565935254096985, 0.00043896224815398455, 0.0043174587190151215, 0.07019267976284027, 0.16665196418762207, 0.24145886301994324, 0.19285430014133453, 0.10281069576740265]}