{"CO": [0.0505346953868866, 0.02367240935564041, 0.03480758145451546, 0.020965011790394783, 0.016729461029171944, 0.022420955821871758, 0.05313652381300926, 0.0649939775466919, 0.07569611817598343, 0.6512252688407898, 0.6025296449661255, 0.4235849380493164, 2.9612581729888916, 5.35360860824585, 5.417699337005615, 5.793365001678467, 5.923748970031738, 6.156341552734375, 5.945709228515625, 5.9693121910095215, 6.375298976898193, 6.759842872619629, 6.547199726104736, 6.594305038452148], "NO2": [0.10174815356731415, 0.0454353503882885, 0.06776437908411026, 0.04092223569750786, 0.02017013356089592, 0.053618453443050385, 0.07578384131193161, 0.21536773443222046, 0.6131930947303772, 0.866504430770874, 1.3202354907989502, 1.3867833614349365, 0.26438108086586, 0.07470782846212387, 0.04964965209364891, 0.175333634018898, 0.5614743828773499, 0.6520476937294006, 0.6385249495506287, 0.9290182590484619, 0.34928178787231445, 0.07407807558774948, 0.07471771538257599, 0.12045685946941376], "SO2": [5.190997123718262, 2.472959041595459, 3.8176674842834473, 2.20405650138855, 1.762313723564148, 0.8413832187652588, 1.0715036392211914, 2.369950294494629, 1.163018822669983, 0.28342658281326294, 4.6244072914123535, 5.384853839874268, 1.6299618482589722, 1.1072688102722168, 1.3352618217468262, 1.670479416847229, 1.487391710281372, 2.00262713432312, 2.1656343936920166, 3.8017005920410156, 2.0539767742156982, 1.0227690935134888, 1.428992509841919, 0.9279595613479614], "O3": [0.0002873481425922364, 1.7340288138711912e-07, 1.0072047196274525e-08, 1.6182952755627866e-09, 0.10058954358100891, 1.3342639207839966, 2.72694730758667, 1.0029537677764893, 0.9987412691116333, 3.5690340995788574, 2.7680552005767822, 1.908447027206421, 18.039281845092773, 32.426612854003906, 32.4134635925293, 37.41499328613281, 48.082000732421875, 42.35972213745117, 41.560726165771484, 33.087886810302734, 35.35115432739258, 38.91840744018555, 39.666770935058594, 51.36848068237305], "PM10": [11.549033164978027, 6.142639636993408, 8.530068397521973, 8.034509658813477, 3.7339189052581787, 1.693163275718689, 1.7880313396453857, 4.778804302215576, 2.620828628540039, 0.8654602766036987, 12.968766212463379, 17.38298797607422, 3.1586408615112305, 1.8249776363372803, 1.9790538549423218, 3.1053788661956787, 5.199412822723389, 5.576794147491455, 7.2682647705078125, 13.890092849731445, 3.647599697113037, 1.5454115867614746, 3.7711803913116455, 4.361165523529053], "PM25": [6.094455242156982, 3.291031837463379, 4.518797397613525, 4.212296485900879, 1.9789808988571167, 0.4188194274902344, 0.15552666783332825, 2.3928568363189697, 1.3492478132247925, 0.3998132646083832, 6.641606330871582, 8.683880805969238, 1.4954310655593872, 0.7325811386108398, 0.7840198278427124, 1.546445608139038, 2.50551438331604, 2.7600202560424805, 3.611560344696045, 7.0321807861328125, 1.8271241188049316, 0.4427952468395233, 0.7515633702278137, 2.0558364391326904]}