{"CO": [3.4044660424115136e-08, 6.518703354885247e-09, 7.979860470186395e-07, 3.8474545362987556e-06, 4.9430906074121594e-05, 0.0057649980299174786, 0.015537669882178307, 0.13634870946407318, 0.46215835213661194, 0.8195320963859558, 1.1779831647872925, 2.007138729095459, 3.9988720417022705, 5.958534240722656, 5.3679423332214355, 5.838174819946289, 6.195277690887451, 6.243587017059326, 6.457512378692627, 6.508844375610352, 6.543446063995361, 6.7187113761901855, 6.6194658279418945, 6.174454689025879], "NO2": [1.5845576854189858e-05, 1.1378565432096366e-05, 1.9048451576964e-05, 4.738800271297805e-05, 0.0013761467998847365, 0.013790427707135677, 0.025720393285155296, 0.05518433079123497, 0.47516191005706787, 0.809479296207428, 0.9253182411193848, 0.9647478461265564, 0.25020503997802734, 0.060769230127334595, 0.12881459295749664, 0.23903091251850128, 0.38811933994293213, 0.5970513224601746, 0.690088152885437, 0.7012831568717957, 0.3432578146457672, 0.06812746822834015, 0.0866737961769104, 0.12044668197631836], "SO2": [3.820072784575107e-13, 3.70803377336415e-07, 0.00013617027434520423, 0.0008837769855745137, 2.155469701392576e-06, 6.032791134202853e-06, 5.066160611022497e-06, 0.0006629760027863085, 0.0034627572167664766, 0.005494759883731604, 0.015063914470374584, 0.06270089000463486, 0.15621152520179749, 0.2147303819656372, 0.11543956398963928, 0.000539204222150147, 0.02274090237915516, 0.03708489611744881, 0.15065959095954895, 0.2234383076429367, 0.22503183782100677, 0.2531641125679016, 0.021494204178452492, 0.004238137975335121], "O3": [9.396267159900162e-07, 1.6868094476762963e-08, 1.5579066925397456e-09, 9.756699892449205e-10, 0.010870922356843948, 0.4697193205356598, 0.7545514702796936, 1.3314130306243896, 3.5258963108062744, 4.583848476409912, 6.353395938873291, 10.601057052612305, 21.404298782348633, 34.000972747802734, 34.86244201660156, 40.46796417236328, 44.78532409667969, 41.36373519897461, 40.06393051147461, 34.327117919921875, 32.67726516723633, 39.02193069458008, 52.11130905151367, 44.35837173461914], "PM10": [0.003410161007195711, 0.0041154520586133, 0.00427680928260088, 0.0064392657950520515, 0.0030712303705513477, 0.009087522514164448, 0.009414554573595524, 0.010145829990506172, 0.012467147782444954, 0.022579435259103775, 0.03225572034716606, 0.05241590365767479, 0.10436785966157913, 0.16988012194633484, 0.1661519855260849, 0.18347348272800446, 0.23691870272159576, 0.27263662219047546, 0.23025400936603546, 0.21281632781028748, 0.2009546458721161, 0.20484140515327454, 0.26274967193603516, 0.24511146545410156], "PM25": [2.852455684848598e-13, 7.648157520634413e-07, 0.0002786969707813114, 0.0014027288416400552, 3.626501666076365e-06, 8.717779564904049e-06, 5.811572009406518e-06, 2.053174253877077e-13, 1.90430959889909e-08, 3.211632247257512e-06, 0.00011523245484568179, 0.000114899426989723, 1.4045165244169766e-06, 2.110055220327922e-06, 9.234086206788561e-08, 1.880179212321309e-08, 4.8773167726778865e-09, 2.946660424640868e-05, 9.700092050479725e-05, 0.00018840294796973467, 2.7423920982982963e-06, 2.009138734138105e-05, 5.373819931264734e-06, 2.6008828424295416e-09]}