{"CO": [3.605563492214969e-08, 5.245453493785135e-08, 2.6366320682313926e-08, 2.2029022161973444e-08, 0.00010607386502670124, 0.00015714691835455596, 0.008264917880296707, 3.0220587253570557, 3.2813408374786377, 4.327756881713867, 4.283351421356201, 3.2760491371154785, 4.133388519287109, 6.030659198760986, 6.0872907638549805, 5.555042266845703, 5.860077857971191, 6.296859264373779, 6.216454029083252, 6.170714378356934, 6.310743808746338, 6.665858745574951, 6.599629878997803, 6.282243728637695], "NO2": [2.3877730200183578e-05, 0.00015492591774091125, 0.00021074924734421074, 0.0002948038454633206, 0.00435663340613246, 0.00656178267672658, 0.02961130067706108, 0.2893083393573761, 0.4838531017303467, 1.2292978763580322, 1.6064794063568115, 2.2939541339874268, 0.4716190695762634, 0.10231481492519379, 0.09320666640996933, 0.3008063733577728, 0.5999492406845093, 1.0578113794326782, 1.6805238723754883, 2.3447165489196777, 0.5768725275993347, 0.09232806414365768, 0.08566310256719589, 0.26552775502204895], "SO2": [3.816734526086024e-13, 3.816734526086024e-13, 3.4421840378051627e-10, 2.001437060528133e-08, 1.1238155650517001e-07, 3.2439513120152697e-07, 0.00022036264999769628, 0.08519650250673294, 0.07657968252897263, 0.010027025826275349, 0.02625282108783722, 0.05913577973842621, 0.13373789191246033, 0.2644157409667969, 0.2102138251066208, 0.0697760358452797, 0.08000317215919495, 0.17978261411190033, 0.1774013191461563, 0.18569019436836243, 0.21669438481330872, 0.2854130268096924, 0.23468661308288574, 0.04281565919518471], "O3": [6.146775035631435e-07, 1.2440143137837367e-08, 2.2446391412245248e-09, 3.265479830982798e-10, 0.028276491910219193, 0.04163600504398346, 0.28802457451820374, 17.800987243652344, 18.822120666503906, 21.185274124145508, 27.53477668762207, 19.498550415039062, 23.956647872924805, 35.81858444213867, 35.84492874145508, 31.81080436706543, 36.55286407470703, 35.78927993774414, 32.02278137207031, 29.05633544921875, 31.545791625976562, 37.86936950683594, 38.08682632446289, 38.600486755371094], "PM10": [0.0038415503222495317, 0.007133682258427143, 0.008238009177148342, 0.011139225214719772, 0.005046454723924398, 0.0042510018683969975, 0.009405260905623436, 0.08246595412492752, 0.09233932197093964, 0.13242490589618683, 0.2011226862668991, 0.1674058884382248, 0.1344294399023056, 0.1746453195810318, 0.17686370015144348, 0.19394822418689728, 0.2043781876564026, 0.2156352400779724, 0.20818236470222473, 0.23221886157989502, 0.19773966073989868, 0.20567451417446136, 0.20541474223136902, 0.23250113427639008], "PM25": [4.6193736835675736e-08, 0.0010849353857338428, 0.0008645031484775245, 0.0026115134824067354, 0.00014103497960604727, 9.256757766706869e-05, 1.1697037507474306e-06, 4.2441700517535305e-14, 6.085302572955698e-08, 0.0005376060726121068, 0.009592286311089993, 0.011972916312515736, 0.0006119507597759366, 0.00017999704868998379, 2.8438711296985275e-07, 1.763566359613833e-08, 5.331438401867672e-09, 5.68494142498821e-05, 0.001142399269156158, 0.004861296620219946, 0.0012460940051823854, 0.0003587834653444588, 2.1187110178289004e-05, 1.8871406173848193e-11]}