{"CO": [0.00010173848568229005, 4.516843091550982e-06, 2.3468546714866534e-06, 1.339794835075736e-06, 0.0023101884871721268, 0.2665199935436249, 0.3778974115848541, 0.15177203714847565, 0.06896934658288956, 0.10893301665782928, 0.15259242057800293, 0.17515885829925537, 0.34076130390167236, 0.6690754294395447, 0.9582387804985046, 3.0524299144744873, 5.570654392242432, 5.561997890472412, 5.2042059898376465, 4.372957229614258, 4.70140266418457, 3.6620519161224365, 4.788122653961182, 6.325859069824219], "NO2": [0.20902788639068604, 0.005589059088379145, 0.005436724051833153, 0.00820258166640997, 0.37339237332344055, 0.28587254881858826, 0.22651933133602142, 1.1314705610275269, 2.575791358947754, 4.119589805603027, 5.077630043029785, 4.620112895965576, 2.655851125717163, 0.40470001101493835, 0.23511752486228943, 0.5579375624656677, 7.596175670623779, 7.855003833770752, 7.111669063568115, 8.923226356506348, 1.6807947158813477, 0.2464040070772171, 0.18442094326019287, 0.3008872866630554], "SO2": [3.816733712934395e-13, 3.816734526086024e-13, 3.816734526086024e-13, 3.150894909570434e-12, 5.431899929853046e-10, 3.8164401651961943e-13, 6.001422434565029e-07, 0.0003560061159078032, 0.0010688186157494783, 0.0004189683240838349, 0.0001392385020153597, 0.0004404470091685653, 0.0016781090525910258, 0.0010051400167867541, 0.00719428202137351, 0.09785021841526031, 0.07268746942281723, 0.05330101400613785, 0.0575401596724987, 0.05640162527561188, 0.05267946049571037, 0.04720719903707504, 0.08531118184328079, 0.10963578522205353], "O3": [0.0001753466931404546, 7.770255550099137e-09, 1.65079128144896e-09, 1.520884113093146e-13, 0.9252991676330566, 15.578834533691406, 13.250872611999512, 2.9367806911468506, 0.3480161428451538, 0.0003676138585433364, 0.010569174773991108, 0.057746533304452896, 10.079710006713867, 24.88794708251953, 17.271730422973633, 30.186634063720703, 26.375436782836914, 30.798969268798828, 28.831809997558594, 25.288524627685547, 38.7390022277832, 38.97998809814453, 35.69267272949219, 35.73884201049805], "PM10": [0.00588557543233037, 0.006056761834770441, 0.006182378623634577, 0.0064063710160553455, 0.011040465906262398, 0.009757747873663902, 0.009670187719166279, 0.012390907853841782, 0.013501249253749847, 0.012352464720606804, 0.010974092409014702, 0.007682597264647484, 0.00733121857047081, 0.00705714151263237, 0.008896568790078163, 0.05720500275492668, 0.3599199652671814, 0.5951274037361145, 0.6777530312538147, 0.30465808510780334, 0.24508187174797058, 0.14835987985134125, 0.1456911861896515, 0.152629554271698], "PM25": [1.0000000168623835e-16, 9.999999506879345e-17, 1.0000000168623835e-16, 1.9002866534295008e-16, 3.81736361745595e-16, 1.0000000168623835e-16, 1.7357097399647663e-16, 2.274195762264064e-11, 6.834347310302746e-09, 1.2143619443349962e-08, 3.5535774323136593e-09, 1.927231263465501e-09, 3.352313315829747e-09, 1.7090474591086036e-09, 4.884528337356642e-10, 1.4990172658713163e-08, 5.044465734016512e-09, 2.4771649176358324e-09, 2.510584407033889e-09, 2.779112495687741e-09, 2.576298063772242e-09, 2.0296320180079874e-09, 1.5640910788761175e-10, 4.509464801571994e-09]}