{"CO": [1.0303258335397913e-07, 8.466540890594842e-08, 2.0864431959921603e-08, 3.801087089527755e-08, 4.844718205276877e-05, 0.1900213658809662, 0.22898155450820923, 0.1582733541727066, 0.1259041726589203, 0.13910116255283356, 0.25938093662261963, 0.43831735849380493, 0.13236287236213684, 0.4959929585456848, 1.5161336660385132, 4.056524753570557, 4.000344753265381, 4.887521266937256, 4.841053485870361, 4.850714683532715, 4.792237758636475, 5.14711856842041, 5.508049488067627, 5.635059833526611], "NO2": [0.0002638534642755985, 0.0005066427402198315, 0.0004642089188564569, 0.0010854623978957534, 0.002158001996576786, 0.7924265265464783, 1.2400239706039429, 2.447418689727783, 4.422797679901123, 4.056638240814209, 3.129410982131958, 3.710632801055908, 0.4463300108909607, 1.4605305194854736, 0.9659005999565125, 2.233447790145874, 5.809431076049805, 5.044007778167725, 4.635275840759277, 4.932905197143555, 2.1767163276672363, 0.5903494954109192, 0.6186256408691406, 0.9874083399772644], "SO2": [3.816734526086024e-13, 3.816734526086024e-13, 4.056125010518108e-13, 1.7439657357121163e-11, 9.02629099935881e-12, 1.4139871565288509e-11, 3.286923901460459e-12, 3.7061399780213833e-06, 1.974884231842333e-12, 3.19244027195964e-05, 9.093718836084008e-05, 0.011905599385499954, 0.001427449518814683, 2.67060812575437e-07, 0.014038164168596268, 3.816734526086024e-13, 0.0009544445783831179, 0.027474846690893173, 0.06656329333782196, 0.08977480977773666, 0.06609947979450226, 0.004275481216609478, 0.006308106705546379, 3.816734526086024e-13], "O3": [4.1527523642059805e-09, 4.291528521438437e-10, 2.3267054949371868e-11, 2.5953011441315343e-12, 0.0032934604678303003, 11.540800094604492, 8.738720893859863, 3.305699348449707, 1.3536347150802612, 0.24209967255592346, 0.8865373730659485, 0.5895333290100098, 3.325695276260376, 21.336198806762695, 21.27552604675293, 30.079301834106445, 27.593639373779297, 35.58089065551758, 33.69393539428711, 30.825695037841797, 30.87403106689453, 45.86345672607422, 46.04583740234375, 45.14741516113281], "PM10": [0.0025008171796798706, 0.0034803086891770363, 0.0035775413271039724, 0.0032437334302812815, 0.0031882855109870434, 0.008895395323634148, 0.007527774665504694, 0.008237607777118683, 0.010323976166546345, 0.010432682931423187, 0.009986151941120625, 0.01418740302324295, 0.011413658037781715, 0.008223357610404491, 0.08554548770189285, 0.10854099690914154, 0.2520264983177185, 0.26608917117118835, 0.2412116527557373, 0.22179679572582245, 0.2362956404685974, 0.2662033140659332, 0.240164116024971, 0.2734425961971283], "PM25": [1.003268240549805e-16, 1.5139423530415036e-16, 5.047707044014693e-13, 3.8451512807125e-11, 1.877822029816567e-11, 2.321268611354954e-12, 6.322366241651167e-11, 1.7036175803397668e-09, 1.315821784864113e-09, 1.5135520614606435e-09, 2.0667316746880715e-09, 8.785137062261583e-09, 3.9235512616642154e-08, 3.0561762009995164e-09, 4.8462474033783565e-09, 4.025743738367282e-09, 1.0364981095634107e-09, 3.974165441178457e-09, 3.6309636186615535e-08, 1.392377413367285e-07, 2.7080866971118667e-07, 7.350040220899245e-08, 2.7312330175277566e-09, 6.272600217016588e-10]}