{"CO": [2.871817343930161e-07, 1.2865124965344421e-08, 4.562558331144828e-09, 3.206549692436056e-09, 8.348783921974245e-06, 0.006180239841341972, 0.01170376967638731, 1.4173235893249512, 1.9138962030410767, 4.8559699058532715, 4.204738140106201, 3.4900784492492676, 5.274232864379883, 5.382281303405762, 5.081170082092285, 5.860283851623535, 6.218216896057129, 6.2883195877075195, 6.305138111114502, 6.35457706451416, 6.575167179107666, 6.491860866546631, 6.308998107910156, 6.33473539352417], "NO2": [0.00016193090414162725, 1.4009761798661202e-05, 1.4404977264348418e-05, 1.6113726815092377e-05, 0.00011220740270800889, 0.012358059175312519, 0.02180551365017891, 0.1850721389055252, 0.39073511958122253, 0.3574218153953552, 0.26635533571243286, 0.29838982224464417, 0.11862436681985855, 0.07555444538593292, 0.0991598591208458, 0.20492970943450928, 0.3745758831501007, 0.28287962079048157, 0.19996151328086853, 0.23278050124645233, 0.12465621531009674, 0.10516560077667236, 0.11492324620485306, 0.2087334841489792], "SO2": [3.8273206760981726e-13, 2.1706818634226188e-11, 1.488771744773132e-10, 4.4303154894675956e-11, 3.816725310367558e-13, 4.892545391044223e-08, 1.663900911808014e-05, 0.01164623536169529, 0.0026282130274921656, 0.03328005596995354, 0.04423192888498306, 0.14428353309631348, 0.19172300398349762, 0.22381915152072906, 0.13530118763446808, 0.008621800690889359, 0.03233765810728073, 0.18910126388072968, 0.2201746553182602, 0.24259625375270844, 0.2688966691493988, 0.23500077426433563, 0.11802292615175247, 0.0036141497548669577], "O3": [1.1216620805498678e-05, 5.3491422846718706e-08, 1.0334245681420384e-09, 9.827857971878018e-11, 0.0011983225122094154, 0.4201945662498474, 0.5657572150230408, 8.686493873596191, 11.038854598999023, 26.413318634033203, 27.35186195373535, 21.593366622924805, 29.04197883605957, 31.966440200805664, 32.81767272949219, 38.60232162475586, 39.32489013671875, 38.379432678222656, 33.83488845825195, 32.937957763671875, 34.18036651611328, 35.56689453125, 40.179420471191406, 41.56034469604492], "PM10": [0.31428468227386475, 0.016054300591349602, 0.03673629090189934, 0.04546073079109192, 0.031042473390698433, 0.06954888254404068, 0.022401444613933563, 0.043260980397462845, 0.08336776494979858, 0.1789632886648178, 0.20116156339645386, 0.1807197779417038, 0.23224295675754547, 0.18968479335308075, 0.1668558269739151, 0.33688756823539734, 0.34311434626579285, 0.22970132529735565, 0.22927089035511017, 0.2241411805152893, 0.23190750181674957, 0.42724958062171936, 0.23811092972755432, 0.270238995552063], "PM25": [0.1607193499803543, 0.006394637282937765, 0.017063133418560028, 0.021631238982081413, 0.01439679879695177, 0.022780945524573326, 0.003948374651372433, 0.000420331401983276, 0.02575996331870556, 0.018648259341716766, 0.017219914123415947, 0.02968607470393181, 0.03555770963430405, 0.013585174456238747, 0.0013638396048918366, 0.0037615979090332985, 0.03144362196326256, 0.007789032068103552, 0.006551854778081179, 0.004564478062093258, 0.005015096627175808, 0.08514630794525146, 0.0039344653487205505, 0.006792652886360884]}