{"CO": [1.2541123396658804e-05, 3.1553130952488573e-07, 6.865758223284502e-06, 1.94420431398612e-06, 0.009414906613528728, 0.192539781332016, 0.1949428766965866, 0.06642117351293564, 0.19808033108711243, 0.3113754093647003, 0.2735785245895386, 0.2708648443222046, 0.21317249536514282, 0.4990110397338867, 1.9749242067337036, 2.6321065425872803, 2.5401318073272705, 2.6699681282043457, 3.686615467071533, 4.614437580108643, 3.197674512863159, 3.110645055770874, 4.034296035766602, 4.8196210861206055], "NO2": [0.01576838456094265, 0.003964423667639494, 0.018364081159234047, 0.011150982230901718, 2.315114736557007, 0.17563004791736603, 0.08330199122428894, 0.42628076672554016, 3.925466537475586, 5.034956932067871, 5.757046699523926, 4.88181209564209, 3.260622024536133, 0.44772088527679443, 0.26433008909225464, 0.49967020750045776, 13.948410034179688, 14.843786239624023, 15.970457077026367, 13.846463203430176, 1.5577698945999146, 0.31213611364364624, 0.1275588572025299, 1.7624679803848267], "SO2": [3.816734526086024e-13, 3.8167347971365673e-13, 3.816734526086024e-13, 3.816734526086024e-13, 4.0008830124761696e-13, 3.816472962311912e-13, 7.910591079962614e-07, 3.017441304109525e-05, 0.002327060792595148, 0.0033365851268172264, 0.0014802946243435144, 0.002213667845353484, 0.0011650797678157687, 9.972268890123814e-05, 0.03391176089644432, 0.0638890340924263, 0.056524425745010376, 0.049666278064250946, 0.04971343278884888, 0.09194241464138031, 0.07081319391727448, 0.040668949484825134, 0.07985834032297134, 0.05451907217502594], "O3": [5.524185553440475e-07, 6.915112371608245e-10, 1.5143510889714662e-09, 2.8309205674093008e-11, 2.7977309226989746, 11.143960952758789, 7.569471836090088, 2.9720563888549805, 0.007533519994467497, 1.393704891204834, 0.08598829805850983, 0.021032823249697685, 12.360064506530762, 23.54513168334961, 23.237892150878906, 21.361013412475586, 10.90700626373291, 10.379158973693848, 14.420258522033691, 16.947511672973633, 27.62449836730957, 37.01818084716797, 32.496646881103516, 24.853168487548828], "PM10": [0.003862988669425249, 0.004597314167767763, 0.00589242298156023, 0.006283518858253956, 0.009633935987949371, 0.00890825130045414, 0.008940374478697777, 0.011226465925574303, 0.009124156087636948, 0.009700832888484001, 0.009890368208289146, 0.00993766263127327, 0.010638689622282982, 0.011628878302872181, 0.037154361605644226, 0.055411435663700104, 0.0799340009689331, 0.10700947791337967, 0.2822417914867401, 0.42620784044265747, 0.10451414436101913, 0.14729902148246765, 0.11797086894512177, 0.12447603791952133], "PM25": [1.0000000168623835e-16, 1.0076654003372389e-16, 1.0799928157843446e-16, 6.002579872364062e-15, 1.811839388373912e-13, 1.0877413937764881e-15, 4.422244932864619e-16, 4.0130433698326584e-12, 6.84697576414095e-11, 2.556196226910501e-11, 2.26913626777403e-10, 1.4680138216149885e-09, 7.477018115764622e-09, 9.244475185354872e-10, 5.234210287419216e-10, 2.60784838168604e-10, 1.789288162079572e-10, 3.994422570485767e-10, 4.5287343319877493e-10, 1.0294635144347808e-09, 1.6367355248902982e-09, 3.042482044079975e-09, 1.0665784921926047e-10, 3.9370808696537196e-11]}