{"CO": [2.056813191986251e-10, 4.3305692365436244e-10, 1.9334417800109804e-07, 3.182396540069021e-05, 4.844149589189328e-05, 0.0029128959868103266, 0.015440183691680431, 0.00291437772102654, 0.3358902931213379, 2.3198654651641846, 3.3921499252319336, 3.6238605976104736, 3.568464994430542, 4.5766777992248535, 5.245853424072266, 5.626620769500732, 5.333031177520752, 5.249305725097656, 5.733249664306641, 6.093461990356445, 6.168455123901367, 6.458926677703857, 6.378757953643799, 6.451356410980225], "NO2": [2.6984982923750067e-06, 8.264388452516869e-05, 1.5663992599002086e-05, 0.00045668150414712727, 0.0011667911894619465, 0.016450997442007065, 0.029047729447484016, 0.012433039955794811, 1.0573540925979614, 3.4431869983673096, 4.362366199493408, 3.485714912414551, 0.6862106919288635, 0.2513082027435303, 0.23299551010131836, 0.7620989084243774, 1.4284734725952148, 2.2258412837982178, 3.4591643810272217, 3.16945219039917, 0.8620621562004089, 0.25482192635536194, 0.23535455763339996, 0.6362897157669067], "SO2": [3.8167347971365673e-13, 4.478348003544852e-08, 6.317588122328743e-05, 0.007251189090311527, 0.0012974246637895703, 6.62522143102251e-05, 0.0006939259474165738, 5.1694147259695455e-05, 0.0024289314169436693, 0.03929324075579643, 0.05294772982597351, 0.03767361491918564, 0.0835588350892067, 0.14286892116069794, 0.1799234002828598, 0.12944456934928894, 0.028587842360138893, 0.06961076706647873, 0.10207930952310562, 0.13388672471046448, 0.1608894020318985, 0.22794799506664276, 0.18588019907474518, 0.18990710377693176], "O3": [2.15107420764582e-09, 9.246609589119714e-10, 1.3481913363477815e-08, 1.2448729158620608e-08, 0.006237818393856287, 0.29152271151542664, 0.6353065967559814, 0.1163000836968422, 1.3534355163574219, 11.312718391418457, 16.365785598754883, 18.489442825317383, 21.816682815551758, 29.69625473022461, 33.08716583251953, 31.168598175048828, 30.5152530670166, 29.853469848632812, 30.27452278137207, 30.063932418823242, 31.455156326293945, 37.377906799316406, 37.17517852783203, 33.71497344970703], "PM10": [0.004614615347236395, 0.004733141977339983, 0.004382698331028223, 0.04452024772763252, 0.01397003885358572, 0.01246846653521061, 0.017802555114030838, 0.015005209483206272, 0.012700650840997696, 0.06906198710203171, 0.1015019565820694, 0.1431766301393509, 0.17038479447364807, 0.17162686586380005, 0.19211643934249878, 0.1611538678407669, 0.188944011926651, 0.1896698772907257, 0.1977372020483017, 0.20412470400333405, 0.20425890386104584, 0.21961663663387299, 0.2421818971633911, 0.25041884183883667], "PM25": [3.922091533384124e-14, 3.333532916371951e-08, 7.424841169267893e-05, 0.01590067520737648, 0.004060442093759775, 9.896853589452803e-05, 0.0006443337770178914, 1.5282252206816338e-05, 1.733387580316048e-05, 2.005884880418307e-06, 1.2058498214173596e-05, 0.005677941720932722, 0.012759226374328136, 0.006127805914729834, 0.0048811426386237144, 5.6359633163083345e-05, 0.0002663614577613771, 1.6931344362092204e-05, 0.0001411799603374675, 0.000986911472864449, 0.001574284047819674, 0.0014447972644120455, 0.003611674066632986, 0.005227493122220039]}