{"CO": [5.965413052422264e-09, 4.630070771227679e-10, 1.0328737171105828e-10, 6.641010658059443e-11, 2.422422085146536e-06, 0.0011529651237651706, 1.7437084913253784, 3.2218594551086426, 4.824778079986572, 3.399794578552246, 2.5868732929229736, 1.662896990776062, 4.068186283111572, 4.862620830535889, 3.500448226928711, 5.578361988067627, 6.126950263977051, 5.92125129699707, 5.794529914855957, 5.54088020324707, 5.987544536590576, 6.412907600402832, 6.018115997314453, 5.999493598937988], "NO2": [1.0720435057010036e-05, 4.071685907547362e-05, 0.0006147395470179617, 0.0011079942341893911, 1.1274809139649733e-06, 0.000348392321029678, 0.24203598499298096, 0.35415276885032654, 0.39465051889419556, 0.8388237357139587, 2.6537673473358154, 3.7655766010284424, 0.16399286687374115, 0.13685159385204315, 0.40821942687034607, 0.31567615270614624, 1.3538386821746826, 2.107715368270874, 4.140594482421875, 3.912505626678467, 0.24917834997177124, 0.08725106716156006, 0.21229620277881622, 0.1695469170808792], "SO2": [3.816734526086024e-13, 3.816734526086024e-13, 3.8167347971365673e-13, 6.103914574305536e-13, 6.495453419574915e-08, 4.7231722419383004e-05, 0.007402606308460236, 1.07041184804757e-08, 1.7088066670112312e-05, 0.00020513015624601394, 0.006149299908429384, 0.05230105295777321, 0.1717754304409027, 0.19560259580612183, 6.437247793655843e-05, 3.664573796413606e-06, 0.10700767487287521, 0.12611739337444305, 0.12913712859153748, 0.17026709020137787, 0.23784275352954865, 0.2804774045944214, 0.0008924864232540131, 3.147549998416821e-10], "O3": [1.0939379180285869e-08, 5.108948264442859e-10, 1.5733455120334194e-12, 5.102626654540643e-12, 2.398584365437273e-05, 0.0020099044777452946, 10.166521072387695, 17.41860008239746, 33.39972686767578, 22.407196044921875, 14.317365646362305, 7.7187581062316895, 21.776046752929688, 27.698291778564453, 23.104232788085938, 39.823158264160156, 38.5200309753418, 33.896148681640625, 27.580154418945312, 24.193655014038086, 30.497535705566406, 33.07682418823242, 41.877197265625, 37.28752899169922], "PM10": [0.003371288999915123, 0.0033145747147500515, 0.0031073899008333683, 0.0025518429465591908, 0.002431819448247552, 0.0025460058823227882, 0.04646185413002968, 0.12074798345565796, 0.23655469715595245, 0.1549047976732254, 0.11061665415763855, 0.06076063960790634, 0.1138487383723259, 0.1357804238796234, 0.12675388157367706, 0.3180083930492401, 0.2833852767944336, 0.23297744989395142, 0.23099181056022644, 0.19026559591293335, 0.1808788776397705, 0.18939153850078583, 0.2611362338066101, 0.21658895909786224], "PM25": [1.2796494007656645e-13, 1.1515663800309994e-07, 3.579079930204898e-06, 2.6749297830974683e-05, 2.5830728667131098e-09, 4.041560419665302e-10, 3.1410352097083205e-10, 2.0056228813153387e-12, 7.966885817722869e-09, 1.9924870642284986e-09, 2.195239630964352e-06, 1.0552284948062152e-05, 3.334058931159234e-07, 2.297637913262207e-10, 1.3944796428688733e-09, 1.1270702253429743e-12, 3.5061523129265026e-11, 3.9124113671018534e-11, 1.640763343857543e-06, 5.428387794381706e-06, 7.559977088789083e-10, 5.120037727124327e-10, 3.799724623831935e-08, 7.33679854647562e-08]}