{"CO": [8.100634829588671e-08, 2.0393407851315715e-08, 1.1064902771806828e-08, 9.81524195253769e-09, 0.0007013394497334957, 0.0016921444330364466, 0.28695276379585266, 1.6780025959014893, 4.460090637207031, 4.346383571624756, 3.0287184715270996, 2.5129013061523438, 2.52683687210083, 3.718228816986084, 5.847210884094238, 5.868589401245117, 5.427555084228516, 5.941949367523193, 5.803454399108887, 5.700419902801514, 5.684716701507568, 5.907758712768555, 6.526364803314209, 6.010613918304443], "NO2": [5.059824252384715e-05, 4.1446193790761754e-05, 9.002842125482857e-05, 0.00010822570766322315, 0.06435167044401169, 0.06445582211017609, 0.1913999766111374, 0.7502466440200806, 1.3799606561660767, 1.889325737953186, 1.393768548965454, 1.4585455656051636, 0.5521758198738098, 0.1990276724100113, 0.25502991676330566, 0.7913400530815125, 1.5775526762008667, 1.7584954500198364, 1.4814304113388062, 1.2784534692764282, 0.4716112017631531, 0.21995344758033752, 0.1864822804927826, 0.8189658522605896], "SO2": [3.8167347971365673e-13, 3.816734526086024e-13, 3.816734526086024e-13, 4.1310127519254836e-13, 2.534247811603052e-11, 1.533652067564617e-07, 0.004991510882973671, 0.009227381087839603, 0.0043017505668103695, 0.014872499741613865, 0.014149206690490246, 0.02565271221101284, 0.06160028278827667, 0.12216755747795105, 0.0029958372469991446, 0.0001516153133707121, 0.03891541436314583, 0.08847657591104507, 0.10467452555894852, 0.12820516526699066, 0.13567999005317688, 0.1777677834033966, 0.028900228440761566, 3.070232196478173e-05], "O3": [8.441511454293504e-07, 1.8085247743826471e-09, 9.877097056909534e-11, 8.416672740707565e-12, 0.29084452986717224, 0.3333137333393097, 2.5914604663848877, 9.608154296875, 21.76463508605957, 27.423654556274414, 25.885183334350586, 21.830141067504883, 19.83751106262207, 25.894411087036133, 39.82465362548828, 39.383216857910156, 31.75958251953125, 33.666568756103516, 33.171913146972656, 32.38895797729492, 31.258724212646484, 34.687660217285156, 46.90148162841797, 39.22311019897461], "PM10": [0.0062164138071238995, 0.010985849425196648, 0.12726806104183197, 1.1843115091323853, 0.38942384719848633, 0.012068971060216427, 0.010873483493924141, 0.05195731669664383, 0.1392350196838379, 0.2402821034193039, 0.1935557723045349, 0.8088923692703247, 0.6986263394355774, 0.1363811194896698, 0.4470745623111725, 0.46822065114974976, 0.27113452553749084, 0.2707541584968567, 0.3348141610622406, 0.798967182636261, 0.4605507552623749, 0.21427875757217407, 0.38050198554992676, 0.2536869943141937], "PM25": [1.2373854588076938e-05, 0.0008777194889262319, 0.056800417602062225, 0.5460767149925232, 0.17765161395072937, 0.00016477888857480139, 3.9417372477146273e-07, 2.519805661904684e-07, 0.00013776747800875455, 0.017397014424204826, 0.006968607660382986, 0.2755131125450134, 0.2256876528263092, 0.0008762157522141933, 8.260325557785109e-06, 1.3138133247991846e-08, 0.00016982927627395838, 0.002876359736546874, 0.02094690501689911, 0.23298105597496033, 0.06654299795627594, 0.0004208111495245248, 1.2636376141017536e-06, 1.553222972461299e-08]}