{"CO": [5.931956934546179e-07, 3.028454784725909e-07, 1.2630378876110626e-07, 1.568316463362862e-07, 9.505106572760269e-05, 0.23215170204639435, 0.21066133677959442, 0.14676161110401154, 0.1416865438222885, 0.13125693798065186, 0.21937794983386993, 0.3124709725379944, 0.12872925400733948, 0.5397933125495911, 0.5595763921737671, 2.553194999694824, 3.388058662414551, 4.542097568511963, 4.785999298095703, 4.8171162605285645, 4.684605598449707, 4.807572841644287, 3.9604947566986084, 5.489479064941406], "NO2": [0.0009371100459247828, 0.0021778361406177282, 0.003016386181116104, 0.0038016303442418575, 0.00677593145519495, 0.9417299032211304, 0.8475905656814575, 4.306960582733154, 4.742223739624023, 4.4879584312438965, 4.437838077545166, 3.7591917514801025, 1.0948326587677002, 1.2694932222366333, 0.42760971188545227, 6.897898197174072, 12.207764625549316, 15.947334289550781, 14.107219696044922, 9.699151992797852, 2.475816011428833, 0.7229861617088318, 1.721777081489563, 6.1042094230651855], "SO2": [3.8167347971365673e-13, 3.816734526086024e-13, 3.817518404256731e-13, 7.230996183771321e-12, 1.2784392685108448e-12, 4.999817004858187e-09, 3.9246793206819397e-13, 2.98108316201251e-05, 0.0007641370175406337, 0.0001138600055128336, 0.0001408178941346705, 0.006351048592478037, 0.000596639234572649, 5.2392038924153894e-05, 4.113426257390529e-05, 0.029326103627681732, 0.013175427913665771, 0.02579096518456936, 0.05716821551322937, 0.08005793392658234, 0.048723600804805756, 0.014214224182069302, 0.012194599024951458, 0.0624719001352787], "O3": [7.734553975069502e-08, 9.061451589076341e-10, 2.4419930053781735e-12, 1.5409023015888756e-11, 0.0068955691531300545, 12.575212478637695, 8.105194091796875, 1.3853358030319214, 0.016765296459197998, 0.0026100403629243374, 0.03503911569714546, 0.07547005265951157, 4.312939167022705, 24.106725692749023, 18.55854606628418, 20.99860382080078, 16.910810470581055, 21.80243492126465, 24.76829719543457, 25.872323989868164, 31.80891990661621, 46.34229278564453, 36.62473678588867, 29.862285614013672], "PM10": [0.0027663474902510643, 0.0034362173173576593, 0.004467579536139965, 0.004035164602100849, 0.003292121458798647, 0.009448962286114693, 0.008779897354543209, 0.01098483894020319, 0.008807151578366756, 0.01090897899121046, 0.008111480623483658, 0.011323739774525166, 0.012185938656330109, 0.009373006410896778, 0.010581484995782375, 0.08654001355171204, 0.16739588975906372, 0.25628384947776794, 0.25738200545310974, 0.23131021857261658, 0.26337775588035583, 0.25368502736091614, 0.1583501398563385, 0.16721755266189575], "PM25": [1.0000000830368325e-16, 1.4279644060793538e-16, 2.3651053853010126e-14, 1.7496814760931123e-11, 2.006388111208679e-12, 2.5751249006431e-13, 4.11178296272352e-12, 3.249323698994999e-09, 4.34983382646692e-09, 2.093425655047554e-09, 2.0046224680214664e-09, 1.215005251964385e-08, 9.123676036892903e-09, 2.63460764315937e-09, 3.2758531998133833e-10, 5.145416870355746e-10, 1.0668330663321512e-09, 1.760488421709283e-09, 1.2699453932896176e-08, 1.264600228978452e-07, 8.829912445662558e-08, 6.372165728407708e-08, 1.1586885229064592e-08, 2.1074227085637887e-10]}