{"CO": [1.3250129882180772e-08, 1.3682183386265478e-08, 3.3456235559725656e-09, 1.9297738962364974e-09, 2.937166573246941e-05, 0.02411969006061554, 0.21343927085399628, 0.527764081954956, 0.7844542264938354, 2.6402220726013184, 3.6836960315704346, 4.209299087524414, 3.926171064376831, 3.560363531112671, 6.2364373207092285, 5.7157063484191895, 6.209565162658691, 6.5830841064453125, 6.629366397857666, 6.607787132263184, 6.6438140869140625, 6.279983043670654, 6.312266826629639, 6.23948860168457], "NO2": [1.0251083040202502e-05, 2.72962060989812e-05, 3.124945578747429e-05, 4.705968967755325e-05, 0.00019660296675283462, 0.0981476902961731, 0.03411611542105675, 0.13961951434612274, 0.5458860993385315, 0.43437767028808594, 0.5800411701202393, 0.7163187265396118, 0.2855476438999176, 0.2664756178855896, 0.1819450855255127, 0.5915995240211487, 0.41206595301628113, 0.8057152032852173, 0.8248408436775208, 0.8825682997703552, 0.33725106716156006, 0.24009379744529724, 0.2566976845264435, 0.6339040994644165], "SO2": [3.816734526086024e-13, 3.816734526086024e-13, 2.8922717554280553e-09, 3.258862761867931e-07, 5.398244979915034e-07, 7.549430591780038e-08, 2.6301519184812605e-08, 3.816734526086024e-13, 3.816734526086024e-13, 0.0025145600084215403, 0.009504824876785278, 0.12585848569869995, 0.14015048742294312, 0.056439317762851715, 3.8167347971365673e-13, 3.816734526086024e-13, 0.01676918938755989, 0.15394675731658936, 0.19663074612617493, 0.2227727472782135, 0.23352783918380737, 1.7161712094093673e-05, 3.816734526086024e-13, 3.816734526086024e-13], "O3": [4.7418016180245104e-08, 1.059260235081183e-08, 1.0892643453885853e-09, 6.168584532062482e-10, 0.0019271478522568941, 1.4997525215148926, 1.4225735664367676, 3.9476356506347656, 5.269005298614502, 17.526094436645508, 22.786911010742188, 25.24456024169922, 22.424713134765625, 24.66786003112793, 48.420684814453125, 39.6508903503418, 41.593692779541016, 41.481590270996094, 39.311954498291016, 37.962745666503906, 37.07732391357422, 40.18788146972656, 52.48760986328125, 44.53713607788086], "PM10": [0.0038830845151096582, 0.0037410210352391005, 0.003183854976668954, 0.002937929006293416, 0.002653882373124361, 0.009712884202599525, 0.008620012551546097, 0.010884096845984459, 0.01278414111584425, 0.08241088688373566, 0.1273200809955597, 0.12767337262630463, 0.11293651908636093, 0.10955587774515152, 0.46985289454460144, 0.196830153465271, 0.22643506526947021, 0.3053992986679077, 0.2885661721229553, 0.2539248466491699, 0.23134993016719818, 0.29970237612724304, 0.33531099557876587, 0.22613582015037537], "PM25": [5.985010265163737e-09, 1.7615539604776131e-07, 2.259915987679051e-08, 7.054354114188754e-07, 2.112772563123144e-06, 2.438262072246289e-07, 3.662606928855894e-08, 7.876072061208106e-08, 7.658326808268612e-07, 2.7026328552892664e-07, 2.174108809649411e-11, 4.522668859863188e-06, 7.88211650615267e-07, 4.0050959881909876e-08, 3.522561442537153e-08, 1.6244914746721406e-08, 2.9555895508792673e-08, 3.99867275291399e-07, 5.3850666148491655e-09, 1.5148707177559118e-07, 1.077277033800783e-06, 8.557665864827868e-07, 4.3144902406311303e-07, 2.2539699884305264e-08]}