{"CO": [4.0172603021915165e-09, 1.7582473255117748e-09, 1.0217737766993196e-09, 1.0709393372110299e-09, 6.6669426814769395e-06, 0.0006807729369029403, 0.046792250126600266, 0.05534018576145172, 0.10190247744321823, 0.3753581941127777, 0.8919521570205688, 2.137146234512329, 4.703893661499023, 1.2117341756820679, 4.680588245391846, 6.313238143920898, 5.8608527183532715, 5.629364013671875, 5.749855995178223, 6.094132900238037, 6.602242946624756, 6.542158126831055, 6.128590106964111, 5.928121089935303], "NO2": [2.678173223102931e-05, 3.233327151974663e-05, 2.8051821573171765e-05, 8.299030014313757e-05, 8.700649777892977e-05, 0.009235036559402943, 0.07040158659219742, 0.221509650349617, 0.9661253690719604, 1.2760134935379028, 1.0429344177246094, 1.6088775396347046, 0.2974565625190735, 0.507132887840271, 0.34163737297058105, 0.5366974472999573, 1.0801658630371094, 1.3406331539154053, 1.0202610492706299, 1.4863005876541138, 0.29872655868530273, 0.05249609425663948, 0.339930921792984, 0.4979279041290283], "SO2": [3.816734526086024e-13, 3.816734526086024e-13, 1.470824573246432e-10, 2.1899877467035367e-09, 8.434514892075029e-11, 3.136912951617887e-11, 2.929579601129717e-08, 2.7472890451463172e-06, 8.261316907010041e-06, 8.133929077303037e-05, 0.010362892411649227, 0.09001468122005463, 0.20781928300857544, 0.0008486642618663609, 9.915322152664885e-05, 4.7402404561580624e-06, 0.00030230285483412445, 0.07117564976215363, 0.15739624202251434, 0.2092781960964203, 0.26228421926498413, 0.03650970011949539, 0.0001995884085772559, 1.3042240176730502e-08], "O3": [6.984433476020513e-09, 5.677895931199828e-09, 1.0196921085281474e-09, 8.22616558204814e-11, 0.0007554467883892357, 0.09105479717254639, 1.7954994440078735, 1.94359290599823, 2.5139660835266113, 3.0718905925750732, 5.484591960906982, 11.49988842010498, 25.462392807006836, 10.943391799926758, 36.42066955566406, 57.862876892089844, 41.92719268798828, 40.0731201171875, 37.35161209106445, 36.31398391723633, 36.0109977722168, 47.76626205444336, 47.15610885620117, 45.04230880737305], "PM10": [0.002948889508843422, 0.004181543365120888, 0.003217955119907856, 0.0028774419333785772, 0.002499547554180026, 0.003377180313691497, 0.00963074341416359, 0.012369159609079361, 0.011637359857559204, 0.012567516416311264, 0.028274884447455406, 0.05450434610247612, 0.12245120853185654, 0.035554733127355576, 0.1594153791666031, 0.26520150899887085, 0.3153332769870758, 0.24662885069847107, 0.21082478761672974, 0.20493924617767334, 0.19781818985939026, 0.23074409365653992, 0.3372071087360382, 0.3753746747970581], "PM25": [1.4009073944171933e-16, 1.1257888432177304e-16, 2.9212859908867017e-10, 4.024952815484539e-09, 1.6414059000879888e-10, 1.033626569751922e-11, 2.916570110422789e-11, 2.619011951754402e-10, 4.3923573112003567e-10, 7.08341774124932e-10, 4.1260664329634267e-10, 5.817963888432587e-10, 1.2604929600090742e-10, 1.6354055887290997e-08, 1.5853981460978162e-09, 1.277520533804477e-09, 5.73409977278061e-08, 5.044649356023001e-07, 3.997226656338171e-07, 1.390220774055706e-07, 1.8492388065283194e-08, 4.08590494771488e-09, 4.452274993127503e-09, 3.9675852880893814e-11]}