{"CO": [6.243435109354323e-06, 6.826152912253747e-06, 2.889870529543259e-07, 3.9716920241517073e-07, 0.0015386329032480717, 0.04504308104515076, 0.08857730031013489, 0.033717963844537735, 0.09322447329759598, 0.6942908763885498, 0.49019867181777954, 1.7073369026184082, 2.855776071548462, 4.814727306365967, 4.933927059173584, 5.9111456871032715, 5.989720344543457, 5.968745708465576, 5.822169303894043, 5.942817687988281, 6.216949939727783, 6.613194942474365, 6.455760478973389, 6.554852485656738], "NO2": [2.3022677851258777e-05, 4.4119653466623276e-05, 2.4037290131673217e-06, 2.9754683055216447e-06, 0.00494603393599391, 0.07752874493598938, 0.08635072410106659, 0.10505612194538116, 0.29378047585487366, 0.7989264130592346, 1.3689770698547363, 1.3744560480117798, 0.1557050198316574, 0.05078081414103508, 0.07750146836042404, 0.2817908525466919, 0.8765658140182495, 1.2172527313232422, 2.1266517639160156, 1.7584960460662842, 0.21702568233013153, 0.04973984882235527, 0.07429426908493042, 0.3036661744117737], "SO2": [0.0008068655151873827, 0.0020496773067861795, 0.00012359053653199226, 0.00016540204524062574, 0.5407975316047668, 4.270653247833252, 3.126638174057007, 0.39581021666526794, 0.16950377821922302, 4.991410969523713e-05, 0.05374203994870186, 4.786411955137737e-05, 8.694604730408173e-06, 0.18187451362609863, 2.376769542694092, 6.136648654937744, 0.2767515778541565, 7.774238109588623, 21.863656997680664, 0.6621700525283813, 0.02567276358604431, 0.31552213430404663, 0.6461511850357056, 2.55475242738612e-07], "O3": [0.00013602249964606017, 2.540489276725566e-07, 4.193414682163166e-08, 2.8055515244318485e-08, 0.036090023815631866, 2.527212142944336, 3.7145605087280273, 1.5568056106567383, 1.0361483097076416, 4.032341957092285, 2.475818395614624, 10.026857376098633, 17.671531677246094, 29.65473747253418, 29.856409072875977, 32.14565658569336, 35.037391662597656, 38.76853942871094, 30.698360443115234, 37.51121139526367, 39.90149688720703, 41.28178024291992, 39.6512336730957, 44.85714340209961], "PM10": [0.007688440848141909, 0.15201833844184875, 0.00398909579962492, 0.07066866755485535, 1.599774718284607, 12.3291654586792, 9.252378463745117, 1.2480305433273315, 0.9286093711853027, 0.028758326545357704, 0.357465922832489, 0.051676295697689056, 0.0775633379817009, 0.6364210247993469, 5.632040977478027, 14.963823318481445, 1.1605620384216309, 21.196611404418945, 60.4445915222168, 2.1864562034606934, 0.22387580573558807, 0.9149488210678101, 1.675686001777649, 0.3222549557685852], "PM25": [0.0010006856173276901, 0.0673765018582344, 0.00024136205320246518, 0.03161805868148804, 0.8214080929756165, 4.032427787780762, 2.6290483474731445, 0.46701520681381226, 0.0029354195576161146, 6.921959720784798e-05, 0.21426504850387573, 8.507676830049604e-05, 4.544227522274014e-06, 0.2562456429004669, 2.681324005126953, 7.597990989685059, 0.3788534104824066, 10.387735366821289, 24.098432540893555, 0.6754400730133057, 0.004364563152194023, 0.3652981221675873, 0.007441656198352575, 3.2720765830163145e-07]}