{"CO": [8.884147861820679e-10, 4.561080402254447e-09, 1.245038561137335e-06, 5.6389591918559745e-05, 0.00012323612463660538, 0.006167905870825052, 0.018524812534451485, 0.002834358485415578, 0.6627117991447449, 2.0538172721862793, 3.6197926998138428, 3.2301137447357178, 3.6407716274261475, 4.308507919311523, 4.89279842376709, 5.748688697814941, 5.444178104400635, 5.160252094268799, 5.751371383666992, 6.088120937347412, 6.178478240966797, 6.390649318695068, 6.432827472686768, 6.481343746185303], "NO2": [2.0231575490470277e-06, 5.5718010116834193e-05, 5.155959661351517e-05, 0.0006466956110671163, 0.0025688214227557182, 0.03022450953722, 0.02151745744049549, 0.011252360418438911, 1.114295482635498, 3.1634254455566406, 2.8118903636932373, 1.9041759967803955, 0.5290254950523376, 0.14196905493736267, 0.08492504060268402, 0.22579388320446014, 1.2021135091781616, 2.0266122817993164, 1.682888150215149, 2.7009339332580566, 0.45574629306793213, 0.13864125311374664, 0.0884513407945633, 0.1440475881099701], "SO2": [4.358060407775449e-13, 9.798244491321384e-07, 0.0002462902630213648, 0.012906013987958431, 0.008248069323599339, 0.0003043428878299892, 0.000595215882640332, 4.9813192163128406e-05, 0.005149430595338345, 0.03335871174931526, 0.05411040410399437, 0.07172656804323196, 0.06799503415822983, 0.13287071883678436, 0.15828610956668854, 0.12291847169399261, 0.044828809797763824, 0.053086057305336, 0.10494289547204971, 0.12040674686431885, 0.1736070215702057, 0.21965007483959198, 0.20547965168952942, 0.1948799341917038], "O3": [8.752701674552554e-09, 5.773382882878764e-10, 9.046985383065476e-09, 2.1627123203415977e-08, 0.013465830124914646, 0.5537015199661255, 0.7543031573295593, 0.12423647940158844, 3.3181633949279785, 9.429372787475586, 18.61403465270996, 16.48670768737793, 21.301551818847656, 28.206829071044922, 31.3828182220459, 32.4443244934082, 28.083221435546875, 28.79100799560547, 31.055273056030273, 28.591672897338867, 31.72630500793457, 36.197166442871094, 36.303001403808594, 34.167152404785156], "PM10": [0.004588174633681774, 0.004252522252500057, 0.00540616549551487, 0.06811399012804031, 0.051556240767240524, 0.020579971373081207, 0.022893840447068214, 0.015729861333966255, 0.021357454359531403, 0.060641247779130936, 0.10931222140789032, 0.2280997931957245, 0.1762426495552063, 0.19764842092990875, 0.21135662496089935, 0.17237523198127747, 0.1991940587759018, 0.19377389550209045, 0.2066742479801178, 0.20386731624603271, 0.22421911358833313, 0.24039074778556824, 0.25880905985832214, 0.2783917486667633], "PM25": [5.604846556490906e-13, 8.206104666896863e-07, 0.0004288551863282919, 0.02490365318953991, 0.019088543951511383, 0.001016554539091885, 0.0012007738696411252, 1.4541549717250746e-05, 2.245428549940698e-05, 1.6449299437226728e-05, 3.368716352269985e-05, 0.032269272953271866, 0.012890039943158627, 0.01575307361781597, 0.011620438657701015, 0.00021474529057741165, 0.0019629185553640127, 1.7452681277063675e-05, 0.0005551558570005, 0.0009373454959131777, 0.004259328357875347, 0.005000276956707239, 0.006037321873009205, 0.009625605307519436]}