{"CO": [2.3380943403594756e-08, 7.841785887308106e-09, 1.4690937355510414e-08, 6.179254086191577e-08, 5.564048478845507e-05, 0.02285434678196907, 0.04995476454496384, 0.16501818597316742, 0.17335763573646545, 0.602873682975769, 0.6822103261947632, 1.460145115852356, 0.5222843885421753, 0.6861381530761719, 5.135010719299316, 2.114001512527466, 5.148122310638428, 5.631577968597412, 5.797307968139648, 5.6452155113220215, 4.700035095214844, 4.774026393890381, 5.927130222320557, 5.791117191314697], "NO2": [6.610895798075944e-05, 0.00012894600513391197, 0.0007005822844803333, 0.0008910902542993426, 0.001528511755168438, 0.4400538206100464, 0.24399162828922272, 0.9413207173347473, 1.8067370653152466, 2.818861484527588, 1.1577482223510742, 1.9043015241622925, 0.720719575881958, 1.9623360633850098, 0.5901278257369995, 1.0529727935791016, 1.3190927505493164, 2.335158586502075, 2.8866117000579834, 2.896531343460083, 1.0236088037490845, 1.478895902633667, 0.31323376297950745, 0.24901776015758514], "SO2": [3.8167347971365673e-13, 3.816734526086024e-13, 3.8167347971365673e-13, 7.032735396643452e-13, 2.4894233809774624e-12, 3.816613366493249e-13, 1.1461079196806168e-07, 1.1303707303511601e-08, 5.239019083091989e-05, 0.001371595892123878, 0.013691725209355354, 0.06052904948592186, 0.016989152878522873, 4.839049339011581e-08, 3.816734526086024e-13, 3.816734526086024e-13, 0.011377858929336071, 0.06977295875549316, 0.14156952500343323, 0.16968725621700287, 0.10435127466917038, 4.0413077329048974e-08, 3.816734526086024e-13, 3.816734526086024e-13], "O3": [1.8182005234734788e-08, 3.7042331424430586e-09, 4.169231973549792e-11, 1.0023911700685062e-09, 0.005230106879025698, 1.5079907178878784, 2.023777484893799, 4.99674654006958, 2.1881754398345947, 3.122304677963257, 4.525325298309326, 8.371691703796387, 4.607107162475586, 15.832608222961426, 50.821983337402344, 26.029150009155273, 41.84105682373047, 41.78341293334961, 35.79903793334961, 33.69796371459961, 31.305160522460938, 37.10464859008789, 47.67729187011719, 42.947696685791016], "PM10": [0.0032449362333863974, 0.0038856978062540293, 0.0027813438791781664, 0.002852875739336014, 0.003022529650479555, 0.010200943797826767, 0.012627452611923218, 0.010581973940134048, 0.00938106793910265, 0.02061324194073677, 0.022329512983560562, 0.03992704302072525, 0.015111684799194336, 0.0144474096596241, 0.21391092240810394, 0.12912312150001526, 0.273380845785141, 0.3021894097328186, 0.2743312418460846, 0.22988028824329376, 0.19595326483249664, 0.20977962017059326, 0.28685590624809265, 0.37587758898735046], "PM25": [1.9283470020874636e-16, 1.8727228778368658e-16, 1.1140353081625113e-15, 8.070596057771495e-13, 5.393969992883996e-12, 2.141732321006562e-12, 2.915625033073077e-11, 3.781908120004118e-11, 8.384838379171811e-10, 4.3452921816289347e-10, 1.5183415635888764e-10, 4.3492826007351937e-10, 9.622349139704056e-09, 1.2611425681541277e-08, 1.0227068081292146e-08, 1.2748335720402793e-09, 1.0960620189237602e-09, 3.784869639922306e-10, 3.1842023462402835e-10, 6.202325320003865e-09, 4.0443339344165e-08, 6.007005737274085e-08, 5.22068721586777e-10, 3.117301555777274e-11]}