{"CO": [9.402614864484349e-08, 1.7247343109261237e-08, 1.0663145033618093e-08, 9.079625939989455e-09, 0.0006058456492610276, 0.007908313535153866, 0.4673174023628235, 1.6460589170455933, 4.1324663162231445, 4.3852128982543945, 2.920638084411621, 2.4774999618530273, 2.5937986373901367, 3.4699509143829346, 6.022027969360352, 6.035122871398926, 5.474608421325684, 5.954082489013672, 5.777418613433838, 5.689779758453369, 5.689404010772705, 5.8802947998046875, 6.537603855133057, 6.073605060577393], "NO2": [5.904592399019748e-05, 4.08839296142105e-05, 7.537558121839538e-05, 9.680024231784046e-05, 0.05395324155688286, 0.1637895107269287, 0.1369725614786148, 0.7309383153915405, 1.6642838716506958, 1.7470811605453491, 1.2852846384048462, 1.3422662019729614, 0.44320717453956604, 0.19697460532188416, 0.18920736014842987, 0.59939044713974, 1.5752817392349243, 1.67123544216156, 1.3820515871047974, 1.2150278091430664, 0.40331974625587463, 0.2180517166852951, 0.18444329500198364, 0.6822543740272522], "SO2": [3.816734526086024e-13, 3.816734526086024e-13, 3.816734526086024e-13, 4.263401426601171e-13, 5.848702164940045e-12, 1.428415714599396e-07, 0.007554456125944853, 0.0017622140003368258, 0.004418478347361088, 0.015287627466022968, 0.014087362214922905, 0.02980182319879532, 0.06499118357896805, 0.10663730651140213, 0.0013383764307945967, 0.00013834540732204914, 0.03601400926709175, 0.09234435111284256, 0.10667509585618973, 0.13267110288143158, 0.14274674654006958, 0.17133498191833496, 0.0017375661991536617, 8.787574188318104e-06], "O3": [1.0685218967410037e-06, 1.1402905286672649e-09, 1.3110663943383116e-10, 1.2014370401325358e-11, 0.25300177931785583, 1.2485771179199219, 3.448894500732422, 9.362122535705566, 19.54248046875, 28.432947158813477, 25.7097225189209, 21.87074851989746, 20.57846450805664, 25.30984878540039, 41.254432678222656, 39.99155807495117, 33.004638671875, 34.611454010009766, 33.47847366333008, 32.75969696044922, 31.385942459106445, 34.86082077026367, 49.60462951660156, 40.03837585449219], "PM10": [0.007941892370581627, 0.015330301597714424, 0.17936649918556213, 1.0952905416488647, 0.33912771940231323, 0.014924186281859875, 0.018427280709147453, 0.03769737482070923, 0.12136638909578323, 0.26416638493537903, 0.1813357025384903, 0.8619641661643982, 0.6628584265708923, 0.1353154480457306, 0.45453959703445435, 0.4438573122024536, 0.2769564688205719, 0.27250075340270996, 0.3319879472255707, 0.7723154425621033, 0.34553006291389465, 0.21509352326393127, 0.45847272872924805, 0.2666551470756531], "PM25": [0.00014588463818654418, 0.0029085413552820683, 0.08266738802194595, 0.510189414024353, 0.15568313002586365, 0.0006224425742402673, 1.4019069567439146e-06, 9.441094880457968e-05, 0.0009512777323834598, 0.027394823729991913, 0.00829621683806181, 0.3071388006210327, 0.21593128144741058, 0.002760500181466341, 1.0238859431410674e-05, 3.871054232718052e-08, 0.0006027310155332088, 0.006670557428151369, 0.028522737324237823, 0.2339475005865097, 0.034398403018713, 0.0010397883597761393, 4.155731687660591e-07, 9.468175221627462e-08]}