{"CO": [0.00023065056302584708, 5.047186846240947e-07, 1.3295083363118465e-06, 6.675937584077474e-06, 1.8878259652410634e-05, 0.00036898552207276225, 0.08404991775751114, 0.03275684639811516, 0.0785832479596138, 0.21398532390594482, 0.2877812385559082, 1.2903648614883423, 2.0887930393218994, 5.65388298034668, 5.922332763671875, 5.730563640594482, 6.002928733825684, 6.098991870880127, 5.976180076599121, 5.974814414978027, 6.205202102661133, 6.69672966003418, 6.6581597328186035, 6.543965816497803], "NO2": [0.0008696690201759338, 1.7927513908944093e-05, 2.761218638624996e-05, 7.463169458787888e-05, 0.00016326842887792736, 0.0016272991197183728, 0.035649124532938004, 0.1954287588596344, 0.623366117477417, 0.8160350918769836, 1.0528775453567505, 0.82599276304245, 0.18292030692100525, 0.04885854199528694, 0.0398000031709671, 0.22721222043037415, 0.4850820302963257, 0.4203505218029022, 0.4373619556427002, 0.9059783220291138, 0.23069822788238525, 0.03999626636505127, 0.06071998551487923, 0.24123330414295197], "SO2": [0.026674091815948486, 4.6543325879611075e-05, 0.00027310417499393225, 0.0014270368264988065, 0.001841731951572001, 0.003245581639930606, 0.6679155230522156, 0.33308500051498413, 0.17685900628566742, 0.03314266353845596, 0.036844536662101746, 0.03828446567058563, 0.08284328877925873, 0.2400548905134201, 0.4974055588245392, 0.6007955074310303, 0.02283416874706745, 0.014850195497274399, 0.043856654316186905, 0.08179385960102081, 0.19755999743938446, 0.27252689003944397, 1.0226857662200928, 0.030672596767544746], "O3": [0.00010519018542254344, 1.0754023094250442e-07, 4.4177625113661634e-08, 1.3607973414764274e-08, 0.0014515527291223407, 0.04148494079709053, 3.3211123943328857, 1.2854660749435425, 1.2685697078704834, 1.752800703048706, 1.910994529724121, 8.85171127319336, 13.350854873657227, 33.02116394042969, 33.54981231689453, 34.427268981933594, 45.637901306152344, 44.829307556152344, 45.35888671875, 43.7731819152832, 38.91488265991211, 39.59406661987305, 37.56843185424805, 44.24982452392578], "PM10": [0.19540220499038696, 0.3711131811141968, 0.24229124188423157, 1.34883713722229, 3.014857292175293, 0.614477276802063, 1.5763837099075317, 1.1021710634231567, 1.013411521911621, 0.8919709920883179, 2.5392403602600098, 0.6026909351348877, 1.255495309829712, 0.6043248176574707, 0.9124165177345276, 1.5456485748291016, 0.5140348076820374, 0.4801537096500397, 0.5724576711654663, 2.1465399265289307, 2.6312036514282227, 0.8249326348304749, 2.4917781352996826, 2.981689691543579], "PM25": [0.09302175045013428, 0.1839054971933365, 0.1248287484049797, 0.7067968845367432, 1.5774818658828735, 0.3092099726200104, 0.27870652079582214, 0.2841750979423523, 0.3364366590976715, 0.3664369583129883, 1.2598967552185059, 0.27699175477027893, 0.6143041253089905, 0.23205506801605225, 0.3516594171524048, 0.6865745186805725, 0.09629745781421661, 0.08867716789245605, 0.1491546332836151, 0.9367713332176208, 1.2277519702911377, 0.3256576657295227, 0.9104411005973816, 0.607715904712677]}