{"CO": [8.204641965825488e-10, 7.502592325181467e-09, 2.9954370095452987e-09, 2.5381197144014322e-09, 8.354215242434293e-05, 0.007232400588691235, 0.37925830483436584, 1.07445228099823, 2.977778911590576, 4.738247394561768, 2.4297194480895996, 3.232837438583374, 4.120009422302246, 5.311102867126465, 6.063968181610107, 6.026910781860352, 6.044841289520264, 6.097431659698486, 5.980935573577881, 6.218950271606445, 6.114908695220947, 6.480226993560791, 6.549609184265137, 6.226273536682129], "NO2": [1.0387437896497431e-06, 2.4122544346028008e-05, 1.923626405186951e-05, 3.2753931009210646e-05, 0.0023959886748343706, 0.025622989982366562, 0.045452672988176346, 0.3503274917602539, 1.6653004884719849, 2.01202654838562, 1.2908599376678467, 1.3733278512954712, 0.42048564553260803, 0.20353521406650543, 0.20096330344676971, 0.5590727925300598, 1.5561891794204712, 2.0011587142944336, 1.6469206809997559, 1.8366912603378296, 0.5154829025268555, 0.22313231229782104, 0.18628907203674316, 0.5651369690895081], "SO2": [3.816734526086024e-13, 3.816734526086024e-13, 3.816734526086024e-13, 2.1002546490150875e-12, 7.751311398296323e-11, 1.8823852769855876e-06, 0.007343241013586521, 8.175449329428375e-05, 0.0041273972019553185, 0.010251733474433422, 0.04810174182057381, 0.13594400882720947, 0.14836737513542175, 0.2261182814836502, 0.01153215765953064, 6.875362856817446e-08, 0.06787130981683731, 0.12255493551492691, 0.17545859515666962, 0.21786844730377197, 0.19660089910030365, 0.2298135608434677, 0.000783921976108104, 1.1345749726388021e-06], "O3": [2.382369856945843e-08, 1.3653587149775603e-09, 1.413549693962679e-10, 1.8237035145918234e-11, 0.020033298060297966, 0.5268441438674927, 2.513676881790161, 6.756960391998291, 14.100785255432129, 28.6937198638916, 15.897979736328125, 19.923906326293945, 23.552566528320312, 31.66802978515625, 42.548587799072266, 40.43939971923828, 36.230934143066406, 34.34346389770508, 31.220081329345703, 31.4428768157959, 30.708847045898438, 35.481502532958984, 49.73392105102539, 44.3829231262207], "PM10": [0.17606131732463837, 0.9026083946228027, 1.331561803817749, 2.283689498901367, 0.334174782037735, 0.010303875431418419, 0.05022144690155983, 0.30795717239379883, 1.1102553606033325, 1.9095547199249268, 1.3257334232330322, 4.0528106689453125, 0.6058377623558044, 0.15963970124721527, 0.32588711380958557, 0.43482840061187744, 0.9237668514251709, 1.9882102012634277, 1.6978579759597778, 4.254916191101074, 0.5594208240509033, 0.21004638075828552, 0.3881860077381134, 0.3303850293159485], "PM25": [0.09063010662794113, 0.4684854745864868, 0.6892673969268799, 1.1527667045593262, 0.08282969146966934, 0.00041581119876354933, 0.00700338976457715, 0.14996600151062012, 0.5359126329421997, 0.8464078903198242, 0.6087937355041504, 1.8888614177703857, 0.18331071734428406, 0.006512470077723265, 0.015802016481757164, 0.03563053905963898, 0.34161797165870667, 0.862407386302948, 0.719417154788971, 1.9692654609680176, 0.16344383358955383, 0.0007195146172307432, 0.012247598730027676, 0.03974749892950058]}