{"CO": [2.413783840893302e-05, 2.7821602088806685e-07, 1.8391499452263815e-06, 7.573035873065237e-06, 1.856325616245158e-05, 0.00010286561882821843, 0.02163766510784626, 0.05461588501930237, 0.08624127507209778, 0.2199496477842331, 0.38931453227996826, 1.9078067541122437, 2.976353168487549, 5.450759410858154, 6.245292663574219, 5.768863677978516, 5.951763153076172, 6.098803997039795, 5.9862060546875, 6.004312515258789, 6.3155436515808105, 6.586073398590088, 6.730831146240234, 6.513396263122559], "NO2": [0.00021010133787058294, 1.0010432561102789e-05, 2.3878217689343728e-05, 5.451900506159291e-05, 0.00017706240760162473, 0.0008060457766987383, 0.0079456502571702, 0.23661082983016968, 0.8053290843963623, 1.1044566631317139, 0.7285945415496826, 0.5085421800613403, 0.10380501300096512, 0.06703697144985199, 0.026742031797766685, 0.17878879606723785, 0.6836642622947693, 0.5865849256515503, 0.45568546652793884, 0.554179847240448, 0.12527601420879364, 0.064494289457798, 0.040138158947229385, 0.19640715420246124], "SO2": [0.0017373261507600546, 2.4816250515868887e-05, 0.0004621407715603709, 0.0014697019942104816, 0.001981775276362896, 0.0022305562160909176, 0.00689662154763937, 0.12346908450126648, 0.24079526960849762, 0.030321789905428886, 0.04608255997300148, 0.045906733721494675, 0.1133904680609703, 0.23438970744609833, 0.2374909222126007, 0.15926772356033325, 0.012525240890681744, 0.008535622619092464, 0.05627919360995293, 0.09463193267583847, 0.20566663146018982, 0.2464103251695633, 0.23607872426509857, 0.0026162839494645596], "O3": [1.517513555882033e-05, 7.289994385928367e-08, 9.074233275896404e-08, 3.1834037628186707e-08, 0.0014715936267748475, 0.015715399757027626, 0.8662521243095398, 1.4745277166366577, 1.1336231231689453, 1.4126896858215332, 2.9579575061798096, 13.339320182800293, 18.773225784301758, 32.26021194458008, 34.93889236450195, 39.877655029296875, 45.751338958740234, 47.31833267211914, 46.67230987548828, 45.802276611328125, 41.63424301147461, 40.4804801940918, 38.470645904541016, 47.29204559326172], "PM10": [0.23432305455207825, 0.1666034758090973, 0.09618599712848663, 0.27817946672439575, 0.1564909964799881, 1.1656243801116943, 0.14670680463314056, 1.2128971815109253, 1.1744308471679688, 0.6861695647239685, 0.636719822883606, 0.3143659830093384, 0.14690068364143372, 1.2586935758590698, 0.24306131899356842, 0.6661705374717712, 0.5485303997993469, 0.36219722032546997, 0.3996105492115021, 0.6122567653656006, 0.3199250102043152, 0.9456818103790283, 0.27894338965415955, 2.121422529220581], "PM25": [0.12600676715373993, 0.08249576389789581, 0.04894786328077316, 0.14656125009059906, 0.08188784867525101, 0.6281338930130005, 0.020312177017331123, 0.3962261974811554, 0.2601499557495117, 0.22773538529872894, 0.26659879088401794, 0.12387949228286743, 0.033371176570653915, 0.5918835997581482, 0.02595302276313305, 0.2066081017255783, 0.08866758644580841, 0.01651621051132679, 0.05547236278653145, 0.15173742175102234, 0.05030575022101402, 0.39438924193382263, 0.01225790474563837, 0.5250862836837769]}