{"CO": [0.00010049175034509972, 6.801912240916863e-05, 1.9882356355083175e-05, 5.1397828428889625e-06, 0.05526161566376686, 0.3067363202571869, 0.37241804599761963, 0.1108127236366272, 0.20444713532924652, 0.09630241990089417, 0.09263088554143906, 0.17771628499031067, 0.5215160250663757, 0.5671418905258179, 1.267799735069275, 3.668335437774658, 4.019372940063477, 3.807469367980957, 4.436619758605957, 4.529463291168213, 4.607944011688232, 3.57173490524292, 3.48274827003479, 6.196395397186279], "NO2": [0.0719406008720398, 0.26003479957580566, 0.05801636725664139, 0.01571642793715, 1.9590363502502441, 0.2940715551376343, 0.13567663729190826, 0.10630129277706146, 0.5067850947380066, 2.751356840133667, 4.101019382476807, 4.6542205810546875, 1.8066669702529907, 0.2971528172492981, 0.12224625796079636, 0.12362582236528397, 0.2780095934867859, 1.1359952688217163, 3.237161636352539, 5.55130672454834, 1.528432011604309, 0.3164265751838684, 0.32028454542160034, 0.17757275700569153], "SO2": [3.816734526086024e-13, 3.816733983984938e-13, 3.8167347971365673e-13, 2.5571053521161735e-12, 4.826970489979487e-10, 3.54529267054815e-10, 8.365180076408407e-12, 0.0032759783789515495, 0.0012188659748062491, 0.00030604773201048374, 0.00033626853837631643, 0.000680061406455934, 0.0027740015648305416, 0.0005312374560162425, 0.011883210390806198, 0.09090866893529892, 0.19402946531772614, 0.16122886538505554, 0.1253420114517212, 0.08067803829908371, 0.08608456701040268, 0.042981624603271484, 0.021564267575740814, 0.15166199207305908], "O3": [0.0013500801287591457, 1.9065160472564457e-07, 6.923148276882785e-08, 5.91849416697876e-11, 11.344088554382324, 16.963233947753906, 13.229330062866211, 1.5143194198608398, 1.807794451713562, 0.4919102191925049, 0.370822936296463, 0.11778022348880768, 18.143543243408203, 17.72928237915039, 16.811330795288086, 41.17993927001953, 30.223487854003906, 14.445508003234863, 12.08014965057373, 13.838676452636719, 35.29541015625, 38.89773178100586, 31.730764389038086, 33.890167236328125], "PM10": [0.005806945730000734, 0.005905378144234419, 0.005938871297985315, 0.00595727888867259, 0.010139413177967072, 0.009558385238051414, 0.0093289315700531, 0.01105362270027399, 0.011614963412284851, 0.012489018961787224, 0.07091697305440903, 0.0890737771987915, 0.00837972853332758, 0.006834212224930525, 0.014169269241392612, 0.10407595336437225, 0.28167814016342163, 1.3725287914276123, 1.6701081991195679, 1.2485671043395996, 0.5512456297874451, 0.1441991627216339, 0.1357969343662262, 0.1391405314207077], "PM25": [1.0000000168623835e-16, 9.999999506879345e-17, 1.0000000830368325e-16, 1.0000000168623835e-16, 1.155218473574489e-16, 1.0109615496421402e-16, 1.0000000168623835e-16, 4.0365669140562943e-10, 2.667098486508479e-10, 2.001940391238577e-09, 3.6635077194091537e-09, 1.9212635926635357e-09, 2.0371073716773935e-09, 1.0306797637582576e-09, 1.4899538547386015e-10, 1.211925004795944e-09, 3.810241455681762e-09, 1.8230935650009883e-09, 1.6675029135271302e-09, 2.880673699579006e-09, 2.320778458297923e-09, 1.890631873280313e-09, 1.035602603671748e-09, 6.081997683260454e-10]}