{"CO": [0.006215495057404041, 0.013335577212274075, 0.0029626155737787485, 0.010437346994876862, 0.006733693648129702, 0.07440686970949173, 0.05005384981632233, 0.15045057237148285, 0.26021188497543335, 0.5299175381660461, 0.9854273200035095, 0.8330499529838562, 1.0607887506484985, 2.1845524311065674, 5.810472011566162, 5.660157680511475, 5.703989505767822, 5.443732261657715, 5.432140827178955, 5.682877540588379, 5.9131245613098145, 6.270122528076172, 6.46246862411499, 6.2670512199401855], "NO2": [0.0462978295981884, 0.08393339812755585, 0.013300956226885319, 0.06541496515274048, 0.029729073867201805, 0.09088610112667084, 0.029671603813767433, 0.2956317067146301, 0.42568784952163696, 0.7139586806297302, 1.088967204093933, 1.373584508895874, 0.33493250608444214, 0.12067580223083496, 0.06473639607429504, 0.4502887725830078, 1.0491611957550049, 2.103712797164917, 1.916060209274292, 1.285035490989685, 0.5073029398918152, 0.12789544463157654, 0.09226179867982864, 0.3201732933521271], "SO2": [0.8114242553710938, 2.748328924179077, 0.9428259134292603, 3.8357274532318115, 2.093653917312622, 1.0922728776931763, 0.3921184539794922, 0.15689636766910553, 0.03889773041009903, 0.35739007592201233, 0.3222598433494568, 1.365931510925293, 1.945756435394287, 1.0446195602416992, 0.22211432456970215, 0.1672218143939972, 0.046116843819618225, 0.057913679629564285, 0.046877410262823105, 7.953256607055664, 1.6030104160308838, 1.1010993719100952, 0.6614630222320557, 0.3450656533241272], "O3": [0.0007966227130964398, 2.039488208538387e-05, 5.556160331821047e-08, 9.576986315096292e-09, 0.18316899240016937, 3.562445878982544, 2.027928113937378, 5.260417938232422, 3.3171019554138184, 3.07489275932312, 5.342525482177734, 4.447722434997559, 6.749739646911621, 17.132535934448242, 34.53927230834961, 30.984636306762695, 30.921592712402344, 26.12051010131836, 26.848363876342773, 31.161436080932617, 35.56513977050781, 41.26302719116211, 41.067020416259766, 39.19419479370117], "PM10": [6.052720546722412, 13.161432266235352, 2.424773931503296, 10.339676856994629, 6.315568923950195, 3.771425247192383, 1.9656362533569336, 1.025238037109375, 0.651485800743103, 1.2450741529464722, 1.0074414014816284, 3.945708990097046, 6.476523399353027, 2.8590712547302246, 0.24142369627952576, 0.19228652119636536, 0.3952406942844391, 0.4392072558403015, 0.466070294380188, 22.321807861328125, 5.037933826446533, 3.117377519607544, 1.8058630228042603, 1.6413466930389404], "PM25": [2.553886890411377, 5.235613822937012, 1.1559348106384277, 4.870711326599121, 2.916440725326538, 0.37117084860801697, 0.11529968678951263, 0.054835058748722076, 0.058110561221838, 0.5003827810287476, 0.17142273485660553, 1.5434892177581787, 2.8268845081329346, 0.7931139469146729, 0.020958589389920235, 0.00557598564773798, 0.020215954631567, 0.029458820819854736, 0.030074167996644974, 3.95924711227417, 1.7733135223388672, 0.9187339544296265, 0.4182164669036865, 0.32950979471206665]}