{"CO": [6.693602378100849e-13, 3.237248336063203e-07, 0.008884779177606106, 0.002219732850790024, 0.00010787456267280504, 0.0158497616648674, 0.013258606195449829, 0.49159669876098633, 0.3885805308818817, 0.4835781455039978, 1.7508397102355957, 2.412036418914795, 4.0477447509765625, 5.328718185424805, 5.844303131103516, 5.875728607177734, 5.788877487182617, 6.256378650665283, 6.532787322998047, 6.489856243133545, 6.562136650085449, 6.7075347900390625, 6.6643805503845215, 6.503663063049316], "NO2": [0.00011263891065027565, 5.7651312090456486e-05, 0.05250649154186249, 0.0208999365568161, 0.001773424562998116, 0.014122757129371166, 0.011076240800321102, 0.13157834112644196, 0.907116174697876, 1.5457731485366821, 2.0059094429016113, 1.4951200485229492, 0.25481775403022766, 0.06807753443717957, 0.0892212763428688, 0.2280987799167633, 0.8319166302680969, 0.9954883456230164, 1.4114998579025269, 1.222632884979248, 0.3370664715766907, 0.07640859484672546, 0.08511756360530853, 0.17586298286914825], "SO2": [1.7041564603914594e-08, 8.564486779505387e-05, 2.4368882179260254, 0.8134452700614929, 0.015283978544175625, 0.00010373067198088393, 9.470981240156107e-06, 0.00611798046156764, 0.00025032777921296656, 1.2181898512153566e-07, 0.21281374990940094, 5.059620380401611, 0.17572380602359772, 0.19760632514953613, 0.21155902743339539, 0.022881386801600456, 0.0007847052766010165, 0.045512545853853226, 0.13814176619052887, 3.7331483364105225, 0.18867209553718567, 0.2686222493648529, 0.1527462899684906, 0.004300334956496954], "O3": [3.0684477678732947e-06, 3.271750514954874e-08, 1.7476961033935368e-07, 5.455486756789085e-12, 0.013136323541402817, 0.823754072189331, 0.5348228216171265, 4.048001289367676, 1.8350871801376343, 1.9253531694412231, 7.831345081329346, 10.688105583190918, 22.390548706054688, 31.44040298461914, 35.725555419921875, 43.64785385131836, 34.98878479003906, 36.74260711669922, 30.430543899536133, 34.36660385131836, 34.657676696777344, 41.097557067871094, 37.575260162353516, 55.106685638427734], "PM10": [0.005259018391370773, 0.0051112547516822815, 11.520498275756836, 6.822139263153076, 0.06566369533538818, 0.011072010733187199, 0.04804377630352974, 0.13689692318439484, 0.010419145226478577, 0.01155423279851675, 0.6403384208679199, 17.35955810546875, 0.1587987244129181, 0.1600114405155182, 0.22934165596961975, 0.2390710562467575, 0.18596526980400085, 0.2293354570865631, 0.3868561387062073, 8.880130767822266, 0.21335504949092865, 0.25654757022857666, 0.35626792907714844, 0.26984184980392456], "PM25": [1.1167578151116686e-07, 0.00037311052437871695, 5.561294078826904, 3.3629086017608643, 0.016759539023041725, 2.867633338610176e-05, 0.012082316912710667, 0.029448391869664192, 8.855868509272113e-05, 1.5154643051573657e-07, 0.2488415390253067, 3.0815954208374023, 0.022421136498451233, 0.0006548275705426931, 0.02112915739417076, 0.00019920170598197728, 2.492556347988284e-07, 2.1218909296294441e-07, 0.03875848650932312, 2.514944553375244, 6.702233804389834e-06, 0.013383307494223118, 0.0477001778781414, 0.00037922474439255893]}