{"CO": [7.867201929911971e-05, 5.4396691666624974e-06, 1.3586496834250283e-06, 7.011233833509323e-07, 0.0009598680771887302, 0.41031670570373535, 0.28085756301879883, 0.09326443821191788, 0.0525016225874424, 0.08443102985620499, 0.07749984413385391, 0.0686720609664917, 0.23325909674167633, 0.46476200222969055, 0.5290319323539734, 5.072201251983643, 5.402498722076416, 5.441296577453613, 5.1646833419799805, 5.093353748321533, 5.218026638031006, 4.413135528564453, 4.24183988571167, 5.10085391998291], "NO2": [0.16632451117038727, 0.007571039255708456, 0.006179636809974909, 0.007722578477114439, 0.19342835247516632, 0.4672892987728119, 0.11839397251605988, 0.3927364945411682, 1.086540937423706, 2.9720470905303955, 3.1614012718200684, 2.537529945373535, 2.0470571517944336, 0.4106084108352661, 0.19805322587490082, 0.4831116795539856, 9.873908042907715, 9.171274185180664, 7.756165504455566, 6.2303690910339355, 2.3209593296051025, 0.3342982530593872, 0.19642183184623718, 0.35920655727386475], "SO2": [3.816733712934395e-13, 3.816734526086024e-13, 3.816734526086024e-13, 3.816734526086024e-13, 4.676246911396176e-13, 2.2214030961920095e-11, 3.093341771967517e-12, 6.440887406755635e-11, 0.0009179405169561505, 0.0006294986233115196, 0.00028089465922676027, 0.0003113435232080519, 0.00045365060213953257, 0.0004921364597976208, 6.500192102976143e-05, 0.10564885288476944, 0.10414017736911774, 0.0796242207288742, 0.07543838769197464, 0.060590703040361404, 0.05816120281815529, 0.05960988253355026, 0.06654995679855347, 0.13448472321033478], "O3": [9.821921412367374e-05, 4.238904338649263e-08, 3.3663796195071427e-09, 8.988025167883107e-14, 0.389823317527771, 22.94342041015625, 11.09547233581543, 1.9249509572982788, 1.1274356842041016, 0.15746361017227173, 0.04571085050702095, 0.0005085499142296612, 10.430713653564453, 20.0285587310791, 18.18338966369629, 32.366546630859375, 24.73711395263672, 25.982967376708984, 27.985532760620117, 27.365102767944336, 38.80133056640625, 45.47489547729492, 36.5862922668457, 38.246971130371094], "PM10": [0.00586292427033186, 0.0070268260315060616, 0.006940925028175116, 0.006987682543694973, 0.007521309424191713, 0.009044156409800053, 0.008193825371563435, 0.014925403520464897, 0.015671199187636375, 0.014994843862950802, 0.014041094109416008, 0.013568222522735596, 0.008800700306892395, 0.008597181178629398, 0.011113022454082966, 0.09607528150081635, 0.2990543842315674, 0.5744202136993408, 0.38411861658096313, 0.4913204312324524, 0.2893514037132263, 0.20874686539173126, 0.14877718687057495, 0.22859178483486176], "PM25": [1.0000000168623835e-16, 1.0711366230996578e-16, 1.3178645489661777e-16, 7.050602726573494e-15, 3.325228750661845e-14, 4.918919377448327e-16, 1.093632825561997e-16, 2.724224401617903e-09, 1.7840273702773857e-09, 5.844946748823077e-09, 7.2747861068478414e-09, 9.896755415184089e-09, 3.1685214452181754e-09, 1.7495132009770487e-09, 5.718276963051494e-10, 2.453621750220236e-10, 3.1625646546018515e-09, 2.1392643212436724e-09, 1.97683860392317e-08, 1.596193222042075e-08, 5.749459131010326e-09, 1.2751757427764687e-09, 4.1886932811152633e-10, 4.0842984549982475e-10]}