{"CO": [4.766917300003115e-06, 0.017963171005249023, 0.02591092698276043, 0.0003909809165634215, 0.005177571903914213, 0.012355019338428974, 0.011363627389073372, 0.11286534368991852, 0.7350941300392151, 1.3603869676589966, 2.7731194496154785, 5.587804794311523, 5.775754928588867, 4.767434120178223, 3.9766108989715576, 3.9037551879882812, 4.860431671142578, 4.800860404968262, 5.2109808921813965, 5.7275519371032715, 5.747323989868164, 5.663678169250488, 6.212113380432129, 6.7011332511901855], "NO2": [3.408558768569492e-05, 0.045060355216264725, 0.05952421575784683, 0.001409396412782371, 0.18244490027427673, 0.46401602029800415, 0.26465508341789246, 0.39817583560943604, 0.08765362203121185, 0.11630089581012726, 0.11776767671108246, 0.37992599606513977, 0.6039038300514221, 1.0564721822738647, 0.9522135853767395, 0.8154423236846924, 0.22139529883861542, 0.13329026103019714, 0.10480159521102905, 0.3346092700958252, 0.6818957328796387, 1.2519193887710571, 0.9533171057701111, 0.7218368053436279], "SO2": [3.8167285629740755e-13, 3.9474144981378745e-13, 3.815275732062945e-13, 6.199002644535767e-09, 1.4692348031530855e-06, 1.0832538464455865e-05, 2.059172766166739e-05, 0.00469953054562211, 0.03251492232084274, 0.04959767684340477, 0.034406278282403946, 0.003714055987074971, 0.056602999567985535, 0.06599480658769608, 0.06902787834405899, 0.11480139940977097, 0.18390125036239624, 0.1574595868587494, 0.11603683978319168, 0.00015462304872926325, 0.009334820322692394, 0.051303163170814514, 0.01890089176595211, 0.23282186686992645], "O3": [0.0001388945966027677, 1.3641654253005981, 1.5239715576171875, 0.024779414758086205, 0.057330671697854996, 0.05748862773180008, 0.007538289297372103, 0.34737586975097656, 4.355682373046875, 10.937128067016602, 23.755245208740234, 37.110443115234375, 33.008304595947266, 26.61050033569336, 24.357397079467773, 22.773361206054688, 26.835790634155273, 29.073841094970703, 34.050899505615234, 37.74502944946289, 33.26097106933594, 28.739294052124023, 31.482513427734375, 35.873714447021484], "PM10": [0.16285981237888336, 0.5098103880882263, 0.22142159938812256, 0.00922712218016386, 0.5358760356903076, 2.192518711090088, 2.1766159534454346, 0.37090399861335754, 0.29142633080482483, 1.1532366275787354, 0.407666951417923, 0.24091017246246338, 1.256840705871582, 2.884488344192505, 1.098271369934082, 0.42586228251457214, 0.32262149453163147, 1.199206829071045, 0.42921775579452515, 0.20070470869541168, 0.3627285659313202, 3.051520586013794, 1.5306015014648438, 0.5303727984428406], "PM25": [0.08178667724132538, 0.25888410210609436, 0.10989291220903397, 0.0003156207094434649, 0.269746333360672, 1.1112350225448608, 1.093253493309021, 0.17915059626102448, 0.05134247988462448, 0.32275527715682983, 0.11708944290876389, 0.009982091374695301, 0.49515512585639954, 1.2537728548049927, 0.4003656804561615, 0.11226082593202591, 0.06321768462657928, 0.47175726294517517, 0.11546362191438675, 0.0031252438202500343, 0.08137205243110657, 1.2837845087051392, 0.37347838282585144, 0.07603034377098083]}