{"CO": [1.0147048215003451e-06, 9.466936899116263e-05, 0.04032395780086517, 0.00990850105881691, 0.009671773761510849, 0.005554857663810253, 0.005415936931967735, 0.005006441846489906, 0.021114308387041092, 0.3000662624835968, 2.9295101165771484, 5.473409175872803, 4.510293483734131, 3.3329923152923584, 3.09005069732666, 4.721797466278076, 5.670413494110107, 6.409392356872559, 6.245621204376221, 6.268100738525391, 6.07177209854126, 6.716604232788086, 6.832992076873779, 6.88080358505249], "NO2": [1.3138030226400588e-05, 0.0006046285852789879, 0.0563267320394516, 0.0645759180188179, 0.30844008922576904, 0.2695426940917969, 0.25696903467178345, 0.1856330782175064, 0.005305500701069832, 0.06061797961592674, 0.22790959477424622, 0.46953651309013367, 0.658429741859436, 0.6685850024223328, 0.6206658482551575, 0.7124792337417603, 0.13920144736766815, 0.052489522844552994, 0.17026318609714508, 0.34342271089553833, 0.7032294273376465, 0.736463725566864, 0.7404022812843323, 0.6035602688789368], "SO2": [3.816729918226791e-13, 3.816598458713377e-13, 3.8149710712524765e-13, 4.190145409463386e-13, 2.8640041727090448e-11, 3.524071659488648e-11, 6.039159927695437e-08, 3.478409053059295e-05, 0.0006175019079819322, 0.01182820089161396, 0.010683950036764145, 0.0008395098266191781, 0.0939071998000145, 0.11829524487257004, 0.128328338265419, 0.21142198145389557, 0.243430957198143, 0.25667980313301086, 0.014204861596226692, 4.40744697698392e-05, 0.0181327685713768, 0.22684170305728912, 0.2614938020706177, 0.27270570397377014], "O3": [0.000145621073897928, 0.014003219082951546, 1.4845516681671143, 0.5078359246253967, 0.3296221196651459, 0.18139773607254028, 0.1547231674194336, 0.12915118038654327, 0.24665607511997223, 2.9516663551330566, 25.915849685668945, 42.17478561401367, 37.649784088134766, 22.493967056274414, 18.144617080688477, 26.839109420776367, 31.282264709472656, 36.54933547973633, 49.43206787109375, 49.174652099609375, 49.707820892333984, 40.10321807861328, 39.51908493041992, 39.141456604003906], "PM10": [0.0024271910078823566, 0.0025659133680164814, 0.009146654978394508, 0.0164105836302042, 0.01646069809794426, 0.012314083985984325, 0.010800560936331749, 0.010457809083163738, 0.00958538893610239, 0.010622263886034489, 0.11506183445453644, 0.262884259223938, 0.1659921556711197, 0.10529942065477371, 0.09207594394683838, 0.13245175778865814, 0.16147440671920776, 0.19431012868881226, 0.3309929370880127, 0.3149045705795288, 0.28250056505203247, 0.2136979103088379, 0.1912205070257187, 0.18345974385738373], "PM25": [1.108155536314917e-16, 1.1246798918013173e-16, 1.1290222591449757e-16, 2.3821973666821256e-15, 2.1628378341770338e-12, 4.221899305850707e-12, 5.083549137196997e-10, 5.5674265198035755e-09, 2.7347481494388896e-15, 5.931069524400812e-11, 1.1824638490587347e-11, 2.2296062023551e-13, 8.33848008002791e-12, 3.127940684244379e-10, 2.906124674240118e-09, 2.0288549507085918e-08, 1.960379414356339e-09, 2.1376596673339243e-11, 1.5810830292575795e-12, 2.7327179148023406e-12, 1.5533052621918841e-09, 5.336980302139693e-10, 1.05126654048604e-08, 2.137354186970697e-07]}