{"CO": [0.0011054518399760127, 0.04823601245880127, 0.008922038599848747, 0.041177842766046524, 0.03629157319664955, 0.025817710906267166, 0.017097897827625275, 0.0070916819386184216, 0.053397905081510544, 0.47179174423217773, 2.5319652557373047, 3.823961019515991, 4.916696548461914, 4.437955379486084, 3.958782434463501, 3.4549872875213623, 3.4215829372406006, 3.292433977127075, 5.087710380554199, 5.927955150604248, 5.859416961669922, 6.063881874084473, 6.187347412109375, 6.306513786315918], "NO2": [0.04463786631822586, 0.05766711011528969, 0.008423875086009502, 0.13108466565608978, 2.204174041748047, 2.4353551864624023, 1.3504527807235718, 0.5232037901878357, 1.4112221002578735, 0.3829461336135864, 0.2140539437532425, 0.3676525056362152, 11.81554889678955, 9.656074523925781, 6.61942720413208, 7.472154140472412, 2.005960464477539, 0.3717654049396515, 0.12039483338594437, 0.4840594530105591, 10.376330375671387, 5.708032608032227, 6.957399845123291, 6.5379157066345215], "SO2": [3.8166968500605303e-13, 3.816690073796952e-13, 3.816729918226791e-13, 4.781955647431557e-12, 2.9278440782931625e-11, 1.701681684451728e-09, 3.035117435157275e-10, 3.283043559232368e-10, 1.2589580364874564e-06, 0.0001929431309690699, 0.10024033486843109, 0.09414579719305038, 0.07895456254482269, 0.05573313310742378, 0.05980711057782173, 0.04720127582550049, 0.044081829488277435, 0.0363801047205925, 0.1285589039325714, 0.14284338057041168, 0.07077208906412125, 0.12165959179401398, 0.1498154252767563, 0.16204918920993805], "O3": [0.3817039728164673, 3.2077062129974365, 0.369632750749588, 1.2307320833206177, 0.43363314867019653, 0.012103868648409843, 0.0031282310374081135, 7.153424519401597e-08, 8.218113899230957, 23.274290084838867, 29.263792037963867, 20.38054084777832, 22.59255027770996, 21.27890968322754, 25.250450134277344, 23.477590560913086, 32.23724365234375, 38.40520477294922, 41.57616424560547, 40.031490325927734, 29.88275718688965, 28.611764907836914, 33.03535842895508, 30.40311050415039], "PM10": [0.006925615482032299, 0.008667840622365475, 0.006231400649994612, 0.012448621913790703, 0.010448038578033447, 0.011567062698304653, 0.012331671081483364, 0.013126242905855179, 0.012786289677023888, 0.010746453888714314, 0.04437531530857086, 0.05274553224444389, 0.409472793340683, 0.5520110130310059, 0.43578779697418213, 0.35790905356407166, 0.1955460160970688, 0.13640375435352325, 0.09807370603084564, 0.17645341157913208, 0.8835600018501282, 1.0999579429626465, 0.59581059217453, 0.7015595436096191], "PM25": [1.0000000830368325e-16, 9.999999506879345e-17, 9.999999506879345e-17, 1.2082104429414942e-16, 1.224008930896767e-16, 1.497195320534204e-15, 2.891370302904317e-12, 4.0738062229150884e-11, 5.023284847978371e-13, 3.3544244855757133e-13, 1.1829913710138893e-14, 1.3077326849582566e-15, 1.589014433170399e-15, 2.974903377567402e-15, 1.375505866298794e-14, 3.591253271324757e-13, 1.4292001826801681e-13, 1.1022621007670923e-14, 2.390945311203131e-15, 7.70399070719566e-16, 4.747206656095272e-14, 5.1968971660765195e-12, 3.6094241744749622e-12, 2.2518280642924715e-12]}