{"CO": [1.0155488325835904e-06, 9.338844392914325e-05, 0.0059206606820225716, 0.008717235177755356, 0.01030860748142004, 0.006564612966030836, 0.0065504154190421104, 0.00539003312587738, 0.028819650411605835, 0.24381501972675323, 4.434754371643066, 5.460737228393555, 4.579866409301758, 3.2755541801452637, 2.750251293182373, 4.140983581542969, 5.622106552124023, 6.353199481964111, 6.464142799377441, 6.233287811279297, 6.057645320892334, 6.706127643585205, 6.772498607635498, 6.869078159332275], "NO2": [1.2464293831726536e-05, 0.0006788150640204549, 0.013099750503897667, 0.04190225899219513, 0.3631685674190521, 0.34550783038139343, 0.3251185715198517, 0.2414264976978302, 0.00680414168164134, 0.025705600157380104, 0.2578015923500061, 0.3324456810951233, 0.4760061800479889, 0.5318703055381775, 0.6320057511329651, 0.7294026613235474, 0.1878235787153244, 0.08104733377695084, 0.09701868146657944, 0.254336953163147, 0.6179866790771484, 0.4997195899486542, 0.7802750468254089, 0.6623196005821228], "SO2": [3.816730189277334e-13, 3.816613095442706e-13, 3.8166727265621925e-13, 3.9040271666498927e-13, 4.159494970679134e-11, 2.69142680364709e-10, 1.2575001484549375e-08, 1.2846644494857173e-05, 0.0013716276735067368, 0.009372344240546227, 0.018756277859210968, 0.000644157116767019, 0.045187100768089294, 0.11002706736326218, 0.10571444034576416, 0.17587001621723175, 0.23593634366989136, 0.25322651863098145, 0.0020493280608206987, 0.0003580817428883165, 0.001812961883842945, 0.21405617892742157, 0.2292412519454956, 0.2450406700372696], "O3": [0.00015735557826701552, 0.013657365925610065, 0.21555736660957336, 0.46203792095184326, 0.2810036540031433, 0.17399029433727264, 0.15815605223178864, 0.11768168210983276, 0.26853302121162415, 2.1948559284210205, 37.35331344604492, 41.36908721923828, 34.5493049621582, 21.057544708251953, 15.15238094329834, 21.8717041015625, 30.193157196044922, 36.75178527832031, 54.98458480834961, 47.43109130859375, 43.73381042480469, 38.11084747314453, 35.71932601928711, 37.57185363769531], "PM10": [0.0024062057491391897, 0.002569308038800955, 0.012151646427810192, 0.01662447117269039, 0.016547895967960358, 0.01269034668803215, 0.010952790267765522, 0.010439837351441383, 0.00931102316826582, 0.009443182498216629, 0.12846268713474274, 0.2794681191444397, 0.23865288496017456, 0.10397592186927795, 0.08395247906446457, 0.11669935286045074, 0.16299177706241608, 0.1973033994436264, 0.2740994393825531, 0.32598206400871277, 0.3158900737762451, 0.21680758893489838, 0.1965116411447525, 0.18745140731334686], "PM25": [1.1718171429671211e-16, 1.1094901426024346e-16, 1.1143254434167255e-16, 3.3238711262539855e-13, 3.8889079673545823e-13, 5.15193790406876e-13, 2.5465080044639876e-10, 2.1811477068922613e-09, 3.630710398994097e-09, 1.0251902408595082e-12, 1.3138411469881817e-09, 1.3103880273687804e-16, 3.6641242399902143e-16, 1.089192822848091e-13, 2.2862274749670293e-15, 7.488359443641457e-08, 9.519361687804206e-11, 1.8527823372749275e-11, 6.825828097190012e-11, 1.5395355858916903e-16, 9.19794518328132e-10, 1.252030562559625e-10, 9.703704506591748e-09, 1.7204344260335347e-07]}