{"CO": [5.361855528462911e-07, 0.0037404755130410194, 0.023635689169168472, 0.024875763803720474, 0.0179507564753294, 0.007529919035732746, 0.009881014935672283, 0.006871210876852274, 0.004698428325355053, 0.022286666557192802, 0.2723219394683838, 2.2588422298431396, 4.7492146492004395, 4.499758720397949, 3.829099416732788, 4.016659736633301, 4.820643424987793, 6.112649917602539, 5.731687545776367, 6.47372579574585, 6.205676555633545, 6.140486240386963, 6.18936824798584, 6.41910457611084], "NO2": [0.00035687597119249403, 0.006163342855870724, 0.020917139947414398, 0.13262435793876648, 0.4633693993091583, 0.3840453326702118, 0.41910219192504883, 0.3175043761730194, 0.03193213418126106, 0.04122599959373474, 0.07361552119255066, 0.28397828340530396, 0.5713696479797363, 0.5344743728637695, 0.5903472900390625, 0.6587435603141785, 0.22215653955936432, 0.06115212291479111, 0.1262209564447403, 0.30491170287132263, 0.4780026376247406, 0.7264604568481445, 1.1611839532852173, 1.4550139904022217], "SO2": [0.0039699487388134, 0.3514995574951172, 0.7911091446876526, 3.4497077465057373, 0.002653309842571616, 0.8947539925575256, 0.25211891531944275, 0.12021738290786743, 0.013292406685650349, 0.02351611852645874, 1.0734443664550781, 1.689693808555603, 0.2566474676132202, 0.1963929831981659, 0.2837350070476532, 0.2914890646934509, 0.1949993222951889, 0.21672473847866058, 2.7619192600250244, 0.31750592589378357, 0.17196829617023468, 0.34060758352279663, 0.7410479187965393, 0.695221483707428], "O3": [0.0003440023574512452, 0.16300393640995026, 1.0908637046813965, 0.6015251278877258, 0.2792856991291046, 0.02760990895330906, 0.05440763384103775, 0.03810667619109154, 0.3826481103897095, 1.3194814920425415, 5.498246669769287, 15.363700866699219, 35.421897888183594, 34.290618896484375, 27.44559669494629, 26.735980987548828, 28.059267044067383, 36.676815032958984, 34.890750885009766, 48.882633209228516, 48.036781311035156, 44.38081359863281, 41.64808654785156, 38.01176071166992], "PM10": [0.6405246257781982, 0.4974614381790161, 2.062839984893799, 8.824841499328613, 0.37046968936920166, 2.5662710666656494, 1.8217265605926514, 1.6907079219818115, 0.7343665361404419, 0.04252428933978081, 2.2863783836364746, 3.975011110305786, 1.5315860509872437, 0.5368556976318359, 0.675716757774353, 1.118731141090393, 1.0290873050689697, 0.5503063797950745, 6.704189300537109, 2.028801441192627, 1.6600151062011719, 1.3273653984069824, 2.4353747367858887, 4.4119038581848145], "PM25": [0.3224591910839081, 0.11590060591697693, 0.3654196262359619, 4.361143589019775, 0.0035393366124480963, 1.3373723030090332, 0.9239408373832703, 0.865236759185791, 0.36156386137008667, 0.002691256580874324, 0.3452973961830139, 1.8216817378997803, 0.5227518081665039, 0.19320718944072723, 0.2747611999511719, 0.46870362758636475, 0.4443616271018982, 0.16701868176460266, 2.8189542293548584, 0.6162198185920715, 0.4469379782676697, 0.4877733886241913, 0.9231045842170715, 1.9820194244384766]}