{"CO": [1.677637737884652e-05, 7.46412988519296e-05, 0.0028136090841144323, 0.016080955043435097, 0.0073900651186704636, 0.010006522759795189, 0.01429787464439869, 0.21317918598651886, 2.3711400032043457, 5.0681891441345215, 5.43267297744751, 5.607504367828369, 5.934356689453125, 5.216605186462402, 4.375659942626953, 4.46276330947876, 5.198429584503174, 5.935579776763916, 5.927124977111816, 5.453821659088135, 5.2557148933410645, 5.489256858825684, 5.813305854797363, 6.457469463348389], "NO2": [0.0009842008585110307, 0.003212765557691455, 0.025088753551244736, 0.08088167756795883, 0.2538687288761139, 0.4078039526939392, 0.25721725821495056, 1.0074355602264404, 0.2899206280708313, 0.09004917740821838, 0.111875019967556, 0.24970975518226624, 0.8521037697792053, 1.3632805347442627, 2.4721274375915527, 2.192734479904175, 0.48676666617393494, 0.10523836314678192, 0.0870475247502327, 0.21506193280220032, 1.0729386806488037, 1.7473959922790527, 2.8563334941864014, 2.508664846420288], "SO2": [3.8167242261653855e-13, 4.047740061966648e-13, 3.8163217161088503e-13, 4.711314346463047e-13, 1.7382778594310366e-07, 2.241861875518225e-05, 4.0105740481521934e-05, 0.008415096439421177, 0.10194504261016846, 0.232106551527977, 0.23344533145427704, 0.16888666152954102, 0.12316647917032242, 0.13401126861572266, 0.10035838931798935, 0.13294227421283722, 0.19406285881996155, 0.25411921739578247, 0.202418252825737, 0.06363273411989212, 0.011178591288626194, 0.011914439499378204, 0.035418786108493805, 0.14209584891796112], "O3": [0.004028285853564739, 0.01887434348464012, 0.22594143450260162, 0.6065319776535034, 0.03536485880613327, 0.010361435823142529, 0.0042445845901966095, 0.29806166887283325, 12.986689567565918, 31.25313949584961, 35.03360366821289, 31.44866943359375, 34.66267013549805, 31.174680709838867, 22.532276153564453, 22.5800724029541, 27.04609489440918, 35.35653305053711, 35.57765197753906, 32.9431037902832, 29.355195999145508, 31.730871200561523, 25.85791778564453, 27.706388473510742], "PM10": [0.0036499048583209515, 0.003953427076339722, 0.009427076205611229, 0.00906671304255724, 0.010498243384063244, 0.013210173696279526, 0.02446717582643032, 0.0318412259221077, 0.07060108333826065, 0.14962565898895264, 0.17039108276367188, 0.1804947853088379, 0.17224687337875366, 0.16111837327480316, 0.16799645125865936, 0.15831278264522552, 0.15894174575805664, 0.19240501523017883, 0.19178782403469086, 0.22171403467655182, 0.18255650997161865, 0.22327566146850586, 0.21434101462364197, 0.24403081834316254], "PM25": [2.620122359076049e-07, 2.061739756697989e-08, 4.661808716832638e-08, 1.5315679391392223e-08, 4.464265828119096e-07, 4.048411938128993e-06, 0.0029578800313174725, 0.007584820501506329, 0.0005226123030297458, 0.0004482670337893069, 6.519712314911885e-06, 3.580791485546797e-08, 8.494006351611461e-07, 9.330757893621922e-05, 0.0013613993069157004, 0.0016415240243077278, 0.0002547824406065047, 0.0009538849699310958, 1.5452866136911325e-05, 1.5973221252352232e-06, 3.580297197913751e-05, 9.737764048622921e-05, 0.0006844956078566611, 0.006601301487535238]}