{"CO": [2.3559434794151457e-06, 5.666086622113653e-08, 0.01281262468546629, 0.02767019160091877, 0.014053820632398129, 0.009633132256567478, 0.0075225625187158585, 0.004476016853004694, 0.0038243639282882214, 0.0018089317018166184, 0.465647429227829, 5.355125427246094, 5.075275421142578, 4.714489459991455, 4.545316219329834, 4.891448974609375, 4.894426345825195, 6.293173313140869, 6.389692306518555, 6.1847710609436035, 6.184016227722168, 6.124159812927246, 6.226831436157227, 6.423184394836426], "NO2": [4.835535219172016e-05, 0.00010894100705627352, 0.005328753497451544, 0.17333044111728668, 0.4520682394504547, 0.4265664517879486, 0.3565048277378082, 0.1967669427394867, 0.008406386710703373, 0.0037838779389858246, 0.03090256080031395, 0.2674105763435364, 0.7453919649124146, 0.7303940653800964, 0.8222176432609558, 0.6949616074562073, 0.10592501610517502, 0.025724491104483604, 0.062362320721149445, 0.10707616060972214, 0.747459352016449, 1.1322076320648193, 0.9512884616851807, 1.1253389120101929], "SO2": [8.483908562652298e-13, 3.2146928674592345e-07, 0.026817012578248978, 0.3455205261707306, 0.08228599280118942, 0.04878268763422966, 0.037939704954624176, 0.0187518373131752, 0.0016352381790056825, 0.0001537282223580405, 0.012628572061657906, 0.0036567191127687693, 0.015119635500013828, 0.0438789464533329, 0.10714642703533173, 0.15270040929317474, 0.20777717232704163, 0.27221646904945374, 0.1710367351770401, 0.0022198008373379707, 0.0014387215487658978, 0.00971855130046606, 0.047852855175733566, 0.14716172218322754], "O3": [0.00039256096351891756, 2.0583474906743504e-05, 0.5407207012176514, 1.1078894138336182, 0.17492184042930603, 0.06655797362327576, 0.05894559621810913, 0.07532446086406708, 0.23408150672912598, 0.260135680437088, 3.944504976272583, 42.1551399230957, 40.72708511352539, 40.114620208740234, 39.42618179321289, 36.9782829284668, 29.957948684692383, 37.65497589111328, 37.23569869995117, 53.339176177978516, 50.148338317871094, 47.71360778808594, 49.8487663269043, 46.79219436645508], "PM10": [0.0024502575397491455, 1.0095369815826416, 0.03136073425412178, 2.44854998588562, 3.1341123580932617, 0.8094572424888611, 0.3048977255821228, 0.09773998707532883, 0.014298256486654282, 0.08677695691585541, 1.0226553678512573, 0.2970615029335022, 0.34784916043281555, 0.17064835131168365, 0.12364938855171204, 0.14167416095733643, 0.2145138680934906, 0.6844297647476196, 0.8841933608055115, 1.0464208126068115, 0.43595457077026367, 0.3706163763999939, 0.4025680720806122, 0.4236897826194763], "PM25": [2.3044976842356846e-06, 0.5563342571258545, 0.005844763945788145, 0.9610215425491333, 1.5598798990249634, 0.31984007358551025, 0.07256413996219635, 0.025150863453745842, 0.0005695100990124047, 0.031211458146572113, 0.49513497948646545, 0.022504115477204323, 0.014579761773347855, 0.0007018438773229718, 0.002030480420216918, 0.0006760251708328724, 0.02860054187476635, 0.2183104306459427, 0.2989163398742676, 0.1953529417514801, 1.334349121862033e-06, 0.004435778595507145, 0.018297793343663216, 0.08647620677947998]}