{"CO": [3.683634230977617e-10, 0.051597658544778824, 0.009180932305753231, 0.002381278434768319, 0.029590750113129616, 0.011703193187713623, 0.006939486134797335, 0.0057979426346719265, 0.012406181544065475, 0.8240159153938293, 5.103231430053711, 4.133756637573242, 4.683864593505859, 4.040698528289795, 3.4082462787628174, 2.490490674972534, 1.8646259307861328, 2.6167616844177246, 6.237635135650635, 5.655828952789307, 5.925628185272217, 6.247178554534912, 6.331358909606934, 6.424308776855469], "NO2": [1.9238125048559596e-07, 0.5515559315681458, 0.03149877116084099, 0.28686028718948364, 1.771248698234558, 0.7694646120071411, 0.492563933134079, 0.4126405417919159, 0.37770453095436096, 1.1604365110397339, 0.2539617419242859, 5.26246452331543, 6.838305950164795, 4.911595344543457, 4.964730262756348, 5.136119842529297, 1.3891003131866455, 0.7496751546859741, 0.28021660447120667, 2.5313265323638916, 5.04771614074707, 6.43009090423584, 4.657469749450684, 4.818695068359375], "SO2": [3.816734526086024e-13, 3.816649416215484e-13, 3.8166171612008526e-13, 5.773314226860393e-13, 3.8167347971365673e-13, 7.578397978602602e-12, 7.342267072107944e-11, 3.291785066750208e-09, 2.926684601334273e-07, 0.03160201385617256, 0.05526776239275932, 0.01790603995323181, 0.012864279560744762, 0.05843496322631836, 0.052360549569129944, 0.0391857847571373, 0.021460475400090218, 0.0012623147340491414, 0.02561834640800953, 0.054704874753952026, 0.08572221547365189, 0.17883966863155365, 0.19136545062065125, 0.22075840830802917], "O3": [7.288293346618957e-08, 3.780877113342285, 0.40793171525001526, 0.009674151428043842, 0.09832076728343964, 0.012461833655834198, 0.00892169401049614, 0.0040577775798738, 1.1822963953018188, 22.99965476989746, 43.30426025390625, 26.6133975982666, 31.6290340423584, 35.35133743286133, 31.792394638061523, 22.714927673339844, 17.4960994720459, 32.61604309082031, 50.21516418457031, 45.11043930053711, 44.70464324951172, 39.94181823730469, 38.77508544921875, 36.048336029052734], "PM10": [0.0024140027817338705, 0.0083909397944808, 0.006144540384411812, 0.0073964777402579784, 0.009438932873308659, 0.012186328880488873, 0.012448168359696865, 0.01148667000234127, 0.011688117869198322, 0.008377773687243462, 0.23517531156539917, 0.08654524385929108, 0.3606223165988922, 0.21906301379203796, 0.17233115434646606, 0.11055439710617065, 0.08582562953233719, 0.12164098024368286, 0.47821953892707825, 0.23190763592720032, 0.4875629246234894, 0.33302274346351624, 0.29595068097114563, 0.26678797602653503], "PM25": [1.0000000168623835e-16, 1.0082720876857098e-16, 2.6229039603197413e-16, 1.4833641989478273e-16, 1.1007168003279011e-16, 7.029173792506838e-13, 1.5908090816862952e-11, 5.281568932202774e-11, 2.013319719273987e-11, 2.4721565940188928e-12, 1.805870405428126e-16, 8.41739520729553e-16, 1.1194707185850422e-15, 3.6181651851842616e-15, 2.9883427411217175e-14, 8.559106656931548e-13, 3.759487296126074e-13, 2.2553682012260712e-14, 2.6310015952954924e-16, 1.082424356208336e-15, 6.234724921668627e-15, 5.870805144109204e-13, 1.860138128598199e-12, 6.4038006668265535e-12]}