{"CO": [4.29914471169468e-05, 0.008693885058164597, 0.0006746911676600575, 0.0008624356123618782, 0.0027333062607795, 0.002118837321177125, 0.0023871255107223988, 0.10895464569330215, 0.6698662638664246, 0.634427011013031, 4.736060619354248, 5.242369651794434, 6.042009353637695, 6.3260297775268555, 6.0742268562316895, 5.925345420837402, 5.640714168548584, 5.31420373916626, 5.721858501434326, 5.611407279968262, 5.726659297943115, 6.5160417556762695, 6.784727573394775, 6.844193458557129], "NO2": [0.0004545904230326414, 0.04714956879615784, 0.009138811379671097, 0.00808488205075264, 0.0785796120762825, 0.06935378164052963, 0.039615001529455185, 0.307792067527771, 0.07783203572034836, 0.31783851981163025, 0.21270586550235748, 0.6428996324539185, 1.039841651916504, 1.5403965711593628, 1.0549994707107544, 1.551157832145691, 0.3407704532146454, 0.2512131333351135, 0.106906458735466, 0.35157695412635803, 0.8946454524993896, 1.2362123727798462, 0.9540006518363953, 0.8547769784927368], "SO2": [3.8167171788512644e-13, 3.815756304675899e-13, 3.8164453151565136e-13, 3.816734526086024e-13, 1.1890632549693692e-06, 3.816734526086024e-13, 9.161847992800176e-05, 0.00442182831466198, 0.030302705243229866, 2.665892861841712e-05, 3.816734526086024e-13, 3.816734526086024e-13, 0.059042368084192276, 0.20588447153568268, 0.23654018342494965, 0.23160295188426971, 0.20194624364376068, 0.03679785132408142, 0.00030655934824608266, 3.8167347971365673e-13, 0.02383049950003624, 0.1674177348613739, 0.199020653963089, 0.2982345223426819], "O3": [0.006069139111787081, 0.7514566779136658, 0.1073390394449234, 0.05913881957530975, 0.04175997152924538, 0.01460088137537241, 0.007612129673361778, 0.3628883361816406, 3.8701608180999756, 5.562214374542236, 40.22647476196289, 33.972984313964844, 38.867977142333984, 35.74761199951172, 33.9565544128418, 32.408477783203125, 31.929067611694336, 35.581642150878906, 42.3766975402832, 37.9247932434082, 37.066165924072266, 36.460166931152344, 36.96974563598633, 37.026527404785156], "PM10": [0.002381013473495841, 0.008086172863841057, 0.0055708433501422405, 0.005088626407086849, 0.005268812645226717, 0.004733098670840263, 0.004016659688204527, 0.00772243132814765, 0.020321136340498924, 0.021236922591924667, 0.16020284593105316, 0.18624266982078552, 0.18052999675273895, 0.1707506626844406, 0.1707131564617157, 0.17202498018741608, 0.181346133351326, 0.2093091905117035, 0.22349345684051514, 0.20655900239944458, 0.19303376972675323, 0.19660444557666779, 0.19287191331386566, 0.17678694427013397], "PM25": [2.399921816831352e-09, 4.377032070124187e-10, 3.997039504932687e-11, 6.700742738452448e-11, 7.018228220800893e-10, 1.730615650785694e-07, 8.551126597922121e-07, 1.365700086353172e-06, 2.0154593585175462e-05, 1.720074396871496e-05, 2.1031423713679942e-08, 9.881568985292688e-08, 2.2330537774450931e-07, 6.523947604364366e-07, 1.2062956784575363e-06, 3.762104370252928e-07, 4.941939550917596e-07, 6.603093538615212e-08, 5.085562193585247e-08, 1.5678582485634251e-06, 2.852357567917352e-07, 1.5947631482049474e-07, 1.216286023009161e-06, 4.1442567066951597e-07]}