{"CO": [1.7070356079784688e-06, 0.0004187724262010306, 0.022929146885871887, 0.022263262420892715, 0.014469513669610023, 0.008793940767645836, 0.007306104060262442, 0.0046785492449998856, 0.004129508975893259, 0.00549438688904047, 0.30999553203582764, 4.460511684417725, 4.977116107940674, 4.651858329772949, 4.485159873962402, 4.470566272735596, 4.704597473144531, 6.347816467285156, 6.4592976570129395, 6.138354301452637, 6.243896007537842, 6.130988597869873, 6.187131881713867, 6.416386127471924], "NO2": [2.1352230760385282e-05, 0.0007865491788834333, 0.015093597583472729, 0.09050539880990982, 0.4018085300922394, 0.4365902245044708, 0.3603019118309021, 0.2279118448495865, 0.010562336072325706, 0.004423433914780617, 0.024690909311175346, 0.1901269406080246, 0.5263250470161438, 0.5117490291595459, 0.7338844537734985, 0.5214224457740784, 0.16813357174396515, 0.04360879585146904, 0.04102502018213272, 0.25535210967063904, 0.3529958128929138, 0.7171161770820618, 0.6613768339157104, 1.036785364151001], "SO2": [6.747244242433226e-06, 0.0005490565672516823, 0.46657058596611023, 0.6347200870513916, 0.06708618998527527, 0.02361270785331726, 0.03016979619860649, 0.015835022553801537, 0.003599925898015499, 0.000355117314029485, 0.00780840776860714, 0.053980614989995956, 0.016219429671764374, 0.04639154672622681, 0.09550204873085022, 0.14084893465042114, 0.19401077926158905, 0.27307626605033875, 0.1786036491394043, 0.002535095438361168, 0.005815365817397833, 0.00666964752599597, 0.03774663805961609, 0.13138502836227417], "O3": [0.00019122775120195001, 0.03161188215017319, 1.0480531454086304, 1.0063462257385254, 0.21128246188163757, 0.049659427255392075, 0.06907373666763306, 0.06902625411748886, 0.2798687219619751, 0.2758376896381378, 3.3965559005737305, 35.46055221557617, 38.620792388916016, 37.603458404541016, 37.87868881225586, 33.18366622924805, 28.82365608215332, 37.22563171386719, 36.204017639160156, 58.94910430908203, 52.80961608886719, 46.23220443725586, 48.751792907714844, 44.84265899658203], "PM10": [1.112500786781311, 0.4140404760837555, 1.0586299896240234, 1.70081627368927, 0.5911076068878174, 1.8523372411727905, 0.3823941648006439, 0.3698973059654236, 0.010934730060398579, 0.9313364028930664, 0.012482021003961563, 0.8948613405227661, 0.5333500504493713, 0.20681793987751007, 0.2514944076538086, 0.27050361037254333, 0.1455758959054947, 0.873799741268158, 0.3121017813682556, 1.0003870725631714, 0.5843464732170105, 0.43580302596092224, 0.4811772406101227, 0.3937106430530548], "PM25": [0.5930395722389221, 0.2211907058954239, 0.2363208830356598, 0.5114871263504028, 0.1752076894044876, 0.913348913192749, 0.14653125405311584, 0.16901206970214844, 0.00023721411707811058, 0.4950501620769501, 0.00041843191138468683, 0.2381957769393921, 0.1020851731300354, 0.018276911228895187, 0.0661570355296135, 0.07184148579835892, 0.0021174405701458454, 0.22629377245903015, 0.026019643992185593, 0.19896641373634338, 0.09221290051937103, 0.027506742626428604, 0.06464454531669617, 0.03201204910874367]}