{"CO": [1.2367905810606317e-06, 0.004033152014017105, 0.010075296275317669, 0.0030138054862618446, 0.0055918507277965546, 0.006273375824093819, 0.00560592208057642, 0.004889672622084618, 0.009738055057823658, 0.5573214888572693, 4.924915313720703, 4.773943901062012, 5.174095153808594, 3.8015503883361816, 2.8060808181762695, 1.9588478803634644, 1.667892575263977, 2.327563762664795, 6.207754135131836, 5.8719024658203125, 6.003312587738037, 6.357205867767334, 6.432898998260498, 6.508418560028076], "NO2": [1.3464366929838434e-05, 0.035956885665655136, 0.0371905080974102, 0.13486944139003754, 0.3641415238380432, 0.4247128665447235, 0.36585095524787903, 0.31468936800956726, 0.16094078123569489, 0.8984301686286926, 0.32121017575263977, 1.0444694757461548, 2.822861671447754, 2.970365047454834, 3.046766519546509, 3.0351479053497314, 0.5406955480575562, 0.5928366780281067, 0.08070006966590881, 0.16063420474529266, 1.9570810794830322, 2.2648298740386963, 2.0009660720825195, 1.8624262809753418], "SO2": [3.8167331708333085e-13, 3.816669202905132e-13, 3.8166954948078147e-13, 3.816729918226791e-13, 6.376813140029913e-13, 5.666432600914817e-12, 4.20267848300071e-10, 6.471568170240971e-09, 1.514231513510822e-07, 0.00450427969917655, 0.06821002066135406, 7.416911103064194e-06, 0.017935654148459435, 0.06740684807300568, 0.052056197077035904, 0.034734226763248444, 0.026468776166439056, 0.0013519885251298547, 0.0009952106047421694, 0.006759990938007832, 0.1329285353422165, 0.21048924326896667, 0.2235863357782364, 0.24934744834899902], "O3": [0.00014491373440250754, 0.19359247386455536, 0.5293347835540771, 0.08786582946777344, 0.0054705035872757435, 0.004936083219945431, 0.019753873348236084, 0.011040602810680866, 1.023064136505127, 18.973289489746094, 43.44054412841797, 34.43365478515625, 36.64988327026367, 37.10330581665039, 30.383502960205078, 19.195091247558594, 17.75234031677246, 31.107677459716797, 50.22822189331055, 45.15495300292969, 47.29624557495117, 42.25535202026367, 39.178977966308594, 37.26647186279297], "PM10": [0.0024431743659079075, 0.012980005703866482, 0.006277117878198624, 0.0072920797392725945, 0.008659820072352886, 0.009983552619814873, 0.009913822636008263, 0.00964192021638155, 0.011098402552306652, 0.008306288160383701, 0.27836087346076965, 0.35978248715400696, 0.44113168120384216, 0.18239980936050415, 0.11264654994010925, 0.07379044592380524, 0.06274981796741486, 0.10363085567951202, 0.8246556520462036, 1.0244277715682983, 0.42435139417648315, 0.2828702926635742, 0.25166165828704834, 0.22988565266132355], "PM25": [1.0294528744507426e-16, 1.598275335550306e-16, 2.641149579399191e-16, 2.189341940635951e-16, 9.538011326183497e-16, 5.173650136774954e-12, 3.175156665369272e-11, 4.6202954656626716e-11, 2.6393734420260273e-11, 1.0569317990261062e-11, 1.3387907626258912e-16, 5.491181189360437e-16, 9.90132281550218e-16, 3.620229827993194e-15, 3.3763854749178576e-14, 1.2049807766173481e-12, 4.643574478928325e-13, 5.878165386082393e-14, 1.970672179670577e-16, 1.0053978004932106e-16, 2.115939759492788e-15, 2.7255061814217274e-13, 1.7788934388029976e-12, 5.850126372913822e-12]}