{"CO": [8.15641469671391e-05, 0.00045426501310430467, 0.01150431390851736, 0.0017177099362015724, 0.021463412791490555, 0.012784076854586601, 0.028161684051156044, 0.05605781078338623, 0.28205928206443787, 1.3948925733566284, 4.395773410797119, 6.0410871505737305, 4.922169208526611, 3.896559000015259, 3.4084384441375732, 3.351625919342041, 3.5635101795196533, 3.8820698261260986, 5.241173267364502, 5.555213928222656, 5.32496976852417, 5.814391613006592, 6.24604606628418, 6.368176460266113], "NO2": [0.003391894279047847, 0.02814910188317299, 0.09101244807243347, 0.017800023779273033, 0.6822623610496521, 0.3564915359020233, 0.2993456721305847, 0.4518962800502777, 0.23284365236759186, 0.23386085033416748, 0.23752690851688385, 0.7503052353858948, 1.2975984811782837, 1.7935889959335327, 1.3165817260742188, 1.1830047369003296, 0.48969918489456177, 0.20861800014972687, 0.16047343611717224, 0.7234579920768738, 1.1161675453186035, 2.0496721267700195, 1.1356054544448853, 0.9681499600410461], "SO2": [3.816725310367558e-13, 3.8165699984063495e-13, 3.8163263239680834e-13, 2.2532696541954778e-10, 1.1947717212024145e-05, 2.3571266865474172e-05, 0.00022754142992198467, 0.001639718422666192, 0.010082677938044071, 0.049379538744688034, 0.035520318895578384, 0.006426756735891104, 0.04849716275930405, 0.046965159475803375, 0.04412459209561348, 0.0645517036318779, 0.08843590319156647, 0.10598837584257126, 0.06726283580064774, 2.2128351417904923e-07, 0.005455965641885996, 0.02048039808869362, 0.06156859174370766, 0.12004973739385605], "O3": [0.01791851781308651, 0.15025849640369415, 0.8585764169692993, 0.06913970410823822, 0.2382756471633911, 0.01240497175604105, 0.022461701184511185, 0.027345264330506325, 2.6357955932617188, 10.861268997192383, 34.31512451171875, 36.142494201660156, 29.12183952331543, 25.187593460083008, 23.67252540588379, 21.576717376708984, 22.112382888793945, 26.02758026123047, 36.21956253051758, 33.88663864135742, 30.02959442138672, 29.68473243713379, 32.190452575683594, 32.388099670410156], "PM10": [0.005999061744660139, 0.006986668799072504, 0.012202221900224686, 0.013363892212510109, 0.014764895662665367, 0.024905124679207802, 0.1032513827085495, 1.6290340423583984, 0.6396380066871643, 0.054090969264507294, 0.20048563182353973, 0.2963636815547943, 0.17454075813293457, 0.19245003163814545, 0.3247876763343811, 3.319655656814575, 0.9208544492721558, 0.1589842587709427, 0.3046812415122986, 0.17791715264320374, 0.23345354199409485, 0.29084452986717224, 1.0326024293899536, 4.401282787322998], "PM25": [9.758822670846712e-06, 9.909621734305318e-12, 5.792135766569118e-07, 9.388717581160222e-11, 5.066115772933699e-05, 0.004554671235382557, 0.043158940970897675, 0.7499057650566101, 0.28574657440185547, 0.0013099461793899536, 5.0077674131898675e-06, 4.674071476529207e-07, 6.560125621035695e-05, 0.005793819669634104, 0.04422755166888237, 1.1980164051055908, 0.2530467212200165, 0.0003187676484230906, 1.3793062407785328e-06, 4.82689621605914e-09, 4.2709565605036914e-05, 0.006011194083839655, 0.29457518458366394, 1.5731239318847656]}