{"CO": [0.0016813259571790695, 0.03423931449651718, 0.00827878899872303, 0.03536219149827957, 0.03774126619100571, 0.02604612708091736, 0.01341564767062664, 0.00901990756392479, 0.04507562518119812, 0.3923341929912567, 0.46528229117393494, 3.4019641876220703, 4.199209690093994, 4.088916778564453, 3.561939239501953, 3.074636936187744, 3.585186719894409, 3.528869152069092, 2.1478829383850098, 6.1073503494262695, 6.031576633453369, 6.072159767150879, 6.205798149108887, 6.329400539398193], "NO2": [0.1439330130815506, 0.029746904969215393, 0.008644421584904194, 1.9943335056304932, 2.5218300819396973, 2.2353568077087402, 1.123127818107605, 0.6844885945320129, 1.989912509918213, 0.6188042163848877, 0.3420911133289337, 0.3480210602283478, 4.680832862854004, 10.03130054473877, 11.49191665649414, 8.466156005859375, 2.5968570709228516, 0.3374536633491516, 0.24722769856452942, 1.0884180068969727, 7.873031139373779, 9.715306282043457, 10.50326919555664, 9.179496765136719], "SO2": [3.816649416215484e-13, 3.816712028890945e-13, 3.816729376125705e-13, 4.066819580747505e-13, 7.966397680414516e-11, 8.051246780382826e-09, 8.214753877133774e-11, 2.3442470187262643e-09, 1.2629286061383027e-08, 1.3260664388781152e-07, 0.015145506709814072, 0.08924172073602676, 0.07950274646282196, 0.053860489279031754, 0.05156148225069046, 0.045133162289857864, 0.04294035956263542, 0.042634256184101105, 0.0035507238935679197, 0.17410512268543243, 0.009022779762744904, 0.05965162441134453, 0.12272841483354568, 0.1625099778175354], "O3": [0.66667240858078, 2.106008529663086, 0.4502742886543274, 1.4694699048995972, 0.4987187087535858, 0.007653961889445782, 0.003963971510529518, 0.000127798251924105, 6.9033918380737305, 23.23723602294922, 14.41066837310791, 23.055225372314453, 30.39788246154785, 20.72980499267578, 20.279672622680664, 19.47913360595703, 30.334264755249023, 40.0640754699707, 26.434364318847656, 41.179359436035156, 33.9477424621582, 30.46382713317871, 32.42354965209961, 32.12765121459961], "PM10": [0.008365879766643047, 0.008574450388550758, 0.005895601585507393, 0.011299003846943378, 0.011991185136139393, 0.011930176988244057, 0.012887013144791126, 0.012693759053945541, 0.01281261071562767, 0.011835160665214062, 0.013620944693684578, 0.05661824345588684, 0.26072853803634644, 0.33707597851753235, 0.2513124644756317, 0.2114686518907547, 0.21797297894954681, 0.14286135137081146, 0.0688479021191597, 0.16203512251377106, 0.5119598507881165, 0.7572762966156006, 0.47049641609191895, 0.4280651807785034], "PM25": [1.0000000830368325e-16, 9.999999506879345e-17, 1.0000000830368325e-16, 1.2670437632710018e-16, 1.279697906107389e-16, 4.531125459580443e-16, 1.2652625475118029e-11, 5.264094715684564e-10, 3.551542046564826e-11, 1.5281893589111362e-12, 4.4175969306226026e-13, 1.0000000168623835e-16, 3.550807431152705e-15, 9.683410249052091e-15, 3.202464606433947e-13, 2.4039782751256178e-12, 4.953999450246771e-13, 4.055428749435465e-14, 2.8787797070207316e-14, 1.096222628798227e-15, 2.39040419403036e-11, 1.813588029753177e-10, 8.03539734750558e-11, 4.013958609938584e-11]}