{"CO": [2.389789642620599e-06, 0.004660400561988354, 0.012558601796627045, 0.0014117592945694923, 0.005452074110507965, 0.006864684168249369, 0.018619589507579803, 0.5403319597244263, 2.4551703929901123, 3.573316812515259, 3.2567455768585205, 5.373339653015137, 6.064144134521484, 5.3058857917785645, 4.757331371307373, 4.7651896476745605, 6.095519065856934, 6.194161415100098, 5.615771293640137, 5.783362865447998, 5.806921005249023, 6.346822261810303, 6.615992069244385, 6.794478416442871], "NO2": [7.678726251469925e-05, 0.010518429800868034, 0.019934285432100296, 0.015355066396296024, 0.13787618279457092, 0.21560360491275787, 0.1814347207546234, 0.43448251485824585, 0.09938661009073257, 0.09760209918022156, 0.11623936146497726, 0.24771378934383392, 0.43441981077194214, 0.3885425627231598, 0.3662234842777252, 0.5428049564361572, 0.18290026485919952, 0.08867613971233368, 0.10590408742427826, 0.22129705548286438, 0.5624868869781494, 0.4324800372123718, 0.3731074333190918, 0.39457643032073975], "SO2": [3.816726936670817e-13, 9.737408362270328e-13, 3.8152258587630106e-13, 1.2508642732722564e-10, 1.9315250483487034e-06, 4.4328942749416456e-05, 8.107435860438272e-05, 0.023816633969545364, 0.11099180579185486, 0.1493101716041565, 0.05495148524641991, 0.04371543973684311, 0.08994460105895996, 0.16912366449832916, 0.17069892585277557, 0.1846572309732437, 0.25928544998168945, 0.2582247853279114, 0.15348541736602783, 0.007637255359441042, 0.003124731360003352, 0.1592816859483719, 0.19241905212402344, 0.2512696087360382], "O3": [0.00043988096877001226, 0.3427877128124237, 0.6228491067886353, 0.21807026863098145, 0.12171092629432678, 0.05440050736069679, 0.041689369827508926, 2.698120594024658, 13.837285995483398, 22.433664321899414, 24.860565185546875, 35.784881591796875, 37.51502227783203, 28.967761993408203, 26.48248291015625, 24.888513565063477, 32.631507873535156, 36.54873275756836, 34.38031005859375, 37.02784729003906, 34.85367965698242, 33.795345306396484, 35.769065856933594, 36.16200637817383], "PM10": [0.004850703291594982, 0.1885550171136856, 0.06429154425859451, 0.026220981031656265, 0.12686516344547272, 0.09291329234838486, 0.06256525218486786, 0.09101564437150955, 0.19429177045822144, 0.5040141344070435, 0.20474673807621002, 0.23208504915237427, 0.2741428315639496, 0.17348510026931763, 0.1766260713338852, 0.20058514177799225, 0.3554323613643646, 0.42750242352485657, 0.280973881483078, 0.2861693799495697, 0.5641778111457825, 0.23345188796520233, 0.27949345111846924, 0.3363751769065857], "PM25": [0.0010603732662275434, 0.08140813559293747, 0.014318043366074562, 0.003964648582041264, 0.055870067328214645, 0.03396759182214737, 0.02220904640853405, 0.032065387815237045, 0.04560094699263573, 0.059907641261816025, 0.010995813645422459, 0.006073411088436842, 0.03219931200146675, 0.009823844768106937, 0.010103611275553703, 0.01873696781694889, 0.07452408224344254, 0.07921824604272842, 0.02133030630648136, 0.033817704766988754, 0.16964395344257355, 0.011380953714251518, 0.018828608095645905, 0.025091197341680527]}