{"CO": [8.723719133740815e-07, 0.00023357383906841278, 0.030645005404949188, 0.019766300916671753, 0.014658431522548199, 0.008685396984219551, 0.007059715688228607, 0.0046606287360191345, 0.004466811660677195, 0.004689578898251057, 0.3441581130027771, 4.4069647789001465, 4.888516902923584, 4.637853622436523, 4.437030792236328, 4.47135066986084, 4.73956823348999, 6.353370189666748, 6.391867637634277, 6.227210998535156, 6.23785400390625, 6.138763904571533, 6.185059547424316, 6.4187469482421875], "NO2": [2.9120867111487314e-05, 0.0005847964202985168, 0.022249719128012657, 0.0652078166604042, 0.416200190782547, 0.4318634867668152, 0.35003307461738586, 0.2299756109714508, 0.009713247418403625, 0.004725051578134298, 0.026836175471544266, 0.30615469813346863, 0.5852105021476746, 0.4927818775177002, 0.7288381457328796, 0.5934678316116333, 0.1606171727180481, 0.045833054929971695, 0.05330770090222359, 0.19827793538570404, 0.3558828830718994, 0.6698760390281677, 0.7256524562835693, 1.0072779655456543], "SO2": [8.491400080856693e-07, 0.002012765035033226, 1.2892658710479736, 0.3224967420101166, 0.03650029003620148, 0.018980110064148903, 0.026197446510195732, 0.014869600534439087, 0.002529778517782688, 0.00046871270751580596, 0.003094051731750369, 0.02512957900762558, 0.017928507179021835, 0.04894695430994034, 0.09250257909297943, 0.13740688562393188, 0.18224364519119263, 0.26123666763305664, 0.4667273461818695, 0.007486346643418074, 0.006869689095765352, 0.0063316780142486095, 0.035434454679489136, 0.1337471455335617], "O3": [0.0001373110426357016, 0.019283561035990715, 1.3824694156646729, 0.9676019549369812, 0.22651943564414978, 0.04121389612555504, 0.0730450302362442, 0.06286635249853134, 0.2694719731807709, 0.27360957860946655, 3.6758337020874023, 33.59123229980469, 37.563133239746094, 36.986759185791016, 36.73423385620117, 32.55850601196289, 29.21126937866211, 37.63546371459961, 35.67045593261719, 56.5711555480957, 51.81425094604492, 46.523860931396484, 48.20927047729492, 44.44807815551758], "PM10": [0.8714216947555542, 0.34585633873939514, 3.1335537433624268, 0.9916483759880066, 0.26292333006858826, 1.7727841138839722, 0.43033021688461304, 0.3253990411758423, 0.01194247417151928, 0.7758698463439941, 0.034432969987392426, 0.8208269476890564, 0.5207428932189941, 0.18210141360759735, 0.22466541826725006, 0.22503972053527832, 0.15003256499767303, 0.7590293288230896, 0.9978001117706299, 0.6841518878936768, 0.5254009962081909, 0.4222584664821625, 0.4531831741333008, 0.6578593850135803], "PM25": [0.46437323093414307, 0.18692724406719208, 0.7605087161064148, 0.2584685683250427, 0.042579285800457, 0.8852953314781189, 0.17546096444129944, 0.14614243805408478, 0.0009974593995139003, 0.4061143100261688, 0.003651414765045047, 0.20844276249408722, 0.09413516521453857, 0.00954133179038763, 0.05245998501777649, 0.04885975643992424, 0.002721697324886918, 0.2072506546974182, 0.28924989700317383, 0.09093983471393585, 0.06687989085912704, 0.0178291704505682, 0.04466601833701134, 0.15754945576190948]}