{"CO": [6.835864769527689e-05, 0.012722969055175781, 0.027107635512948036, 0.003837923053652048, 0.0017524261493235826, 0.002841276116669178, 0.0033221545163542032, 0.004172014072537422, 0.010546935722231865, 0.18781352043151855, 2.308645248413086, 4.341287612915039, 5.636221408843994, 5.871734619140625, 4.541440963745117, 4.311367511749268, 4.911563873291016, 6.049689769744873, 6.023711681365967, 5.7403950691223145, 5.626932144165039, 6.1451873779296875, 6.450074195861816, 6.849533557891846], "NO2": [0.004080722574144602, 0.07577474415302277, 0.1006244570016861, 0.04134998470544815, 0.07817237079143524, 0.11843971908092499, 0.16357217729091644, 0.2509292960166931, 0.12380209565162659, 0.11159148812294006, 0.2388259470462799, 0.4579586386680603, 1.1743327379226685, 2.0878562927246094, 1.8512603044509888, 1.178623914718628, 0.44225794076919556, 0.18108181655406952, 0.17531095445156097, 0.3081776201725006, 0.9343786835670471, 2.2064361572265625, 2.419816732406616, 1.7609952688217163], "SO2": [5.613608067278619e-08, 6.471704949717605e-09, 3.9081443636845847e-10, 1.4026516059750804e-10, 5.441723374133289e-07, 5.528469409910031e-05, 1.647303179197479e-05, 0.00011189101496711373, 0.004369910340756178, 0.013609722256660461, 0.052381135523319244, 0.002056222641840577, 0.014560584910213947, 0.11091740429401398, 0.1515168398618698, 0.17355594038963318, 0.18880487978458405, 0.2279793918132782, 0.12708638608455658, 0.00602795509621501, 0.002762185176834464, 0.09956324100494385, 0.15402837097644806, 0.2513201832771301], "O3": [0.0134488670155406, 1.3617428541183472, 1.3747732639312744, 0.22124457359313965, 0.04948386177420616, 0.010988746769726276, 0.002422160468995571, 0.006264354567974806, 0.9404588937759399, 3.3234710693359375, 18.457948684692383, 37.297271728515625, 33.539798736572266, 34.59009552001953, 23.801794052124023, 20.4238338470459, 26.117834091186523, 37.930904388427734, 37.67234420776367, 49.16288375854492, 34.20923614501953, 35.92857360839844, 31.608217239379883, 31.119855880737305], "PM10": [0.003734526690095663, 0.00895998626947403, 0.010013029910624027, 0.01694977656006813, 0.00897433515638113, 0.008832337334752083, 0.037373192608356476, 0.010956044308841228, 0.021961860358715057, 0.03091340884566307, 0.08824081718921661, 0.17829225957393646, 0.18950994312763214, 0.22510462999343872, 0.15830127894878387, 0.12426209449768066, 0.141631618142128, 0.19140508770942688, 0.21944165229797363, 0.20159700512886047, 0.19834740459918976, 0.24678395688533783, 0.24664932489395142, 0.21264643967151642], "PM25": [3.1302351999329403e-07, 3.100352898854908e-07, 1.2752803741022944e-05, 6.173733746450694e-11, 4.15611293647089e-06, 0.0005440284730866551, 0.0021833719220012426, 6.316149665508419e-05, 0.0011841208906844258, 0.0028746158350259066, 0.000820634129922837, 1.0828729273271165e-06, 6.861541805847082e-06, 0.0006419232813641429, 0.0014857792994007468, 0.0002742479264270514, 9.096747817238793e-05, 0.0011399468639865518, 0.00014992308570072055, 4.836109837924596e-06, 1.4846618796582334e-06, 0.0007644279976375401, 0.0021748628932982683, 0.005472359247505665]}