{"CO": [4.69299811811652e-06, 0.001619828981347382, 0.007145293522626162, 0.011871963739395142, 0.00542738800868392, 0.006294877268373966, 0.007213997654616833, 0.11653194576501846, 1.388185739517212, 3.9574296474456787, 3.6357107162475586, 5.112821578979492, 6.02197790145874, 5.497781753540039, 5.146965026855469, 4.8271484375, 5.511964797973633, 6.303409099578857, 5.527669429779053, 5.407329082489014, 5.775998115539551, 5.6217780113220215, 6.370387077331543, 6.714062213897705], "NO2": [0.00012159142352174968, 0.005995120387524366, 0.012140296399593353, 0.04480939731001854, 0.13967937231063843, 0.26712244749069214, 0.23972083628177643, 0.34832724928855896, 0.14094063639640808, 0.09039364755153656, 0.13693372905254364, 0.34742864966392517, 0.6910057663917542, 0.722801923751831, 0.3272028863430023, 0.42872288823127747, 0.2846456468105316, 0.09878935664892197, 0.14530520141124725, 0.290680468082428, 0.8230545520782471, 1.1267870664596558, 0.7966225147247314, 0.7807006239891052], "SO2": [2.395057929760469e-09, 2.427870959831324e-10, 4.866143512444188e-12, 3.816555361677021e-13, 1.0364334457335644e-06, 2.318678525625728e-05, 5.347529804566875e-05, 0.005102270748466253, 0.060095857828855515, 0.1686573624610901, 0.10389488190412521, 0.035526763647794724, 0.051619429141283035, 0.14755487442016602, 0.17112770676612854, 0.17445988953113556, 0.21832425892353058, 0.26376786828041077, 0.19157660007476807, 0.011346377432346344, 0.0022743260487914085, 0.03129955381155014, 0.1471187323331833, 0.2152349352836609], "O3": [0.0010774543043226004, 0.16305731236934662, 0.368891179561615, 0.6609997749328613, 0.0999176949262619, 0.02655339054763317, 0.0100911445915699, 0.33427301049232483, 7.64182186126709, 23.620296478271484, 25.679946899414062, 35.67353820800781, 35.303592681884766, 31.394121170043945, 29.958656311035156, 27.505352020263672, 27.739133834838867, 36.29787063598633, 34.30519485473633, 36.87928009033203, 33.51045227050781, 31.175992965698242, 33.85970687866211, 34.409542083740234], "PM10": [0.002681710058823228, 0.040842846035957336, 0.0195730309933424, 0.024409949779510498, 0.03944999724626541, 0.03216743469238281, 0.19983984529972076, 0.17126597464084625, 0.14705267548561096, 0.23368136584758759, 0.21233806014060974, 0.2210966944694519, 0.28284355998039246, 0.1834142953157425, 0.2018125206232071, 0.25289982557296753, 0.32779133319854736, 0.2746110260486603, 0.25752148032188416, 0.2902543544769287, 0.47473594546318054, 0.20211099088191986, 0.22258463501930237, 0.35932421684265137], "PM25": [0.00010924747766694054, 0.004123121965676546, 0.0011471831239759922, 0.004998795688152313, 0.010359400883316994, 0.006052309647202492, 0.08832751959562302, 0.07682619243860245, 0.03568587079644203, 0.01547061838209629, 0.011999590322375298, 0.006436244584619999, 0.03013177216053009, 0.00864268746227026, 0.016302313655614853, 0.03947712853550911, 0.06418110430240631, 0.026059340685606003, 0.018335064873099327, 0.005814007017761469, 0.12564833462238312, 0.004718047101050615, 0.007774287834763527, 0.021184276789426804]}