{"CO": [1.2740430065605324e-05, 0.011330164968967438, 0.025679798796772957, 0.005940087605267763, 0.001698796870186925, 0.0031636308412998915, 0.003520155558362603, 0.0034544949885457754, 0.007693431340157986, 0.12829017639160156, 1.909296989440918, 4.269336700439453, 5.47503137588501, 5.631299018859863, 4.682497024536133, 4.363208293914795, 4.992732048034668, 6.050591945648193, 6.316783905029297, 5.768870830535889, 5.636108875274658, 6.054654598236084, 6.418412208557129, 6.8627800941467285], "NO2": [0.00039390329038724303, 0.03233442083001137, 0.032356977462768555, 0.03833680599927902, 0.08987611532211304, 0.134366974234581, 0.15874771773815155, 0.21254360675811768, 0.051020827144384384, 0.036285627633333206, 0.08016429841518402, 0.3305410146713257, 0.7071773409843445, 1.3239449262619019, 1.3293877840042114, 0.6634538173675537, 0.30147475004196167, 0.08792099356651306, 0.06673965603113174, 0.2937043309211731, 0.6862728595733643, 1.232987403869629, 1.8442798852920532, 1.188414216041565], "SO2": [3.7711279787799867e-07, 1.1767181846977781e-11, 3.815231821874959e-13, 7.212096697628567e-09, 2.9779778287775116e-07, 2.1481235307874158e-05, 3.250059671700001e-05, 1.499871693511068e-08, 0.002095967996865511, 0.009298081509768963, 0.05602733790874481, 0.0006297950749285519, 0.008578292094171047, 0.09926039725542068, 0.1536542922258377, 0.18143564462661743, 0.19836074113845825, 0.23018820583820343, 0.18992234766483307, 0.0012784848222509027, 0.002535389270633459, 0.06548305600881577, 0.15370608866214752, 0.2630864977836609], "O3": [0.0027063849847763777, 1.073053002357483, 1.069665789604187, 0.369677871465683, 0.04559611529111862, 0.009363050572574139, 0.0016871577827259898, 0.017001016065478325, 0.5841715335845947, 2.147639513015747, 15.153952598571777, 37.249359130859375, 33.56181716918945, 34.9223518371582, 25.077489852905273, 21.875953674316406, 26.26995086669922, 37.435977935791016, 37.34004211425781, 49.18171691894531, 33.63615036010742, 38.24025344848633, 31.655237197875977, 32.820762634277344], "PM10": [0.002711342414841056, 0.008805710822343826, 0.009279387071728706, 0.016551433131098747, 0.009327240288257599, 0.019623365253210068, 0.11383705586194992, 0.010461737401783466, 0.016175266355276108, 0.025140302255749702, 0.07763861864805222, 0.15398699045181274, 0.20758762955665588, 0.22247010469436646, 0.16728107631206512, 0.12418454140424728, 0.1447734534740448, 0.18935920298099518, 0.21724018454551697, 0.2166641652584076, 0.20869743824005127, 0.2613986134529114, 0.2801860570907593, 0.22361741960048676], "PM25": [1.5134753259676836e-12, 4.9387892886443296e-08, 4.409982284414582e-05, 4.305197307985509e-06, 3.813511284533888e-06, 0.003761095693334937, 0.0463576503098011, 7.556008085884969e-07, 0.0004277619591448456, 0.0019658866804093122, 0.0011757368920370936, 1.6867325030034408e-06, 2.1522673705476336e-06, 0.0006844530580565333, 0.0020661656744778156, 0.00017536633822601289, 0.0003422229492571205, 0.0005381372175179422, 0.00039268555701710284, 8.97451627679402e-06, 2.107951786456397e-06, 0.0006009056814946234, 0.013619450852274895, 0.011161529459059238]}