{"CO": [9.583720839145826e-07, 0.04418869689106941, 0.0091760428622365, 0.010205485858023167, 0.007234875578433275, 0.006116794887930155, 0.006496244575828314, 0.004374263808131218, 0.004391172435134649, 0.3124413788318634, 2.93884539604187, 3.987172842025757, 4.564812183380127, 3.1236448287963867, 2.1399526596069336, 1.4487104415893555, 2.9651172161102295, 3.2694308757781982, 6.483856201171875, 6.025685787200928, 6.035837173461914, 6.518984794616699, 6.592099189758301, 6.599289894104004], "NO2": [1.2076232451363467e-05, 0.10779877007007599, 0.034138381481170654, 0.2950465679168701, 0.5397663116455078, 0.4776514768600464, 0.40671202540397644, 0.2557082772254944, 0.03927798569202423, 0.5628337264060974, 0.27344828844070435, 1.204226016998291, 2.5015885829925537, 2.2730588912963867, 2.3999409675598145, 1.8446975946426392, 0.2990676164627075, 0.4141036868095398, 0.2556915879249573, 0.658069372177124, 2.1497445106506348, 1.4875229597091675, 1.8368850946426392, 1.825026273727417], "SO2": [3.8167331708333085e-13, 3.8149645660394416e-13, 3.816486243788525e-13, 3.8167347971365673e-13, 4.2269416048942854e-13, 2.95018398599467e-10, 1.929988835414065e-09, 1.7663374762832973e-08, 1.2433313713700045e-05, 7.598670890729409e-06, 2.331892119400436e-06, 3.816734526086024e-13, 0.018777940422296524, 0.06140438839793205, 0.04042772576212883, 0.03610438108444214, 0.11840963363647461, 0.05341799557209015, 0.00011317987082293257, 8.307288190678719e-09, 0.07310274988412857, 0.24380478262901306, 0.24077437818050385, 0.2527413070201874], "O3": [9.795848018256947e-05, 2.503633737564087, 0.6635298728942871, 0.6008632183074951, 0.02920629270374775, 0.011494295671582222, 0.060940735042095184, 0.047122467309236526, 0.4733790159225464, 12.764220237731934, 38.55509948730469, 36.136497497558594, 35.3464241027832, 33.38755416870117, 22.653635025024414, 10.910239219665527, 17.68123435974121, 30.892675399780273, 48.05060577392578, 46.622344970703125, 45.989662170410156, 40.537322998046875, 39.96332550048828, 38.379310607910156], "PM10": [0.002416429342702031, 0.008403279818594456, 0.012195848859846592, 0.01516446191817522, 0.012327172793447971, 0.013113568536937237, 0.011544247157871723, 0.010171317495405674, 0.009669258259236813, 0.0099125225096941, 0.3234560787677765, 0.377081036567688, 0.35411787033081055, 0.1330374926328659, 0.07125150412321091, 0.050326377153396606, 0.09140444546937943, 0.122197225689888, 0.6564947366714478, 0.5845309495925903, 0.4090084135532379, 0.22221671044826508, 0.2238384187221527, 0.220731720328331], "PM25": [1.0681894116643559e-16, 1.1416994306896164e-16, 2.5057447453356906e-16, 1.9882459957437355e-16, 1.2379896099142668e-13, 5.095575072999736e-10, 7.712899208200952e-10, 1.502583057977347e-09, 8.867919731869733e-10, 1.327016621588406e-11, 1.8221709880447516e-14, 1.074260864420936e-15, 2.554647557270707e-15, 7.608047221732694e-13, 4.529085440019287e-12, 3.749471913505609e-11, 8.469540346833782e-11, 3.8421232341490086e-12, 1.215354848214229e-15, 3.4906990086002246e-16, 2.8355889684916757e-12, 5.31697212299842e-12, 1.8070744553511098e-11, 2.7781570446916426e-11]}