{"CO": [6.376807141350582e-05, 0.001126884832046926, 0.021010667085647583, 0.013768916949629784, 0.0016104233218356967, 0.004070512484759092, 0.0066391839645802975, 0.03003654070198536, 0.3086299002170563, 1.958739161491394, 4.202332019805908, 4.683034420013428, 6.060543537139893, 5.898558616638184, 4.93370246887207, 4.7189154624938965, 5.0400519371032715, 5.918406963348389, 6.137613296508789, 5.945467948913574, 5.531987190246582, 6.153961181640625, 6.257080078125, 6.567742347717285], "NO2": [0.0012736964272335172, 0.003420259803533554, 0.01833927258849144, 0.0546327568590641, 0.09468166530132294, 0.1936691254377365, 0.24849781394004822, 0.21190784871578217, 0.09836500138044357, 0.0895468145608902, 0.15714095532894135, 0.5353757739067078, 1.0992003679275513, 1.1361912488937378, 1.3380029201507568, 1.8704254627227783, 0.41481274366378784, 0.13539578020572662, 0.16556400060653687, 0.4540761113166809, 1.6223794221878052, 1.1050870418548584, 1.2214714288711548, 1.894269585609436], "SO2": [1.2478366118173767e-09, 1.5085441229523155e-10, 3.2943214822722666e-10, 6.047196965397461e-09, 3.561453922884539e-05, 5.178180072107352e-05, 0.011372753418982029, 0.009830292314291, 0.0085059879347682, 0.08112644404172897, 0.14895793795585632, 0.027394184842705727, 0.031786128878593445, 0.1303030550479889, 0.11077585816383362, 0.1340678632259369, 0.2460142821073532, 0.22531858086585999, 0.2383488118648529, 0.05765116214752197, 0.0022161921951919794, 0.11673620343208313, 0.13387124240398407, 0.7243197560310364], "O3": [0.012376888655126095, 0.09590195119380951, 0.8489289879798889, 0.7703738212585449, 0.015636736527085304, 0.004198869224637747, 0.010407708585262299, 0.04289902746677399, 2.0427355766296387, 12.915780067443848, 27.852298736572266, 34.000831604003906, 35.241546630859375, 30.624364852905273, 26.495594024658203, 22.87825584411621, 27.63222312927246, 35.9200439453125, 36.78617858886719, 46.40872573852539, 31.136655807495117, 30.60885238647461, 29.52549171447754, 27.28083038330078], "PM10": [0.002566587645560503, 0.10535097122192383, 0.1591252088546753, 0.13321354985237122, 0.03139673173427582, 0.17913135886192322, 0.6048683524131775, 0.2866099774837494, 0.023966515436768532, 0.09775909781455994, 0.34940919280052185, 0.2808728814125061, 0.3235059678554535, 0.4873208701610565, 0.5520991086959839, 0.36396732926368713, 0.2982809543609619, 0.23097389936447144, 0.5171303749084473, 0.242567241191864, 0.21625357866287231, 0.39502468705177307, 0.6735344529151917, 1.9105255603790283], "PM25": [6.453598766498203e-10, 0.021370967850089073, 0.06932655721902847, 0.05370914936065674, 0.010040695779025555, 0.08075695484876633, 0.27196428179740906, 0.13130846619606018, 0.002270726254209876, 0.005250489804893732, 0.029339343309402466, 0.043261125683784485, 0.04187283292412758, 0.12804371118545532, 0.14671559631824493, 0.08417680114507675, 0.057659540325403214, 0.010565105825662613, 0.08457031100988388, 0.0025872220285236835, 0.009632022120058537, 0.08504819869995117, 0.09865966439247131, 0.002002664841711521]}