{"CO": [2.377124019403709e-06, 5.773035081801936e-05, 0.0067055015824735165, 0.019835904240608215, 0.010362949222326279, 0.010252006351947784, 0.011732774786651134, 0.9474571347236633, 3.2796669006347656, 4.672271728515625, 4.914813995361328, 5.550851821899414, 5.766327381134033, 4.9301066398620605, 4.743253707885742, 5.051388263702393, 5.564501762390137, 5.850081443786621, 5.821487903594971, 5.1630940437316895, 5.585653305053711, 5.549583435058594, 6.1558427810668945, 6.473888874053955], "NO2": [3.410853969398886e-05, 0.0005759175401180983, 0.008884677663445473, 0.0596575103700161, 0.23245584964752197, 0.32345548272132874, 0.2061748057603836, 0.9516817927360535, 0.26415833830833435, 0.14644020795822144, 0.18374879658222198, 0.4494515359401703, 0.5345041155815125, 0.649463415145874, 0.8064764738082886, 0.9282194972038269, 0.35287192463874817, 0.14548686146736145, 0.12958911061286926, 0.4541085362434387, 0.6659838557243347, 0.7934733033180237, 1.183730959892273, 1.3292890787124634], "SO2": [3.816732086631136e-13, 3.816651042518743e-13, 3.8155291643207634e-13, 5.911960374374581e-13, 6.625827154493891e-06, 3.743197157746181e-05, 0.00010085636313306168, 0.041799865663051605, 0.14184261858463287, 0.20627866685390472, 0.19317121803760529, 0.175359308719635, 0.145196795463562, 0.12069070339202881, 0.14119945466518402, 0.17725154757499695, 0.2290857583284378, 0.24701876938343048, 0.1712767779827118, 0.07168669998645782, 0.009641929529607296, 0.013517501763999462, 0.03400576859712601, 0.11799196898937225], "O3": [0.0002875391219276935, 0.010223397985100746, 0.30437061190605164, 0.6463702917098999, 0.16864944994449615, 0.088216632604599, 0.03817673400044441, 4.385286808013916, 18.08536720275879, 28.895366668701172, 32.23395538330078, 30.225261688232422, 36.57893371582031, 29.77359390258789, 27.38032341003418, 27.594728469848633, 29.468591690063477, 34.842384338378906, 34.755367279052734, 28.954946517944336, 35.54096603393555, 31.210676193237305, 31.52840232849121, 32.487022399902344], "PM10": [0.002487072953954339, 0.002598948311060667, 0.008832406252622604, 0.008522236719727516, 0.010712988674640656, 0.013386360369622707, 0.01096071396023035, 0.028447428718209267, 0.0897400975227356, 0.13424065709114075, 0.14878731966018677, 0.16530302166938782, 0.16715267300605774, 0.14810574054718018, 0.13899728655815125, 0.1449667364358902, 0.16067223250865936, 0.17889878153800964, 0.18612726032733917, 0.17695769667625427, 0.20924976468086243, 0.2011731117963791, 0.2249157577753067, 0.2171141803264618], "PM25": [1.8702829507333263e-08, 1.397758159216167e-10, 1.7930480711303431e-10, 1.4929698588517226e-09, 9.556730518056611e-09, 9.829766156599362e-08, 8.760328455537092e-06, 6.594481965294108e-05, 0.00029278878355398774, 0.0004043840744998306, 5.954761377324758e-07, 5.065958763594836e-10, 4.775765116704633e-09, 1.5217420695989858e-05, 3.397783439140767e-05, 0.00015236348554026335, 8.124137093545869e-05, 0.00017414607282262295, 6.591815804313228e-07, 4.3212492073507747e-07, 1.6703854726074496e-06, 1.1593600902415346e-05, 5.089218757348135e-05, 1.9360941223567352e-05]}