{"CO": [9.719963600218762e-06, 0.00036304720561020076, 0.002719821175560355, 0.016936862841248512, 0.00659091817215085, 0.007546155247837305, 0.011371857486665249, 0.1253846436738968, 1.5284568071365356, 4.475188255310059, 5.113646507263184, 5.149003505706787, 6.014780044555664, 5.468669891357422, 4.46197509765625, 4.572605609893799, 4.827595233917236, 6.210641384124756, 6.175702095031738, 5.556559085845947, 5.5112738609313965, 5.425887107849121, 6.283961296081543, 6.452645301818848], "NO2": [0.0002577869454398751, 0.006732359994202852, 0.016582472249865532, 0.06357638537883759, 0.26372095942497253, 0.31695252656936646, 0.256487101316452, 0.5773113965988159, 0.18133951723575592, 0.0701066255569458, 0.09947303682565689, 0.2504531145095825, 0.8167569041252136, 0.7431027889251709, 0.799388587474823, 0.9650731682777405, 0.34802359342575073, 0.055825669318437576, 0.08243589848279953, 0.215760737657547, 0.6971916556358337, 0.7390528321266174, 1.5389299392700195, 2.1133909225463867], "SO2": [4.365437265146932e-12, 3.8164447730554274e-13, 3.1829363363738983e-12, 2.1931629689414534e-12, 4.876050141433552e-08, 1.4672250472358428e-05, 5.826589767821133e-05, 0.004510579165071249, 0.06667071580886841, 0.1903768926858902, 0.20409277081489563, 0.09969513863325119, 0.06442496180534363, 0.11284482479095459, 0.11310833692550659, 0.15161944925785065, 0.1830340474843979, 0.2727891504764557, 0.23502519726753235, 0.05639827251434326, 0.002786160446703434, 0.013112428598105907, 0.1120598241686821, 0.15967507660388947], "O3": [0.0016054953448474407, 0.0803663581609726, 0.286050021648407, 0.6733348965644836, 0.03126439079642296, 0.011498718522489071, 0.005765416193753481, 0.20206020772457123, 8.499580383300781, 27.520383834838867, 33.73554229736328, 33.16262435913086, 33.50106430053711, 30.930843353271484, 25.24332618713379, 24.54639434814453, 25.047618865966797, 35.79476547241211, 37.7977294921875, 33.65432357788086, 31.268753051757812, 29.52933692932129, 28.689502716064453, 30.144760131835938], "PM10": [0.0030240158084779978, 0.0036429977044463158, 0.009465142153203487, 0.009187768213450909, 0.012612571008503437, 0.018636859953403473, 0.04987433925271034, 0.06391741335391998, 0.06990362703800201, 0.14832927286624908, 0.17384041845798492, 0.1902642399072647, 0.22901786863803864, 0.1856078803539276, 0.17314599454402924, 0.19054777920246124, 0.17567980289459229, 0.22576770186424255, 0.21810013055801392, 0.24307435750961304, 0.20497648417949677, 0.20330633223056793, 0.24179035425186157, 0.27002301812171936], "PM25": [1.1965739759034477e-05, 1.0546231351327151e-05, 9.902081728796475e-06, 1.9129936523754054e-10, 2.778591624519322e-05, 0.000741213618312031, 0.013307111337780952, 0.02188003621995449, 0.009321155957877636, 0.0023362874053418636, 0.0002429168816888705, 1.228523160534678e-06, 0.0036678172182291746, 0.0034887774381786585, 0.0031677894294261932, 0.01065036840736866, 0.002469726139679551, 0.00886370800435543, 0.0031296785455197096, 5.544539453694597e-05, 0.006393217947334051, 0.0015048269415274262, 0.010366191156208515, 0.013818159699440002]}