{"CO": [0.005712737329304218, 0.008461784571409225, 0.00987162534147501, 0.021327469497919083, 0.021757345646619797, 0.006598645821213722, 0.004423534497618675, 0.011037757620215416, 0.008093039505183697, 0.08164206147193909, 0.31283068656921387, 0.6928913593292236, 3.430569887161255, 3.782543659210205, 4.345920085906982, 4.379108905792236, 4.384518146514893, 4.913111209869385, 6.0741987228393555, 5.085538864135742, 6.244060516357422, 6.006342887878418, 6.093194484710693, 6.106204509735107], "NO2": [0.005588625092059374, 0.008834918960928917, 0.004180277232080698, 0.05062687769532204, 0.5075679421424866, 0.3067764639854431, 0.21712307631969452, 0.3311346173286438, 0.03973693400621414, 0.03560352325439453, 0.03921012207865715, 0.5004698038101196, 0.32930988073349, 1.8530209064483643, 1.003890037536621, 0.6813847422599792, 0.48294153809547424, 0.11628584563732147, 0.05987758934497833, 0.2639588415622711, 0.3673442304134369, 0.8415672183036804, 0.8277909159660339, 0.6178439259529114], "SO2": [2.0277140140533447, 0.6006519794464111, 0.033938560634851456, 0.07554638385772705, 0.1655815988779068, 0.128152996301651, 0.09706667065620422, 2.34930157661438, 0.9982571601867676, 0.5149936079978943, 0.3351632356643677, 0.3690982162952423, 0.3778173625469208, 0.15938535332679749, 3.1522295475006104, 0.7306301593780518, 1.323094367980957, 0.9889224171638489, 0.5825515985488892, 0.6207691431045532, 0.1809808611869812, 0.33955907821655273, 0.2650890350341797, 2.2069833278656006], "O3": [0.06679748743772507, 0.4263116717338562, 0.3892093300819397, 0.7884956002235413, 0.44967934489250183, 0.02356908656656742, 0.01195948664098978, 0.00680879270657897, 0.5217068791389465, 1.8764783143997192, 3.8520822525024414, 6.450067043304443, 25.5084228515625, 25.54960823059082, 29.393508911132812, 31.508649826049805, 28.52603530883789, 32.41001892089844, 36.827335357666016, 34.57052230834961, 44.28129577636719, 42.81547927856445, 40.05809020996094, 45.32780838012695], "PM10": [6.0797343254089355, 1.2727458477020264, 0.12011032551527023, 0.3421752452850342, 0.9423443078994751, 0.42942219972610474, 0.34154006838798523, 6.6247992515563965, 3.1627702713012695, 1.7260754108428955, 1.4206873178482056, 1.7727653980255127, 2.451660633087158, 0.9253351092338562, 8.160632133483887, 1.980678677558899, 3.7230234146118164, 2.996994733810425, 1.2629002332687378, 2.4266724586486816, 1.5864288806915283, 2.341808557510376, 1.29079008102417, 6.481307029724121], "PM25": [3.0104899406433105, 0.1300625205039978, 0.010987707413733006, 0.020784461870789528, 0.3643557131290436, 0.18760259449481964, 0.12280812114477158, 3.1460633277893066, 1.3404386043548584, 0.15683965384960175, 0.09880108386278152, 0.1396116465330124, 0.8337751030921936, 0.20269480347633362, 3.385753631591797, 0.6745396852493286, 1.3816347122192383, 1.133950114250183, 0.34912556409835815, 0.432655394077301, 0.27741244435310364, 0.6111623644828796, 0.2190714329481125, 1.1839523315429688]}