{"CO": [1.5890841496002395e-06, 0.0013814382255077362, 0.027521276846528053, 0.026442725211381912, 0.007570153567939997, 0.011826430447399616, 0.008983317762613297, 0.0049432422965765, 0.004434533882886171, 0.005939106922596693, 0.8020520806312561, 4.780749320983887, 5.199332237243652, 4.6992011070251465, 4.492459297180176, 4.687772750854492, 4.643645286560059, 6.22925329208374, 6.464705944061279, 6.087170600891113, 6.139273643493652, 6.10946798324585, 6.317816734313965, 6.590245246887207], "NO2": [2.1282330635585822e-05, 0.003624302800744772, 0.03331773728132248, 0.44986823201179504, 0.31309276819229126, 0.5431735515594482, 0.4731137752532959, 0.2687215209007263, 0.0166781023144722, 0.005386951379477978, 0.09728872030973434, 1.1080310344696045, 1.9238977432250977, 1.6577731370925903, 2.0984277725219727, 1.8418214321136475, 0.3479516804218292, 0.2291363924741745, 0.2104567289352417, 0.9887787699699402, 1.7838692665100098, 1.7254353761672974, 1.7199301719665527, 1.8416228294372559], "SO2": [6.866016089013272e-11, 1.168152519159804e-10, 0.11368885636329651, 0.43660953640937805, 0.037918150424957275, 0.10381269454956055, 0.04081418737769127, 0.021316222846508026, 0.0038573122583329678, 4.8227939259959385e-05, 0.025546111166477203, 0.008657500147819519, 0.011261476203799248, 0.03725565969944, 0.0973488986492157, 0.13660600781440735, 0.19268667697906494, 0.2597294747829437, 0.13618597388267517, 0.0024519655853509903, 0.00300491857342422, 0.01515191514045, 0.09468331933021545, 0.19529181718826294], "O3": [0.0001590378233231604, 0.10379330068826675, 1.227203369140625, 0.7041069865226746, 0.09740594029426575, 0.0363442599773407, 0.030699091032147408, 0.03312867134809494, 0.32027876377105713, 0.2563081383705139, 6.919948101043701, 32.1728401184082, 35.83617401123047, 37.7271614074707, 36.772735595703125, 34.317874908447266, 26.9940242767334, 36.21964645385742, 35.9817008972168, 50.934654235839844, 43.48659896850586, 44.42680740356445, 43.76337814331055, 38.665191650390625], "PM10": [1.7417078018188477, 1.4145786762237549, 0.054914217442274094, 4.621109962463379, 4.623606204986572, 0.02938533015549183, 0.02770865708589554, 0.01054465863853693, 0.018760085105895996, 1.5637167692184448, 0.30600303411483765, 0.12498826533555984, 0.17040488123893738, 0.14656807482242584, 0.11439990252256393, 0.1295577883720398, 0.13431836664676666, 2.313728094100952, 0.23911140859127045, 0.9129178524017334, 0.2910398244857788, 0.24994134902954102, 0.23322543501853943, 4.657482147216797], "PM25": [0.9346668124198914, 0.7678738832473755, 5.109010999149177e-06, 2.000629425048828, 2.4115471839904785, 5.637615707598798e-09, 0.00024283456150442362, 0.00018055927648674697, 0.0015200471971184015, 0.8452460765838623, 0.04497554153203964, 0.008274960331618786, 0.00022788523347117007, 1.225990189368531e-07, 0.00018812273629009724, 0.00015229795826599002, 0.0004719388671219349, 1.1237329244613647, 0.005936344154179096, 0.08426729589700699, 0.000396595656638965, 1.4013127724865626e-07, 0.0003133373102173209, 2.3335351943969727]}