{"CO": [2.0731940821860917e-05, 0.07653876394033432, 0.024203723296523094, 0.009450729005038738, 0.009900984354317188, 0.01190254557877779, 0.00808289460837841, 0.006842368748039007, 0.016759958118200302, 0.325905978679657, 0.9857016205787659, 6.29404878616333, 4.56277322769165, 4.044283866882324, 3.385622024536133, 2.947824716567993, 3.018113374710083, 3.3941519260406494, 6.192494869232178, 5.563136577606201, 6.014108180999756, 6.218574047088623, 6.2941460609436035, 6.376043796539307], "NO2": [0.00023840130597818643, 0.34768593311309814, 0.6940257549285889, 0.9380221962928772, 1.0584779977798462, 1.003580093383789, 0.6354091763496399, 0.5012927055358887, 0.5439213514328003, 1.1179088354110718, 0.7788849472999573, 1.7587300539016724, 6.7254204750061035, 6.6344757080078125, 5.578375339508057, 5.28270149230957, 2.3946022987365723, 0.6226005554199219, 0.3339642882347107, 1.8604586124420166, 4.240346908569336, 8.648030281066895, 6.60720682144165, 6.015475273132324], "SO2": [3.81673154453005e-13, 3.816008652731545e-13, 3.816700373717591e-13, 3.8167331708333085e-13, 4.989820188983085e-12, 1.2394221066136524e-11, 3.8224029497158085e-10, 9.425788149997061e-09, 2.0573244441379757e-08, 0.005138800013810396, 0.01912285014986992, 0.22871281206607819, 0.003996126353740692, 0.04767600819468498, 0.04830360785126686, 0.04014653339982033, 0.038223426789045334, 0.04154278337955475, 0.03248271346092224, 0.07794661819934845, 0.012365163303911686, 0.13506671786308289, 0.164955735206604, 0.1964702010154724], "O3": [0.001054840860888362, 6.050708293914795, 1.056760311126709, 0.03840180113911629, 4.591509878082434e-06, 0.0001741739979479462, 0.00314731290563941, 0.0020623470190912485, 1.766545295715332, 17.19767951965332, 40.21831512451172, 44.683372497558594, 28.249494552612305, 30.925086975097656, 28.838653564453125, 24.590200424194336, 24.931385040283203, 39.32027053833008, 47.377479553222656, 51.14949035644531, 38.94750213623047, 37.43737030029297, 37.80402755737305, 35.526973724365234], "PM10": [0.002406521001830697, 0.008234287612140179, 0.008286980912089348, 0.006926660891622305, 0.013834912329912186, 0.012251061387360096, 0.012617968022823334, 0.011768059805035591, 0.012076346203684807, 0.010291983373463154, 0.13840283453464508, 0.27469950914382935, 0.37235307693481445, 0.24332380294799805, 0.18806956708431244, 0.15294848382472992, 0.15149350464344025, 0.14451420307159424, 0.2738691568374634, 0.9946785569190979, 0.4215872585773468, 0.34274059534072876, 0.30006489157676697, 0.2739238739013672], "PM25": [1.0000000168623835e-16, 1.0040759658743508e-16, 1.2411617451253606e-16, 1.0000000830368325e-16, 1.485325477267415e-16, 6.017497698046492e-13, 4.429538680295053e-10, 1.7545804809060428e-09, 7.88471093970955e-11, 7.347907872434778e-12, 2.0175765761852246e-15, 1.8409778035094487e-16, 2.11127239619518e-15, 1.8864033599075292e-13, 1.246447281326446e-12, 7.524464558372745e-12, 3.249029951329918e-12, 1.1578391240565922e-12, 8.545001779590574e-16, 4.219852921683986e-15, 2.427714713287843e-12, 2.023175203758054e-11, 1.7087451245623164e-11, 2.5283278942689336e-11]}