{"CO": [3.535313589964062e-05, 0.001474473625421524, 0.04193762317299843, 0.005865768063813448, 0.004378265235573053, 0.0049335164949297905, 0.004805002361536026, 0.006022042594850063, 0.005893985740840435, 0.9677542448043823, 3.5183005332946777, 5.09465217590332, 5.9699273109436035, 4.5608134269714355, 3.876600742340088, 3.956698179244995, 5.375116348266602, 6.3749189376831055, 6.470373153686523, 5.8354315757751465, 5.781689643859863, 6.4210896492004395, 6.727236747741699, 6.71692419052124], "NO2": [0.0007651002379134297, 0.006953531410545111, 0.038359135389328, 0.01799909956753254, 0.1588759422302246, 0.2245909869670868, 0.2515176832675934, 0.2441921979188919, 0.018956072628498077, 0.054858215153217316, 0.11898407340049744, 0.26557451486587524, 0.42432183027267456, 0.5058587789535522, 0.6568311452865601, 0.8157434463500977, 0.27200624346733093, 0.06660301983356476, 0.0703873336315155, 0.11280887573957443, 0.4041305184364319, 0.5935637950897217, 0.6132723093032837, 0.6467839479446411], "SO2": [3.8167171788512644e-13, 6.172939763515739e-13, 4.450236845698896e-10, 3.0300158215812445e-11, 1.2869722354480473e-07, 5.743363090005005e-06, 1.0383534572611097e-05, 8.893854828784242e-05, 0.007037655916064978, 0.040310829877853394, 0.048199281096458435, 0.027723278850317, 0.08582809567451477, 0.15318650007247925, 0.14174479246139526, 0.15326055884361267, 0.20984241366386414, 0.24555128812789917, 0.11882411688566208, 0.004479411523789167, 0.055960915982723236, 0.11874207854270935, 0.2188374251127243, 0.21884289383888245], "O3": [0.007918140850961208, 0.17984609305858612, 1.9392404556274414, 0.2774732708930969, 0.06204086169600487, 0.021527700126171112, 0.029864273965358734, 0.00779393594712019, 0.3456481397151947, 7.358954906463623, 28.688844680786133, 36.11460876464844, 37.2347412109375, 26.823894500732422, 21.62552261352539, 20.344667434692383, 29.173070907592773, 38.30625915527344, 40.325599670410156, 43.665557861328125, 37.48828125, 34.438480377197266, 33.553245544433594, 34.89137268066406], "PM10": [0.0029575140215456486, 0.005500521045178175, 0.008686191402375698, 0.015066101215779781, 0.011162600480020046, 0.011919309385120869, 0.0113915940746665, 0.011906965635716915, 0.02829447202384472, 0.036160293966531754, 0.11544258892536163, 0.13557516038417816, 0.21692129969596863, 0.13229413330554962, 0.11743081361055374, 0.11769893020391464, 0.15334251523017883, 0.1935359239578247, 0.2283468395471573, 0.22565241158008575, 0.21809543669223785, 0.2309362143278122, 0.19371335208415985, 0.19662359356880188], "PM25": [2.092065712357952e-15, 5.107922006371279e-13, 2.229178051038616e-07, 2.909663976424781e-08, 3.050917296576472e-09, 3.6638601841332274e-07, 2.620104411210633e-10, 3.9221135921252426e-06, 0.0005081486306153238, 0.000398998090531677, 4.1398408939130604e-05, 5.185376039662515e-08, 1.2481424960242293e-07, 3.240314017105561e-09, 9.992135346692521e-06, 1.3389983905653935e-05, 3.2344380542781437e-06, 2.8756212486769073e-06, 8.628271075394878e-07, 7.024656856202682e-09, 1.1126349619416942e-07, 3.410470753806294e-06, 3.261726305936463e-05, 3.896086855093017e-05]}