{"CO": [0.00014623085735365748, 0.007800341583788395, 0.00653448048979044, 0.0010737135307863355, 0.015255099162459373, 0.012094983831048012, 0.020388424396514893, 0.06665243208408356, 0.23681752383708954, 1.214416742324829, 4.005977630615234, 5.9392924308776855, 5.46030330657959, 4.090839862823486, 3.479093551635742, 3.6107711791992188, 3.7402398586273193, 4.142950057983398, 5.111090660095215, 5.8330583572387695, 4.955552577972412, 5.727416515350342, 6.306229114532471, 6.473753929138184], "NO2": [0.002569794887676835, 0.05640371888875961, 0.042176488786935806, 0.005431000143289566, 0.4682312607765198, 0.4193580150604248, 0.27077361941337585, 0.41856077313423157, 0.10607448220252991, 0.15552160143852234, 0.14161178469657898, 0.3797892928123474, 0.6753455400466919, 1.3268800973892212, 0.967124342918396, 0.8912036418914795, 0.30532386898994446, 0.15301518142223358, 0.10625224560499191, 0.5636042952537537, 0.6507983207702637, 1.4298027753829956, 0.9664748311042786, 0.814387857913971], "SO2": [3.816723413013756e-13, 3.816019223702727e-13, 3.8160788548222135e-13, 4.4106864827142545e-09, 5.199458428251091e-06, 2.423069963697344e-05, 0.00010667292372090742, 0.00246995035558939, 0.009130877442657948, 0.04124894365668297, 0.04561023786664009, 0.008043982088565826, 0.05955764278769493, 0.053839199244976044, 0.04400042071938515, 0.08300087600946426, 0.10850196331739426, 0.12081435322761536, 0.05708112195134163, 0.00034313727519474924, 0.007975961081683636, 0.029471931979060173, 0.06594741344451904, 0.16142340004444122], "O3": [0.022652991116046906, 0.9848960638046265, 0.6455806493759155, 0.05440909042954445, 0.17018182575702667, 0.03282269090414047, 0.017348384484648705, 0.09757447987794876, 1.9943506717681885, 10.487367630004883, 31.630460739135742, 35.78239440917969, 31.662322998046875, 26.967710494995117, 25.0512752532959, 22.886127471923828, 22.446855545043945, 27.421077728271484, 36.97987365722656, 37.40251922607422, 27.7878475189209, 30.737001419067383, 34.123329162597656, 34.15933609008789], "PM10": [0.0036191162653267384, 0.008560682646930218, 0.013583517633378506, 0.007449158001691103, 0.6230950355529785, 4.10947847366333, 11.770292282104492, 22.975614547729492, 0.011621279641985893, 0.04200579226016998, 0.18193243443965912, 0.2633318603038788, 0.17214033007621765, 6.6913557052612305, 15.098076820373535, 22.142229080200195, 0.1336369812488556, 0.15363962948322296, 0.3530638515949249, 3.323741912841797, 1.688984751701355, 6.711882591247559, 22.028045654296875, 17.63558006286621], "PM25": [4.5892731577623636e-05, 5.6286819017259404e-05, 9.936836431734264e-05, 0.0004762645112350583, 0.30470022559165955, 2.0320546627044678, 5.79807710647583, 11.135774612426758, 0.0005146987386979163, 7.254665979417041e-05, 0.00012495268310885876, 0.005504499189555645, 0.00018875635578297079, 3.0928752422332764, 7.118741989135742, 10.408499717712402, 0.0002909857430495322, 8.294647705042735e-05, 9.055013651959598e-05, 1.566777229309082, 0.39569079875946045, 3.1032466888427734, 10.249547958374023, 8.265130996704102]}