{"CO": [1.0141312714040396e-06, 0.015939362347126007, 0.011093496344983578, 0.008347319439053535, 0.004732662346214056, 0.004535518120974302, 0.004218274727463722, 0.0037325171288102865, 0.005080217495560646, 0.23399662971496582, 4.396548271179199, 5.375833034515381, 5.435696601867676, 3.2808539867401123, 1.4686366319656372, 1.1664129495620728, 1.2447736263275146, 2.107952356338501, 6.1042304039001465, 5.817839622497559, 5.845711708068848, 6.320280075073242, 6.488239288330078, 6.555152416229248], "NO2": [1.3084300007903948e-05, 0.06408539414405823, 0.05165163055062294, 0.21517153084278107, 0.2782347500324249, 0.28985852003097534, 0.2690885365009308, 0.22859349846839905, 0.08726144582033157, 0.53307044506073, 0.41642677783966064, 2.4795982837677, 2.6602120399475098, 2.8910751342773438, 2.1001710891723633, 2.7120535373687744, 0.9128026366233826, 0.5430777072906494, 0.2277587652206421, 1.203941822052002, 3.1092288494110107, 3.743293046951294, 3.101741313934326, 3.619180679321289], "SO2": [3.816733983984938e-13, 3.815585813884276e-13, 3.816734526086024e-13, 3.816734526086024e-13, 3.9401527830371097e-13, 1.317218903396089e-11, 6.54312326542339e-10, 6.984904210582954e-09, 4.170014733517746e-08, 2.1817022570758127e-05, 3.816734526086024e-13, 2.9006491786276456e-06, 0.019709238782525063, 0.05825912579894066, 0.025076091289520264, 0.020783526822924614, 0.0267394557595253, 0.02700006030499935, 0.0019971204455941916, 4.8738605983089656e-05, 0.09455293416976929, 0.21368750929832458, 0.2444562315940857, 0.2622981667518616], "O3": [8.865816198522225e-05, 0.9956811666488647, 0.7224569320678711, 0.3222728371620178, 0.03540366142988205, 0.00997382402420044, 0.009386585094034672, 0.003764810273423791, 0.4145227074623108, 9.857531547546387, 40.554439544677734, 36.8809928894043, 38.284122467041016, 31.7225341796875, 15.724705696105957, 11.68774700164795, 10.455787658691406, 23.21489906311035, 50.48204040527344, 45.506771087646484, 45.45030975341797, 41.45240020751953, 36.55716323852539, 35.019920349121094], "PM10": [0.002401461126282811, 0.008339510299265385, 0.007152191828936338, 0.010969089344143867, 0.007502750027924776, 0.006660450249910355, 0.006507576443254948, 0.0072781676426529884, 0.00985307153314352, 0.009396547451615334, 0.19326789677143097, 0.5698137283325195, 0.5623817443847656, 0.14331501722335815, 0.045637160539627075, 0.034913450479507446, 0.038624703884124756, 0.08004707843065262, 0.5906413793563843, 0.4839576780796051, 0.48325657844543457, 0.267609566450119, 0.2198016345500946, 0.21000097692012787], "PM25": [1.0389021225474054e-16, 1.0583267056103146e-16, 2.696916640459638e-16, 2.2136973142430644e-16, 9.575304069268735e-16, 6.103226864867528e-12, 1.3177256508178914e-10, 4.601651004687568e-10, 1.37071298755842e-10, 4.881413676049995e-11, 2.9441385585879745e-16, 4.1182326319964336e-16, 5.057658609648253e-16, 9.861193570834823e-16, 7.127779710046096e-15, 3.7727874752264967e-13, 4.987427029527758e-13, 7.422543618152214e-14, 1.0623207306544147e-16, 1.0352021767546802e-16, 6.685431999935588e-16, 2.7049789816900593e-13, 1.1789397583172878e-12, 4.227366720566117e-12]}