{"CO": [0.00040060083847492933, 0.005536341108381748, 0.019941365346312523, 0.01830684021115303, 0.01635137014091015, 0.0072250086814165115, 0.0031454055570065975, 2.0393730665091425e-05, 0.0049234419129788876, 0.03074691630899906, 0.2336156964302063, 2.0121819972991943, 4.778273105621338, 4.424551486968994, 3.607501745223999, 3.999992609024048, 4.857238292694092, 6.183130741119385, 5.861192226409912, 6.443939685821533, 6.194098472595215, 6.109804630279541, 6.1824564933776855, 6.546212196350098], "NO2": [0.0005641189636662602, 0.004435716662555933, 0.02396208420395851, 0.10159189254045486, 0.6245831251144409, 0.41566231846809387, 0.4430934190750122, 0.33089953660964966, 0.05172961205244064, 0.06077729910612106, 0.05995974317193031, 0.20398782193660736, 0.2913864850997925, 0.315508097410202, 0.40059682726860046, 0.5897403359413147, 0.21653087437152863, 0.051824506372213364, 0.09686123579740524, 0.12659522891044617, 0.17793850600719452, 0.3935389220714569, 0.48517391085624695, 0.8732010126113892], "SO2": [0.05199594423174858, 0.5908793210983276, 0.15340879559516907, 0.9208875298500061, 0.08049498498439789, 1.2482925626500219e-07, 0.01094332430511713, 2.0326702099282556e-08, 0.03503384813666344, 0.26984119415283203, 1.2853202819824219, 2.8105392456054688, 5.500155111803906e-06, 2.0456868696783204e-06, 1.6578558970081758e-08, 9.832506364659821e-09, 0.03838088735938072, 0.41820386052131653, 1.7890676259994507, 0.5602929592132568, 3.3254407298954902e-06, 6.007280262565473e-06, 4.2420893464623077e-07, 1.332619649474509e-05], "O3": [0.002077594166621566, 0.20637238025665283, 0.9384392499923706, 0.5876819491386414, 0.1251973807811737, 0.05115993320941925, 0.03309576213359833, 0.024190088734030724, 0.44979166984558105, 1.7710543870925903, 5.688916206359863, 14.031608581542969, 36.13548278808594, 33.34696578979492, 25.86397361755371, 27.71220588684082, 27.528427124023438, 36.383914947509766, 33.93826675415039, 48.8914794921875, 46.7850227355957, 44.08272171020508, 42.55698776245117, 34.579872131347656], "PM10": [0.2655472159385681, 0.9084822535514832, 0.42307960987091064, 1.070615530014038, 0.865747332572937, 1.0501015186309814, 2.3131191730499268, 1.438075065612793, 0.9701837301254272, 0.5772188305854797, 2.6341793537139893, 6.602775573730469, 0.2542068660259247, 0.1284893900156021, 0.10225237160921097, 0.11065474152565002, 0.8086185455322266, 0.7042396664619446, 3.9510483741760254, 2.8636698722839355, 0.3001917600631714, 0.25547781586647034, 0.2482912540435791, 3.1009607315063477], "PM25": [0.10257573425769806, 0.4558729827404022, 0.006397378630936146, 0.36721542477607727, 2.7971149393124506e-05, 0.48392924666404724, 0.4171486496925354, 0.03045332431793213, 0.48218241333961487, 0.11543847620487213, 0.7827834486961365, 3.159029245376587, 2.565527211118024e-05, 2.5577387532393914e-06, 0.00048350339056923985, 0.00010951307922368869, 0.1896660178899765, 0.18823525309562683, 1.3142262697219849, 1.1778453588485718, 1.6727581169106998e-05, 7.473786354239564e-06, 0.0001419595064362511, 0.7961266040802002]}