{"CO": [2.03586796487798e-06, 0.03850746154785156, 0.010854593478143215, 0.010684819892048836, 0.012636439874768257, 0.01121558714658022, 0.01008849311619997, 0.008454418741166592, 0.011637075804173946, 0.46219149231910706, 5.530062198638916, 5.623067855834961, 4.780157089233398, 2.5677294731140137, 2.009795665740967, 2.270327568054199, 2.38161039352417, 3.843594789505005, 6.256547451019287, 5.988050937652588, 6.051949501037598, 6.290515899658203, 6.497124671936035, 6.6081342697143555], "NO2": [2.363706153118983e-05, 0.22662368416786194, 0.06519433110952377, 0.2794463038444519, 0.665092408657074, 0.7589849829673767, 0.6206250190734863, 0.5250043869018555, 0.14413811266422272, 0.9215115904808044, 0.12497033178806305, 0.2925756871700287, 1.0596805810928345, 1.3154139518737793, 1.5635814666748047, 1.8528910875320435, 0.3746818006038666, 0.7736514806747437, 0.17595164477825165, 0.24136435985565186, 1.8251317739486694, 1.6292543411254883, 1.9185160398483276, 1.9857655763626099], "SO2": [3.816732357681679e-13, 3.816734526086024e-13, 3.816734526086024e-13, 3.816734526086024e-13, 3.816730189277334e-13, 5.130756063065345e-12, 5.031121297349728e-09, 1.1763839324885339e-07, 5.407297521742294e-06, 3.816734526086024e-13, 0.0004557335050776601, 3.816734526086024e-13, 0.03410406783223152, 0.06636055558919907, 0.05709846690297127, 0.07369349896907806, 0.0719117745757103, 3.816734526086024e-13, 3.8167347971365673e-13, 3.816734526086024e-13, 0.0029364905785769224, 0.08025115728378296, 0.16683878004550934, 0.21693605184555054], "O3": [0.0003737528750207275, 2.2648348808288574, 0.9550876617431641, 0.8237401247024536, 0.48055362701416016, 0.264519602060318, 0.2263321876525879, 0.1287640780210495, 0.9483858346939087, 21.227296829223633, 44.82383346557617, 41.737205505371094, 39.502872467041016, 21.06966209411621, 14.46777057647705, 14.485620498657227, 15.663129806518555, 38.7018928527832, 51.48905944824219, 47.950077056884766, 47.158592224121094, 46.59388732910156, 42.511070251464844, 40.00382995605469], "PM10": [0.002435096772387624, 0.010798798874020576, 0.016456961631774902, 0.0149131640791893, 0.014537787064909935, 0.013628693297505379, 0.012457411736249924, 0.011195238679647446, 0.010822678916156292, 0.007410779595375061, 0.3577091693878174, 0.5137616991996765, 0.3120196759700775, 0.11274521797895432, 0.08417224884033203, 0.0838628038764, 0.0896785780787468, 0.18791033327579498, 0.22371941804885864, 0.3789784610271454, 0.4328218698501587, 0.3144940137863159, 0.2569888234138489, 0.23183585703372955], "PM25": [1.0668294605628697e-16, 1.3763887022699375e-16, 2.1734696019955896e-16, 1.9018475763326128e-16, 1.8177193375690297e-16, 3.629228706024824e-15, 8.385717250800062e-13, 3.2266554012005955e-11, 6.096356752749443e-10, 2.1794014509746162e-11, 7.119992258535629e-14, 1.8212334919787306e-14, 1.6073053261608794e-14, 1.1002371838033861e-14, 1.1138879667813364e-13, 2.208359580271879e-12, 8.79215970861491e-12, 1.5673646191691204e-12, 1.0967496442276792e-13, 1.3031212258351674e-14, 9.800941169757493e-10, 6.123643259137168e-10, 2.425068479361414e-10, 1.1468327676400492e-10]}