{"CO": [1.196851144413813e-06, 0.06556209921836853, 0.0145772909745574, 0.012855074368417263, 0.011576353572309017, 0.009311200119554996, 0.007587747648358345, 0.006210984196513891, 0.007661821320652962, 0.2345832884311676, 4.829243183135986, 4.595651626586914, 4.4955620765686035, 2.969653606414795, 1.5870997905731201, 1.8331106901168823, 3.0392072200775146, 4.0412750244140625, 6.353250026702881, 6.067081451416016, 6.074860572814941, 6.2733659744262695, 6.524141788482666, 6.668737888336182], "NO2": [1.381823039992014e-05, 0.4301266670227051, 0.04997255280613899, 0.6387129426002502, 1.2692316770553589, 0.8655762672424316, 0.5951247215270996, 0.3941810429096222, 0.06132735311985016, 0.5130773186683655, 0.4492407441139221, 1.7003118991851807, 3.461056709289551, 3.2416651248931885, 2.3986101150512695, 2.728376626968384, 0.5095505714416504, 0.49029168486595154, 0.4334561824798584, 0.7664425373077393, 2.5490643978118896, 3.5595641136169434, 3.73128604888916, 3.5790586471557617], "SO2": [3.816733712934395e-13, 3.8162016407182475e-13, 3.816361018437603e-13, 3.816734526086024e-13, 3.8167347971365673e-13, 2.8771095748891806e-12, 2.2569858482146543e-10, 8.34910629521346e-09, 7.560419135188567e-08, 1.35116988531081e-06, 8.447553227597382e-06, 0.0003036766720470041, 0.02331550233066082, 0.06035804748535156, 0.033227212727069855, 0.05612209811806679, 0.11413131654262543, 0.10492704808712006, 3.816734526086024e-13, 8.857934119532729e-08, 0.01503025833517313, 0.10955457389354706, 0.19030970335006714, 0.23982083797454834], "O3": [9.87361345323734e-05, 3.200657367706299, 0.9609066843986511, 0.8049978017807007, 0.018170461058616638, 0.013214449398219585, 0.05696336179971695, 0.05188087373971939, 0.6498581767082214, 10.036762237548828, 40.32488250732422, 35.026023864746094, 34.64622116088867, 22.307994842529297, 11.9642972946167, 11.094977378845215, 17.438499450683594, 31.794431686401367, 52.38878631591797, 45.90946960449219, 47.012611389160156, 45.72259521484375, 41.853702545166016, 39.485164642333984], "PM10": [0.0024237134493887424, 0.0075804684311151505, 0.016615964472293854, 0.01310510840266943, 0.013781384564936161, 0.013558692298829556, 0.012384029105305672, 0.011005682870745659, 0.01015930250287056, 0.010493540205061436, 0.4237627685070038, 0.35954925417900085, 0.2457292377948761, 0.11325699836015701, 0.053062088787555695, 0.06353942304849625, 0.09659621864557266, 0.1551891267299652, 0.35569053888320923, 0.2747780978679657, 0.3145124316215515, 0.26388299465179443, 0.23864585161209106, 0.2213391214609146], "PM25": [1.0798131521552981e-16, 1.0689938282664515e-16, 2.396015068090244e-16, 1.865551155751582e-16, 2.65267849190471e-15, 4.5936372761179456e-11, 8.970346687675601e-11, 1.0113758719398902e-09, 8.172936216688242e-10, 4.5787866553848033e-11, 2.383572939718137e-13, 2.1052864990602285e-14, 2.0058312785254176e-14, 2.1970602420706697e-12, 3.531494758082787e-12, 2.51156161840127e-11, 2.273887501902383e-11, 4.562696574728076e-12, 3.3424858187643776e-15, 5.378924505783887e-14, 9.643701635864144e-12, 1.996133813797485e-10, 1.5046065782176044e-10, 3.355347388822594e-10]}