{"CO": [0.005354371387511492, 0.03271001949906349, 0.0035222575534135103, 0.03250344842672348, 0.027832938358187675, 0.01946273446083069, 0.010414035059511662, 0.00875372625887394, 0.03688259795308113, 0.44985365867614746, 0.7266223430633545, 2.5643930435180664, 4.442169189453125, 4.153183460235596, 2.928596258163452, 2.3515677452087402, 3.681392192840576, 3.791923999786377, 2.3070311546325684, 6.24110746383667, 6.037440299987793, 6.132320404052734, 6.322120666503906, 6.491924285888672], "NO2": [0.4701726734638214, 0.26286566257476807, 0.12260819226503372, 2.1625783443450928, 2.2029619216918945, 1.7986124753952026, 0.9648138284683228, 0.6980521082878113, 2.123770236968994, 0.9040930271148682, 0.7211653590202332, 3.391631841659546, 9.543072700500488, 13.759389877319336, 13.942737579345703, 9.377647399902344, 3.1582581996917725, 0.7318295240402222, 0.7636954188346863, 5.6780009269714355, 9.297993659973145, 13.158014297485352, 12.99124813079834, 11.376653671264648], "SO2": [3.8165252750667344e-13, 3.8163602052859735e-13, 3.8165542774748484e-13, 4.337008183141755e-13, 1.5691660470995572e-10, 5.98563254516904e-10, 4.132243991428197e-10, 1.899419288520221e-08, 5.703067795792549e-09, 1.1348523685228429e-06, 0.0012839864939451218, 0.06911935657262802, 0.04352517053484917, 0.050696320831775665, 0.053539909422397614, 0.04899239167571068, 0.04296059533953667, 0.043058983981609344, 0.014187335968017578, 0.006753609050065279, 0.0091362614184618, 0.04334118217229843, 0.1219700425863266, 0.18534868955612183], "O3": [1.801698923110962, 3.30197811126709, 0.548246443271637, 0.5523568987846375, 0.020427566021680832, 3.3620556223468157e-06, 4.7969479055609554e-05, 8.145084575517103e-05, 5.844176292419434, 24.71487808227539, 21.06845474243164, 18.795053482055664, 28.012662887573242, 18.725080490112305, 11.43624496459961, 10.367877006530762, 30.02100944519043, 44.20875930786133, 27.625606536865234, 32.13422393798828, 35.77489471435547, 31.286117553710938, 31.8770751953125, 30.093212127685547], "PM10": [0.008664390072226524, 0.008582503534853458, 0.008885206654667854, 0.010918587446212769, 0.012075413018465042, 0.01264973171055317, 0.013902444392442703, 0.012800122611224651, 0.013034150935709476, 0.01178626250475645, 0.012332272715866566, 0.03780418634414673, 0.3841606080532074, 0.3460051119327545, 0.19545602798461914, 0.129334956407547, 0.22106905281543732, 0.16622355580329895, 0.08363950997591019, 0.14416387677192688, 0.49089863896369934, 0.6240259408950806, 0.3567770719528198, 0.3115284740924835], "PM25": [1.0000000830368325e-16, 1.0000000168623835e-16, 1.010505938560746e-16, 1.2329876124865606e-16, 1.3508718347339017e-16, 5.650218507350128e-16, 1.787904893579828e-11, 7.495535858659252e-10, 7.775294297296398e-11, 6.038559409449196e-13, 3.908746698706722e-14, 4.149445849042314e-15, 7.314046490312053e-15, 1.1211041792721747e-14, 2.321514020516696e-13, 3.5347133206520276e-12, 2.3252513196153624e-12, 1.3743661157056275e-13, 5.3495483867335714e-14, 1.3356759842508207e-15, 1.0273865785892511e-10, 4.019281019118637e-10, 1.9578438870127002e-10, 9.673754158834313e-11]}