{"CO": [0.00011715746950358152, 0.014771990478038788, 0.026125162839889526, 0.0293167382478714, 0.02349860779941082, 0.0070534381084144115, 0.004482347052544355, 0.006051653064787388, 0.010519417934119701, 0.06827972829341888, 0.2462426871061325, 0.2650849223136902, 2.915832042694092, 4.071770191192627, 4.257179260253906, 4.506008148193359, 4.534850597381592, 4.670076370239258, 5.032471656799316, 5.063364505767822, 6.278838157653809, 5.960917949676514, 6.065836429595947, 6.097362518310547], "NO2": [6.382144056260586e-05, 0.029763152822852135, 0.029444728046655655, 0.49053260684013367, 0.5170449614524841, 0.3292801082134247, 0.22790664434432983, 0.2969820201396942, 0.0588509738445282, 0.14037607610225677, 0.12036413699388504, 0.8164435029029846, 2.439389705657959, 3.2186214923858643, 2.2421762943267822, 2.7487545013427734, 1.2551791667938232, 0.40286192297935486, 0.39113256335258484, 1.8002392053604126, 1.175025463104248, 2.812436819076538, 2.2787575721740723, 2.6275827884674072], "SO2": [0.04118886962532997, 0.5286560654640198, 0.14742104709148407, 0.06286558508872986, 0.10323691368103027, 0.0613006092607975, 0.061404626816511154, 0.0826260969042778, 1.5525305271148682, 0.930336058139801, 0.5357035398483276, 0.400473028421402, 0.103037528693676, 0.020649177953600883, 0.47196972370147705, 0.5825467109680176, 0.6984026432037354, 0.9150953888893127, 0.8008471131324768, 0.5367535352706909, 0.18359234929084778, 0.13605648279190063, 0.0363728404045105, 0.38216960430145264], "O3": [0.0010552217718213797, 0.8417834639549255, 1.0613958835601807, 1.6851296424865723, 0.4837300777435303, 0.017824800685048103, 0.0033006444573402405, 0.005329404957592487, 0.542998194694519, 3.0668163299560547, 4.365028381347656, 3.757816791534424, 21.494596481323242, 25.591211318969727, 28.12950897216797, 30.370214462280273, 27.619138717651367, 33.41183853149414, 36.34498977661133, 33.11769485473633, 46.23202133178711, 39.8572998046875, 38.69462966918945, 44.31317901611328], "PM10": [0.12086915224790573, 1.1022220849990845, 0.451127290725708, 0.2888135015964508, 0.6356122493743896, 0.22627855837345123, 0.2500453591346741, 0.28782108426094055, 4.708603382110596, 3.027984619140625, 2.4455244541168213, 2.1795904636383057, 1.0864264965057373, 0.4301147758960724, 1.4635772705078125, 1.5108754634857178, 1.9145063161849976, 2.916743516921997, 2.8278188705444336, 2.1804206371307373, 1.16372811794281, 1.1853893995285034, 0.5740664005279541, 1.603804349899292], "PM25": [0.05878688022494316, 0.104808509349823, 0.03109757974743843, 0.019687127321958542, 0.2252093404531479, 0.09287522733211517, 0.09459713101387024, 0.11932878941297531, 2.261160373687744, 0.3158952593803406, 0.18219506740570068, 0.16831324994564056, 0.1626160591840744, 0.020571647211909294, 0.48783576488494873, 0.47456756234169006, 0.5955043435096741, 0.9786060452461243, 0.7660741806030273, 0.5526618957519531, 0.1789381206035614, 0.24198855459690094, 0.040901850908994675, 0.2793527841567993]}