{"CO": [1.5588994983772864e-06, 0.0031132835429161787, 0.007616845425218344, 0.011668132618069649, 0.010764664970338345, 0.008757936768233776, 0.011321931146085262, 0.006560369860380888, 0.012866398319602013, 1.175506591796875, 5.911714553833008, 5.0352864265441895, 4.399691581726074, 2.3943333625793457, 2.3865907192230225, 2.8980166912078857, 3.1281027793884277, 3.371938943862915, 6.248269557952881, 6.077754974365234, 6.113603115081787, 6.623079776763916, 6.670011520385742, 6.6173996925354], "NO2": [3.1106494134292006e-05, 0.04069267958402634, 0.017407596111297607, 0.060884781181812286, 0.49198243021965027, 0.4882490634918213, 0.4141322076320648, 0.3812533915042877, 0.172700896859169, 0.6179131269454956, 0.10386031866073608, 0.18328720331192017, 0.7517119646072388, 1.5430222749710083, 1.3631442785263062, 1.8236809968948364, 0.48547106981277466, 0.9231295585632324, 0.19167084991931915, 0.26809605956077576, 1.1373772621154785, 1.3510662317276, 1.2101129293441772, 1.4275226593017578], "SO2": [3.816732086631136e-13, 3.816734526086024e-13, 3.8162710296572866e-13, 3.8166572766812346e-13, 7.055857092173878e-13, 4.101694095481889e-09, 1.237972497847295e-07, 5.11406653913582e-07, 2.5327653929707594e-06, 3.8167347971365673e-13, 3.8167347971365673e-13, 3.816734526086024e-13, 0.10552928596735, 0.07753439247608185, 0.0883534699678421, 0.11641114950180054, 0.10970520973205566, 2.5826446290011518e-05, 3.816734526086024e-13, 3.816734526086024e-13, 0.018424704670906067, 0.20196902751922607, 0.24454903602600098, 0.25538918375968933], "O3": [0.00023139028053265065, 0.1776929646730423, 0.45366862416267395, 0.6445925831794739, 0.22236616909503937, 0.19480635225772858, 0.3922146260738373, 0.13933824002742767, 1.084281086921692, 28.420194625854492, 47.814979553222656, 44.35588836669922, 40.51703643798828, 19.2522029876709, 16.376598358154297, 17.395309448242188, 19.05237579345703, 29.34592056274414, 49.67866134643555, 53.5629997253418, 51.396697998046875, 41.609649658203125, 39.73732376098633, 38.91364669799805], "PM10": [0.0024139152374118567, 0.011071166954934597, 0.0156939085572958, 0.017252620309591293, 0.015781529247760773, 0.013187938369810581, 0.011570919305086136, 0.010945478454232216, 0.011035675182938576, 0.13867858052253723, 0.6433958411216736, 0.5135834217071533, 0.2021273970603943, 0.11283431202173233, 0.09987480193376541, 0.10422676801681519, 0.11316286027431488, 0.17653828859329224, 0.37793105840682983, 0.48796239495277405, 0.314243346452713, 0.24081972241401672, 0.2189076840877533, 0.2141922116279602], "PM25": [1.0628753387115192e-16, 1.4137300174007453e-16, 2.3549188823740377e-16, 2.1587755655941976e-16, 1.9722684397294573e-16, 1.639395741114848e-16, 7.642349472646004e-16, 3.1308205268761047e-13, 9.390101890494051e-11, 5.681293109571772e-12, 1.2447298449458897e-15, 1.0889826570332183e-14, 8.431726793004836e-15, 8.902025743341788e-15, 1.1703761705172521e-14, 3.9219732875846874e-14, 2.986037795065649e-13, 6.896713560487766e-13, 5.685184853269909e-13, 2.250639452583414e-09, 2.2819826028808166e-09, 3.34384020472811e-10, 1.1958006806978005e-10, 8.076696256242855e-11]}