{"CO": [0.004910839721560478, 0.008078564889729023, 0.012920167297124863, 0.030614737421274185, 0.023397600278258324, 0.006646770518273115, 0.005515953991562128, 0.007460322231054306, 0.011411701329052448, 0.09859336912631989, 0.726381778717041, 0.4721696078777313, 3.2841968536376953, 3.8169362545013428, 4.314077377319336, 4.492169380187988, 4.3578691482543945, 4.914643287658691, 5.722096920013428, 5.163264274597168, 6.232275009155273, 5.906222343444824, 6.066209316253662, 6.096164226531982], "NO2": [0.004107876215130091, 0.00822245329618454, 0.009984529577195644, 0.2511986196041107, 0.556473970413208, 0.3077373206615448, 0.2354663908481598, 0.29151713848114014, 0.05640354007482529, 0.05686112493276596, 0.06452114880084991, 0.40173426270484924, 0.6754806041717529, 2.935617208480835, 1.2729979753494263, 0.8830745816230774, 0.6877037882804871, 0.12112618237733841, 0.09377174824476242, 0.2815987765789032, 0.22501419484615326, 1.3956433534622192, 1.1610368490219116, 0.7844253778457642], "SO2": [1.69440758228302, 0.6202799081802368, 0.012290307320654392, 0.09518910944461823, 0.11413481831550598, 0.06667286902666092, 0.3929937481880188, 0.8581579923629761, 1.7270286083221436, 0.802187979221344, 0.3644830584526062, 0.39888429641723633, 0.17254434525966644, 0.06532047688961029, 1.794778823852539, 0.7491442561149597, 1.209506869316101, 1.1419641971588135, 0.6869091391563416, 0.6057733297348022, 0.18834072351455688, 0.1667124181985855, 0.052096471190452576, 1.263128399848938], "O3": [0.06188037618994713, 0.4298821687698364, 0.6514387130737305, 1.612549066543579, 0.463874876499176, 0.01852038875222206, 0.005075465887784958, 0.004512072075158358, 0.6993398666381836, 3.0695314407348633, 7.428944110870361, 5.3981170654296875, 25.915355682373047, 24.773496627807617, 27.608665466308594, 30.668920516967773, 28.315885543823242, 33.101627349853516, 36.42794418334961, 36.540428161621094, 49.260982513427734, 39.36865234375, 40.557579040527344, 44.9345703125], "PM10": [4.823414325714111, 1.269952416419983, 0.06283397972583771, 0.4230859875679016, 0.7779182195663452, 0.23603922128677368, 1.1860195398330688, 2.4509668350219727, 5.4083027839660645, 2.4767754077911377, 1.436004400253296, 2.033820629119873, 1.3293964862823486, 0.6415610909461975, 4.585958480834961, 1.9269702434539795, 3.2788121700286865, 3.4988372325897217, 1.8094946146011353, 2.3025848865509033, 1.1459131240844727, 1.359376072883606, 0.6323019862174988, 3.9095542430877686], "PM25": [2.371079444885254, 0.13965561985969543, 0.006606696173548698, 0.027836499735713005, 0.2820354998111725, 0.0979166179895401, 0.4086748957633972, 1.151717185974121, 2.46748948097229, 0.23259465396404266, 0.1117907166481018, 0.15440814197063446, 0.32597261667251587, 0.07983560115098953, 1.8009389638900757, 0.6213787198066711, 1.1063872575759888, 1.3354836702346802, 0.4599626064300537, 0.5364264845848083, 0.1678551882505417, 0.3104020357131958, 0.051415156573057175, 0.691547691822052]}