{"CO": [1.1925521903322078e-06, 0.002437389688566327, 0.00794257503002882, 0.009092257358133793, 0.010329133830964565, 0.007646973244845867, 0.0063936482183635235, 0.005317732226103544, 0.012627886608242989, 0.7660942077636719, 4.995137691497803, 5.232602119445801, 4.791383266448975, 3.499850273132324, 2.907977819442749, 2.31488037109375, 2.0315699577331543, 2.441082715988159, 6.227694034576416, 6.055852890014648, 6.045614242553711, 6.371986389160156, 6.4218316078186035, 6.489847660064697], "NO2": [2.1129588276380673e-05, 0.014243156649172306, 0.01989433914422989, 0.5569059252738953, 0.7426537275314331, 0.5189910531044006, 0.39597052335739136, 0.3436610996723175, 0.24585478007793427, 1.0115430355072021, 0.15328530967235565, 1.384738564491272, 2.7075693607330322, 1.929793119430542, 1.9536243677139282, 2.117107629776001, 0.6990343928337097, 0.6393851041793823, 0.12410589307546616, 0.08971919864416122, 1.42453932762146, 1.899816870689392, 1.473978042602539, 1.3470633029937744], "SO2": [3.816733983984938e-13, 3.8167347971365673e-13, 3.8166345084356124e-13, 3.816729918226791e-13, 6.746882783362218e-13, 2.6300365964931904e-12, 3.202582365968709e-10, 9.902604070077814e-09, 4.172046033090737e-07, 0.0036590155214071274, 0.02060200460255146, 0.0030137256253510714, 0.02353661321103573, 0.06360360980033875, 0.048315368592739105, 0.037362080067396164, 0.03006521239876747, 0.001780174090526998, 0.052958130836486816, 5.203365863182263e-11, 0.1461467444896698, 0.20805171132087708, 0.21514713764190674, 0.2443172186613083], "O3": [0.00020468646835070103, 0.2349110245704651, 0.40423789620399475, 0.18483075499534607, 0.0034963139332830906, 0.017229655757546425, 0.05178180709481239, 0.02777882292866707, 1.2954070568084717, 25.19777488708496, 44.129634857177734, 35.73671340942383, 36.9361457824707, 36.7474250793457, 31.262428283691406, 23.12875747680664, 20.307897567749023, 31.85608673095703, 51.355796813964844, 44.6120491027832, 48.45732879638672, 42.370479583740234, 40.43395233154297, 38.07872009277344], "PM10": [0.0024326585698872805, 0.007988928817212582, 0.006126970984041691, 0.014264645054936409, 0.012061749584972858, 0.012438490986824036, 0.011882501654326916, 0.011176588013768196, 0.01163259707391262, 0.011337708681821823, 0.43792372941970825, 0.2799605131149292, 0.3550431728363037, 0.16364192962646484, 0.12893995642662048, 0.10215022414922714, 0.08492695540189743, 0.10675687342882156, 0.4889225363731384, 0.48654705286026, 0.3838123679161072, 0.282737135887146, 0.25891706347465515, 0.2366277426481247], "PM25": [1.017323230297163e-16, 1.8909020577695152e-16, 2.6741965698363175e-16, 1.7934761958274275e-16, 9.455735839643134e-16, 3.3726886301127523e-12, 2.431305157202246e-11, 1.0766044306054212e-10, 3.082221283756681e-11, 1.1063285704215886e-12, 2.355108670693782e-16, 7.065237867715272e-16, 1.1223189727493032e-15, 9.309766228326327e-15, 6.717396821079302e-14, 1.822363657547066e-12, 8.79333715217423e-13, 1.5388253551181647e-13, 2.6383964576228184e-16, 1.2377883040640223e-16, 1.2657554685098753e-14, 8.310543551069693e-13, 3.517767674376948e-12, 8.380389264484034e-12]}