{"CO": [1.35659729494364e-06, 0.02002771571278572, 0.009792214259505272, 0.010963108390569687, 0.005040035583078861, 0.004610672127455473, 0.004194123670458794, 0.003722432302311063, 0.00703236972913146, 0.5264928340911865, 4.725758075714111, 5.138991355895996, 5.496735572814941, 3.551316261291504, 1.4218868017196655, 1.0234873294830322, 0.9124569892883301, 2.564908742904663, 5.738640785217285, 5.762203216552734, 5.824021339416504, 6.276581287384033, 6.467094421386719, 6.538399696350098], "NO2": [2.1296335035003722e-05, 0.09661643952131271, 0.06448335200548172, 0.5447862148284912, 0.31981131434440613, 0.2875522971153259, 0.2498559206724167, 0.22751685976982117, 0.16016420722007751, 0.952954888343811, 0.7091194987297058, 4.290169715881348, 4.269463062286377, 4.199656963348389, 3.124981641769409, 3.681678533554077, 0.7954199314117432, 0.8546802997589111, 0.24517887830734253, 2.3928699493408203, 4.925320625305176, 5.3822712898254395, 4.586781024932861, 5.619896411895752], "SO2": [3.816733983984938e-13, 3.81603250517934e-13, 3.8165434354531236e-13, 3.8187359632964324e-13, 4.415762460546757e-13, 3.120181196747396e-12, 2.9107860566313093e-10, 1.0502469116602242e-08, 1.5884218385053828e-07, 0.007151732221245766, 0.00033859856193885207, 0.0010247745085507631, 0.014224427752196789, 0.0637274831533432, 0.02447325922548771, 0.017390333116054535, 0.011407050304114819, 0.0040159812197089195, 0.0065715983510017395, 0.005695471540093422, 0.0739603191614151, 0.20555032789707184, 0.2392343282699585, 0.2586483955383301], "O3": [0.00011767093383241445, 1.2220152616500854, 0.56784588098526, 0.10185550153255463, 0.016430500894784927, 0.005912492983043194, 0.0027977279387414455, 0.0011291388655081391, 0.5748313069343567, 17.356515884399414, 40.82888412475586, 31.758277893066406, 36.26913070678711, 32.161258697509766, 13.867053985595703, 8.888092041015625, 9.920815467834473, 31.11932945251465, 51.684322357177734, 41.95505905151367, 43.37367248535156, 40.24845504760742, 35.58150863647461, 33.29513168334961], "PM10": [0.0024996469728648663, 0.01041741669178009, 0.008504889905452728, 0.0136386938393116, 0.00852799229323864, 0.0068096560426056385, 0.006097688339650631, 0.0071294778026640415, 0.01086676586419344, 0.00799583550542593, 0.42526188492774963, 0.25766751170158386, 0.6259554028511047, 0.17185544967651367, 0.047324903309345245, 0.03470127657055855, 0.03529536351561546, 0.10935702174901962, 0.5238909125328064, 0.3975580632686615, 0.5365089774131775, 0.29203957319259644, 0.23585253953933716, 0.22379589080810547], "PM25": [1.0214916911888383e-16, 1.256985379371255e-16, 2.2914456743781486e-16, 2.1598395183852878e-16, 4.3553385944543896e-16, 1.6875418163558864e-12, 4.930606964381745e-11, 4.3061898491458805e-10, 1.4177334306531009e-10, 2.216438317603764e-11, 2.2973439353667947e-16, 9.354696455738721e-16, 4.908489754889666e-16, 5.791833945801574e-16, 3.1073270262334815e-15, 2.7832060657886903e-13, 2.0384961893406967e-13, 1.690076369327033e-14, 9.999999506879345e-17, 9.999999506879345e-17, 3.8964322901975667e-16, 1.923417208924555e-13, 9.639566705618718e-13, 3.543656687532426e-12]}