{"CO": [2.8526403184514493e-05, 0.020794272422790527, 0.004776458255946636, 0.00042997943819500506, 0.003362881951034069, 0.0018359333043918014, 0.0019947399850934744, 0.049066588282585144, 0.746573269367218, 2.419496774673462, 3.676239013671875, 5.153000831604004, 6.200962543487549, 6.140969276428223, 5.64329719543457, 5.396203994750977, 5.7722697257995605, 6.5537919998168945, 5.679836750030518, 5.662006378173828, 5.933032035827637, 6.556417465209961, 6.5969414710998535, 6.710200309753418], "NO2": [0.0009612449211999774, 0.030200054869055748, 0.017009995877742767, 0.003672011662274599, 0.043845925480127335, 0.028652019798755646, 0.05343111604452133, 0.105870321393013, 0.07918629795312881, 0.0985545739531517, 0.13914433121681213, 0.38088172674179077, 0.42234933376312256, 0.306692510843277, 0.5888229012489319, 0.6573159694671631, 0.26297879219055176, 0.09310653060674667, 0.13688574731349945, 0.3105214536190033, 0.34889957308769226, 0.3378918468952179, 0.8416890501976013, 0.8366920948028564], "SO2": [6.190416235174467e-11, 1.4711209680995374e-11, 1.8755767338535234e-12, 2.8084536432548823e-11, 8.818602509563789e-06, 7.403185009025037e-06, 3.17799967888277e-05, 0.002270988654345274, 0.034652963280677795, 0.10180705040693283, 0.012915794737637043, 0.0019706988241523504, 0.06449612975120544, 0.18339315056800842, 0.1750558465719223, 0.20051664113998413, 0.2190677970647812, 0.2735469937324524, 0.028358347713947296, 0.02749345265328884, 0.030129481106996536, 0.22319161891937256, 0.20875579118728638, 0.24419263005256653], "O3": [0.005465180147439241, 1.0399858951568604, 0.34487205743789673, 0.036756545305252075, 0.09974946826696396, 0.03805271536111832, 0.011796204373240471, 0.2196713387966156, 4.448853492736816, 16.178007125854492, 33.695274353027344, 37.25481414794922, 40.875572204589844, 37.77662658691406, 32.929073333740234, 30.73926544189453, 33.24180221557617, 38.62453842163086, 40.11525344848633, 41.16594696044922, 38.71709442138672, 38.095252990722656, 34.28806686401367, 35.50889587402344], "PM10": [0.0025107741821557283, 0.008641202002763748, 0.012048709206283092, 0.005197050049901009, 0.005230331793427467, 0.0049516293220222, 0.004956007935106754, 0.011192888021469116, 0.026275627315044403, 0.07642172276973724, 0.13707983493804932, 0.2086462825536728, 0.18797732889652252, 0.1781160682439804, 0.1742428094148636, 0.165405735373497, 0.17464031279087067, 0.20258241891860962, 0.27202340960502625, 0.15046069025993347, 0.19327625632286072, 0.1974281370639801, 0.20152828097343445, 0.1970468908548355], "PM25": [2.1262920199660584e-05, 9.461211448069662e-06, 1.1106019883300178e-05, 3.5068811143901257e-07, 2.757016227405984e-05, 8.506947051500902e-05, 6.90965009653155e-07, 0.00044104247353971004, 0.0004963685059919953, 0.00024062942247837782, 0.0001985696580959484, 1.3896951713832095e-06, 0.00036618069862015545, 2.7107607820653357e-05, 4.535352672974113e-06, 0.00025468465173617005, 0.00013307524204719812, 4.856671512243338e-05, 7.053583976812661e-05, 1.531360993567432e-08, 2.1309180738171563e-05, 6.127403594291536e-06, 0.0011216540588065982, 0.00048456949298270047]}