{"CO": [8.00379382326355e-07, 0.0004176844086032361, 0.010874524712562561, 0.015199068933725357, 0.012323247268795967, 0.008395160548388958, 0.01102691050618887, 0.005926151294261217, 0.012310867197811604, 0.2564139664173126, 4.816717624664307, 5.3000054359436035, 4.19907808303833, 2.3239362239837646, 2.4778356552124023, 2.9969851970672607, 3.4290552139282227, 3.142282247543335, 6.305300712585449, 6.0446085929870605, 6.150860786437988, 6.6532464027404785, 6.705878734588623, 6.652557849884033], "NO2": [9.668967322795652e-06, 0.008204466663300991, 0.041026581078767776, 0.16875773668289185, 0.5689702033996582, 0.3966172933578491, 0.33664387464523315, 0.288247287273407, 0.14351972937583923, 1.4051910638809204, 0.10358554124832153, 0.1903756856918335, 0.826535701751709, 1.262861967086792, 1.0370951890945435, 1.5820415019989014, 0.2487572729587555, 1.0569629669189453, 0.2156926393508911, 0.21020418405532837, 1.0967118740081787, 1.103535532951355, 0.9485898017883301, 1.3858531713485718], "SO2": [3.816732357681679e-13, 3.816734526086024e-13, 3.816734526086024e-13, 3.816704710526281e-13, 3.5951035984999047e-12, 3.812758997412402e-09, 2.133685086391779e-07, 8.105651545520232e-07, 3.467512215138413e-06, 0.00048338869237340987, 0.0008614454418420792, 3.816734526086024e-13, 0.1222827285528183, 0.0819476917386055, 0.0974181592464447, 0.12374602258205414, 0.13171052932739258, 3.8167347971365673e-13, 0.002141372999176383, 3.8167347971365673e-13, 0.025698982179164886, 0.21635474264621735, 0.2562504708766937, 0.2672041952610016], "O3": [9.489699732512236e-05, 0.04248353838920593, 0.5737711191177368, 0.7445950508117676, 0.21528124809265137, 0.24191279709339142, 0.42713871598243713, 0.17529524862766266, 1.0146616697311401, 14.825194358825684, 40.78466796875, 45.88484573364258, 39.47233581542969, 18.48619842529297, 16.546838760375977, 17.97963523864746, 20.157838821411133, 26.460580825805664, 49.847293853759766, 54.27227020263672, 51.553062438964844, 41.968597412109375, 39.9266471862793, 38.83451843261719], "PM10": [0.002416605595499277, 0.006748507730662823, 0.018313076347112656, 0.01720898412168026, 0.01670219749212265, 0.013086560182273388, 0.011378869414329529, 0.010821543633937836, 0.01068059355020523, 0.043544597923755646, 0.4178721606731415, 0.5992645621299744, 0.1836206018924713, 0.10617009550333023, 0.09824716299772263, 0.1055414006114006, 0.11577074974775314, 0.16241571307182312, 0.5193935632705688, 0.4281741976737976, 0.2906694710254669, 0.2338687628507614, 0.21474680304527283, 0.20758402347564697], "PM25": [1.072262581349465e-16, 1.2173373552970573e-16, 2.4802982874133953e-16, 2.267272942250287e-16, 2.171056749235997e-16, 1.6414734864646832e-16, 3.0118890182697017e-16, 5.3959325885515746e-14, 2.2007503458487676e-11, 6.370112770603953e-11, 2.286392646391744e-13, 9.11165962152365e-15, 1.0030091517000857e-14, 1.2399724632218122e-14, 1.5695745823386155e-14, 3.158499462950666e-14, 6.283508598419613e-14, 5.251685588139599e-13, 1.2865971038122231e-13, 3.483644039903311e-09, 1.95754812359894e-09, 2.8866728452037194e-10, 9.693657682108281e-11, 6.899519844338897e-11]}