{"CO": [5.8550111134536564e-05, 0.0010418616002425551, 0.00010874791769310832, 0.002381633734330535, 0.0048664468340575695, 0.008274665102362633, 0.04386356472969055, 0.27264681458473206, 0.9313611388206482, 2.694896697998047, 4.721397399902344, 6.038554668426514, 5.575247287750244, 4.421158313751221, 3.8247578144073486, 4.598107814788818, 4.175130367279053, 5.688663959503174, 5.354100227355957, 5.834157943725586, 6.197785377502441, 5.988754749298096, 6.736489295959473, 6.937698841094971], "NO2": [0.002037791535258293, 0.004739378113299608, 0.00029863225063309073, 0.006782816257327795, 0.14928899705410004, 0.2829693853855133, 0.17820614576339722, 0.5579100847244263, 0.21752285957336426, 0.28957709670066833, 0.23544913530349731, 0.45664384961128235, 1.235725998878479, 2.062242031097412, 1.815838098526001, 1.527877688407898, 0.5192593932151794, 0.2783343195915222, 0.17041997611522675, 0.4951918423175812, 0.8500348329544067, 2.3175268173217773, 1.5542805194854736, 1.1742857694625854], "SO2": [3.8167112157393157e-13, 3.8164900384961287e-13, 3.8166814001795724e-13, 2.9218605313019452e-09, 2.0969500837964006e-05, 2.633828262332827e-05, 0.0015638712793588638, 0.012071724981069565, 0.04054970294237137, 0.10165802389383316, 0.06511421501636505, 0.0015089736552909017, 0.11955100297927856, 0.08285243809223175, 0.11305173486471176, 0.1750849038362503, 0.13155034184455872, 0.21708634495735168, 0.03643161430954933, 0.00018493147217668593, 0.07505360245704651, 0.08192829042673111, 0.1378229707479477, 0.3225148618221283], "O3": [0.01621979847550392, 0.10964293032884598, 0.0099362563341856, 0.09456195682287216, 0.09837907552719116, 0.018427856266498566, 0.15110379457473755, 1.0503298044204712, 5.209833145141602, 17.6385555267334, 35.25645446777344, 38.20576858520508, 31.797874450683594, 27.703481674194336, 21.484460830688477, 24.096492767333984, 22.737268447875977, 33.56998062133789, 38.41720962524414, 38.62551498413086, 34.325828552246094, 31.579784393310547, 33.495845794677734, 35.347381591796875], "PM10": [0.004151234868913889, 0.01681726612150669, 0.028693389147520065, 0.08154022693634033, 0.2684739828109741, 1.782112717628479, 2.5840835571289062, 4.63680362701416, 0.7251805067062378, 0.0893213152885437, 0.24460306763648987, 0.2715633809566498, 0.5172894597053528, 2.4109690189361572, 1.9760093688964844, 5.58640193939209, 1.4367362260818481, 0.18780282139778137, 0.30848613381385803, 0.292389452457428, 0.7460729479789734, 2.0071051120758057, 2.180466651916504, 2.847228765487671], "PM25": [0.00031057471642270684, 0.005997147411108017, 0.012852220796048641, 0.04038805887103081, 0.1343676894903183, 0.9173077344894409, 1.3204714059829712, 2.339710235595703, 0.07753434032201767, 0.000552372366655618, 0.015023501589894295, 0.02385612577199936, 0.14634573459625244, 1.0116714239120483, 0.8515441417694092, 2.613281726837158, 0.5562078356742859, 0.000661666679661721, 0.010105876252055168, 0.048788249492645264, 0.07118744403123856, 0.8667749166488647, 0.9014229774475098, 1.1997162103652954]}