{"CO": [0.00016518197662662715, 0.0004910136340186, 0.03773079067468643, 0.005431901663541794, 0.004647254478186369, 0.010404730215668678, 0.0024397801607847214, 0.005467436742037535, 0.005711785051971674, 0.17888392508029938, 0.49993839859962463, 4.798398971557617, 5.2207746505737305, 5.687653064727783, 5.431882858276367, 5.4511332511901855, 5.8319010734558105, 6.49159049987793, 6.350073337554932, 5.960813999176025, 6.083286762237549, 6.456829071044922, 6.318793773651123, 6.386020660400391], "NO2": [0.0022221794351935387, 0.0009998367168009281, 0.013695595785975456, 0.019261285662651062, 0.15199515223503113, 0.3149959146976471, 0.0974779948592186, 0.15685497224330902, 0.017254112288355827, 0.015127609483897686, 0.11105665564537048, 0.18855401873588562, 0.2560803294181824, 0.17232677340507507, 0.5900505185127258, 0.6940065622329712, 0.14899681508541107, 0.05522679165005684, 0.07204941660165787, 0.1363186091184616, 0.24539867043495178, 0.41234493255615234, 1.0693594217300415, 0.3762527406215668], "SO2": [0.012838595546782017, 9.629848136682995e-07, 0.001016364200040698, 0.00010317228588974103, 0.0131527129560709, 1.1022942066192627, 0.09965385496616364, 1.2240591049194336, 0.19913393259048462, 0.02741048112511635, 0.02369433268904686, 0.010452140122652054, 0.05964609608054161, 0.24377204477787018, 0.5025018453598022, 0.4282442033290863, 0.32112541794776917, 0.2651985287666321, 0.21868374943733215, 0.014893267303705215, 0.012199513614177704, 0.21278351545333862, 4.914318561553955, 1.2847485542297363], "O3": [0.026060480624437332, 0.04403086006641388, 1.4522687196731567, 0.21340477466583252, 0.08174511790275574, 0.052117545157670975, 0.028833070769906044, 0.011739195324480534, 0.3052452802658081, 1.6247382164001465, 5.306546211242676, 39.49179458618164, 44.05980682373047, 38.557594299316406, 31.517807006835938, 33.82978057861328, 35.12211990356445, 37.233238220214844, 37.736610412597656, 54.88716125488281, 48.15456771850586, 38.70463943481445, 38.811309814453125, 43.695308685302734], "PM10": [0.1525871604681015, 0.0032176875974982977, 0.011107365600764751, 0.016168292611837387, 0.015564940869808197, 4.012810707092285, 0.23104619979858398, 4.032722473144531, 0.7712962627410889, 0.11043822765350342, 0.0456111766397953, 0.14099489152431488, 0.29729145765304565, 0.2782647907733917, 2.210143804550171, 1.2042462825775146, 0.5862628817558289, 0.1985243260860443, 0.220098614692688, 0.2668786942958832, 0.31807371973991394, 0.32819077372550964, 16.210590362548828, 3.698535680770874], "PM25": [0.047686196863651276, 4.021065933557111e-07, 0.00032080445089377463, 2.760872348517296e-07, 1.2321312169660814e-05, 2.0402064323425293, 0.0517231822013855, 1.1594171524047852, 0.15592779219150543, 0.01669076457619667, 0.004772741813212633, 1.8600738371787884e-07, 0.05088408291339874, 0.059763018041849136, 0.9715754389762878, 0.4377906918525696, 0.15912872552871704, 5.439107098936802e-06, 0.004624742548912764, 9.158804914477514e-07, 0.027404827997088432, 0.06385927647352219, 7.567170143127441, 1.3462635278701782]}