{"CO": [0.0011590044014155865, 0.005185770336538553, 0.020259665325284004, 0.015448875725269318, 0.017738649621605873, 0.005746987648308277, 0.004835349973291159, 0.005433017387986183, 0.008042764849960804, 0.04595416784286499, 0.0832899659872055, 0.6311105489730835, 3.5286881923675537, 4.157105922698975, 4.334939479827881, 4.789015769958496, 4.699542999267578, 5.69528341293335, 5.684837818145752, 6.051699638366699, 6.186779022216797, 6.136427879333496, 6.120959758758545, 6.121334075927734], "NO2": [0.00047486679977737367, 0.010923350229859352, 0.012761704623699188, 0.021873775869607925, 0.264766663312912, 0.27211278676986694, 0.232517808675766, 0.254679799079895, 0.023969009518623352, 0.0274240393191576, 0.02545749396085739, 0.1320042759180069, 0.23689092695713043, 1.2645199298858643, 1.1109462976455688, 0.5358083844184875, 0.3009612560272217, 0.07037888467311859, 0.057402994483709335, 0.08900068700313568, 0.5077827572822571, 0.607428252696991, 0.5630035400390625, 0.3707504868507385], "SO2": [0.40707069635391235, 0.9510443806648254, 0.21776387095451355, 0.050180740654468536, 0.049094632267951965, 0.08862711489200592, 0.030435411259531975, 0.24348658323287964, 0.654213011264801, 0.6771106123924255, 0.5253000259399414, 0.4608599841594696, 0.11512582004070282, 0.08677274733781815, 0.5515245795249939, 0.29174792766571045, 0.4899415075778961, 1.3522788286209106, 0.7833113074302673, 0.3277931213378906, 0.05991865694522858, 0.10097987949848175, 0.561521053314209, 0.4247414469718933], "O3": [0.011320168152451515, 0.3166017234325409, 0.9160946607589722, 0.6053799390792847, 0.5408212542533875, 0.03763240575790405, 0.018569465726614, 0.022181769832968712, 0.3736186623573303, 1.5469540357589722, 2.335678815841675, 6.123008728027344, 28.95583152770996, 30.473791122436523, 32.382877349853516, 36.771270751953125, 31.52655792236328, 34.91403579711914, 34.84130859375, 39.93002700805664, 45.322853088378906, 48.609344482421875, 47.326236724853516, 48.64889144897461], "PM10": [1.1289664506912231, 2.6330623626708984, 0.5986780524253845, 0.20723526179790497, 0.28430289030075073, 0.3046104907989502, 0.16617804765701294, 0.772676408290863, 1.9734752178192139, 2.2912867069244385, 2.2501776218414307, 1.9172425270080566, 0.7700590491294861, 0.628627598285675, 1.5370737314224243, 0.6780621409416199, 1.282344937324524, 3.520293951034546, 2.065549612045288, 1.3488935232162476, 1.553800344467163, 1.1339863538742065, 2.1629996299743652, 1.6632193326950073], "PM25": [0.5850462913513184, 1.129766821861267, 0.05559024587273598, 0.0181683711707592, 0.087347611784935, 0.13548196852207184, 0.06563092023134232, 0.3695072531700134, 0.9050092697143555, 0.3467763066291809, 0.22475770115852356, 0.490448921918869, 0.1802884042263031, 0.11857461929321289, 0.5637092590332031, 0.20326267182826996, 0.43070748448371887, 1.5145227909088135, 0.6907345056533813, 0.2848164439201355, 0.20372726023197174, 0.18893814086914062, 0.6404168009757996, 0.358429878950119]}