{"CO": [1.0188892929363647e-07, 0.0069498117081820965, 0.02723005600273609, 0.04122767224907875, 0.016467537730932236, 0.0036757602356374264, 0.00611454201862216, 0.0035637682303786278, 0.003237608354538679, 0.006661929655820131, 0.1173335611820221, 3.107828140258789, 4.37957239151001, 4.683485984802246, 4.383784294128418, 4.517417907714844, 4.956586837768555, 6.118605613708496, 5.669904708862305, 6.354465961456299, 6.208723545074463, 6.1751275062561035, 6.117177486419678, 6.240386962890625], "NO2": [5.822912498842925e-06, 0.010480170138180256, 0.030471665784716606, 0.2775268852710724, 0.2893548011779785, 0.2536664307117462, 0.34402912855148315, 0.23931536078453064, 0.007120485417544842, 0.004609222058206797, 0.06957467645406723, 0.5730494856834412, 1.3907699584960938, 0.7008224129676819, 1.1381317377090454, 1.1308664083480835, 0.15460774302482605, 0.05103355646133423, 0.06708453595638275, 0.4707667827606201, 0.8192421197891235, 1.323831558227539, 0.7949686646461487, 1.6488407850265503], "SO2": [2.5690404072520323e-05, 1.8911880254745483, 1.7158927917480469, 8.801666259765625, 0.05323660373687744, 4.529561920207925e-05, 0.0667535811662674, 6.459957148763351e-06, 2.6911588975053746e-06, 1.817010524973739e-05, 1.705786943435669, 0.24279485642910004, 0.023569630458950996, 0.01336185447871685, 0.0420786514878273, 0.00034551392309367657, 0.0005152997327968478, 0.8504577279090881, 0.5724431276321411, 0.0005233022384345531, 0.00026221360894851387, 0.06087981536984444, 1.7820613384246826, 0.254338800907135], "O3": [9.155643283520476e-07, 0.2587030827999115, 1.318793535232544, 1.2421212196350098, 0.45560839772224426, 0.027239521965384483, 0.034854624420404434, 0.03587200492620468, 0.2405479997396469, 0.3638700246810913, 3.793200731277466, 23.549320220947266, 31.828657150268555, 36.89579772949219, 32.69721603393555, 30.073062896728516, 30.71539306640625, 36.80694580078125, 34.4055290222168, 46.57426834106445, 47.313682556152344, 43.12424850463867, 47.545188903808594, 46.43677520751953], "PM10": [0.1483137607574463, 4.82647705078125, 4.494925022125244, 22.884611129760742, 0.29250502586364746, 0.0163460373878479, 0.4785582423210144, 0.01143299788236618, 0.010778166353702545, 0.011349383741617203, 4.949131011962891, 2.4619808197021484, 0.610848605632782, 0.1385924220085144, 0.11769701540470123, 0.12696000933647156, 0.144581139087677, 2.2769103050231934, 1.190010666847229, 0.25021636486053467, 0.6303730010986328, 0.72963547706604, 5.479675769805908, 1.2267848253250122], "PM25": [0.067533940076828, 2.4675161838531494, 1.7688853740692139, 11.485272407531738, 0.08612431585788727, 6.293851038208231e-05, 0.20028015971183777, 0.00012899715511593968, 3.35968775289075e-06, 0.00010335072875022888, 1.5724061727523804, 0.8570723533630371, 0.08493202179670334, 0.0003771921619772911, 0.0006367343594320118, 9.207196126226336e-05, 2.735095222305972e-06, 0.9855976700782776, 0.04486294463276863, 0.0007231156923808157, 0.032735198736190796, 0.03872834891080856, 1.8154641389846802, 0.3066437840461731]}