{"CO": [0.0025863151531666517, 0.052885752171278, 0.019848570227622986, 0.0034585336688905954, 0.0035663258749991655, 0.007952126674354076, 0.006184135098010302, 0.0064979796297848225, 0.11694977432489395, 0.7245906591415405, 1.932891607284546, 3.0119693279266357, 4.578817367553711, 4.962299346923828, 3.9208576679229736, 2.024304151535034, 2.9331729412078857, 3.2950387001037598, 6.034316062927246, 6.181966304779053, 5.901060581207275, 5.972011089324951, 6.158724308013916, 6.292957305908203], "NO2": [0.0758168175816536, 0.06830956786870956, 0.013246207498013973, 0.15127141773700714, 0.6472141742706299, 0.568881094455719, 0.42930176854133606, 0.3864693343639374, 2.708648681640625, 0.5244760513305664, 0.1582946628332138, 0.23649783432483673, 7.991265296936035, 8.398768424987793, 8.481207847595215, 9.009295463562012, 2.4985697269439697, 0.4524427354335785, 0.13464686274528503, 0.22388839721679688, 7.238264083862305, 8.51255989074707, 8.258363723754883, 9.332152366638184], "SO2": [3.8166992895154184e-13, 3.8166838396344605e-13, 3.8167291050751617e-13, 4.210305281499016e-12, 6.31162760944548e-11, 5.5365417112041015e-11, 4.668892383818957e-09, 3.323646353692311e-07, 0.0008205205667763948, 0.0007137430948205292, 0.07662010192871094, 0.12079951912164688, 0.062337059527635574, 0.047697294503450394, 0.04318314790725708, 0.024947915226221085, 0.03803344443440437, 0.036906491965055466, 0.2298555225133896, 0.15420354902744293, 0.09166764467954636, 0.11299405992031097, 0.16351695358753204, 0.2009965479373932], "O3": [0.8016332983970642, 3.574139356613159, 0.6525551080703735, 0.07865539938211441, 0.027750754728913307, 1.7745595926044189e-07, 3.348181465412381e-08, 5.993109516566619e-05, 12.193346977233887, 32.805419921875, 34.57930374145508, 32.935546875, 24.78620719909668, 26.424114227294922, 20.702388763427734, 8.820297241210938, 27.720613479614258, 40.48147964477539, 45.076351165771484, 39.104759216308594, 31.5527286529541, 31.927295684814453, 30.923839569091797, 29.21726417541504], "PM10": [0.007649725768715143, 0.008626949973404408, 0.006125084590166807, 0.010000026784837246, 0.015411339700222015, 0.01226373203098774, 0.011042426340281963, 0.01099481899291277, 0.011373672634363174, 0.01013721153140068, 0.05085122585296631, 0.08355844020843506, 0.302209734916687, 0.6724613308906555, 0.6856558918952942, 0.20102114975452423, 0.14324575662612915, 0.14236058294773102, 0.0921124592423439, 0.2867705225944519, 0.6606478095054626, 0.9504377245903015, 0.9184313416481018, 0.631554901599884], "PM25": [1.0000000168623835e-16, 1.0000000168623835e-16, 1.0000000168623835e-16, 1.3997996341408623e-16, 1.491563345528351e-16, 3.8026927421117094e-16, 1.4902133888862468e-13, 1.3853617905623672e-11, 2.54490655979267e-12, 9.748874206820177e-14, 1.210500872970429e-16, 1.0290314093850346e-16, 6.303563077533748e-16, 6.897146826310616e-16, 4.714125339647958e-16, 8.496693902421886e-16, 3.800680456526829e-15, 1.986445997791261e-15, 1.7186174091825626e-16, 1.1314100979628448e-16, 2.415356536045204e-16, 5.27022682171764e-16, 5.934877799439447e-15, 3.154776583740894e-14]}