{"CO": [2.475222572684288e-06, 0.00019137802883051336, 0.0250844769179821, 0.009223902598023415, 0.011437046341598034, 0.007535720244050026, 0.007333414629101753, 0.005256771109998226, 0.014462120831012726, 0.0922350138425827, 3.4280800819396973, 5.398887634277344, 4.502376556396484, 2.9995810985565186, 2.483224391937256, 3.7982306480407715, 5.829313278198242, 4.883915424346924, 6.200026035308838, 6.259654998779297, 6.072020530700684, 6.671150207519531, 6.766207695007324, 6.863301753997803], "NO2": [4.1913252061931416e-05, 0.0011607487685978413, 0.03270111232995987, 0.06768207997083664, 0.3915257751941681, 0.34969860315322876, 0.3568962812423706, 0.23679552972316742, 0.009565633721649647, 0.11941105127334595, 0.30293428897857666, 0.5020090341567993, 0.6588519215583801, 0.775191068649292, 0.6853909492492676, 0.8444991707801819, 0.1771974116563797, 0.2512635290622711, 0.16788920760154724, 0.4035002291202545, 0.8040755391120911, 0.7664493322372437, 0.8290854692459106, 0.711761474609375], "SO2": [3.816730189277334e-13, 3.816644537305708e-13, 3.815387675937254e-13, 3.816676250219253e-13, 1.1622679815109782e-12, 2.5559932642638117e-11, 2.1860421806074726e-10, 7.194901627372019e-06, 0.0003658949863165617, 0.001849520136602223, 0.0002103639708366245, 1.9014009012607858e-05, 0.07508250325918198, 0.08759455382823944, 0.09695888310670853, 0.1660488098859787, 0.24929432570934296, 0.16168762743473053, 0.00021478021517395973, 4.389679816085845e-06, 0.010507332161068916, 0.21308472752571106, 0.241661936044693, 0.27019524574279785], "O3": [0.0003414775419514626, 0.019896814599633217, 1.0935746431350708, 0.5251368284225464, 0.395232230424881, 0.28180640935897827, 0.21334891021251678, 0.16299296915531158, 0.24924185872077942, 2.614546775817871, 30.50433921813965, 41.83735656738281, 36.697349548339844, 21.56459617614746, 15.387054443359375, 21.881296157836914, 32.150821685791016, 30.65346336364746, 54.35160446166992, 47.66565704345703, 49.83279800415039, 41.78937530517578, 40.68307876586914, 39.74162673950195], "PM10": [0.002421372337266803, 0.0030240833293646574, 0.01282926183193922, 0.017033804208040237, 0.01621088571846485, 0.01252494566142559, 0.011199427768588066, 0.010678835213184357, 0.009952697902917862, 0.008947492577135563, 0.18805228173732758, 0.3532903790473938, 0.20252366364002228, 0.10927190631628036, 0.07803794741630554, 0.10943624377250671, 0.1671527773141861, 0.15789449214935303, 0.34971776604652405, 0.3376467227935791, 0.3168010711669922, 0.22122827172279358, 0.20270517468452454, 0.18728390336036682], "PM25": [1.1215270763529592e-16, 1.1260997307791523e-16, 1.1218432578703015e-16, 1.1133922513368677e-16, 1.6174277629038558e-12, 2.461142997300242e-13, 5.774392075608148e-11, 3.2585184550626423e-10, 7.766338960824015e-11, 3.5894812122627684e-10, 7.335188012547178e-12, 1.6002244695350124e-14, 1.2840210665554519e-12, 4.202189290980485e-11, 8.98845997632236e-11, 9.278384172084486e-10, 8.84793141531226e-11, 7.009550492126371e-12, 3.4555331686336732e-12, 4.1305611817206433e-13, 1.6636630961741616e-09, 2.89401586028859e-10, 2.793637543518912e-10, 2.994951131540802e-08]}