{"CO": [4.230103968438925e-06, 4.672098293667659e-05, 0.03346697613596916, 0.018849173560738564, 0.013422481715679169, 0.008626950904726982, 0.006374571938067675, 0.004597409628331661, 0.004776174668222666, 0.015067891217768192, 0.4139001667499542, 4.164853572845459, 4.564695835113525, 4.733388423919678, 4.557470321655273, 4.920672416687012, 5.085405349731445, 6.30967378616333, 6.1668267250061035, 6.251041412353516, 6.2231245040893555, 6.171833515167236, 6.202807426452637, 6.323955059051514], "NO2": [4.702094156527892e-05, 0.0002761068753898144, 0.039508234709501266, 0.12999828159809113, 0.3392346501350403, 0.43228259682655334, 0.30504724383354187, 0.2107815444469452, 0.005975448060780764, 0.004954369273036718, 0.036687497049570084, 0.9869574308395386, 1.4330968856811523, 1.203290581703186, 1.3077495098114014, 1.321025013923645, 0.20310690999031067, 0.08776159584522247, 0.16499091684818268, 0.9925581812858582, 1.3619736433029175, 1.454805850982666, 1.7469218969345093, 2.3848495483398438], "SO2": [0.0005966061144135892, 0.001474588643759489, 1.5421943664550781, 0.05364353954792023, 0.01686256192624569, 0.024958524852991104, 0.026504771783947945, 0.018930701538920403, 0.002812877995893359, 0.0017039673402905464, 0.013758187182247639, 0.022995736449956894, 0.013068674132227898, 0.03986705094575882, 0.09424120932817459, 0.14490804076194763, 0.18831419944763184, 0.2846847176551819, 0.7100456953048706, 0.02511509135365486, 0.0041542272083461285, 0.0029501498211175203, 0.04845355451107025, 0.11232384294271469], "O3": [0.00043767393799498677, 0.004327246453613043, 1.5295122861862183, 0.8893784880638123, 0.27892935276031494, 0.0326792411506176, 0.056213825941085815, 0.05359794571995735, 0.16193664073944092, 0.3494223952293396, 4.022164344787598, 32.554203033447266, 34.58689498901367, 36.6199951171875, 36.70310592651367, 35.18622589111328, 32.08073043823242, 38.420475006103516, 34.98761749267578, 46.62380599975586, 48.76311492919922, 46.25784683227539, 47.343013763427734, 45.817325592041016], "PM10": [0.12683415412902832, 0.532478928565979, 3.7564167976379395, 0.21430519223213196, 0.17153581976890564, 1.0208429098129272, 0.3199942409992218, 0.18553680181503296, 0.03588631749153137, 0.6204200983047485, 0.059613678604364395, 0.8814745545387268, 0.4839816093444824, 0.2075904756784439, 0.17417018115520477, 0.19532445073127747, 0.22854946553707123, 0.5744979381561279, 1.669795274734497, 0.542566180229187, 0.6672739386558533, 0.5773878693580627, 0.5500565767288208, 0.5588638186454773], "PM25": [0.067583367228508, 0.29115960001945496, 0.6939576864242554, 0.017028162255883217, 0.022823583334684372, 0.5021304488182068, 0.11498413234949112, 0.07186027616262436, 0.005187674891203642, 0.32250016927719116, 0.0031346140895038843, 0.20325393974781036, 0.050432637333869934, 0.010921037755906582, 0.024267883971333504, 0.025177307426929474, 0.030457012355327606, 0.19341742992401123, 0.4346871078014374, 0.05280318111181259, 0.05138527974486351, 0.037331707775592804, 0.06432832777500153, 0.10046453028917313]}