{"CO": [2.8093240871385206e-06, 0.0015079658478498459, 0.006597447674721479, 0.0014652775134891272, 0.0017712884582579136, 0.010444379411637783, 0.009853841736912727, 0.013353889808058739, 0.5272871851921082, 2.486668109893799, 2.5574121475219727, 5.563529968261719, 4.918452262878418, 4.003915309906006, 4.444209098815918, 4.5241546630859375, 4.549798011779785, 5.434848785400391, 5.709986686706543, 5.620959281921387, 5.096421718597412, 4.775892734527588, 5.232441425323486, 6.123607158660889], "NO2": [9.724661140353419e-06, 0.005172099452465773, 0.0027416774537414312, 0.01636502332985401, 0.09253250807523727, 0.43007922172546387, 0.35724154114723206, 0.2768981456756592, 0.1842666119337082, 0.11083706468343735, 0.05243721231818199, 0.1657126247882843, 1.1735279560089111, 3.081543445587158, 1.7947129011154175, 1.5002020597457886, 0.5227132439613342, 0.1323622614145279, 0.08017987012863159, 0.04944610968232155, 0.9791605472564697, 3.4308066368103027, 3.0861833095550537, 0.8829388618469238], "SO2": [9.547857643399382e-11, 1.9653610294767532e-08, 8.055317124444628e-08, 2.1104447966990847e-08, 1.5125929166970309e-06, 6.568893127223419e-07, 6.763247074559331e-05, 0.0001086512056645006, 0.022556405514478683, 0.09654975682497025, 0.0879235491156578, 0.20653362572193146, 0.11968432366847992, 0.054720036685466766, 0.07837143540382385, 0.09296476095914841, 0.12696333229541779, 0.18864785134792328, 0.20112285017967224, 0.17599277198314667, 0.03117826208472252, 0.024707484990358353, 0.010235927999019623, 0.04752660170197487], "O3": [0.00011988349433522671, 0.16932009160518646, 0.29253068566322327, 0.06524140387773514, 0.0013598243240267038, 0.0033353890758007765, 0.001540584024041891, 0.0005891702603548765, 3.1317594051361084, 17.034788131713867, 18.25528335571289, 31.679641723632812, 25.761608123779297, 20.337318420410156, 23.825490951538086, 24.161582946777344, 24.874326705932617, 33.52981948852539, 34.40597915649414, 32.27853012084961, 42.852386474609375, 23.8204402923584, 25.50531005859375, 29.13202476501465], "PM10": [0.0024257267359644175, 0.005739618092775345, 0.00881782453507185, 0.009224331937730312, 0.010288097895681858, 0.011369692161679268, 0.012088223360478878, 0.023974191397428513, 0.04041983187198639, 0.09773201495409012, 0.1235029473900795, 0.17070426046848297, 0.14123857021331787, 0.12477084249258041, 0.13918736577033997, 0.147430881857872, 0.16121484339237213, 0.18717871606349945, 0.2159709930419922, 0.22471752762794495, 0.2048390805721283, 0.1628291755914688, 0.19400732219219208, 0.22777998447418213], "PM25": [1.0645996584290884e-10, 4.917023488815175e-06, 9.38876564759994e-06, 6.327919663817738e-07, 0.00010690277122193947, 3.47108107234817e-05, 1.0288003068126272e-05, 0.0029258907306939363, 0.007636777125298977, 0.004481049720197916, 0.007818336598575115, 0.00012510754459071904, 0.00016679265536367893, 7.3905393946915865e-06, 0.00011385060497559607, 0.0007562121609225869, 0.002053363248705864, 0.0004802662879228592, 0.0024303633254021406, 0.004271200392395258, 0.00010309451317880303, 6.956115976208821e-05, 0.00018043167074210942, 0.0015356704825535417]}