{"CO": [0.0012018578127026558, 0.05287095904350281, 0.03757010027766228, 0.018053973093628883, 0.02556419186294079, 0.01610572263598442, 0.008926380425691605, 0.007035445887595415, 0.02775072306394577, 0.3846539258956909, 3.4122533798217773, 3.564854621887207, 4.6561079025268555, 4.179129600524902, 3.6298444271087646, 3.215284585952759, 2.694772243499756, 3.3228259086608887, 6.4676008224487305, 5.536516189575195, 5.939846992492676, 6.134148120880127, 6.277222156524658, 6.35506010055542], "NO2": [0.10192696750164032, 0.2535981237888336, 0.18289048969745636, 1.110886812210083, 1.704668402671814, 1.136322021484375, 0.6645221710205078, 0.520940899848938, 1.0793635845184326, 1.0140960216522217, 1.2138612270355225, 6.068774223327637, 12.128531455993652, 11.446392059326172, 8.182307243347168, 7.002652645111084, 2.4836530685424805, 0.6269541382789612, 0.4718003571033478, 4.853023052215576, 7.91795015335083, 12.543330192565918, 9.274662017822266, 8.578068733215332], "SO2": [3.8166374899915867e-13, 3.8163734867625865e-13, 3.8165859903883936e-13, 1.8324731922841897e-12, 3.254561550813939e-11, 7.507414134799717e-11, 5.946707709592047e-11, 2.4238211437932478e-09, 1.5229464622734668e-07, 3.5067321277892916e-06, 0.08862633258104324, 0.08452961593866348, 0.025227012112736702, 0.04822642728686333, 0.05049705132842064, 0.04194428399205208, 0.032670386135578156, 0.031166907399892807, 0.17794989049434662, 0.20504698157310486, 0.02921874262392521, 0.13651984930038452, 0.1675359457731247, 0.19287745654582977], "O3": [0.4080902338027954, 4.07028865814209, 1.7930067777633667, 0.27311816811561584, 0.02398039773106575, 0.00021707487758249044, 0.001407822361215949, 0.0006358632817864418, 3.7347567081451416, 22.29999542236328, 35.46601867675781, 17.85703468322754, 24.845989227294922, 26.562509536743164, 28.73615837097168, 25.892139434814453, 23.954334259033203, 39.5557746887207, 49.81196594238281, 40.95170593261719, 35.869285583496094, 33.172298431396484, 35.081573486328125, 33.16017150878906], "PM10": [0.006520426832139492, 0.008479834534227848, 0.00834016315639019, 0.010002261027693748, 0.012078488245606422, 0.011763527058064938, 0.01272525079548359, 0.012471379712224007, 0.01235714927315712, 0.01132146641612053, 0.09534481912851334, 0.08928324282169342, 0.389512836933136, 0.27100399136543274, 0.2197422981262207, 0.18969394266605377, 0.13996149599552155, 0.14663700759410858, 0.12412112951278687, 0.15997710824012756, 0.4909736216068268, 0.5023378729820251, 0.3359605669975281, 0.31362032890319824], "PM25": [9.999999506879345e-17, 9.999999506879345e-17, 1.0204360763783226e-16, 1.1542122249029305e-16, 1.306934382875249e-16, 1.5056330477086072e-13, 6.247029976647056e-11, 3.9100581106232823e-10, 1.3169488936870533e-11, 2.6105664938796957e-12, 1.97071850178488e-15, 3.3024309012381426e-15, 1.2542501776356728e-15, 2.948485097568898e-14, 1.6176498346138352e-13, 1.847422605519289e-12, 6.726820706362546e-13, 6.398643008671823e-13, 5.431943940194207e-16, 1.8456710277817276e-15, 2.6476593812350957e-13, 4.876656804070345e-12, 7.154805393982944e-12, 1.1766792401557424e-11]}