{"CO": [5.019783344550888e-08, 0.0014279072638601065, 0.026594728231430054, 0.02291676588356495, 0.010153014212846756, 0.009279225021600723, 0.008025147952139378, 0.005129521246999502, 0.004635858349502087, 0.0066519128158688545, 0.2470417320728302, 4.418704032897949, 5.0062336921691895, 4.603047847747803, 4.333584785461426, 4.29722785949707, 4.698013782501221, 6.35747766494751, 6.460440158843994, 6.257124900817871, 6.242105484008789, 6.115995407104492, 6.1916985511779785, 6.458822727203369], "NO2": [1.4535039554175455e-05, 0.002625691471621394, 0.016064336523413658, 0.09450201690196991, 0.26201972365379333, 0.4603271186351776, 0.407504677772522, 0.26975974440574646, 0.014482773840427399, 0.006225588731467724, 0.023360127583146095, 0.2711721956729889, 0.46976128220558167, 0.46659502387046814, 0.7385352253913879, 0.5013696551322937, 0.18696747720241547, 0.04180523008108139, 0.0483773835003376, 0.20073938369750977, 0.328769326210022, 0.6353574395179749, 0.7385545969009399, 1.1258599758148193], "SO2": [1.5533171970893989e-10, 1.3069345072835858e-07, 0.6484903693199158, 0.9834766387939453, 0.11772247403860092, 0.026779131963849068, 0.03199003264307976, 0.01837586984038353, 0.005142681300640106, 0.0007942058728076518, 0.004294547718018293, 0.05081753805279732, 0.01833920367062092, 0.049802642315626144, 0.09542445838451385, 0.13475605845451355, 0.19941861927509308, 0.27038055658340454, 0.24283987283706665, 0.04990202188491821, 0.008391846902668476, 0.010374105535447598, 0.044062647968530655, 0.14732962846755981], "O3": [0.00018650728452485055, 0.11533022671937943, 1.1973329782485962, 0.908409595489502, 0.18740996718406677, 0.05250181630253792, 0.05371204763650894, 0.05373381823301315, 0.3191337287425995, 0.3805563449859619, 2.911956310272217, 34.35383605957031, 37.79657745361328, 36.370723724365234, 35.79692459106445, 32.19866180419922, 27.952219009399414, 36.59365463256836, 35.617408752441406, 54.80289077758789, 51.467586517333984, 45.321327209472656, 46.522029876708984, 41.94682693481445], "PM10": [3.149754047393799, 0.0972449854016304, 1.3693474531173706, 2.7851855754852295, 0.8925930261611938, 2.537936210632324, 1.0598844289779663, 0.9371292591094971, 0.956272542476654, 0.45799490809440613, 0.021827194839715958, 1.3422983884811401, 0.5087629556655884, 0.27478480339050293, 0.42662304639816284, 0.12013595551252365, 1.4420734643936157, 0.642130434513092, 0.581505298614502, 1.7059684991836548, 0.40954264998435974, 0.41327032446861267, 0.25027063488960266, 4.546804428100586], "PM25": [1.6612497568130493, 0.05041687935590744, 0.4313156008720398, 1.0639711618423462, 0.334781676530838, 1.2415771484375, 0.5147621631622314, 0.4650670289993286, 0.48687243461608887, 0.23920878767967224, 0.0026346088852733374, 0.40914830565452576, 0.08681972324848175, 0.05877331271767616, 0.15528461337089539, 3.2346237276215106e-05, 0.6721799969673157, 0.14538590610027313, 0.12231007218360901, 0.4474549889564514, 9.891395893646404e-05, 0.053624674677848816, 2.290413547711978e-08, 2.128589630126953]}