{"CO": [0.000924613035749644, 0.0015106716891750693, 0.0034228244330734015, 0.023187175393104553, 0.026109643280506134, 0.034579627215862274, 0.03408372402191162, 0.0279255248606205, 0.2878439426422119, 0.4439956545829773, 0.4305887818336487, 2.166624069213867, 1.0685263872146606, 3.549893617630005, 3.6693902015686035, 3.2512950897216797, 3.6837308406829834, 2.9030778408050537, 4.461592674255371, 5.0055460929870605, 5.555768013000488, 5.539999008178711, 5.8134589195251465, 5.835893630981445], "NO2": [0.011811867356300354, 0.0024994502309709787, 0.0023791093844920397, 0.0479494147002697, 1.9487260580062866, 3.1961669921875, 3.4323720932006836, 2.645648956298828, 3.766207218170166, 0.6880112290382385, 0.18358173966407776, 0.6987348198890686, 5.547702312469482, 10.82087230682373, 9.838668823242188, 10.191903114318848, 3.396878957748413, 0.36509475111961365, 0.13882647454738617, 0.8522472381591797, 13.454042434692383, 14.561224937438965, 10.18807601928711, 8.169063568115234], "SO2": [3.816729376125705e-13, 3.81673154453005e-13, 3.816732086631136e-13, 3.81673154453005e-13, 3.006109250414113e-11, 1.3394574338576604e-09, 3.1449033599528775e-08, 1.0096178115759358e-08, 9.98658222783888e-09, 2.7134353430824376e-08, 2.442934373902972e-06, 0.05039059743285179, 0.02458823099732399, 0.06343234330415726, 0.057122111320495605, 0.060671448707580566, 0.051536839455366135, 0.036207348108291626, 0.14175575971603394, 0.14567959308624268, 0.09975366294384003, 0.043050844222307205, 0.07421128451824188, 0.0968163013458252], "O3": [0.1251237839460373, 0.06592325121164322, 0.1159743219614029, 0.7595129609107971, 0.0024226002860814333, 0.003658870467916131, 0.034083858132362366, 8.73500612215139e-05, 31.3875675201416, 24.985734939575195, 15.649084091186523, 14.943069458007812, 4.833560466766357, 9.944639205932617, 8.146703720092773, 7.173748970031738, 32.53310775756836, 34.22208786010742, 32.351627349853516, 25.075429916381836, 17.728443145751953, 20.319643020629883, 15.634138107299805, 17.60872459411621], "PM10": [0.006146074738353491, 0.006124664098024368, 0.00622392725199461, 0.008308418095111847, 0.011552858166396618, 0.010893388651311398, 0.011032463051378727, 0.012074973434209824, 0.01248149760067463, 0.011709720827639103, 0.009997474029660225, 0.058338332921266556, 0.07501529902219772, 0.9736537933349609, 0.922722578048706, 0.8321119546890259, 0.3937043845653534, 0.1110181137919426, 0.07401587814092636, 0.08020104467868805, 0.6440244913101196, 0.8736893534660339, 1.2974469661712646, 1.237115502357483], "PM25": [1.0000000830368325e-16, 1.0000000168623835e-16, 1.0000000168623835e-16, 9.999999506879345e-17, 1.2166723020845646e-16, 1.1504990442204045e-16, 5.377526732014328e-15, 1.8296748664770046e-12, 1.2028906516692306e-11, 4.751406516498302e-13, 4.6144589749752205e-14, 2.569048387923451e-15, 1.4130734080479456e-15, 4.331727762807913e-15, 9.061708394558169e-15, 5.539406756102476e-14, 4.3276791655486035e-13, 1.2542337028448487e-14, 9.07623437432887e-16, 4.0900613749619396e-16, 3.8305650318370965e-11, 5.264575442254227e-10, 1.7569437571474111e-10, 1.5462522928721967e-10]}