{"CO": [1.8940796735478216e-06, 0.00026583464932627976, 0.018490100279450417, 0.002236719010397792, 0.018429266288876534, 0.013743746094405651, 0.022332556545734406, 0.025465991348028183, 0.40149906277656555, 1.6190836429595947, 4.50852632522583, 5.616817951202393, 4.787164211273193, 3.890190601348877, 3.4235799312591553, 3.482630968093872, 3.7023308277130127, 3.916903495788574, 5.3436126708984375, 5.45094108581543, 5.261409759521484, 5.951455116271973, 6.196173667907715, 6.319127559661865], "NO2": [3.767251837416552e-05, 0.0012859759153798223, 0.024688003584742546, 0.025754015892744064, 0.4813278317451477, 0.3374554216861725, 0.28918495774269104, 0.3048364520072937, 0.15212832391262054, 0.18701307475566864, 0.19131453335285187, 0.452100932598114, 0.727135956287384, 1.6093995571136475, 1.0743547677993774, 1.1930221319198608, 0.5297078490257263, 0.19465070962905884, 0.13186821341514587, 0.5417802929878235, 0.9525456428527832, 1.4395561218261719, 0.9051178097724915, 1.077120304107666], "SO2": [3.816726936670817e-13, 3.8165114514890353e-13, 3.81511987800065e-13, 4.939700315453877e-10, 1.628678000997752e-05, 2.459372626617551e-05, 7.949349674163386e-05, 0.0003883384633809328, 0.015740832313895226, 0.059340380132198334, 0.08237673342227936, 0.047994665801525116, 0.07278123497962952, 0.04314223304390907, 0.03721005097031593, 0.06606315821409225, 0.10196225345134735, 0.11146476864814758, 0.12284395843744278, 2.168777609767858e-05, 0.005098958034068346, 0.018655188381671906, 0.05117872729897499, 0.11538634449243546], "O3": [0.0005041675758548081, 0.03752053156495094, 0.7264342904090881, 0.12613360583782196, 0.29635506868362427, 0.032258033752441406, 0.010355941951274872, 0.0001303341268794611, 2.3055009841918945, 12.18832778930664, 31.72687530517578, 35.941856384277344, 32.02919387817383, 23.55255889892578, 23.841697692871094, 20.985275268554688, 21.908763885498047, 26.0633544921875, 34.551429748535156, 33.95737075805664, 31.516708374023438, 28.335472106933594, 31.198301315307617, 32.28976821899414], "PM10": [0.002466802252456546, 0.002779081929475069, 0.00907296221703291, 0.01091224979609251, 0.015133354812860489, 0.014726093970239162, 0.10110943764448166, 4.125677585601807, 0.27522584795951843, 0.05683175474405289, 0.14708620309829712, 0.25842738151550293, 0.1678723692893982, 0.17379264533519745, 0.4926806390285492, 6.516177177429199, 0.8058241605758667, 0.15710510313510895, 0.20558631420135498, 0.17713475227355957, 0.21325823664665222, 0.2690637409687042, 1.05928373336792, 2.3162777423858643], "PM25": [9.523131172528565e-10, 5.189860043455785e-13, 2.8312035738053964e-07, 6.318187843135092e-06, 1.608290222065989e-05, 0.0005263282218948007, 0.04186316579580307, 1.89966881275177, 0.09661080688238144, 0.0004695570096373558, 1.8607441916174139e-06, 1.244339387085347e-06, 1.0195756658504251e-05, 0.006715026684105396, 0.0347234383225441, 2.6812751293182373, 0.18676409125328064, 1.0120609905683864e-09, 7.062819804559695e-07, 1.9411847461014986e-05, 7.059409654175397e-06, 0.002763008698821068, 0.29159581661224365, 0.7927665710449219]}