{"CO": [2.3116883767215768e-06, 0.002189589897170663, 0.04286805912852287, 0.00821860134601593, 0.0031166113913059235, 0.0044387043453752995, 0.00313262315467, 0.0029058533255010843, 0.005658776964992285, 0.07441126555204391, 1.0520902872085571, 4.361726760864258, 5.156759738922119, 4.9943461418151855, 4.681003093719482, 4.790126800537109, 5.632328987121582, 6.113079071044922, 6.505246162414551, 5.825313091278076, 5.832131385803223, 6.0042219161987305, 6.775045394897461, 6.846883296966553], "NO2": [0.00011577439727261662, 0.019134914502501488, 0.06258023530244827, 0.10636261850595474, 0.1934480369091034, 0.23190253973007202, 0.17766445875167847, 0.14876706898212433, 0.017854761332273483, 0.05293538048863411, 0.12313030660152435, 0.24344781041145325, 0.7145584225654602, 0.519410252571106, 0.7142418026924133, 0.6472375392913818, 0.21942630410194397, 0.11262411624193192, 0.10828270018100739, 0.6203217506408691, 1.0288422107696533, 1.7322978973388672, 1.05487859249115, 0.9840332269668579], "SO2": [6.59771512800944e-06, 4.3928097270828914e-10, 1.365800130770367e-07, 5.206362985177293e-08, 5.112340204505017e-06, 0.024647360667586327, 2.0872484185474605e-08, 0.002192386193200946, 0.0001987796276807785, 0.003054591128602624, 0.03629878908395767, 0.005131988786160946, 0.010344653390347958, 0.1700134426355362, 0.19182363152503967, 0.20462243258953094, 0.23736098408699036, 0.24035464227199554, 0.22914889454841614, 0.0007115937769412994, 0.0020497324876487255, 0.034090351313352585, 0.4759683609008789, 0.32299715280532837], "O3": [3.2500800443813205e-05, 0.29894500970840454, 2.19327712059021, 0.42048972845077515, 0.031104253605008125, 0.02005188539624214, 0.007121714297682047, 0.026886578649282455, 0.25384145975112915, 1.8041342496871948, 10.199919700622559, 38.711395263671875, 36.33485794067383, 33.994815826416016, 24.877511978149414, 23.98563003540039, 30.622568130493164, 36.27977752685547, 36.9068717956543, 47.934837341308594, 35.244056701660156, 37.48779296875, 31.825300216674805, 33.99197769165039], "PM10": [0.002432009670883417, 0.004892768803983927, 0.009117654524743557, 0.014276747591793537, 0.014343407936394215, 0.08666407316923141, 0.01682296209037304, 0.016636129468679428, 0.01126328855752945, 0.011558661237359047, 0.048260971903800964, 0.1572195589542389, 0.24507279694080353, 0.13256891071796417, 0.12993374466896057, 0.14025525748729706, 0.17066991329193115, 0.18944703042507172, 0.23115047812461853, 0.18832451105117798, 0.230787992477417, 0.2784188389778137, 0.9720452427864075, 0.41488659381866455], "PM25": [6.750708880787215e-10, 1.3397052498476114e-06, 9.091608080780134e-05, 5.472980319609633e-06, 2.373835286562098e-06, 0.036918606609106064, 0.003752787597477436, 0.0026912610046565533, 0.00030945547041483223, 9.840201528277248e-05, 0.0013100112555548549, 2.8877357181045227e-06, 2.631714401957197e-08, 0.00012032025551889092, 0.00016528159903828055, 0.0030483573209494352, 0.004105351399630308, 3.1618043738745882e-09, 0.006616520695388317, 1.726805930957198e-05, 3.1315749993154895e-09, 2.8168664357508533e-05, 0.2763889729976654, 0.07560607045888901]}