{"CO": [0.0001648936013225466, 0.005933891516178846, 0.016733551397919655, 0.0009786674054339528, 0.0016153048491105437, 0.002953912131488323, 0.004191140178591013, 0.0050380718894302845, 0.04241761565208435, 0.9115135073661804, 3.2200522422790527, 3.918354034423828, 5.796148777008057, 6.134078025817871, 5.38984489440918, 4.565030574798584, 4.765161037445068, 6.174063682556152, 6.2752299308776855, 5.967103958129883, 5.6282196044921875, 6.250558853149414, 6.402506351470947, 6.734066486358643], "NO2": [0.00801006518304348, 0.034544236958026886, 0.05834375321865082, 0.01635793223977089, 0.06544420123100281, 0.1015116348862648, 0.1434253603219986, 0.1591280996799469, 0.12433386594057083, 0.13683009147644043, 0.20345470309257507, 0.6960762143135071, 0.8929575085639954, 1.2570765018463135, 1.3397111892700195, 1.579762578010559, 0.44243472814559937, 0.17452779412269592, 0.16363978385925293, 0.6062089800834656, 0.7711285948753357, 1.2255555391311646, 1.247701644897461, 1.7045990228652954], "SO2": [9.687145166026312e-07, 6.15491515532085e-08, 3.8163667104990084e-13, 6.430764254439225e-11, 2.2192771211848594e-06, 1.0026657946582418e-05, 5.749578576796921e-06, 0.00020308303646743298, 0.005296720657497644, 0.045559417456388474, 0.08443088829517365, 0.0009397242683917284, 0.030603773891925812, 0.12857110798358917, 0.13157621026039124, 0.15787145495414734, 0.17680585384368896, 0.23886418342590332, 0.16474734246730804, 0.0021588958334177732, 0.004813983105123043, 0.1329164355993271, 0.15301480889320374, 0.23401004076004028], "O3": [0.04165758192539215, 0.5741174221038818, 0.8330556154251099, 0.07485650479793549, 0.05001261457800865, 0.01639568991959095, 0.007224972825497389, 0.003390721743926406, 1.1013692617416382, 7.6676459312438965, 23.542970657348633, 33.86909103393555, 34.66340255737305, 34.63367462158203, 28.027334213256836, 21.005325317382812, 25.97618865966797, 38.75191879272461, 37.54152297973633, 50.01675033569336, 34.49885940551758, 34.66642379760742, 30.510822296142578, 31.364656448364258], "PM10": [0.0036550145596265793, 0.008809165097773075, 0.01039636880159378, 0.009231740608811378, 0.00579653587192297, 0.09081653505563736, 0.3826386034488678, 0.012592426501214504, 0.02036440186202526, 0.05942408740520477, 0.11445429921150208, 0.18163923919200897, 0.19108061492443085, 0.34729093313217163, 0.4271787106990814, 0.1413407027721405, 0.1405920386314392, 0.20592215657234192, 0.2221323847770691, 0.21646802127361298, 0.1949727088212967, 0.27973833680152893, 0.5021181106567383, 0.23296710848808289], "PM25": [3.2615917007206008e-06, 1.4095965525484644e-05, 9.910996595863253e-05, 3.90217246604152e-06, 6.428219785448164e-05, 0.042490653693675995, 0.18734896183013916, 0.0007199661340564489, 0.001772671123035252, 0.004266716539859772, 0.000172583939274773, 1.0399716074971366e-06, 0.00029619550332427025, 0.07386412471532822, 0.09874454885721207, 0.0001879318297142163, 9.503857290837914e-05, 0.0033730268478393555, 0.0019074928713962436, 1.3512039004126564e-05, 7.246905624924693e-06, 0.0350583977997303, 0.060534946620464325, 0.00712167052552104]}