{"CO": [0.0017266437644138932, 0.004429123364388943, 0.004001946188509464, 0.037413183599710464, 0.021756203845143318, 0.02688102051615715, 0.028163164854049683, 0.013769665732979774, 0.15111547708511353, 0.4660715162754059, 0.5513663291931152, 3.357700824737549, 2.73675799369812, 4.144731521606445, 3.2743163108825684, 2.5983378887176514, 3.2856388092041016, 3.4273624420166016, 3.2226946353912354, 5.455296516418457, 5.982432842254639, 6.212136268615723, 6.043968200683594, 6.201012134552002], "NO2": [0.07153207808732986, 0.00733008561655879, 0.007073742337524891, 2.0902504920959473, 1.7904019355773926, 2.2423174381256104, 2.3839402198791504, 1.2222387790679932, 5.332103729248047, 0.7248920798301697, 0.33303678035736084, 0.8340733647346497, 14.457618713378906, 16.142412185668945, 13.697661399841309, 15.998703956604004, 4.321726322174072, 0.4666239023208618, 0.22143399715423584, 2.4733848571777344, 15.053397178649902, 18.732118606567383, 12.538761138916016, 14.777233123779297], "SO2": [3.8167001026670477e-13, 3.8167291050751617e-13, 3.816729918226791e-13, 6.117025289076317e-13, 4.142078624536083e-10, 4.728578084645108e-10, 1.6587137219303827e-09, 8.944409657374308e-09, 5.620882870260857e-09, 4.7338605924096555e-08, 0.0008983885054476559, 0.14604344964027405, 0.07180065661668777, 0.05827746167778969, 0.06619293242692947, 0.061877135187387466, 0.049715183675289154, 0.04350365325808525, 0.049623992294073105, 0.12927350401878357, 0.04675871878862381, 0.03463911637663841, 0.08789084106683731, 0.13222536444664001], "O3": [0.5851567983627319, 0.2611665427684784, 0.1931292563676834, 0.3911302983760834, 5.887455336051062e-05, 5.865403181815054e-06, 0.0017787328688427806, 3.8640507682430325e-07, 20.024524688720703, 25.865055084228516, 19.1146183013916, 21.932523727416992, 10.665355682373047, 15.796059608459473, 10.518330574035645, 4.223761081695557, 28.373210906982422, 40.85511779785156, 29.78030776977539, 28.351776123046875, 25.594327926635742, 25.78638458251953, 20.671899795532227, 21.486757278442383], "PM10": [0.007106393575668335, 0.006236753426492214, 0.006360076367855072, 0.012401445768773556, 0.011395190842449665, 0.011418888345360756, 0.011760839261114597, 0.013463196344673634, 0.012877029366791248, 0.01205039955675602, 0.009392356500029564, 0.0870899185538292, 0.111555315554142, 0.5564625263214111, 0.44360920786857605, 0.3428603410720825, 0.18262307345867157, 0.14134226739406586, 0.09354512393474579, 0.08597824722528458, 0.6075626611709595, 0.771813154220581, 1.0155965089797974, 0.6713598966598511], "PM25": [9.999999506879345e-17, 9.999999506879345e-17, 1.0000000830368325e-16, 1.2933755029720758e-16, 1.2085725495264454e-16, 1.2346439589451367e-16, 4.465171874417197e-15, 5.377409628692931e-11, 1.892470624653697e-10, 1.955912428547313e-12, 1.7354297320482277e-14, 2.055550122001819e-15, 4.230316319681418e-15, 7.123525910584984e-15, 8.153299439945822e-15, 2.3922069837187254e-13, 1.3875595551021691e-12, 4.7268487274277834e-14, 8.193819802076573e-15, 2.919566079848568e-15, 9.838895670410963e-11, 8.664225448207219e-10, 3.2029207064354637e-10, 2.2773563590483548e-10]}