{"CO": [1.2703351785603445e-05, 0.08757264167070389, 0.02522260695695877, 0.014541328884661198, 0.01888832077383995, 0.01201538648456335, 0.009901215322315693, 0.008642924949526787, 0.02467249520123005, 0.3429703712463379, 4.5544538497924805, 4.151098728179932, 5.0200300216674805, 3.715538501739502, 2.572486400604248, 2.2095630168914795, 3.289823293685913, 3.893817186355591, 4.658101558685303, 5.824135780334473, 6.066512584686279, 6.1714630126953125, 6.363614082336426, 6.546455383300781], "NO2": [0.00038420717464759946, 0.44775816798210144, 0.5947005152702332, 1.643329381942749, 1.8830933570861816, 1.235266089439392, 0.9164616465568542, 0.6825589537620544, 0.6308855414390564, 1.6447713375091553, 0.4084099233150482, 4.607531547546387, 7.58716344833374, 8.56367015838623, 6.362707138061523, 6.448281288146973, 1.551479697227478, 0.8122709393501282, 1.292581558227539, 2.70029354095459, 5.160001754760742, 7.490170478820801, 7.673061847686768, 7.507798194885254], "SO2": [3.81673154453005e-13, 3.816202453869877e-13, 3.816627461121491e-13, 4.76144731281769e-13, 3.816733983984938e-13, 6.841101296561902e-11, 6.503029781335101e-10, 3.12395656010267e-08, 3.101600531962845e-09, 2.128224139141821e-07, 0.044080883264541626, 0.051576122641563416, 0.0078119817189872265, 0.05809391289949417, 0.05140334740281105, 0.05189318209886551, 0.03993995860219002, 0.02722950279712677, 0.01588047668337822, 0.04102325439453125, 0.003510546637699008, 0.054751235991716385, 0.13448680937290192, 0.20076952874660492], "O3": [0.002446419093757868, 6.896354675292969, 2.4435293674468994, 0.33541449904441833, 0.004406905733048916, 2.0955327272531576e-05, 0.003368771867826581, 0.0023077947553247213, 2.3806228637695312, 20.55539894104004, 40.03319549560547, 29.91405487060547, 30.78228187561035, 22.825672149658203, 15.492046356201172, 11.847699165344238, 28.598886489868164, 45.7973518371582, 39.36522674560547, 48.762664794921875, 39.714107513427734, 40.288761138916016, 38.00975036621094, 34.71227264404297], "PM10": [0.0026358149480074644, 0.008291016332805157, 0.009312066249549389, 0.008423403836786747, 0.011483955197036266, 0.013656281866133213, 0.013633071444928646, 0.01235499233007431, 0.012472636997699738, 0.01119904313236475, 0.10774753987789154, 0.11000422388315201, 0.4491574168205261, 0.20541755855083466, 0.12672625482082367, 0.09775333851575851, 0.18197189271450043, 0.17987015843391418, 0.1587575227022171, 0.17310243844985962, 0.4248887598514557, 0.35650864243507385, 0.2911171615123749, 0.25763532519340515], "PM25": [1.0000000830368325e-16, 9.999999506879345e-17, 1.0457427738643209e-16, 1.03671207915761e-16, 1.297654475193588e-16, 7.891451909796364e-15, 4.131689435027397e-11, 7.917805300294845e-10, 3.2877733868730274e-10, 8.202211479457766e-12, 1.4289044326563048e-14, 1.50670203716936e-14, 1.2473689243238262e-14, 2.850753758488339e-14, 4.946315709450366e-13, 5.401652215797359e-12, 5.491409844210482e-12, 9.482696745888308e-13, 4.052590511435805e-14, 1.0314150792126164e-14, 1.2788364811555653e-10, 3.8531938750807626e-10, 1.8411158708708797e-10, 1.0401902950096797e-10]}