{"CO": [0.00023626087931916118, 0.004371699411422014, 0.010924872010946274, 0.0010247754398733377, 0.0017895709024742246, 0.004213556181639433, 0.005979202222079039, 0.0072451066225767136, 0.2552800178527832, 1.9566435813903809, 3.8123903274536133, 4.975833892822266, 6.115137100219727, 5.773643493652344, 4.930318832397461, 4.920313835144043, 4.975247383117676, 5.978529930114746, 5.929455280303955, 5.365350246429443, 5.618459701538086, 6.086271286010742, 6.3992085456848145, 6.7271409034729], "NO2": [0.006451047025620937, 0.006707511376589537, 0.011439072899520397, 0.004137958399951458, 0.05641981214284897, 0.14961694180965424, 0.2026754766702652, 0.11029325425624847, 0.07426465302705765, 0.06604989618062973, 0.11380936205387115, 0.35438698530197144, 0.4537186622619629, 0.5827437043190002, 0.635974645614624, 1.0612963438034058, 0.340560644865036, 0.07252610474824905, 0.07127013802528381, 0.18517136573791504, 0.440236896276474, 0.6108022332191467, 0.6276013255119324, 1.9579166173934937], "SO2": [7.788848392920045e-07, 1.2963502667162619e-11, 2.5334427264378512e-11, 3.445523727441113e-11, 4.1827879613265395e-06, 5.007008076063357e-05, 2.2471469492302276e-05, 0.00013612679322250187, 0.012877732515335083, 0.08125768601894379, 0.11194092035293579, 0.0020631912630051374, 0.03644610568881035, 0.11109410226345062, 0.10452410578727722, 0.1481083333492279, 0.1809869408607483, 0.2262115478515625, 0.21675792336463928, 0.026848791167140007, 0.005896118003875017, 0.11784294992685318, 0.15318343043327332, 0.5431880950927734], "O3": [0.060695942491292953, 0.28005656599998474, 0.4860932230949402, 0.08684511482715607, 0.06379072368144989, 0.019935231655836105, 0.010017350316047668, 0.008381479419767857, 1.7604008913040161, 12.755455017089844, 27.44513511657715, 34.86712646484375, 36.86917495727539, 31.5303955078125, 27.74981689453125, 24.750272750854492, 27.40738296508789, 36.26687240600586, 35.040565490722656, 46.693790435791016, 33.83083724975586, 31.536657333374023, 31.261972427368164, 28.231618881225586], "PM10": [0.003258810844272375, 0.04805251210927963, 0.08100505918264389, 0.028019655495882034, 0.013012615963816643, 0.24533818662166595, 0.6523607969284058, 0.08508256077766418, 0.022858720272779465, 0.1097414642572403, 0.23248744010925293, 0.15726125240325928, 0.29809820652008057, 0.7034502029418945, 0.6532654762268066, 0.2640918791294098, 0.15373556315898895, 0.22132202982902527, 0.36052030324935913, 0.20337341725826263, 0.19982507824897766, 0.5046522617340088, 0.6692285537719727, 1.2563979625701904], "PM25": [1.5260415153761642e-10, 0.008015530183911324, 0.029982877895236015, 0.008413956500589848, 0.0015349875902757049, 0.11773408949375153, 0.3195105493068695, 0.036520011723041534, 0.0029357613530009985, 0.007665466982871294, 0.022765614092350006, 0.0010526773985475302, 0.03713952377438545, 0.23232072591781616, 0.1783389300107956, 0.04473422095179558, 0.0006428913911804557, 0.010293458588421345, 0.053514543920755386, 3.2389420994149987e-06, 0.003493146039545536, 0.1283235102891922, 0.0481838695704937, 0.3306815028190613]}