{"CO": [0.0012647969415411353, 0.0643959566950798, 0.01784970797598362, 0.02569371648132801, 0.022753754630684853, 0.014534177258610725, 0.010260623879730701, 0.008927453309297562, 0.027253158390522003, 0.452244371175766, 0.0001511687587480992, 2.208583354949951, 4.81499719619751, 3.9423887729644775, 2.699824094772339, 2.2819528579711914, 3.562000036239624, 3.9654922485351562, 3.6231801509857178, 6.1357035636901855, 6.049622058868408, 6.166298866271973, 6.35236930847168, 6.5253825187683105], "NO2": [0.10391215980052948, 0.35194388031959534, 0.27983078360557556, 2.145352840423584, 1.8299143314361572, 1.4213745594024658, 0.9543046951293945, 0.7160512804985046, 1.1798853874206543, 1.2447956800460815, 1.347489356994629, 3.20819354057312, 10.139179229736328, 13.408447265625, 10.135205268859863, 7.947564125061035, 2.1331751346588135, 0.8358829617500305, 0.9237872958183289, 4.616800308227539, 7.2463507652282715, 11.484188079833984, 10.300564765930176, 9.663595199584961], "SO2": [3.8166439952046216e-13, 3.8159644714930163e-13, 3.8163217161088503e-13, 1.028342667096227e-12, 3.357571512485613e-11, 4.271038522851711e-10, 7.329279960721635e-10, 2.9405113011193862e-08, 3.4673961479825266e-09, 2.9898621960455785e-06, 4.376124252303271e-06, 0.1026391088962555, 0.02199980802834034, 0.05553822219371796, 0.0530325323343277, 0.051416635513305664, 0.04131705313920975, 0.033469270914793015, 0.011456278152763844, 0.005514520686119795, 0.005701966118067503, 0.04794692620635033, 0.12708032131195068, 0.19228050112724304], "O3": [0.4198317229747772, 5.733259677886963, 2.3498079776763916, 0.3151504099369049, 0.0023061688989400864, 3.6327568523120135e-05, 0.000848742260131985, 0.0007674066000618041, 3.3341262340545654, 24.072996139526367, 11.380887985229492, 20.149497985839844, 28.750062942504883, 19.37255096435547, 12.999231338500977, 10.923103332519531, 29.66327476501465, 46.81504440307617, 35.02275848388672, 36.92667770385742, 38.25408172607422, 35.673213958740234, 35.05772018432617, 32.26056671142578], "PM10": [0.0074720224365592, 0.008303574286401272, 0.007204797584563494, 0.01037691906094551, 0.012628646567463875, 0.013266059570014477, 0.013750335201621056, 0.01253192313015461, 0.012601245194673538, 0.011915680952370167, 0.011229055002331734, 0.04279775172472, 0.447693794965744, 0.26218554377555847, 0.15850882232189178, 0.11310607194900513, 0.20500507950782776, 0.18116869032382965, 0.09845802932977676, 0.16320206224918365, 0.46351924538612366, 0.45813679695129395, 0.31139299273490906, 0.2768268883228302], "PM25": [1.0000000168623835e-16, 1.0000000830368325e-16, 1.0000000830368325e-16, 1.191140611471952e-16, 1.447683730138128e-16, 1.0841751733103107e-15, 1.902902141415197e-11, 6.353614856458023e-10, 1.896006268653494e-10, 1.0064012123667254e-11, 3.7160045548469134e-13, 6.916578820911814e-16, 1.1419224703464962e-14, 1.3697230029612994e-14, 2.2464887209586865e-13, 3.809055935249939e-12, 2.86836331596374e-12, 3.536479106520246e-13, 2.7005419944134456e-15, 1.457317644652182e-14, 1.715330238960533e-10, 4.995671099017329e-10, 2.1489914014960476e-10, 1.0799331567890036e-10]}