{"CO": [5.3571716307487804e-06, 0.0027426150627434254, 0.0016598217189311981, 0.0005348327686078846, 0.003123413771390915, 0.0059317066334187984, 0.007053570821881294, 0.08260734379291534, 0.865871012210846, 4.216736793518066, 4.567119598388672, 5.3407487869262695, 6.150559425354004, 5.2901835441589355, 4.353109359741211, 4.200250148773193, 5.351208209991455, 6.600513935089111, 6.056234359741211, 5.644201278686523, 6.141089916229248, 5.9284210205078125, 6.277499675750732, 6.73040771484375], "NO2": [9.962768672266975e-05, 0.00471232645213604, 0.004064751323312521, 0.0020415482576936483, 0.07491694390773773, 0.2068614661693573, 0.2026362419128418, 0.3526802361011505, 0.10115687549114227, 0.13349218666553497, 0.16850146651268005, 0.5987653732299805, 0.7724494934082031, 0.848726212978363, 1.3463236093521118, 1.246090292930603, 0.29844674468040466, 0.12224538624286652, 0.16420426964759827, 0.5368673205375671, 0.6151788234710693, 0.7993256449699402, 1.3353681564331055, 1.2932404279708862], "SO2": [3.8167285629740755e-13, 3.815987781839725e-13, 4.174231761026187e-13, 4.540582132506188e-09, 9.646910257288255e-06, 4.955519216309767e-06, 2.26411793846637e-05, 0.003398125758394599, 0.03892352432012558, 0.18394114077091217, 0.08058853447437286, 0.0031428614165633917, 0.032520685344934464, 0.10514059662818909, 0.08071298897266388, 0.11818370223045349, 0.20477145910263062, 0.28897368907928467, 0.07261700928211212, 4.387176488762634e-08, 0.052533652633428574, 0.10387609899044037, 0.06930390745401382, 0.22849178314208984], "O3": [0.0009085924830287695, 0.16308094561100006, 0.10899902135133743, 0.034472063183784485, 0.062478408217430115, 0.03442571312189102, 0.007112209685146809, 0.20296289026737213, 4.882707118988037, 25.10270118713379, 35.52255630493164, 37.47657012939453, 36.8092041015625, 31.22484588623047, 24.296472549438477, 21.792795181274414, 27.712554931640625, 37.559749603271484, 39.115848541259766, 37.67039108276367, 37.95036697387695, 33.16047668457031, 30.375484466552734, 32.286800384521484], "PM10": [0.024179058149456978, 0.0333528146147728, 0.009999901987612247, 0.0051895203068852425, 0.04254736751317978, 0.4905208349227905, 1.2422817945480347, 0.37930747866630554, 0.08613011240959167, 0.196166530251503, 0.19943241775035858, 0.2129908800125122, 0.46278250217437744, 1.1556447744369507, 1.092644214630127, 0.36831945180892944, 0.20869645476341248, 0.26279041171073914, 0.2593560516834259, 0.18331925570964813, 0.2094128280878067, 1.115343689918518, 1.260021686553955, 0.4465189576148987], "PM25": [0.011064576916396618, 0.008870035409927368, 0.0010676392121240497, 4.10572518205754e-08, 0.01761157065629959, 0.24193526804447174, 0.6231012940406799, 0.18385790288448334, 0.0110410051420331, 0.010248355567455292, 0.00869388785213232, 0.00010095642210217193, 0.11487387865781784, 0.460204154253006, 0.38114482164382935, 0.09366144239902496, 0.017323683947324753, 0.018529465422034264, 0.0062070926651358604, 1.5835567301891729e-09, 0.006529978476464748, 0.40450435876846313, 0.06884914636611938, 0.049183547496795654]}