{"CO": [0.00041971541941165924, 0.07877258956432343, 0.008515885099768639, 0.026848692446947098, 0.018624715507030487, 0.015161413699388504, 0.010559473186731339, 0.009245380759239197, 0.029742049053311348, 0.4275829493999481, 0.0003964811039622873, 2.3378305435180664, 4.499596118927002, 3.8378491401672363, 2.7173402309417725, 2.253851890563965, 3.466756582260132, 4.002590656280518, 5.688720226287842, 6.262302875518799, 6.041646480560303, 6.187893867492676, 6.350857734680176, 6.525946140289307], "NO2": [0.029512202367186546, 0.3905997574329376, 0.35034194588661194, 1.8144885301589966, 1.4871478080749512, 1.4535795450210571, 0.9845490455627441, 0.7486028075218201, 1.350448489189148, 1.3329318761825562, 1.1537374258041382, 3.2947797775268555, 10.60150146484375, 14.070155143737793, 11.98517894744873, 8.841711044311523, 2.3630716800689697, 0.8443408012390137, 0.6427800059318542, 3.8198153972625732, 9.267881393432617, 12.495394706726074, 11.400226593017578, 10.791712760925293], "SO2": [3.8166946816561853e-13, 3.8157796150226075e-13, 3.8166589029844933e-13, 2.3729945959616305e-12, 9.852389737385892e-11, 4.171216150261614e-10, 9.946132806248897e-10, 3.5443154189351844e-08, 2.526904463451274e-09, 9.473271234128333e-08, 2.1175908386794617e-06, 0.14593373239040375, 0.035223957151174545, 0.060054998844861984, 0.05471989884972572, 0.054216060787439346, 0.04111802577972412, 0.03636155277490616, 0.059411101043224335, 0.17379604279994965, 0.008931398391723633, 0.05270986258983612, 0.1235402449965477, 0.18941721320152283], "O3": [0.12518852949142456, 6.564060211181641, 0.988186240196228, 0.33319804072380066, 0.0026257710997015238, 0.0002771207073237747, 0.0004961775848641992, 0.000715254049282521, 3.4384987354278564, 22.998367309570312, 12.438379287719727, 27.10038948059082, 28.700157165527344, 18.526033401489258, 11.382694244384766, 9.30704402923584, 28.17232894897461, 46.65147018432617, 46.78898239135742, 38.342681884765625, 37.264793395996094, 35.085758209228516, 34.01877212524414, 31.191158294677734], "PM10": [0.0043878694996237755, 0.008001626469194889, 0.007304113358259201, 0.01127922534942627, 0.012526451610028744, 0.013190999627113342, 0.013689767569303513, 0.012479725293815136, 0.0124062430113554, 0.013427933678030968, 0.010594869032502174, 0.04709647223353386, 0.4104766547679901, 0.25997474789619446, 0.1735708862543106, 0.1132969781756401, 0.19430580735206604, 0.18437330424785614, 0.13281109929084778, 0.16211910545825958, 0.477848619222641, 0.4689443111419678, 0.324339359998703, 0.2835673391819], "PM25": [1.0000000168623835e-16, 1.0000000168623835e-16, 1.0000000168623835e-16, 1.2588025297409115e-16, 1.4429826972808666e-16, 4.4408648346276364e-16, 8.943039885023207e-12, 4.2571601799323844e-10, 2.835495727104842e-10, 1.1928760063062427e-11, 5.044314575416986e-13, 1.0804268407604736e-15, 1.0588705510550332e-14, 9.464931652835e-15, 1.0137502409789459e-13, 2.8573989962338286e-12, 2.5672567370571553e-12, 2.523773833147669e-13, 5.16895926831306e-15, 1.1308845299009412e-14, 2.5166085881878075e-10, 6.070415281556052e-10, 2.4835697387537436e-10, 1.192473481070877e-10]}