{"CO": [8.043966226978227e-05, 0.008592274971306324, 0.012729340232908726, 0.002328344387933612, 0.00141798029653728, 0.0034116217866539955, 0.0035417794715613127, 0.0031203506514430046, 0.006644998677074909, 0.13045594096183777, 2.858342409133911, 3.8457250595092773, 5.2937469482421875, 5.532044887542725, 5.558279037475586, 5.023926258087158, 5.373175144195557, 5.923737049102783, 6.2924089431762695, 5.933308124542236, 5.672286510467529, 6.009060859680176, 6.379056930541992, 6.517393112182617], "NO2": [0.0013664657017216086, 0.011301045306026936, 0.00902978889644146, 0.007687254808843136, 0.07028737664222717, 0.1379973590373993, 0.14886198937892914, 0.1422356218099594, 0.025347715243697166, 0.03191767632961273, 0.07671964168548584, 0.31753095984458923, 0.8530692458152771, 1.1180638074874878, 1.7669761180877686, 1.033232569694519, 0.24501579999923706, 0.09391439706087112, 0.07924681156873703, 0.3264762759208679, 0.532927393913269, 1.0847824811935425, 1.5361279249191284, 1.2775685787200928], "SO2": [0.01159733161330223, 0.00012529549712780863, 2.4836873535605264e-07, 4.1210771232168264e-13, 6.108329397847001e-10, 0.03424445912241936, 0.002233537146821618, 0.23637895286083221, 0.010568566620349884, 0.031087789684534073, 0.10134116560220718, 0.002379945944994688, 0.0005005951970815659, 0.07037318497896194, 0.13972534239292145, 0.467083603143692, 0.3017190098762512, 0.23507025837898254, 0.2331877499818802, 0.01007008459419012, 0.0019231017213314772, 0.05959325283765793, 0.14171722531318665, 2.3362314701080322], "O3": [0.011072360910475254, 0.5489237308502197, 0.5280974507331848, 0.1508319228887558, 0.053963519632816315, 0.007631612941622734, 0.0014095945516601205, 0.0034425416961312294, 0.36018916964530945, 1.8812658786773682, 19.751657485961914, 32.96696090698242, 32.90550231933594, 32.48842239379883, 25.200130462646484, 22.86236000061035, 29.748126983642578, 35.43902587890625, 36.08134078979492, 47.45712661743164, 36.664241790771484, 34.11396026611328, 30.831707000732422, 35.9871826171875], "PM10": [0.057450950145721436, 0.009544825181365013, 0.026295794174075127, 0.028501853346824646, 0.006384653504937887, 0.09825073927640915, 0.12651775777339935, 0.6210727691650391, 0.06797526031732559, 0.11197429895401001, 0.13006341457366943, 0.1190209686756134, 0.20238624513149261, 0.19841550290584564, 0.45062974095344543, 1.7272838354110718, 0.5135001540184021, 0.23063838481903076, 0.34068822860717773, 0.2118786722421646, 0.20748838782310486, 0.22156278789043427, 0.33616501092910767, 6.995516300201416], "PM25": [0.017983706668019295, 5.8754230849444866e-05, 0.0028369359206408262, 0.004529699683189392, 2.3897473511169665e-05, 0.04517975449562073, 0.05738631635904312, 0.20486588776111603, 0.010533450171351433, 0.013722286559641361, 0.004857549909502268, 8.588539640186355e-05, 3.711372187353845e-08, 0.0017117041861638427, 0.08733416348695755, 0.5786673426628113, 0.13348343968391418, 0.018530113622546196, 0.042553022503852844, 2.121823672496248e-05, 8.206790766962513e-07, 0.001678941654972732, 0.029295900836586952, 1.9784952402114868]}