{"CO": [2.2058204194763675e-05, 0.00024133229453582317, 0.014851403422653675, 0.011653141118586063, 0.005424430128186941, 0.003750442760065198, 0.00257538422010839, 0.002647512359544635, 0.012624306604266167, 0.48409566283226013, 3.032449245452881, 4.749274253845215, 5.034893035888672, 4.906550884246826, 4.877706050872803, 5.128543853759766, 5.509765148162842, 6.568291187286377, 6.2846198081970215, 6.241005897521973, 6.131742477416992, 6.523355007171631, 6.861366271972656, 6.866231441497803], "NO2": [0.0003576624731067568, 0.002419097116217017, 0.015377474948763847, 0.08789493888616562, 0.1850433498620987, 0.1702560931444168, 0.13378851115703583, 0.12574341893196106, 0.012096955440938473, 0.023713035508990288, 0.1904737949371338, 0.20769384503364563, 0.42338359355926514, 0.336108922958374, 0.3035373091697693, 0.27510055899620056, 0.17142155766487122, 0.04861457645893097, 0.06896492093801498, 0.11070632189512253, 0.4094094932079315, 0.3043820858001709, 0.3249443769454956, 0.5821343064308167], "SO2": [2.4087253459176283e-12, 1.385477886930997e-12, 8.292371944662591e-08, 1.2583547004396678e-07, 4.424229700816795e-06, 8.602104207966477e-05, 9.464417962590232e-05, 0.0004906366812065244, 0.0004070003342349082, 0.020228471606969833, 0.05590145289897919, 0.00381417665630579, 0.027032392099499702, 0.17247973382472992, 0.20960873365402222, 0.23159261047840118, 0.22963209450244904, 0.2726174592971802, 0.10946085304021835, 0.018356269225478172, 0.005432626698166132, 0.19231267273426056, 0.2953299283981323, 0.3045414090156555], "O3": [0.004080228973180056, 0.04406138136982918, 0.6086838245391846, 0.4696216583251953, 0.12244861572980881, 0.06898049265146255, 0.04313298687338829, 0.038161031901836395, 0.2686733603477478, 3.593428611755371, 23.313257217407227, 40.63530731201172, 41.750972747802734, 35.7359504699707, 30.424577713012695, 30.152963638305664, 28.88936996459961, 37.76658248901367, 41.27428436279297, 52.415672302246094, 47.374420166015625, 41.6836051940918, 38.88933563232422, 39.00714874267578], "PM10": [0.0027534787077456713, 0.003055752255022526, 0.00860929861664772, 0.015117176808416843, 0.01666133664548397, 0.011409690603613853, 0.009395971894264221, 0.010573972016572952, 0.009647148661315441, 0.01588202640414238, 0.06348542869091034, 0.1584806889295578, 0.18806274235248566, 0.13048484921455383, 0.1425931304693222, 0.1479189544916153, 0.15696395933628082, 0.19967110455036163, 0.20244096219539642, 0.26453593373298645, 0.26697492599487305, 0.21004977822303772, 0.18928921222686768, 0.2736709713935852], "PM25": [3.083695679449022e-13, 1.2801395499195678e-09, 3.3513373409732594e-08, 7.093691606341324e-11, 1.937569322763011e-06, 8.868938311934471e-05, 0.00010744289465947077, 0.00017394291353411973, 3.3582585956537514e-07, 3.23101573940221e-07, 3.3249827424697287e-07, 2.20351449590941e-15, 3.093641862506047e-05, 3.601715434342623e-05, 0.00114334502723068, 0.0017461979296058416, 3.925653436454013e-05, 2.231559115273285e-08, 1.5741527192858484e-08, 1.4651546642596713e-08, 7.118447683751583e-06, 4.4314958358881995e-05, 0.0018483069725334644, 0.023257287219166756]}