{"CO": [1.4160128785078996e-06, 0.0002986498875543475, 0.005297296680510044, 0.004638735670596361, 0.002873412100598216, 0.007214910816401243, 0.008144808933138847, 0.01067730039358139, 0.09781520813703537, 1.3194204568862915, 2.212853193283081, 0.8315377831459045, 5.497681617736816, 4.877802848815918, 5.710469722747803, 5.132883548736572, 4.955484867095947, 5.309649467468262, 5.615390300750732, 5.371119976043701, 5.683382034301758, 5.3965325355529785, 5.895359039306641, 6.2026753425598145], "NO2": [1.3350198059924878e-05, 0.0012022893643006682, 0.006658707279711962, 0.02210310287773609, 0.14091020822525024, 0.2667320966720581, 0.27373313903808594, 0.21753785014152527, 0.0623764805495739, 0.09851972758769989, 0.13871753215789795, 0.16657908260822296, 0.24304120242595673, 1.3596727848052979, 1.1228890419006348, 1.1690027713775635, 0.3848648965358734, 0.12255093455314636, 0.12245406210422516, 0.38419482111930847, 0.488086462020874, 1.0894601345062256, 1.362965703010559, 1.5646191835403442], "SO2": [6.0424448747653514e-05, 0.0003206695837434381, 0.0005054417415522039, 0.001323360251262784, 0.0002258838212583214, 8.381177394767292e-06, 0.0005067581660114229, 0.042840369045734406, 0.15878070890903473, 0.10355302691459656, 0.13114897906780243, 0.17760714888572693, 0.12720133364200592, 0.09338657557964325, 0.14409248530864716, 0.21088749170303345, 0.20606456696987152, 0.18995609879493713, 0.19411541521549225, 0.18712055683135986, 0.05880160629749298, 0.014665934257209301, 0.06510212272405624, 0.1193401888012886], "O3": [0.00013970196596346796, 0.03569033741950989, 0.2527298629283905, 0.1956004798412323, 0.0018088030628859997, 0.028591055423021317, 0.008068223483860493, 0.0026006081607192755, 0.8094712495803833, 9.768744468688965, 16.325769424438477, 8.539766311645508, 31.807649612426758, 24.015687942504883, 28.497529983520508, 25.48740577697754, 27.09131622314453, 31.92034339904785, 34.08295822143555, 33.3387336730957, 35.95218276977539, 27.991836547851562, 29.009078979492188, 29.38428497314453], "PM10": [0.002631732262670994, 0.0038104993291199207, 0.01155107468366623, 0.013105710968375206, 0.009581293910741806, 0.013981275260448456, 0.026642341166734695, 0.30897003412246704, 0.44054052233695984, 0.23222844302654266, 0.41926518082618713, 0.9620922207832336, 0.2084987759590149, 0.1522127389907837, 0.4081732928752899, 0.5114677548408508, 0.3918359577655792, 0.24065466225147247, 0.30201268196105957, 0.4303477108478546, 0.2277991771697998, 0.1963920146226883, 0.23085278272628784, 0.2946334183216095], "PM25": [8.356985927093774e-05, 7.249739428516477e-05, 0.00012868324120063335, 0.0003025658952537924, 1.4063887647353113e-05, 6.664676038781181e-05, 0.004169810097664595, 0.12178869545459747, 0.05167006328701973, 0.030272288247942924, 0.03456016629934311, 0.06530355662107468, 0.000647255452349782, 0.0007545740227214992, 0.08742813020944595, 0.12406014651060104, 0.08331136405467987, 0.01807776838541031, 0.02870164066553116, 0.06025155261158943, 0.003365884767845273, 0.0025672081392258406, 0.009290085174143314, 0.026304839178919792]}