{"CO": [0.009071801789104939, 0.013179520145058632, 0.022307056933641434, 0.02061934769153595, 0.025732750073075294, 0.011503750458359718, 0.0379154272377491, 0.03416701406240463, 0.014717196114361286, 0.04169008508324623, 0.2969241440296173, 1.9509453773498535, 4.676059246063232, 4.477769374847412, 3.8927664756774902, 3.9688880443573, 4.770389556884766, 6.199674606323242, 5.908358097076416, 6.460673809051514, 6.168628692626953, 6.114588737487793, 6.191569805145264, 6.572950839996338], "NO2": [0.0018558111041784286, 0.00955287180840969, 0.01668035425245762, 0.10225094109773636, 0.7639610171318054, 0.4882686734199524, 0.49362874031066895, 0.4415155053138733, 0.0682038888335228, 0.061638858169317245, 0.05014709755778313, 0.19537149369716644, 0.4554506242275238, 0.5076725482940674, 0.7132310271263123, 0.8488926887512207, 0.2797325849533081, 0.04852323234081268, 0.07416689395904541, 0.12757666409015656, 0.3347589373588562, 0.49457815289497375, 0.7146124243736267, 1.0335246324539185], "SO2": [0.920454740524292, 2.094242572784424, 0.8099748492240906, 2.4759421348571777, 1.4420136213302612, 0.3859168589115143, 3.511030673980713, 2.8515686988830566, 0.8703977465629578, 0.4098754823207855, 2.79740834236145, 4.145040512084961, 1.042675495147705, 1.1870366334915161, 2.284452438354492, 2.427351713180542, 1.2723389863967896, 0.5329024791717529, 1.2495964765548706, 1.9201630353927612, 0.8222603797912598, 0.967357337474823, 1.7408522367477417, 3.952528238296509], "O3": [0.027601998299360275, 0.5164138674736023, 0.9678396582603455, 0.5523667335510254, 0.17120465636253357, 0.05834347754716873, 0.020474877208471298, 0.01485066581517458, 0.613433837890625, 2.228637933731079, 6.858317852020264, 13.404937744140625, 34.99235534667969, 32.90816879272461, 27.29564666748047, 26.3873233795166, 26.449886322021484, 37.18904495239258, 34.08645248413086, 52.958656311035156, 45.67156982421875, 44.81074905395508, 41.14894104003906, 34.22428512573242], "PM10": [2.026797294616699, 3.2491161823272705, 1.2200649976730347, 3.4349491596221924, 5.632397651672363, 2.815251588821411, 10.697386741638184, 11.581949234008789, 2.341613292694092, 0.9531531929969788, 5.584185600280762, 8.146201133728027, 5.098267078399658, 3.407691240310669, 6.036359786987305, 7.693231582641602, 2.872511386871338, 0.9986693263053894, 2.9627699851989746, 5.736442565917969, 4.751286029815674, 2.665940523147583, 5.218322277069092, 10.82287883758545], "PM25": [1.0690186023712158, 1.723059892654419, 0.1941118836402893, 1.5415691137313843, 2.591177225112915, 1.0827535390853882, 5.382969379425049, 5.492741107940674, 1.1327439546585083, 0.11884775012731552, 1.9729197025299072, 4.116950988769531, 2.3046329021453857, 1.7257447242736816, 3.097597122192383, 3.9340639114379883, 1.3273533582687378, 0.23648646473884583, 0.8793059587478638, 2.7903409004211426, 2.1368210315704346, 1.1472522020339966, 2.4934346675872803, 5.071722507476807]}