{"CO": [0.0008622899185866117, 0.00632487703114748, 0.009433952160179615, 0.005176725797355175, 0.005715692415833473, 0.014794954098761082, 0.020534520968794823, 0.013984115794301033, 0.2867335379123688, 0.5991198420524597, 3.4836349487304688, 3.637033462524414, 1.274700403213501, 3.5844709873199463, 3.785541534423828, 3.3839094638824463, 3.204486846923828, 3.0088918209075928, 4.207521915435791, 6.563952445983887, 6.349311828613281, 6.225729465484619, 3.8092613220214844, 5.9446210861206055], "NO2": [0.009895969182252884, 0.005936252418905497, 0.005011670757085085, 0.10345269739627838, 0.29141736030578613, 1.6000546216964722, 3.092597007751465, 3.1731061935424805, 2.8720836639404297, 0.3727438747882843, 0.08441616594791412, 0.15328776836395264, 0.28908687829971313, 2.212195634841919, 3.4252989292144775, 6.53816556930542, 2.2808620929718018, 0.42933323979377747, 0.1438974142074585, 0.22588777542114258, 0.33126309514045715, 1.922744631767273, 1.6053613424301147, 3.0438549518585205], "SO2": [3.816730189277334e-13, 3.816730189277334e-13, 3.8167312734795067e-13, 6.613055103521503e-10, 1.7051043910143449e-10, 4.2318660511617145e-13, 1.0695353491740889e-09, 6.349740147015837e-07, 0.0015309039736166596, 0.00041427125688642263, 0.0954950824379921, 0.12330656498670578, 0.035416536033153534, 0.08673609793186188, 0.06615865975618362, 0.05817590281367302, 0.05061480030417442, 0.04053008183836937, 0.1018385961651802, 0.2312266230583191, 0.18339428305625916, 0.15783140063285828, 0.08783646672964096, 0.13561390340328217], "O3": [0.1028357520699501, 0.2558251619338989, 0.2726750671863556, 0.17739304900169373, 0.0730641707777977, 0.13356171548366547, 0.019747663289308548, 0.00028935802401974797, 28.439353942871094, 24.182146072387695, 25.841398239135742, 35.267513275146484, 8.590489387512207, 8.756611824035645, 8.065837860107422, 4.801846504211426, 31.977970123291016, 37.60466766357422, 32.03143310546875, 41.019752502441406, 20.342445373535156, 14.93270492553711, 11.205753326416016, 8.463488578796387], "PM10": [0.005992545746266842, 0.0061027915216982365, 0.006210959050804377, 0.010485542938113213, 0.009686963632702827, 0.013756098225712776, 0.012443014420568943, 0.013409172184765339, 0.010662674903869629, 0.01028535794466734, 0.04997549578547478, 0.07100629806518555, 0.05782511457800865, 0.9884811043739319, 1.0599428415298462, 1.1091384887695312, 0.13166724145412445, 0.11418898403644562, 0.05953345447778702, 0.10668084770441055, 1.2239948511123657, 1.5794072151184082, 1.0163840055465698, 2.0826635360717773], "PM25": [1.0000000168623835e-16, 1.0000000168623835e-16, 9.999999506879345e-17, 1.2242500705889384e-16, 1.3463302822987406e-16, 1.3700142499462569e-16, 6.670901679121032e-16, 9.705916083867228e-14, 3.708371652968003e-15, 1.1821236810506338e-16, 2.407886499543809e-16, 1.0655255592196901e-16, 1.0000000168623835e-16, 2.6070271218168475e-16, 4.4207867127063613e-16, 7.351055900876435e-16, 4.3699645241128664e-15, 2.0640494623528054e-15, 2.357530655527337e-16, 1.294359914075463e-16, 2.8375677848401946e-16, 4.6237961579659835e-16, 1.173858509310663e-13, 8.570583614553665e-14]}