{"CO": [1.9287501800135942e-06, 6.760940595995635e-05, 0.02336140349507332, 0.02581920474767685, 0.01234765350818634, 0.00938072893768549, 0.0074567049741744995, 0.004597247578203678, 0.0036388866137713194, 0.003830855479463935, 0.5568851828575134, 4.727644920349121, 5.03582239151001, 4.690657615661621, 4.533844947814941, 4.734210968017578, 4.725257873535156, 6.279116630554199, 6.40423583984375, 6.145277976989746, 6.217362880706787, 6.130688667297363, 6.212928295135498, 6.389252185821533], "NO2": [4.500475188251585e-05, 0.00038544475683011115, 0.00951338466256857, 0.20777049660682678, 0.4122922718524933, 0.4296908676624298, 0.35556355118751526, 0.2046217918395996, 0.009344532154500484, 0.004571346566081047, 0.03837122768163681, 0.30787310004234314, 0.45332059264183044, 0.4737761318683624, 0.6084721088409424, 0.4679725170135498, 0.10700226575136185, 0.07015909254550934, 0.05218822881579399, 0.19535525143146515, 0.23269101977348328, 0.8107401132583618, 0.7032360434532166, 0.9787012934684753], "SO2": [7.62377752039356e-08, 1.7475559843660449e-06, 0.12239877879619598, 0.3596864342689514, 0.09096171706914902, 0.042469460517168045, 0.035827916115522385, 0.01802106574177742, 0.002296306425705552, 0.0002678245073184371, 0.017974650487303734, 0.002811125945299864, 0.0165173951536417, 0.04386994242668152, 0.10187475383281708, 0.14754310250282288, 0.19834886491298676, 0.26826080679893494, 0.18291349709033966, 0.004462353885173798, 0.004559972323477268, 0.00710815517231822, 0.04354505613446236, 0.12935544550418854], "O3": [0.0003144070797134191, 0.007625601254403591, 1.0022581815719604, 0.9370476007461548, 0.14481975138187408, 0.0638013407588005, 0.061566293239593506, 0.07888700067996979, 0.27486005425453186, 0.29053086042404175, 4.853874683380127, 36.12642288208008, 40.320796966552734, 39.622318267822266, 39.415184020996094, 36.03705978393555, 28.86822509765625, 37.506378173828125, 36.51477813720703, 54.967384338378906, 53.42970657348633, 46.9027099609375, 49.55192184448242, 47.11678695678711], "PM10": [0.062293507158756256, 1.2294166088104248, 0.3288383483886719, 2.4723780155181885, 2.1618144512176514, 1.3826208114624023, 0.5614289045333862, 0.39468541741371155, 0.10037409514188766, 0.6440545320510864, 0.4904959499835968, 0.32177409529685974, 0.6713840961456299, 0.22213083505630493, 0.22654636204242706, 0.24117466807365417, 0.21348679065704346, 1.3000305891036987, 0.3974606394767761, 1.1912815570831299, 0.7967972159385681, 0.48460784554481506, 0.5093209743499756, 0.7793123126029968], "PM25": [0.03232693672180176, 0.6706875562667847, 0.036810245364904404, 0.9237110018730164, 1.0452579259872437, 0.6259620189666748, 0.19953662157058716, 0.17851059138774872, 0.040724076330661774, 0.34083446860313416, 0.1677100956439972, 0.048728376626968384, 0.1507822573184967, 0.023399142548441887, 0.05362473800778389, 0.05391719192266464, 0.033138375729322433, 0.5240600109100342, 0.05276411399245262, 0.2013811618089676, 0.15622028708457947, 0.043077804148197174, 0.07092837244272232, 0.24417099356651306]}