{"CO": [3.5655848478199914e-05, 0.0006149258697405457, 0.010534649714827538, 0.007735895458608866, 0.004740326199680567, 0.00443018926307559, 0.007972140796482563, 0.005794699303805828, 0.02765747718513012, 1.2353577613830566, 3.0828857421875, 4.115485191345215, 4.891046524047852, 6.019757270812988, 5.222323894500732, 4.732072353363037, 4.52154016494751, 5.782871246337891, 6.032047748565674, 5.935546398162842, 5.70961332321167, 5.997555732727051, 6.157327651977539, 6.3876776695251465], "NO2": [0.0004031590651720762, 0.0025586227420717478, 0.005799204111099243, 0.07763416320085526, 0.21420946717262268, 0.2306610494852066, 0.25963443517684937, 0.18140345811843872, 0.05506204068660736, 0.08033587038516998, 0.058997925370931625, 0.3068281412124634, 1.0170658826828003, 1.083302617073059, 1.0681617259979248, 1.7606945037841797, 0.5161706209182739, 0.09840451925992966, 0.10964018851518631, 0.2883202135562897, 1.253752589225769, 1.1716337203979492, 1.6359574794769287, 2.0482900142669678], "SO2": [0.002862081164494157, 2.1452022380685776e-08, 9.798851579034817e-07, 1.6970065189525485e-05, 0.0007971907616592944, 0.0005676898290403187, 0.6007282137870789, 0.46771174669265747, 0.5077724456787109, 0.058580368757247925, 0.11780710518360138, 0.031245414167642593, 0.006770119071006775, 0.11684031039476395, 0.43497171998023987, 0.5701407194137573, 1.377593994140625, 0.3689272403717041, 0.23033612966537476, 0.05794602259993553, 0.004010266158729792, 0.07368077337741852, 0.13749626278877258, 0.5561525225639343], "O3": [0.004096583463251591, 0.07088017463684082, 0.43267571926116943, 0.16716039180755615, 0.04222795367240906, 0.0075967879965901375, 0.0032765513751655817, 0.000293395685730502, 0.552890956401825, 9.05029296875, 20.473176956176758, 30.810068130493164, 30.840173721313477, 31.605865478515625, 26.223888397216797, 20.965808868408203, 22.77688217163086, 35.09275436401367, 35.681983947753906, 37.47742462158203, 36.0394401550293, 31.897106170654297, 27.064359664916992, 28.38285255432129], "PM10": [0.01626339927315712, 0.06587062031030655, 0.21399164199829102, 0.049933888018131256, 0.0168780367821455, 0.1757737249135971, 2.4848949909210205, 1.179572582244873, 1.2769328355789185, 0.0826106071472168, 0.2178654670715332, 0.19979023933410645, 0.21103964745998383, 0.4303709864616394, 0.9983164072036743, 1.1614781618118286, 3.5681028366088867, 0.7007572054862976, 0.30272942781448364, 0.3177044093608856, 0.19223183393478394, 0.30311891436576843, 0.5021275281906128, 1.348641037940979], "PM25": [2.073863697660272e-06, 0.020605016499757767, 0.08583347499370575, 0.009395592845976353, 0.0007778095896355808, 0.07662351429462433, 0.9024065136909485, 0.5303993821144104, 0.19986960291862488, 0.0059404876083135605, 0.015134411863982677, 0.015020808205008507, 0.005798387806862593, 0.09107524156570435, 0.34405389428138733, 0.41183826327323914, 1.3348841667175293, 0.1902565360069275, 0.030680302530527115, 0.024147985503077507, 4.200282717192749e-07, 0.04149693250656128, 0.08468757569789886, 0.03415152430534363]}