{"CO": [3.4649358440219657e-06, 0.00014490341709461063, 0.009786023758351803, 0.009537605568766594, 0.010602359659969807, 0.008294418454170227, 0.005866357125341892, 0.005061544012278318, 0.004955376964062452, 0.1568492352962494, 3.1637933254241943, 5.027042388916016, 4.652777671813965, 2.9942069053649902, 2.3834168910980225, 3.7464592456817627, 4.538995742797852, 5.229493618011475, 6.1934919357299805, 6.275393009185791, 6.099664688110352, 6.528131008148193, 6.695014476776123, 6.8251495361328125], "NO2": [8.025533315958455e-05, 0.0011279820464551449, 0.019696952775120735, 0.048975806683301926, 0.4112248122692108, 0.39603209495544434, 0.365237832069397, 0.2827874720096588, 0.018114786595106125, 0.12544506788253784, 0.24382826685905457, 0.47626054286956787, 1.1530919075012207, 0.9795470237731934, 1.3500380516052246, 1.7962260246276855, 0.22001858055591583, 0.17826016247272491, 0.15419991314411163, 0.31252574920654297, 1.4655965566635132, 1.5764610767364502, 2.2807416915893555, 2.477294921875], "SO2": [3.8167282919235324e-13, 3.8166477899122253e-13, 3.820791610615465e-13, 4.06519354853932e-13, 4.339064871294873e-11, 6.078569869671924e-10, 4.997895075575798e-08, 1.275684371648822e-05, 2.9079372325213626e-05, 0.0035958371590822935, 0.019864968955516815, 0.0013549462892115116, 0.04209432750940323, 0.09558593481779099, 0.09047495573759079, 0.1656944900751114, 0.19410058856010437, 0.19479329884052277, 0.02299872599542141, 2.897111335187219e-05, 0.004796967841684818, 0.1734255701303482, 0.23579660058021545, 0.2597801685333252], "O3": [0.0006337834056466818, 0.01756577007472515, 0.40647685527801514, 0.577576756477356, 0.31616631150245667, 0.30086183547973633, 0.11869601160287857, 0.07906089723110199, 0.3676433861255646, 2.8317325115203857, 28.511287689208984, 39.07827377319336, 37.26887512207031, 22.285043716430664, 14.695030212402344, 21.153545379638672, 25.76968765258789, 32.285118103027344, 51.828426361083984, 49.187862396240234, 46.703243255615234, 43.85575485229492, 40.22303009033203, 38.35434341430664], "PM10": [0.002446279628202319, 0.0028911991976201534, 0.01127975806593895, 0.017579423263669014, 0.017216473817825317, 0.013538257218897343, 0.0115354023873806, 0.010799937881529331, 0.01087568886578083, 0.007179109379649162, 0.15552295744419098, 0.2667298913002014, 0.22870902717113495, 0.10325150191783905, 0.07560651004314423, 0.1093406155705452, 0.13462509214878082, 0.1712835431098938, 0.31863343715667725, 0.3144802153110504, 0.31315597891807556, 0.23704583942890167, 0.21911148726940155, 0.19528751075267792], "PM25": [1.0884398518508381e-16, 1.1055493879897829e-16, 3.3574954543479606e-15, 3.6454929244582324e-14, 5.570101047069898e-10, 1.4089922284465928e-10, 8.671575124630237e-10, 4.604564285415336e-09, 4.5172199314436057e-10, 4.793777597100757e-10, 6.117805047278768e-12, 1.874486893829741e-13, 8.340409612950239e-11, 5.177103745701572e-10, 1.448560604799809e-09, 1.9838175546738057e-08, 3.980395568703443e-09, 3.934245693847571e-15, 1.134234545207332e-14, 4.572307142684763e-15, 9.929724403834328e-11, 1.1291374502064855e-09, 2.4814030830100364e-09, 9.327587804364157e-07]}