{"CO": [1.680887544353027e-05, 0.004026160575449467, 0.038728922605514526, 0.011794239282608032, 0.004301303066313267, 0.012510260567069054, 0.002640388673171401, 0.002775429515168071, 0.004860559944063425, 0.05498182773590088, 1.1422075033187866, 4.417286396026611, 5.204902172088623, 5.271796226501465, 5.1317338943481445, 5.259829521179199, 5.833730220794678, 6.219204425811768, 6.409432888031006, 5.903665065765381, 6.075437068939209, 6.093994617462158, 6.511871814727783, 6.501042366027832], "NO2": [8.195087866624817e-05, 0.012494114227592945, 0.024481378495693207, 0.11006137728691101, 0.230417400598526, 0.3666417896747589, 0.1503777652978897, 0.1133786290884018, 0.005828943103551865, 0.014857674948871136, 0.10254546999931335, 0.287007600069046, 0.6410191059112549, 0.36370334029197693, 0.5756001472473145, 0.6610147356987, 0.1705837845802307, 0.09352756291627884, 0.11468537151813507, 0.18232093751430511, 0.6656832695007324, 1.0721263885498047, 0.8843404054641724, 1.068358302116394], "SO2": [0.005669707432389259, 2.59750816411497e-08, 8.946224028250072e-08, 1.679685396993591e-06, 0.00010080205538542941, 1.83576238155365, 9.729679959491477e-07, 0.24985326826572418, 0.011755689047276974, 0.029123900458216667, 0.041092582046985626, 0.0033805244602262974, 0.007605754304677248, 0.1887582391500473, 0.28062671422958374, 0.26772475242614746, 0.2800907492637634, 0.24659541249275208, 0.22882091999053955, 0.0036552725359797478, 0.005997197702527046, 0.06477071344852448, 4.179747581481934, 1.931288719177246], "O3": [0.0011699231108650565, 0.3428044021129608, 1.5959442853927612, 0.5596774816513062, 0.04470904916524887, 0.03259451687335968, 0.01394194271415472, 0.01879117637872696, 0.13987977802753448, 0.8851763010025024, 10.112319946289062, 38.282958984375, 37.03736114501953, 36.8034782409668, 27.566091537475586, 26.919057846069336, 33.21577835083008, 36.39569854736328, 36.522159576416016, 49.48967361450195, 42.421085357666016, 38.17597198486328, 37.14706039428711, 40.296653747558594], "PM10": [0.03670361265540123, 0.008325141854584217, 0.009477983228862286, 0.012936513870954514, 0.015933405607938766, 5.262582778930664, 0.014990415424108505, 0.8356385827064514, 0.05637639760971069, 0.12824293971061707, 0.054860521107912064, 0.14117856323719025, 0.21436581015586853, 0.15601769089698792, 0.4981616139411926, 0.4213719666004181, 0.33223578333854675, 0.19318565726280212, 0.2726908028125763, 0.24014385044574738, 0.26502010226249695, 0.26234179735183716, 12.01038646697998, 5.325714111328125], "PM25": [0.018464121967554092, 0.00011635807459242642, 0.00014697518781758845, 0.00014042580733075738, 0.00013289372145663947, 2.63895845413208, 0.005383459385484457, 0.24609047174453735, 0.012895616702735424, 0.01698106899857521, 0.0018106912029907107, 4.09317908633966e-05, 2.317315420441446e-06, 0.006619810126721859, 0.17281195521354675, 0.09236934781074524, 0.06122901290655136, 9.860514182946645e-08, 0.021592233330011368, 0.00017254534759558737, 8.796930046628404e-07, 0.0024640988558530807, 5.381075859069824, 1.6244699954986572]}