{"CO": [1.7910830365508446e-06, 0.05592498183250427, 0.011216806247830391, 0.0036389243323355913, 0.005068882368505001, 0.004957014694809914, 0.00489295506849885, 0.004330533556640148, 0.007022952660918236, 0.3421274423599243, 4.262442588806152, 5.920469284057617, 5.4011101722717285, 3.9754140377044678, 2.3003454208374023, 1.4785327911376953, 1.4781657457351685, 1.9597198963165283, 6.29074239730835, 5.638896465301514, 5.8857502937316895, 6.342857837677002, 6.471945285797119, 6.53682279586792], "NO2": [3.1421146559296176e-05, 0.1661054790019989, 0.04991867020726204, 0.15375067293643951, 0.29711028933525085, 0.34045714139938354, 0.32462987303733826, 0.27379855513572693, 0.13347958028316498, 0.5343900918960571, 0.2001071721315384, 0.9385187029838562, 3.258232831954956, 4.000029563903809, 3.746873617172241, 3.2757134437561035, 0.944274365901947, 0.5274033546447754, 0.12800994515419006, 0.6664255857467651, 3.5730512142181396, 3.696526050567627, 3.095628023147583, 3.3370394706726074], "SO2": [3.8167331708333085e-13, 3.815163788188636e-13, 3.816734526086024e-13, 3.816734526086024e-13, 6.05382660234105e-13, 1.3984065641570176e-11, 4.6355400074027386e-10, 4.641624418155743e-09, 7.362346110539875e-08, 2.7874148145201616e-05, 3.816734526086024e-13, 3.816734526086024e-13, 0.014382927678525448, 0.06555361300706863, 0.04407408460974693, 0.028296684846282005, 0.028353625908493996, 0.0033997567370533943, 3.816734526086024e-13, 4.317949731102999e-08, 0.08258125185966492, 0.21219100058078766, 0.23567147552967072, 0.257310152053833], "O3": [0.00018676691979635507, 3.0152506828308105, 0.6997327208518982, 0.08360899984836578, 0.016609447076916695, 0.0016620521200820804, 0.011073132045567036, 0.0037941026967018843, 0.6304485201835632, 14.455594062805176, 43.77677917480469, 39.803897857666016, 36.305355072021484, 36.01646423339844, 24.289113998413086, 13.64416217803955, 13.123391151428223, 26.301454544067383, 50.48302459716797, 43.41115188598633, 44.092105865478516, 41.07160949707031, 36.978675842285156, 35.43845748901367], "PM10": [0.002428417792543769, 0.00807572714984417, 0.007158252876251936, 0.006912188604474068, 0.00717839365825057, 0.007958810776472092, 0.00823355745524168, 0.008730325847864151, 0.010456200689077377, 0.009681007824838161, 0.2130555659532547, 0.9305506348609924, 0.5500534772872925, 0.20395271480083466, 0.07918393611907959, 0.047269176691770554, 0.050930313766002655, 0.08022472262382507, 0.5476722717285156, 0.7571263313293457, 0.49086835980415344, 0.2719292938709259, 0.2310716062784195, 0.21711578965187073], "PM25": [1.0330338385841582e-16, 1.0349407876811135e-16, 2.6824805520604645e-16, 2.1150477543899904e-16, 2.89785133145452e-15, 9.4046740881093e-12, 5.72686308097925e-11, 9.408171464109216e-11, 6.415885184241077e-11, 2.742080867923491e-11, 1.851839015824515e-16, 2.5230705395739813e-16, 6.736410148470496e-16, 3.696239176548006e-15, 4.390301531066558e-14, 1.1892555083076184e-12, 1.0113234034936358e-12, 5.992052692785702e-14, 1.7671656319500348e-16, 1.021051035532919e-16, 1.770819996782286e-15, 3.6897917989227313e-13, 1.7008510485444495e-12, 5.0222460738769126e-12]}