{"CO": [6.108756679168437e-06, 0.00031341647263616323, 0.02534308098256588, 0.0016225514700636268, 0.004154421389102936, 0.0033275969326496124, 0.00200129603035748, 0.0022738389670848846, 0.005070625804364681, 0.40314584970474243, 0.8624497056007385, 4.563239574432373, 5.056158065795898, 5.30180549621582, 5.1686482429504395, 5.333226203918457, 6.0260443687438965, 6.5065999031066895, 6.3677496910095215, 6.267326831817627, 6.077262878417969, 6.652943134307861, 6.7432756423950195, 6.487227916717529], "NO2": [5.413734106696211e-05, 0.0015346079599112272, 0.024201758205890656, 0.01317608542740345, 0.11945725977420807, 0.1367989182472229, 0.09462302178144455, 0.09053380787372589, 0.003628510981798172, 0.025032753124833107, 0.08054754137992859, 0.24089892208576202, 0.28892189264297485, 0.2646103799343109, 0.2914327383041382, 0.4237249493598938, 0.14129093289375305, 0.06965798139572144, 0.07274813950061798, 0.12752589583396912, 0.3268528878688812, 0.2404804229736328, 0.6318055391311646, 0.8826207518577576], "SO2": [0.0001662424037931487, 6.6155743105866804e-09, 2.325216519238893e-05, 0.00013073532318230718, 0.00013977357593830675, 0.003446100512519479, 0.0008289380930364132, 0.001806613989174366, 0.0030167284421622753, 0.016560129821300507, 0.027835726737976074, 0.010239053517580032, 0.04706692323088646, 0.19745367765426636, 0.2278413027524948, 0.24497917294502258, 0.2600819170475006, 0.2679850459098816, 0.19601544737815857, 0.00733808521181345, 0.01154343318194151, 0.23865336179733276, 1.0741026401519775, 0.9765111804008484], "O3": [0.0008885893039405346, 0.04190262407064438, 1.10788893699646, 0.05738706886768341, 0.12624531984329224, 0.061018142849206924, 0.031235329806804657, 0.02984192594885826, 0.11053971946239471, 3.0433905124664307, 7.578314781188965, 38.55703353881836, 44.866451263427734, 37.25405502319336, 30.42095947265625, 29.57469940185547, 33.24519729614258, 37.461830139160156, 37.196434020996094, 54.7347526550293, 49.61486053466797, 40.337337493896484, 37.106815338134766, 42.574127197265625], "PM10": [0.004170086234807968, 0.0034227219875901937, 0.009092205204069614, 0.016900604590773582, 0.013768882490694523, 0.021042954176664352, 0.010259697213768959, 0.013885460793972015, 0.01825382187962532, 0.015214305371046066, 0.031243983656167984, 0.16506260633468628, 0.19901013374328613, 0.14865322411060333, 0.15238802134990692, 0.20019754767417908, 0.17392781376838684, 0.19840876758098602, 0.2126176655292511, 0.27848905324935913, 0.2688407599925995, 0.19813495874404907, 2.853119373321533, 2.5415408611297607], "PM25": [0.000306914618704468, 3.83557052785477e-09, 1.123225229093805e-05, 3.798893521889113e-05, 0.00010780003503896296, 0.00558297336101532, 0.0012632862199097872, 0.0016124334651976824, 0.002480293856933713, 0.0003054293920286, 0.000185999451787211, 2.8830009490832254e-09, 0.00047568458830937743, 0.00039088327321223915, 0.002080783247947693, 0.02057899907231331, 0.0013769278302788734, 1.7421133406969602e-06, 0.0009572525159455836, 0.00011942735000047833, 0.0005661281757056713, 2.431802137436989e-08, 1.043628215789795, 0.8809121251106262]}