{"CO": [4.165988229942741e-06, 0.00036247100797481835, 0.009903634898364544, 0.002624119631946087, 0.0077560413628816605, 0.005763870198279619, 0.004000216722488403, 0.0050390493124723434, 0.007810820825397968, 0.6352828741073608, 2.6149394512176514, 4.921314716339111, 4.920440673828125, 4.719830513000488, 4.321436882019043, 4.448253154754639, 4.986489295959473, 6.535236358642578, 6.371634483337402, 6.211463451385498, 6.109933853149414, 6.2646164894104, 6.824845314025879, 6.847984313964844], "NO2": [5.5358785175485536e-05, 0.0034791049547493458, 0.034568801522254944, 0.01627497561275959, 0.30829477310180664, 0.295562744140625, 0.24955129623413086, 0.29512929916381836, 0.0236949622631073, 0.059170469641685486, 0.27506694197654724, 0.4331945776939392, 0.7804365158081055, 1.1176974773406982, 1.2051868438720703, 1.114301323890686, 0.36914101243019104, 0.12773017585277557, 0.2593698799610138, 0.3516523241996765, 0.9842894673347473, 1.3308109045028687, 1.3778926134109497, 1.5286657810211182], "SO2": [1.668879227520459e-12, 5.052496615531865e-12, 4.735574710146295e-10, 7.026473625160179e-09, 1.2973924157222427e-09, 1.7396210751030594e-05, 3.326429578009993e-05, 3.247280255891383e-05, 0.0005784136592410505, 0.025120502337813377, 0.029027625918388367, 0.0037004968617111444, 0.016734395176172256, 0.14485768973827362, 0.17236363887786865, 0.190365731716156, 0.19589763879776, 0.2608602046966553, 0.19369490444660187, 0.006164704915136099, 0.004733395762741566, 0.09848562628030777, 0.26725879311561584, 0.2684488892555237], "O3": [0.000520230969414115, 0.06049719825387001, 0.5758706331253052, 0.1607659012079239, 0.13511720299720764, 0.04815283790230751, 0.030690211802721024, 0.028987430036067963, 0.3618142902851105, 4.984564781188965, 20.572017669677734, 39.730892181396484, 37.708961486816406, 33.3858642578125, 25.375465393066406, 24.550687789916992, 25.377729415893555, 36.0360107421875, 36.85504150390625, 48.04248809814453, 41.529048919677734, 40.742610931396484, 35.52542495727539, 36.06867980957031], "PM10": [0.0024055212270468473, 0.0030676834285259247, 0.008890370838344097, 0.014120104722678661, 0.016310209408402443, 0.01458034198731184, 0.01178768090903759, 0.010610692203044891, 0.011538778431713581, 0.019552873447537422, 0.06808868050575256, 0.21682918071746826, 0.26976433396339417, 0.12255548685789108, 0.12218659371137619, 0.12499674409627914, 0.14012087881565094, 0.19267119467258453, 0.20932215452194214, 0.24830950796604156, 0.29660502076148987, 0.22753608226776123, 0.18486058712005615, 0.19109386205673218], "PM25": [5.672247610846726e-14, 6.90636159372815e-11, 3.997987789716717e-07, 1.0258287275188849e-10, 2.1440643038772578e-08, 1.3752555787505116e-05, 3.118473250651732e-05, 1.584079655003734e-05, 9.517800208413973e-05, 2.621866279639562e-08, 1.166767731319851e-07, 6.580274547474119e-09, 7.294030268667484e-08, 1.189289650938008e-05, 0.00014560480485670269, 0.0005669926758855581, 8.218727089115418e-06, 3.393281247099367e-07, 0.00016669659817125648, 1.8666867163119605e-07, 2.346480876269652e-08, 2.170074003515765e-05, 0.0001516615884611383, 0.0014857915230095387]}