{"CO": [0.0006007643532939255, 0.05618494749069214, 0.022217709571123123, 0.026723582297563553, 0.027207093313336372, 0.015830257907509804, 0.009941809810698032, 0.008470281027257442, 0.023361891508102417, 0.48651450872421265, 5.625256380881183e-05, 1.9603527784347534, 4.9580206871032715, 4.040220260620117, 2.6884591579437256, 2.2509288787841797, 3.597419261932373, 3.9327199459075928, 2.550344467163086, 5.943901538848877, 6.061755180358887, 6.153886318206787, 6.346628189086914, 6.527472972869873], "NO2": [0.05267041176557541, 0.2941744029521942, 0.23979640007019043, 2.3088529109954834, 2.239590644836426, 1.481615424156189, 0.9261545538902283, 0.671502947807312, 0.8293944597244263, 1.2058249711990356, 1.221609354019165, 4.785824298858643, 9.930068969726562, 13.120075225830078, 9.249892234802246, 8.10128402709961, 1.8418030738830566, 0.7246281504631042, 0.867098867893219, 4.42845344543457, 6.705466270446777, 10.731057167053223, 10.490289688110352, 9.65345287322998], "SO2": [3.816669745006218e-13, 3.816372131509871e-13, 3.8163022004697456e-13, 3.9374303513819986e-13, 8.25929819328608e-13, 3.11180664569477e-10, 4.3659509341154035e-10, 2.1542893691162135e-08, 5.134772607107152e-09, 0.0062950532883405685, 4.9673086977009007e-08, 0.05115487426519394, 0.012812255881726742, 0.05092895030975342, 0.05164998769760132, 0.04857867211103439, 0.04209885001182556, 0.04047711566090584, 0.007103640120476484, 0.07562292367219925, 0.0036941980943083763, 0.050922997295856476, 0.13233254849910736, 0.19646935164928436], "O3": [0.22010715305805206, 4.860273838043213, 2.5491089820861816, 0.8675917387008667, 0.002052221680060029, 2.3083604901330546e-05, 0.00039606945938430727, 0.0003424900642130524, 2.822636842727661, 23.48360252380371, 12.753951072692871, 17.419509887695312, 28.315147399902344, 20.086702346801758, 13.758790969848633, 10.978676795959473, 30.797595977783203, 46.36574172973633, 28.373929977416992, 38.0814208984375, 37.643165588378906, 36.31227493286133, 34.89369583129883, 32.20891571044922], "PM10": [0.00421531219035387, 0.008384759537875652, 0.008046990260481834, 0.00974925048649311, 0.01182228047400713, 0.012794315814971924, 0.013755413703620434, 0.012543951161205769, 0.012737760320305824, 0.009961727075278759, 0.010673955082893372, 0.03535744547843933, 0.4649807810783386, 0.2580433785915375, 0.141185462474823, 0.10658050328493118, 0.21056972444057465, 0.17814196646213531, 0.0859730914235115, 0.14852659404277802, 0.4364843964576721, 0.4202158749103546, 0.3025272786617279, 0.26950210332870483], "PM25": [1.0000000168623835e-16, 9.999999506879345e-17, 1.0011063213008364e-16, 1.1237968599538047e-16, 1.3090024667555296e-16, 2.1672644503822414e-15, 4.48211814885191e-11, 1.0777743142398322e-09, 8.96986512843867e-11, 3.0198580181634016e-12, 9.57064180510947e-13, 1.8628021420850037e-14, 1.0343547917593572e-14, 2.6982973147515743e-14, 5.072692483079622e-13, 5.11296343805312e-12, 2.7023791190905477e-12, 4.976390393512942e-13, 1.7961721248804102e-13, 6.9335482789771065e-15, 9.701048298005333e-11, 3.550692517784171e-10, 1.7287749010108655e-10, 9.730854316769566e-11]}