{"CO": [1.3579682672570925e-05, 7.446321978932247e-05, 0.0014821829972788692, 0.013445558957755566, 0.00903704110532999, 0.00843766052275896, 0.011699278838932514, 0.11120074987411499, 1.5165570974349976, 4.174774169921875, 4.864099025726318, 5.426026821136475, 6.00149393081665, 5.481081008911133, 4.370871543884277, 4.394169330596924, 4.825301170349121, 5.4438347816467285, 5.792693138122559, 5.543537616729736, 5.3173828125, 5.335550308227539, 6.235898971557617, 6.436126232147217], "NO2": [0.0004476944450289011, 0.0006625947426073253, 0.00302722305059433, 0.04075596109032631, 0.33446642756462097, 0.3380109965801239, 0.2677086293697357, 0.5530964732170105, 0.30383214354515076, 0.1187649592757225, 0.14915040135383606, 0.3078491985797882, 0.5855968594551086, 0.6749738454818726, 0.7775291800498962, 0.8407219648361206, 0.5938881635665894, 0.14968563616275787, 0.13819636404514313, 0.28588518500328064, 0.6790556311607361, 0.6406238079071045, 1.2715986967086792, 1.6822782754898071], "SO2": [3.816720431457782e-13, 5.050688599989028e-12, 3.816685465937719e-13, 3.816551566969417e-13, 2.2463161997166026e-08, 1.3111446605762467e-05, 4.861862908001058e-05, 0.004680877551436424, 0.06544829159975052, 0.1730765998363495, 0.20071586966514587, 0.15236279368400574, 0.0637347623705864, 0.10748737305402756, 0.1027117669582367, 0.1375247687101364, 0.15949824452400208, 0.1975734978914261, 0.200776606798172, 0.08585526794195175, 0.012043388560414314, 0.008142102509737015, 0.0966937467455864, 0.147787943482399], "O3": [0.0032339596655219793, 0.012749630957841873, 0.10601312667131424, 0.4892677664756775, 0.03163402900099754, 0.014600302092730999, 0.004875269718468189, 0.1653197854757309, 8.122291564941406, 26.18698501586914, 32.49266052246094, 32.994930267333984, 33.48065185546875, 30.132991790771484, 23.402097702026367, 22.234500885009766, 25.2360897064209, 32.9107666015625, 35.750633239746094, 34.04949188232422, 30.18125343322754, 28.05296516418457, 26.90154266357422, 26.660669326782227], "PM10": [0.0028847591020166874, 0.0027934822719544172, 0.006609578151255846, 0.009225767105817795, 0.011244066059589386, 0.0161414947360754, 0.036634184420108795, 0.05042801797389984, 0.05634719505906105, 0.13645225763320923, 0.16185353696346283, 0.18236573040485382, 0.2332531213760376, 0.18327271938323975, 0.16801486909389496, 0.1758446842432022, 0.16234228014945984, 0.19471289217472076, 0.19696034491062164, 0.21898077428340912, 0.19745922088623047, 0.2020903378725052, 0.22068005800247192, 0.24818310141563416], "PM25": [3.8964725490586716e-07, 3.6246163404030085e-07, 1.451933684393225e-07, 8.915718012758589e-07, 2.559727363404818e-06, 0.00018883113807532936, 0.007169079966843128, 0.014323431067168713, 0.0036843596026301384, 0.0015813776990398765, 7.85031879786402e-05, 1.0805287047332968e-06, 0.001674082363024354, 0.0021956139244139194, 0.0026820737402886152, 0.006550990045070648, 0.001817471580579877, 0.002286550821736455, 7.408691453747451e-05, 4.754177552968031e-06, 0.0010018673492595553, 0.0015209483681246638, 0.007057464215904474, 0.01046309806406498]}