{"CO": [1.5242462723108474e-05, 0.0007432401180267334, 0.0042746723629534245, 0.015137077309191227, 0.007857631891965866, 0.009786694310605526, 0.016026929020881653, 0.27681297063827515, 1.1970555782318115, 4.237600326538086, 5.366759777069092, 5.1674065589904785, 5.894322872161865, 5.139950752258301, 4.285725116729736, 4.355240821838379, 4.8845720291137695, 5.840725421905518, 6.241999626159668, 5.589982032775879, 5.462270736694336, 5.377389907836914, 6.337016582489014, 6.534934997558594], "NO2": [0.0003525209613144398, 0.005440851207822561, 0.009850483387708664, 0.04473595693707466, 0.28527379035949707, 0.3301641047000885, 0.23065732419490814, 0.5133368968963623, 0.1774204671382904, 0.06311050057411194, 0.06680632382631302, 0.20624235272407532, 0.3835671544075012, 0.46496087312698364, 0.5180039405822754, 0.40913259983062744, 0.318541944026947, 0.08642002940177917, 0.07361309230327606, 0.15105445683002472, 0.5235823392868042, 0.4752819538116455, 0.5098859071731567, 0.5007131695747375], "SO2": [7.02570135402425e-09, 3.8162113985378e-13, 2.7523865409051496e-09, 2.611212357450654e-09, 3.7473011360589226e-08, 2.2887195882503875e-05, 5.6536722695454955e-05, 0.009125552140176296, 0.05261923000216484, 0.1760014146566391, 0.22117474675178528, 0.11647879332304001, 0.06038055196404457, 0.11447560787200928, 0.10880386829376221, 0.15008963644504547, 0.18928657472133636, 0.23864659667015076, 0.23169787228107452, 0.09391883760690689, 0.0041892859153449535, 0.009700177237391472, 0.12173471599817276, 0.1932787299156189], "O3": [0.0031622489914298058, 0.11349122226238251, 0.3253738284111023, 0.6459479928016663, 0.043446630239486694, 0.08122379332780838, 0.019009564071893692, 1.219041109085083, 6.805208206176758, 25.858354568481445, 34.03652572631836, 33.45011520385742, 36.234619140625, 31.92372703552246, 25.10386085510254, 23.752859115600586, 25.971891403198242, 34.00725555419922, 37.36475372314453, 34.46125793457031, 32.12787628173828, 30.660863876342773, 32.07389450073242, 32.718379974365234], "PM10": [0.002786769298836589, 0.004069940187036991, 0.009571296162903309, 0.009148248471319675, 0.0113803930580616, 0.015649791806936264, 0.026466133072972298, 0.025745470076799393, 0.07345126569271088, 0.14568321406841278, 0.1948767602443695, 0.18308165669441223, 0.21938267350196838, 0.17065896093845367, 0.16324320435523987, 0.16880004107952118, 0.17988868057727814, 0.2275667041540146, 0.24002929031848907, 0.21347665786743164, 0.19782328605651855, 0.20403392612934113, 0.22439000010490417, 0.2535548508167267], "PM25": [8.922634009422836e-08, 1.1791769793489948e-05, 1.2860743481724057e-05, 1.0378862214110995e-07, 3.0402013635466574e-06, 5.104300271341344e-06, 0.0027175452560186386, 0.0010049778502434492, 0.015121668577194214, 0.0026716997381299734, 0.0021270536817610264, 7.77350360294804e-05, 0.0011822908418253064, 0.0007335114642046392, 0.0021155488211661577, 0.004253161605447531, 0.0036772978492081165, 0.009831434115767479, 0.008127529174089432, 0.0005968007608316839, 0.002641309518367052, 0.0008331414428539574, 0.006250751670449972, 0.009002944454550743]}