{"CO": [2.170569496229291e-05, 0.005705311894416809, 0.045131880789995193, 0.0013301188591867685, 0.003419325454160571, 0.006064511835575104, 0.004599589388817549, 0.005370215512812138, 0.006944068241864443, 0.1888463795185089, 1.2240663766860962, 4.762561321258545, 5.460043430328369, 4.913911819458008, 4.072804927825928, 4.157446384429932, 5.28907585144043, 6.031887054443359, 5.7628583908081055, 5.933701038360596, 5.823910236358643, 6.202962875366211, 6.774349212646484, 6.796560287475586], "NO2": [0.0010022410424426198, 0.03139631822705269, 0.08979947119951248, 0.031199291348457336, 0.2000666856765747, 0.2990768551826477, 0.2914956212043762, 0.2851307690143585, 0.059287168085575104, 0.09282951802015305, 0.09805760532617569, 0.24842186272144318, 0.6078725457191467, 0.9720796942710876, 0.9975901246070862, 1.075805902481079, 0.33322399854660034, 0.08501593768596649, 0.11086617410182953, 0.25008445978164673, 0.718338131904602, 1.133634090423584, 1.0939650535583496, 1.545980453491211], "SO2": [1.8277068747352132e-10, 5.7663710611999264e-11, 1.1370991648274043e-10, 5.118368923140437e-11, 6.929394658072852e-08, 2.9982300020492403e-06, 1.5192414139164612e-05, 1.2560059985844418e-05, 0.009072558954358101, 0.015034927055239677, 0.03252245858311653, 0.011041839607059956, 0.014067191630601883, 0.13123850524425507, 0.15258850157260895, 0.16723935306072235, 0.20227472484111786, 0.21968552470207214, 0.09905721247196198, 0.002971915528178215, 0.005181336309760809, 0.07867103070020676, 0.2409607321023941, 0.232589453458786], "O3": [0.003086811164394021, 0.7336902618408203, 2.4211976528167725, 0.16331811249256134, 0.03436989709734917, 0.04001596197485924, 0.019693130627274513, 0.02345716767013073, 0.5407323241233826, 4.154880046844482, 11.635278701782227, 37.58970642089844, 36.486228942871094, 31.851720809936523, 22.23857307434082, 21.14301109313965, 28.33448600769043, 36.82745361328125, 36.64030075073242, 47.025718688964844, 37.1461067199707, 37.1318359375, 33.7962532043457, 31.992427825927734], "PM10": [0.006026010029017925, 0.00886271521449089, 0.009548716247081757, 0.013946141116321087, 0.013865096494555473, 0.013974398374557495, 0.012330841273069382, 0.01122661866247654, 0.03424636647105217, 0.03570089489221573, 0.05642895773053169, 0.1694847196340561, 0.2733839154243469, 0.15046584606170654, 0.1194496676325798, 0.12024310976266861, 0.15225645899772644, 0.18893437087535858, 0.2225760817527771, 0.2055204063653946, 0.2641112804412842, 0.24958157539367676, 0.1963280439376831, 0.19309772551059723], "PM25": [1.5105962036798815e-09, 4.6388358043714106e-08, 1.4675407555841957e-06, 1.7428327225843532e-08, 1.969872300833231e-06, 1.03066904557636e-05, 3.572534114937298e-05, 5.143946054886328e-06, 0.0010014770086854696, 0.0024737906642258167, 0.0011632220121100545, 3.539918225214933e-08, 2.2406641164707253e-06, 4.492086736718193e-05, 7.837840530555695e-05, 0.000303253618767485, 5.1413408073130995e-05, 0.0001592216722201556, 2.6258823709213175e-05, 2.3408392735291272e-06, 1.0070139069284778e-06, 7.875917799538001e-05, 0.00016160811355803162, 0.000200183319975622]}