{"CO": [6.191916781972395e-06, 0.009603497572243214, 0.037199802696704865, 0.003338085487484932, 0.001989614451304078, 0.0037235645577311516, 0.003555762581527233, 0.0037873995024710894, 0.006428196560591459, 0.11124006658792496, 1.5239886045455933, 4.193482398986816, 5.515182971954346, 5.4297051429748535, 4.561250686645508, 4.366168975830078, 5.069826602935791, 6.026400566101074, 6.087596893310547, 5.831244945526123, 5.664040565490723, 6.066293239593506, 6.613514423370361, 6.862936496734619], "NO2": [9.360708645544946e-05, 0.04170788824558258, 0.09914141893386841, 0.0342489592730999, 0.10853049159049988, 0.17116865515708923, 0.19971634447574615, 0.22298471629619598, 0.038223184645175934, 0.06604495644569397, 0.13462236523628235, 0.28816062211990356, 0.5839132070541382, 0.8219383358955383, 0.7623909115791321, 0.6485505104064941, 0.28972238302230835, 0.09408165514469147, 0.12807419896125793, 0.10767492651939392, 0.6024003624916077, 0.946571946144104, 0.9760657548904419, 1.2062582969665527], "SO2": [1.3308814494905619e-08, 6.838500876682474e-09, 4.2588987891889474e-10, 3.113012347899513e-10, 1.162741014582025e-08, 0.00011626193736447021, 2.732970824581571e-05, 0.0001180074323201552, 0.0025508294347673655, 0.007829500362277031, 0.04258715361356735, 0.002092162612825632, 0.006870954763144255, 0.11178259551525116, 0.1716720461845398, 0.18032926321029663, 0.2000998854637146, 0.2251041829586029, 0.14856858551502228, 0.0013122447999194264, 0.0021514692343771458, 0.06208634376525879, 0.19914522767066956, 0.259883314371109], "O3": [0.001165062072686851, 1.0818994045257568, 2.0969290733337402, 0.2121514230966568, 0.046744901686906815, 0.01672246679663658, 0.004948730580508709, 0.015910547226667404, 0.49472588300704956, 3.0825047492980957, 13.327342987060547, 38.21118927001953, 32.21540832519531, 33.61587142944336, 24.428356170654297, 22.087162017822266, 26.82237434387207, 37.4954948425293, 37.881961822509766, 50.68573760986328, 33.36152648925781, 37.63664627075195, 33.19895935058594, 32.71952819824219], "PM10": [0.003111878875643015, 0.008100888691842556, 0.009262618608772755, 0.016897425055503845, 0.011607726104557514, 0.011332549154758453, 0.01581762172281742, 0.010886850766837597, 0.01746714673936367, 0.024889647960662842, 0.06561924517154694, 0.16660016775131226, 0.23461513221263885, 0.20369160175323486, 0.138275146484375, 0.12590619921684265, 0.14629024267196655, 0.18858852982521057, 0.21736767888069153, 0.21010816097259521, 0.22429439425468445, 0.2736389636993408, 0.234823539853096, 0.21101166307926178], "PM25": [9.853610549726e-08, 1.6486787046687823e-07, 9.32009697862668e-06, 6.173353739313825e-08, 3.240907062718179e-06, 0.00020240250159986317, 0.0007768459618091583, 9.178125037578866e-05, 0.00018784824351314455, 0.0016481989296153188, 0.0014414845500141382, 1.0832420684891986e-06, 3.583178113331087e-06, 0.0001605520083103329, 0.00011514394282130525, 0.0004919901839457452, 7.832555274944752e-05, 0.00021576727158389986, 0.0001734359684633091, 2.5242995889129816e-06, 2.013719267779379e-06, 0.00012925582996103913, 0.0013624201528728008, 0.006889374926686287]}