{"CO": [2.5554088551871246e-06, 0.00015769872698001564, 0.005200822837650776, 0.005221196915954351, 0.018420126289129257, 0.017579087987542152, 0.07878479361534119, 0.12936094403266907, 0.2978052794933319, 1.3374089002609253, 4.870633125305176, 5.968860149383545, 4.522532939910889, 3.602993965148926, 3.748460054397583, 3.412670850753784, 3.533834457397461, 3.6152689456939697, 5.59591817855835, 3.9576823711395264, 5.323268413543701, 6.001391887664795, 6.248354911804199, 6.4556474685668945], "NO2": [4.843070564675145e-05, 0.0012784048449248075, 0.009419773705303669, 0.018787072971463203, 0.5313727259635925, 0.2582872211933136, 0.4419531226158142, 0.7388917207717896, 0.12026110291481018, 0.2089429497718811, 0.21236275136470795, 0.4251161515712738, 0.8573604226112366, 1.4790021181106567, 3.732025623321533, 3.268594980239868, 0.5712913274765015, 0.1715661585330963, 0.14524275064468384, 0.40215566754341125, 0.9059295058250427, 1.1166409254074097, 3.67912220954895, 3.1194372177124023], "SO2": [3.8167244972159287e-13, 3.8165504827672447e-13, 3.9239661867029874e-13, 2.5735504394219788e-08, 1.378145952912746e-05, 2.314245284651406e-05, 0.0016966237453743815, 0.004942683503031731, 0.010871177539229393, 0.04874112084507942, 0.06149778515100479, 0.0315743088722229, 0.04429033026099205, 0.044955555349588394, 0.06506335735321045, 0.07953227311372757, 0.09037550538778305, 0.09481680393218994, 0.05969711020588875, 2.8851682145614177e-06, 0.001991711091250181, 0.017981547862291336, 0.07637357711791992, 0.16973188519477844], "O3": [0.0008203216129913926, 0.025523876771330833, 0.2416982203722, 0.21118047833442688, 0.2651032507419586, 0.01671278476715088, 0.16330213844776154, 0.06004709377884865, 1.9225598573684692, 9.90237808227539, 36.44709014892578, 36.13790512084961, 28.95222282409668, 23.345882415771484, 21.00735855102539, 18.22808837890625, 21.00832748413086, 24.218467712402344, 36.48702621459961, 25.93995475769043, 30.95186424255371, 30.792448043823242, 28.157711029052734, 29.474870681762695], "PM10": [0.0024412651546299458, 0.002619686769321561, 0.010889953933656216, 0.011204534210264683, 0.01576385274529457, 0.013746639713644981, 0.01831858977675438, 0.10044583678245544, 0.13135626912117004, 0.04601876065135002, 0.21915529668331146, 0.2704732418060303, 0.16927097737789154, 0.1404661238193512, 0.17189641296863556, 0.40282440185546875, 0.19538436830043793, 0.1505192667245865, 0.3134705424308777, 0.15069346129894257, 0.21656019985675812, 0.2355393022298813, 0.3693867027759552, 1.149922490119934], "PM25": [1.3036626889117997e-08, 8.607815848993283e-11, 1.0971976216467283e-08, 3.845952167846889e-10, 2.659170945662481e-07, 0.00010823143384186551, 0.004251403268426657, 0.0425616092979908, 0.02473827451467514, 0.0003251963062211871, 6.963448981878173e-07, 9.446248583344641e-08, 8.482015800836962e-07, 0.0001570690656080842, 0.005651419050991535, 0.04141358658671379, 0.005555471871048212, 1.1834053111670073e-05, 2.7170397061127005e-06, 1.9631451664281485e-07, 6.581855132026249e-07, 2.058294012385886e-05, 0.03244032710790634, 0.20647068321704865]}