{"CO": [6.710390607622685e-07, 0.006623115856200457, 0.03421970456838608, 0.0706239640712738, 9.680570656200871e-06, 2.53423804679187e-05, 0.0014095036312937737, 0.00028122111689299345, 0.00482648191973567, 0.018067095428705215, 0.23743906617164612, 2.1035332679748535, 5.025153160095215, 4.427363872528076, 4.165825843811035, 4.310333728790283, 4.766153335571289, 6.419404029846191, 6.343713760375977, 6.479975700378418, 6.170030117034912, 6.087066650390625, 6.143224239349365, 6.590717792510986], "NO2": [5.503427473740885e-07, 0.011843410320580006, 0.04389188811182976, 0.30128979682922363, 0.28082337975502014, 0.4161696434020996, 0.44121018052101135, 0.35548269748687744, 0.016752516850829124, 0.019083859398961067, 0.04200253635644913, 0.2788064181804657, 0.525670051574707, 0.4908024072647095, 0.8847960233688354, 0.9680665731430054, 0.22094868123531342, 0.06405078619718552, 0.10051476955413818, 0.3998711407184601, 0.49608492851257324, 0.6121821999549866, 0.9926320314407349, 1.0178059339523315], "SO2": [5.938459071330726e-05, 0.4340161681175232, 1.1318448781967163, 5.313880443572998, 0.0004461771750357002, 0.00012151424743933603, 0.0002651870308909565, 8.921916014514863e-05, 6.662886153208092e-05, 0.10087872296571732, 0.3852856457233429, 0.7952592968940735, 0.0001268097257707268, 0.00024020351702347398, 0.0002518967376090586, 0.00020736917213071138, 0.08186120539903641, 0.4011397659778595, 0.6674485206604004, 1.1451168060302734, 0.0001338887814199552, 0.00014263250341173261, 0.00011404718679841608, 0.0018701136577874422], "O3": [2.112725724146003e-06, 0.2526583969593048, 1.5720535516738892, 0.7152818441390991, 0.15245549380779266, 0.04431815445423126, 0.024272557348012924, 0.013445909135043621, 0.3423443138599396, 0.9499146342277527, 3.4790780544281006, 16.195133209228516, 34.50547409057617, 33.25670623779297, 31.253002166748047, 30.681135177612305, 26.24331283569336, 36.62455749511719, 35.52193832397461, 54.10791015625, 43.208229064941406, 43.573970794677734, 41.145870208740234, 32.827613830566406], "PM10": [0.0184105783700943, 0.8736704587936401, 2.146242380142212, 12.683761596679688, 0.012695904821157455, 1.2751108407974243, 3.4586410522460938, 7.066497325897217, 0.8613185286521912, 0.25047802925109863, 1.0586210489273071, 2.5673022270202637, 2.498816967010498, 0.1320517361164093, 0.514902651309967, 3.314455270767212, 1.0872702598571777, 0.523047149181366, 1.9300566911697388, 4.150747776031494, 1.9051603078842163, 0.24790549278259277, 0.254426509141922, 3.4750137329101562], "PM25": [0.00702594593167305, 0.38120976090431213, 0.5316288471221924, 6.466304779052734, 0.0007795646670274436, 0.5463001132011414, 0.7840840220451355, 3.5097122192382812, 0.4416985511779785, 0.03351522609591484, 0.18035364151000977, 0.886355459690094, 0.9633046984672546, 0.0003739444073289633, 0.08247069269418716, 1.3980696201324463, 0.5378519296646118, 0.0844893530011177, 0.5748540759086609, 1.8675941228866577, 0.4973626136779785, 0.00027632349519990385, 0.002458101138472557, 1.430492639541626]}