{"CO": [0.023244211450219154, 0.03065546788275242, 0.060139600187540054, 0.10059694945812225, 0.06987549364566803, 0.06169133633375168, 0.05968929082155228, 0.05278857797384262, 0.028035618364810944, 0.02908479981124401, 0.32948318123817444, 1.90370774269104, 5.025699138641357, 4.519118785858154, 3.9989800453186035, 3.9261515140533447, 4.782065391540527, 6.443671226501465, 6.3750081062316895, 6.559757232666016, 6.171360969543457, 6.160645961761475, 6.284529685974121, 6.638014793395996], "NO2": [0.017696604132652283, 0.028619876131415367, 0.07396422326564789, 0.3378678560256958, 0.4529299736022949, 0.5884103775024414, 0.5109296441078186, 0.45965370535850525, 0.049613043665885925, 0.02250637114048004, 0.09095647931098938, 0.4152676463127136, 0.7040002346038818, 0.7878261804580688, 1.0024844408035278, 0.9863218069076538, 0.3052214980125427, 0.08753668516874313, 0.14843329787254333, 0.40148627758026123, 0.694972574710846, 0.8351486921310425, 1.1246337890625, 1.2401938438415527], "SO2": [2.5135233402252197, 2.8844127655029297, 4.277483940124512, 8.68038272857666, 6.015478610992432, 5.141623497009277, 5.4408674240112305, 4.827290058135986, 2.3766982555389404, 1.8326032161712646, 2.882430076599121, 8.025978088378906, 4.6800994873046875, 4.6935954093933105, 4.7247490882873535, 4.861855506896973, 2.8925094604492188, 2.320248603820801, 4.169308185577393, 7.654562473297119, 4.999858856201172, 5.556118488311768, 5.3682990074157715, 6.591831684112549], "O3": [0.035029102116823196, 0.4291689395904541, 1.6221158504486084, 0.7415611743927002, 0.12457317113876343, 0.036760035902261734, 0.019231196492910385, 0.018837353214621544, 0.5244358777999878, 0.6606287360191345, 4.648294448852539, 13.350118637084961, 32.94688415527344, 32.15926742553711, 28.212696075439453, 25.362760543823242, 25.3074951171875, 36.7608757019043, 36.09772491455078, 54.01570510864258, 43.56900405883789, 42.06541061401367, 37.37599563598633, 35.06352233886719], "PM10": [5.15504789352417, 5.691176414489746, 7.9477667808532715, 19.381698608398438, 12.922028541564941, 18.64577293395996, 14.764737129211426, 15.319745063781738, 5.003055572509766, 3.64912748336792, 6.0260114669799805, 17.628721237182617, 14.365531921386719, 11.596597671508789, 16.16259002685547, 16.359174728393555, 5.946923732757568, 4.305208683013916, 9.737610816955566, 20.629291534423828, 17.40928077697754, 13.594887733459473, 16.2890625, 15.74328327178955], "PM25": [2.7438650131225586, 3.0734591484069824, 3.668698310852051, 10.128999710083008, 6.824404239654541, 9.664880752563477, 7.407487392425537, 7.9879889488220215, 2.5020995140075684, 1.0328938961029053, 2.908201217651367, 9.232576370239258, 7.165590763092041, 5.9693708419799805, 8.367440223693848, 8.409053802490234, 2.9788026809692383, 1.7593339681625366, 4.652366638183594, 10.71477222442627, 8.651700019836426, 6.952201843261719, 8.219352722167969, 7.862236022949219]}