{"CO": [4.321693268138915e-05, 0.002537285443395376, 0.005490249954164028, 0.04370446503162384, 0.004603491630405188, 0.0064484900794923306, 0.00606490345671773, 0.010409646667540073, 0.014120390638709068, 1.0101803541183472, 2.6183125972747803, 3.1606154441833496, 4.750234127044678, 6.060338497161865, 5.565653324127197, 4.541898727416992, 4.4098358154296875, 5.446874141693115, 5.852419376373291, 5.617059230804443, 6.096428871154785, 5.594601631164551, 6.139325141906738, 6.283482074737549], "NO2": [5.855827112100087e-05, 0.013169251382350922, 0.017659010365605354, 0.13106775283813477, 0.22268913686275482, 0.2616247832775116, 0.23222823441028595, 0.29026708006858826, 0.08531904220581055, 0.09682916104793549, 0.07962211966514587, 0.3149189352989197, 1.3035163879394531, 1.2222102880477905, 1.0695151090621948, 1.7575737237930298, 0.6200007200241089, 0.1456824690103531, 0.09157216548919678, 0.22688959538936615, 1.23422372341156, 2.235257387161255, 2.3007915019989014, 2.3387720584869385], "SO2": [0.01569613255560398, 0.004704514052718878, 4.761638047057204e-05, 0.15540803968906403, 0.0025252874474972486, 0.0012866081669926643, 0.19402380287647247, 1.3721950054168701, 2.5092859268188477, 0.26688650250434875, 0.09856676310300827, 0.17976272106170654, 0.04587618634104729, 0.09199598431587219, 0.24510951340198517, 1.462576150894165, 2.176126480102539, 0.8571823835372925, 0.4081708788871765, 0.41266316175460815, 0.030579479411244392, 0.009244482964277267, 0.14042295515537262, 0.3759975731372833], "O3": [0.0002718014584388584, 0.23252861201763153, 0.3647165298461914, 1.5941201448440552, 0.0006523417541757226, 0.01364966481924057, 0.002380739664658904, 0.00022294461086858064, 0.6448917388916016, 7.730165958404541, 17.97812271118164, 21.170217514038086, 28.388111114501953, 33.18062973022461, 29.197534561157227, 20.260526657104492, 23.44849967956543, 34.997772216796875, 36.26425552368164, 34.1125602722168, 39.15426254272461, 28.699874877929688, 27.10688591003418, 27.271238327026367], "PM10": [0.0359979122877121, 0.03801120072603226, 0.037327446043491364, 0.6699903011322021, 0.019000887870788574, 0.02305196225643158, 0.6742081642150879, 3.953214168548584, 5.611769199371338, 0.7581233382225037, 0.14188852906227112, 0.5712982416152954, 0.41460737586021423, 0.36702993512153625, 0.5607962608337402, 2.984285831451416, 5.2249040603637695, 2.270397901535034, 0.958022952079773, 1.182798981666565, 0.3246021568775177, 0.22777290642261505, 0.49747005105018616, 1.2053334712982178], "PM25": [0.009264572523534298, 0.003346648532897234, 0.003468957031145692, 0.03931860253214836, 0.000796136911958456, 0.0034990739077329636, 0.212842658162117, 1.7596687078475952, 2.081468105316162, 0.08683490753173828, 0.007368343882262707, 0.03811615705490112, 0.0720331147313118, 0.06157684326171875, 0.09487565606832504, 1.088556170463562, 1.8552719354629517, 0.5831829905509949, 0.1716662496328354, 0.17929938435554504, 0.03261430934071541, 0.012014757841825485, 0.08682949841022491, 0.15899363160133362]}