{"CO": [4.4776540808477705e-10, 0.044794172048568726, 0.020569760352373123, 0.009542301297187805, 0.014337181113660336, 0.01269191037863493, 0.00887686014175415, 0.007538652513176203, 0.020916979759931564, 0.08175826072692871, 2.721889019012451, 5.785991668701172, 4.821743488311768, 4.020038604736328, 2.808687925338745, 2.1607673168182373, 3.154899835586548, 3.6225972175598145, 5.613950252532959, 5.35391902923584, 6.079894542694092, 6.159492015838623, 6.378669738769531, 6.542994976043701], "NO2": [8.748719437789987e-07, 0.47258979082107544, 0.3465796709060669, 1.2773716449737549, 1.4276678562164307, 1.251603364944458, 0.8240508437156677, 0.5849625468254089, 0.5870711803436279, 1.5007964372634888, 0.6766380667686462, 5.149211883544922, 8.539618492126465, 9.879226684570312, 7.6079840660095215, 7.4418816566467285, 2.460902214050293, 0.6595085859298706, 0.6982465982437134, 5.0777692794799805, 4.9002251625061035, 8.31991958618164, 8.921293258666992, 8.218438148498535], "SO2": [3.816734526086024e-13, 3.816633153182897e-13, 3.8166751660170806e-13, 8.585442469802307e-13, 3.5922520513764766e-10, 2.2272102565001894e-11, 2.9358870889950595e-10, 1.3367865925317801e-08, 5.884613241136094e-09, 4.50438164989464e-07, 0.12537112832069397, 0.10788333415985107, 0.003300384385511279, 0.04847775772213936, 0.048491399735212326, 0.04103744775056839, 0.04107758402824402, 0.03566533327102661, 0.07296710461378098, 0.02063111774623394, 0.007893824018537998, 0.07415767014026642, 0.16044026613235474, 0.21070264279842377], "O3": [9.156691049838628e-08, 3.642181158065796, 1.224039077758789, 0.039799876511096954, 0.00020493836200330406, 7.855032180259514e-09, 0.000276529899565503, 0.0006267092539928854, 2.136275291442871, 14.764256477355957, 39.2043342590332, 85.28630065917969, 28.866209030151367, 23.95069122314453, 17.60881996154785, 12.264514923095703, 25.05100440979004, 42.265045166015625, 45.860198974609375, 71.74827575683594, 40.9012565612793, 39.59861373901367, 35.748756408691406, 33.603233337402344], "PM10": [0.0025048048701137304, 0.00832606665790081, 0.008574298582971096, 0.008124887943267822, 0.011648391373455524, 0.012901939451694489, 0.013520174659788609, 0.012384266592562199, 0.01252016518265009, 0.011573039926588535, 0.05759904906153679, 0.25116294622421265, 0.4142471253871918, 0.22685283422470093, 0.13260965049266815, 0.09403161704540253, 0.17011970281600952, 0.16273058950901031, 0.1092059314250946, 0.37764057517051697, 0.3695906102657318, 0.3286685645580292, 0.26885512471199036, 0.2445821911096573], "PM25": [1.0013777027162028e-16, 1.0000000168623835e-16, 9.999999506879345e-17, 1.0208075135605834e-16, 1.4288895248764331e-16, 1.215463276901807e-13, 3.4822306149706606e-10, 2.467780202408676e-09, 9.327053018814979e-11, 9.135202143351062e-12, 5.3254360692306726e-14, 1.3593673899064051e-15, 7.943679961324064e-15, 1.7255097903897537e-13, 1.9444073087737657e-12, 1.1487950347943698e-11, 1.2250754230502814e-11, 6.710493163746001e-13, 1.759994466788914e-13, 5.748749509060366e-15, 1.2328106417658358e-11, 1.1274411265693729e-10, 8.962575820392615e-11, 7.88078768909628e-11]}