{"CO": [3.009576721524354e-05, 0.0004950813599862158, 0.005387036129832268, 0.003989802673459053, 0.002454868983477354, 0.00660361535847187, 0.007674816530197859, 0.009142967872321606, 0.015678049996495247, 0.10872504115104675, 1.2282252311706543, 0.8428549766540527, 3.9003372192382812, 5.129759311676025, 5.681735515594482, 5.176360130310059, 4.779832363128662, 5.2464799880981445, 5.540635585784912, 5.355259418487549, 5.851208209991455, 5.406908988952637, 5.622104644775391, 6.014750003814697], "NO2": [0.0005991138168610632, 0.002651497256010771, 0.0037786997854709625, 0.011866694316267967, 0.12786661088466644, 0.2521546185016632, 0.2989681661128998, 0.2397678941488266, 0.06869769841432571, 0.09213321655988693, 0.07956353574991226, 0.05940055474638939, 1.8001978397369385, 2.1123900413513184, 2.4251132011413574, 2.067417621612549, 0.7325453758239746, 0.19878241419792175, 0.08195944875478745, 0.0033074256498366594, 2.3418478965759277, 2.5672552585601807, 2.0609846115112305, 1.8592978715896606], "SO2": [0.001198869082145393, 0.001902965479530394, 0.0014149764319881797, 0.0009998264722526073, 0.00011949532927246764, 9.334392416349147e-06, 0.0037407216150313616, 0.05488743260502815, 0.4985553026199341, 0.7489686012268066, 0.2769416868686676, 0.1731196939945221, 0.09628356248140335, 0.09728920459747314, 0.1340072900056839, 0.23074083030223846, 0.4677959680557251, 0.3967410922050476, 0.2425897866487503, 0.2471836656332016, 0.03295295685529709, 0.01781892403960228, 0.04166965186595917, 0.09008491039276123], "O3": [0.005140709690749645, 0.05771159753203392, 0.2520139813423157, 0.17418228089809418, 0.0010144921252503991, 0.02591526322066784, 0.002207121578976512, 0.0004966067499481142, 0.4535142183303833, 3.059345245361328, 11.264548301696777, 8.745306968688965, 20.85006332397461, 24.85687828063965, 27.553613662719727, 25.860004425048828, 24.884103775024414, 33.407142639160156, 34.5689582824707, 34.0522575378418, 33.2087516784668, 27.19375991821289, 26.209964752197266, 28.86177635192871], "PM10": [0.006390961352735758, 0.00819002091884613, 0.014315569773316383, 0.01206662692129612, 0.009553887881338596, 0.014332657679915428, 0.033417824655771255, 0.27380216121673584, 1.582428216934204, 2.4955854415893555, 1.1529629230499268, 0.9444295167922974, 0.3775329887866974, 0.16632859408855438, 0.341313898563385, 0.5726383328437805, 1.1240863800048828, 0.9743916988372803, 0.5045028924942017, 0.6805709004402161, 0.2600438892841339, 0.1956203430891037, 0.47150304913520813, 0.320965439081192], "PM25": [0.0020384558010846376, 0.0003804111329372972, 0.0004259258566889912, 0.00018207530956715345, 8.367254849872552e-06, 7.453929720213637e-05, 0.006784338969737291, 0.09891355782747269, 0.6268024444580078, 0.23986925184726715, 0.08660902082920074, 0.06486622244119644, 0.019856397062540054, 0.0018099261214956641, 0.059768371284008026, 0.0955510288476944, 0.2546689510345459, 0.24353744089603424, 0.08517907559871674, 0.11020554602146149, 0.006670460104942322, 0.0024879875127226114, 0.057421933859586716, 0.02816852554678917]}