{"CO": [2.1154453406779794e-06, 3.195899262209423e-05, 0.00010027769894804806, 0.0015464725438505411, 0.0012496750568971038, 0.0013247622409835458, 0.0011029532179236412, 0.00874567124992609, 0.02535080909729004, 4.973677635192871, 4.89936637878418, 6.0048723220825195, 6.232576847076416, 6.0146284103393555, 5.908517837524414, 5.756622791290283, 5.479251861572266, 5.316379547119141, 6.201018333435059, 5.536042213439941, 5.752570629119873, 6.657100677490234, 6.829081058502197, 6.876195430755615], "NO2": [2.3071796022122726e-05, 0.00032692227978259325, 0.0003057737776543945, 0.043083976954221725, 0.056365981698036194, 0.06413638591766357, 0.029977815225720406, 0.04691024869680405, 0.008021475747227669, 0.3935387134552002, 0.3459416329860687, 0.5348400473594666, 1.7580769062042236, 1.9939355850219727, 1.6236824989318848, 1.882873773574829, 0.4444333612918854, 0.6672301888465881, 0.3300020098686218, 0.947587788105011, 2.0751402378082275, 1.8439154624938965, 1.656553864479065, 1.5931124687194824], "SO2": [3.816733712934395e-13, 3.8167312734795067e-13, 4.4426707321645886e-13, 3.816734526086024e-13, 5.086727838943261e-08, 2.4125409254338592e-05, 5.292780406307429e-05, 0.00038675704854540527, 0.001169451279565692, 3.816734526086024e-13, 3.816734526086024e-13, 3.816734526086024e-13, 0.103958360850811, 0.2104765772819519, 0.24833986163139343, 0.25619053840637207, 0.2289312332868576, 0.10484186559915543, 3.8167347971365673e-13, 0.0010507521219551563, 0.08059700578451157, 0.263945072889328, 0.25434985756874084, 0.3151381015777588], "O3": [0.00015026205801405013, 0.0028177546337246895, 0.008184118196368217, 0.05557975918054581, 0.018693290650844574, 0.005586439277976751, 0.003960961941629648, 0.018136266618967056, 0.15558569133281708, 38.7900390625, 35.54911804199219, 43.717918395996094, 43.721641540527344, 40.68798065185547, 36.35481643676758, 32.92433166503906, 28.746084213256836, 34.704322814941406, 43.171390533447266, 41.4106330871582, 41.60271072387695, 39.509071350097656, 39.342735290527344, 39.0391845703125], "PM10": [0.002410744782537222, 0.0023955688811838627, 0.00531794922426343, 0.0056894030421972275, 0.005221337545663118, 0.005612696520984173, 0.004719390068203211, 0.004703983664512634, 0.00641977833583951, 0.15869314968585968, 0.16980622708797455, 0.21387258172035217, 0.17649677395820618, 0.19920426607131958, 0.1853984147310257, 0.17227095365524292, 0.15975062549114227, 0.1818997710943222, 0.17489129304885864, 0.293457567691803, 0.22449171543121338, 0.19865648448467255, 0.19881115853786469, 0.18987305462360382], "PM25": [1.06894009461386e-16, 1.0729568174939685e-16, 1.0742890415013219e-16, 1.633815017955051e-13, 1.811725942879594e-11, 2.7359994825282286e-10, 2.2431768442743305e-08, 7.068371843388377e-08, 1.3799471787478979e-08, 6.433193279302418e-13, 7.300879900640211e-10, 2.0569124181690768e-09, 4.0082208663250185e-09, 5.382121970320952e-10, 3.0190796529439012e-09, 3.890900490688409e-09, 3.1312569204189344e-10, 4.764138389345973e-11, 1.1035360403255368e-09, 3.155641581376045e-10, 6.4380953901377325e-09, 3.0013673768536364e-09, 1.1389014176188539e-09, 6.291741350139546e-09]}