{"CO": [2.1888722585572395e-06, 0.0006807173485867679, 0.004996084608137608, 0.0017079922836273909, 0.001256243558600545, 0.011593184433877468, 0.010143809020519257, 0.013203192502260208, 0.5081882476806641, 2.0319483280181885, 2.5347795486450195, 2.1607627868652344, 4.788740634918213, 4.1542487144470215, 4.366217136383057, 4.603531360626221, 4.562245845794678, 5.428844928741455, 5.499428749084473, 5.668581962585449, 5.164151668548584, 4.687954425811768, 5.59810733795166, 6.048996448516846], "NO2": [3.480307714198716e-05, 0.002620095619931817, 0.00257527525536716, 0.011243746615946293, 0.06330885738134384, 0.4864978492259979, 0.3884667754173279, 0.2769080102443695, 0.16502101719379425, 0.1127924919128418, 0.04564344510436058, 0.09689101576805115, 1.26211678981781, 2.419900417327881, 2.793256998062134, 1.9772841930389404, 0.48219984769821167, 0.1614830046892166, 0.09690676629543304, 0.22973911464214325, 1.1289244890213013, 3.538942337036133, 2.844571352005005, 2.477910041809082], "SO2": [4.120923602357607e-10, 2.0159809821507224e-08, 1.3678189247912087e-07, 2.0681885359863372e-07, 6.3621137087466195e-06, 1.1754752904380439e-06, 4.3148007534909993e-05, 0.0004034255107399076, 0.02221790701150894, 0.07785645127296448, 0.08854541927576065, 0.08700183033943176, 0.10861418396234512, 0.06575219333171844, 0.07714821398258209, 0.101529061794281, 0.13794738054275513, 0.18516133725643158, 0.17617644369602203, 0.17228339612483978, 0.028868021443486214, 0.027097126469016075, 0.012353884987533092, 0.020134128630161285], "O3": [0.00025337099214084446, 0.0822920873761177, 0.22738415002822876, 0.08270227909088135, 0.010905145667493343, 0.011148291639983654, 0.0014851135201752186, 0.0004793495172634721, 3.0419206619262695, 14.473814010620117, 18.026952743530273, 15.252579689025879, 26.553569793701172, 22.457921981811523, 23.086750030517578, 24.289945602416992, 24.976425170898438, 33.89134216308594, 34.14790725708008, 31.688186645507812, 44.047523498535156, 28.65074348449707, 28.044063568115234, 27.132404327392578], "PM10": [0.0024186575319617987, 0.0035961135290563107, 0.00873370748013258, 0.010081639513373375, 0.00929966475814581, 0.011486819945275784, 0.011922894977033138, 0.02431083284318447, 0.041509803384542465, 0.0908052995800972, 0.12908609211444855, 0.2181072235107422, 0.1423540860414505, 0.12960898876190186, 0.13644762337207794, 0.1530590057373047, 0.16214968264102936, 0.18727923929691315, 0.20919355750083923, 0.22115950286388397, 0.20505475997924805, 0.17004795372486115, 0.21158671379089355, 0.22738704085350037], "PM25": [4.85282591888847e-10, 1.7374163689964917e-06, 6.651115654676687e-06, 1.7196412045450415e-06, 6.649028364336118e-06, 3.355511944391765e-05, 7.239592378027737e-06, 0.0031682467088103294, 0.00819107424467802, 0.0072217597626149654, 0.009161648340523243, 0.01834513247013092, 0.0002918975369539112, 4.911695214104839e-06, 3.0020817575859837e-05, 0.001314351218752563, 0.0022952607832849026, 0.000685458886437118, 0.0023097125813364983, 0.004157055169343948, 0.00015233301382977515, 7.202188135124743e-05, 4.169423118582927e-05, 0.000142300792504102]}