{"CO": [1.1301340974156915e-09, 0.1241920068860054, 0.016964735463261604, 0.006267954595386982, 0.015511488541960716, 0.011260248720645905, 0.009799249470233917, 0.008604462258517742, 0.02138259820640087, 0.31136205792427063, 5.043637275695801, 6.075616836547852, 5.039046764373779, 3.397623300552368, 2.430751323699951, 2.1789979934692383, 2.7850797176361084, 3.833280324935913, 6.10896635055542, 5.989570617675781, 6.068321228027344, 6.187841892242432, 6.38541316986084, 6.567152500152588], "NO2": [2.617246650515881e-07, 0.30440688133239746, 0.3898865580558777, 0.9086665511131287, 1.7626292705535889, 1.136146068572998, 0.8788570761680603, 0.662375807762146, 0.436151385307312, 1.269044041633606, 0.13134664297103882, 0.4469779133796692, 4.6993021965026855, 4.3448286056518555, 4.45011043548584, 5.020015239715576, 1.204085111618042, 0.6317055821418762, 0.3022625744342804, 0.5318722724914551, 3.7093887329101562, 4.950562477111816, 5.211998462677002, 5.442692756652832], "SO2": [3.816734526086024e-13, 3.8158929141496323e-13, 3.816704710526281e-13, 3.8167307313784204e-13, 7.036976795542216e-13, 4.401938535902872e-11, 8.635889225949711e-10, 4.456003210862036e-08, 1.0129976857342626e-08, 5.807122306578094e-06, 0.025001103058457375, 0.010831517167389393, 0.008866875432431698, 0.0618608333170414, 0.05165058374404907, 0.056660741567611694, 0.040725141763687134, 0.01248293649405241, 0.0008282806957140565, 3.816734526086024e-13, 0.0035670227371156216, 0.058064114302396774, 0.13986612856388092, 0.20578695833683014], "O3": [2.4715407676012546e-07, 8.734720230102539, 1.4360789060592651, 0.1393357217311859, 0.0222287829965353, 0.0017240553861483932, 0.016212275251746178, 0.009107769466936588, 1.9475030899047852, 19.166751861572266, 42.76374053955078, 44.894168853759766, 34.223228454589844, 24.726520538330078, 15.979825019836426, 12.363661766052246, 23.837392807006836, 44.501922607421875, 47.883750915527344, 49.31622314453125, 41.826087951660156, 43.050533294677734, 40.425933837890625, 36.77370071411133], "PM10": [0.0024450523778796196, 0.008130311034619808, 0.013105493038892746, 0.008739589713513851, 0.011045941151678562, 0.013929521664977074, 0.013299942016601562, 0.011937686242163181, 0.012049758806824684, 0.011879416182637215, 0.29010850191116333, 0.5382180213928223, 0.4242677390575409, 0.17624932527542114, 0.11338123679161072, 0.08757252991199493, 0.13985104858875275, 0.179952472448349, 0.2153473049402237, 0.2607315182685852, 0.41266459226608276, 0.33201661705970764, 0.27857843041419983, 0.24472595751285553], "PM25": [1.0108462075775258e-16, 1.0152964392730611e-16, 1.561259201661905e-16, 1.2423573850699692e-16, 1.2990327566174485e-16, 1.804160357080694e-14, 3.1056823779351816e-11, 5.740103392604112e-10, 1.1425046464452748e-09, 4.9893335990480736e-11, 1.0000000168623835e-16, 8.884232122218817e-16, 1.3726573792004725e-14, 2.483638667720011e-14, 4.855172795921459e-13, 5.591780510849631e-12, 1.2120113940250477e-11, 1.3056041707829036e-12, 3.096280498991424e-16, 9.955495866435012e-15, 1.5816316312200485e-10, 4.1592276844859555e-10, 1.9099728743032784e-10, 1.0956567597641964e-10]}