{"CO": [0.0003395282255951315, 0.05401812866330147, 0.005902597215026617, 0.007901079021394253, 0.012737886980175972, 0.014138494618237019, 0.006658439990133047, 0.005271867848932743, 0.040796779096126556, 0.4563119411468506, 5.836836814880371, 4.398012638092041, 4.794404029846191, 4.610241413116455, 3.573861837387085, 2.097673177719116, 2.273773670196533, 2.800107955932617, 6.2403106689453125, 5.804201126098633, 5.9165358543396, 6.025352954864502, 6.183314323425293, 6.332771301269531], "NO2": [0.034751709550619125, 0.17342299222946167, 0.026314444839954376, 0.6693615317344666, 0.886089563369751, 0.9175829887390137, 0.47529080510139465, 0.35055118799209595, 1.3017096519470215, 0.5254363417625427, 1.2756695747375488, 4.820411205291748, 11.675254821777344, 12.09330940246582, 11.400689125061035, 9.009283065795898, 2.1423325538635254, 0.515277087688446, 0.4507702589035034, 3.629265785217285, 10.387080192565918, 12.661625862121582, 9.8199462890625, 11.410696983337402], "SO2": [3.816677876522512e-13, 3.8164534466728073e-13, 3.8167104025876863e-13, 2.0583855800393458e-12, 5.952210391235724e-10, 5.913582817873575e-11, 1.241953328373624e-11, 1.1182549997101887e-08, 1.228672408615239e-05, 0.0002583859604783356, 0.16385936737060547, 0.08632220327854156, 0.046112172305583954, 0.040151819586753845, 0.0556289367377758, 0.03248343989253044, 0.02163936384022236, 0.017654895782470703, 0.11421317607164383, 0.14111287891864777, 0.08252303302288055, 0.13144324719905853, 0.1622917652130127, 0.1938791573047638], "O3": [0.1294316202402115, 3.8087430000305176, 0.2100299745798111, 0.09283210337162018, 0.020885204896330833, 0.000852782279253006, 1.878962393675465e-05, 5.058183205619571e-07, 5.581986904144287, 22.337608337402344, 39.9305534362793, 29.188505172729492, 24.468120574951172, 26.165935516357422, 24.817169189453125, 13.623590469360352, 20.60599708557129, 33.742313385009766, 48.27669906616211, 38.32614517211914, 36.98070526123047, 34.5379753112793, 35.830291748046875, 30.880409240722656], "PM10": [0.0045879133976995945, 0.008638863451778889, 0.006209782790392637, 0.01067754440009594, 0.01497839204967022, 0.012508570216596127, 0.01234192680567503, 0.00962014589458704, 0.012364493682980537, 0.010277219116687775, 0.12102972716093063, 0.17086617648601532, 0.2893430292606354, 0.32956743240356445, 0.22016018629074097, 0.09509485214948654, 0.13474401831626892, 0.13595321774482727, 0.14709238708019257, 0.13877320289611816, 0.5660663843154907, 0.5724620223045349, 0.43935924768447876, 0.36927640438079834], "PM25": [1.0000000168623835e-16, 1.0000000168623835e-16, 1.881055299757684e-16, 1.353044474243609e-16, 1.469350303533301e-16, 3.280844901852077e-14, 8.005047145986932e-12, 2.3752578029445637e-11, 9.616990363781053e-12, 7.578759668447344e-13, 1.7322286992493472e-16, 1.796202609596182e-15, 8.018620036662086e-16, 1.2392048607891867e-15, 6.479984582095531e-15, 2.5024307712812055e-13, 3.350907062677627e-14, 1.7250335249393363e-15, 1.5130054551925015e-16, 1.1722211776829614e-15, 9.693921504411044e-16, 8.529774922407668e-14, 3.1628034067622546e-13, 2.1888519642632165e-12]}