{"CO": [2.545445750001818e-05, 0.0019074227893725038, 0.029868708923459053, 0.006026725750416517, 0.0034109631087630987, 0.004029504489153624, 0.003966516815125942, 0.06019889563322067, 0.028248945251107216, 0.9333378672599792, 3.6942241191864014, 4.7143425941467285, 5.551695823669434, 5.8239006996154785, 5.817973613739014, 5.898149490356445, 5.898286819458008, 6.235591411590576, 6.447398662567139, 5.894983768463135, 5.812772750854492, 6.306339263916016, 6.400302410125732, 6.533592700958252], "NO2": [0.000543372705578804, 0.004855948965996504, 0.02064748853445053, 0.013877184130251408, 0.13479401171207428, 0.1674555242061615, 0.17866139113903046, 0.4116804599761963, 0.016098296269774437, 0.06071993336081505, 0.11239323765039444, 0.4912363290786743, 1.345744252204895, 1.0139575004577637, 1.422224998474121, 1.8618996143341064, 0.3544670641422272, 0.06785249710083008, 0.06544144451618195, 0.2797294557094574, 1.0642321109771729, 0.8448544144630432, 1.037030816078186, 0.834571897983551], "SO2": [3.816719076205066e-13, 5.268242439515625e-13, 1.1298377164403739e-11, 2.1010321260561682e-10, 3.3725000321283005e-06, 4.337821155786514e-05, 3.8538859371328726e-05, 0.0029801414348185062, 0.03450865298509598, 0.04650641977787018, 0.023540571331977844, 0.029358282685279846, 0.05541510879993439, 0.18223527073860168, 0.191588893532753, 0.23354536294937134, 0.21481789648532867, 0.22720420360565186, 0.06731350719928741, 0.0035895647015422583, 0.04071046784520149, 0.11796879768371582, 0.09107521921396255, 0.20665208995342255], "O3": [0.005178121849894524, 0.17761892080307007, 1.187852382659912, 0.2654651403427124, 0.04164552688598633, 0.026390740647912025, 0.007966169156134129, 0.12903568148612976, 0.42986080050468445, 7.15936279296875, 30.14908790588379, 34.20691680908203, 34.629493713378906, 34.80268096923828, 35.012264251708984, 34.398128509521484, 33.20668411254883, 37.322811126708984, 41.755149841308594, 42.846378326416016, 39.160797119140625, 37.91405487060547, 39.58207702636719, 39.99994659423828], "PM10": [0.0026035450864583254, 0.006051348056644201, 0.00850534625351429, 0.015447364188730717, 0.012820908799767494, 0.010928614996373653, 0.010207090526819229, 0.013067695312201977, 0.08969229459762573, 0.060615282505750656, 0.14515763521194458, 0.1464342325925827, 0.16002768278121948, 0.16626520454883575, 0.16438095271587372, 0.1663457155227661, 0.1653161197900772, 0.18626096844673157, 0.23694166541099548, 0.2193291336297989, 0.19195371866226196, 0.19938284158706665, 0.21806912124156952, 0.19589032232761383], "PM25": [2.0114820724857763e-13, 2.466082615892873e-10, 5.974624883720026e-08, 3.743858556504165e-08, 3.060851838654344e-08, 2.4036180548137054e-06, 4.872571480518673e-06, 2.916481753345579e-05, 0.004183754790574312, 0.0019529616693034768, 6.409471097867936e-05, 1.9987872292404063e-05, 3.1928191219776636e-06, 8.123107022584009e-07, 1.1474305665615248e-06, 2.0990819393773563e-06, 2.189765154980705e-06, 8.36034359963378e-06, 8.284045804884954e-08, 4.9715538352756994e-08, 6.127639835540322e-07, 2.9591180350507784e-07, 1.758050075295614e-06, 5.5747404985595495e-05]}