{"CO": [1.002762587631878e-06, 0.0030560896266251802, 0.009524368681013584, 0.006197427865117788, 0.006129786372184753, 0.0037378740962594748, 0.004085625521838665, 0.004302056971937418, 0.03351698815822601, 0.4019527733325958, 4.82521915435791, 5.366580009460449, 4.872889518737793, 3.63596773147583, 4.094936370849609, 4.822482585906982, 6.066172122955322, 6.164538860321045, 6.002559661865234, 6.128302097320557, 6.475578784942627, 6.846629619598389, 6.857083797454834, 6.867002487182617], "NO2": [2.9002458177274093e-05, 0.006427268031984568, 0.008579232729971409, 0.030515460297465324, 0.15391601622104645, 0.14356426894664764, 0.10184165835380554, 0.08127201348543167, 0.007777166552841663, 0.12321671098470688, 0.17546536028385162, 0.3090270459651947, 0.42425596714019775, 0.4884907305240631, 0.3333129584789276, 0.38787099719047546, 0.16106300055980682, 0.10513874143362045, 0.10164345800876617, 0.19823403656482697, 0.38969942927360535, 0.4862460494041443, 0.5786663889884949, 0.6539907455444336], "SO2": [3.816729918226791e-13, 3.815896979907779e-13, 3.8152676005466513e-13, 3.817301292771691e-13, 7.238050436786381e-11, 8.119362959746468e-09, 4.347428784967633e-06, 1.5136679394345265e-05, 0.0013669959735125303, 0.014709278009831905, 0.0333845280110836, 0.015938453376293182, 0.1858251839876175, 0.14639674127101898, 0.17526549100875854, 0.20722144842147827, 0.26079443097114563, 0.2470134198665619, 0.03614833205938339, 0.007651121821254492, 0.13985788822174072, 0.2747371792793274, 0.2057947814464569, 0.27424097061157227], "O3": [0.00013009253598283976, 0.18171094357967377, 0.37248292565345764, 0.3197389841079712, 0.19099222123622894, 0.09593569487333298, 0.1294327974319458, 0.12365160882472992, 0.3301277756690979, 4.0136895179748535, 40.83889389038086, 46.133697509765625, 37.0794792175293, 20.824417114257812, 21.851478576660156, 25.57390022277832, 33.42229080200195, 36.40290069580078, 54.14397430419922, 53.76604461669922, 42.08723831176758, 35.5190544128418, 35.35577392578125, 38.947811126708984], "PM10": [0.0024214908480644226, 0.00865078717470169, 0.011287995614111423, 0.016574664041399956, 0.013992606662213802, 0.011243551038205624, 0.010246618650853634, 0.009987934492528439, 0.009523123502731323, 0.013547620736062527, 0.1618071049451828, 0.2286134511232376, 0.11329325288534164, 0.11071386933326721, 0.11834096163511276, 0.1397705376148224, 0.17622913420200348, 0.19257952272891998, 0.2849886417388916, 0.24421405792236328, 0.2384234368801117, 0.18342231214046478, 0.18687261641025543, 0.18413816392421722], "PM25": [1.1156927398820512e-16, 1.7635450954961147e-16, 1.1152869581607572e-16, 2.8821003302838526e-15, 1.1433674238512173e-15, 9.709397050467264e-14, 5.163742604149158e-16, 2.4232507242949366e-15, 3.6016606363986625e-11, 6.616120845626128e-11, 5.436180163721663e-16, 1.1681240827052242e-12, 8.930584136784825e-14, 1.373312488034406e-12, 2.370276013224232e-13, 2.497300597651547e-13, 3.0104044257406315e-12, 1.0027531105807896e-12, 1.3076554812932462e-12, 9.028848502179443e-11, 4.903463746153136e-10, 5.888470960835335e-11, 2.0077479609414972e-11, 5.650400147771961e-09]}