{"CO": [0.004573159851133823, 0.013646615669131279, 0.02019444853067398, 0.04024432227015495, 0.008556057699024677, 3.397340435640217e-07, 0.006233611609786749, 0.01247111614793539, 0.009601561352610588, 0.015087061561644077, 0.11117777228355408, 2.353386640548706, 4.149908065795898, 4.563746452331543, 4.329666614532471, 4.455045223236084, 5.023962497711182, 6.021275997161865, 5.669899940490723, 6.352237701416016, 6.201870918273926, 6.129085063934326, 6.09979248046875, 6.174871921539307], "NO2": [0.005753894802182913, 0.026056265458464622, 0.02581573650240898, 0.2723023295402527, 0.25476890802383423, 0.2068777233362198, 0.31815025210380554, 0.3127525746822357, 0.02644876390695572, 0.02844507433474064, 0.06413128972053528, 0.7688899040222168, 1.3648591041564941, 0.8590781688690186, 0.986068069934845, 1.0782109498977661, 0.16708782315254211, 0.1075848862528801, 0.0627046599984169, 0.5920537710189819, 0.7262318134307861, 0.6887750029563904, 0.6639110445976257, 1.1068792343139648], "SO2": [1.8277465105056763, 3.8702428340911865, 0.8349164724349976, 6.711346626281738, 0.0016293447697535157, 4.06168146582786e-05, 0.2652341425418854, 3.4381484985351562, 1.9237070083618164, 1.7886604070663452, 0.8646532297134399, 10.673211097717285, 0.0036443951539695263, 0.47175106406211853, 2.016500234603882, 2.2180745601654053, 1.6605181694030762, 4.23464822769165, 0.7824106216430664, 8.054009437561035, 0.5347743630409241, 0.00030642078490927815, 1.1593788862228394, 0.0031426160130649805], "O3": [0.02780737541615963, 0.4957578480243683, 0.9735590815544128, 1.1254841089248657, 0.47651997208595276, 0.028857270255684853, 0.013306756503880024, 0.03032105229794979, 0.3110955059528351, 0.5801058411598206, 3.4857442378997803, 15.528818130493164, 29.26746940612793, 34.4660530090332, 32.10981750488281, 29.06513786315918, 30.771982192993164, 36.10012435913086, 34.61920166015625, 44.596343994140625, 46.32212448120117, 43.133888244628906, 46.68549728393555, 47.25576400756836], "PM10": [5.8387770652771, 9.822769165039062, 2.211134195327759, 17.633371353149414, 0.017543034628033638, 0.01216513104736805, 0.939545214176178, 9.387425422668457, 5.3581671714782715, 5.483286380767822, 2.7547576427459717, 37.826324462890625, 0.19163666665554047, 1.4055954217910767, 5.276827812194824, 5.726988315582275, 3.803250551223755, 11.102657318115234, 1.7183328866958618, 22.12274932861328, 2.329564094543457, 0.2953623831272125, 4.012187480926514, 0.2768043577671051], "PM25": [3.0371053218841553, 4.92761754989624, 0.885684072971344, 8.886200904846191, 0.002289134543389082, 5.660810711560771e-05, 0.43558192253112793, 4.802210330963135, 2.7361204624176025, 2.367889642715454, 0.6929268836975098, 19.153146743774414, 0.005223093554377556, 0.33539775013923645, 2.6182334423065186, 2.8494133949279785, 1.8674356937408447, 5.367836952209473, 0.29102399945259094, 10.754164695739746, 0.45767349004745483, 0.0004911343567073345, 0.0030868318863213062, 0.0038095538038760424]}