{"CO": [3.814960564341163e-06, 0.00821919646114111, 0.032168470323085785, 0.0030575101263821125, 0.003958908841013908, 0.006224327255040407, 0.008096333593130112, 0.1622427999973297, 1.524070382118225, 3.449486494064331, 3.506023645401001, 5.31129264831543, 6.104881286621094, 5.617499828338623, 4.997714996337891, 4.85982608795166, 5.877262115478516, 6.143973350524902, 5.765432357788086, 5.827375411987305, 5.8068037033081055, 6.255749225616455, 6.37449836730957, 6.74774169921875], "NO2": [7.769367221044376e-05, 0.010758078657090664, 0.02260761708021164, 0.018924066796898842, 0.14315181970596313, 0.23286974430084229, 0.20093151926994324, 0.40231460332870483, 0.11316709965467453, 0.07872240245342255, 0.10689345747232437, 0.24864666163921356, 0.510387659072876, 0.45135438442230225, 0.6694018244743347, 0.6212443113327026, 0.17438848316669464, 0.08099088072776794, 0.08249080926179886, 0.22980272769927979, 0.412685364484787, 0.5334652662277222, 0.614067792892456, 0.9351576566696167], "SO2": [8.013076779889161e-08, 3.8152082404777077e-13, 2.493617291821071e-12, 1.7435672697296845e-11, 4.888930220658949e-07, 2.749802661128342e-05, 4.784175689565018e-05, 0.007764629554003477, 0.06936479359865189, 0.1460317075252533, 0.1012868732213974, 0.017416898161172867, 0.05376257747411728, 0.1650569885969162, 0.14908355474472046, 0.17305122315883636, 0.24662315845489502, 0.24964639544487, 0.20643657445907593, 0.018725162371993065, 0.010820086114108562, 0.14941924810409546, 0.16317306458950043, 0.24278013408184052], "O3": [0.0007026154198683798, 0.47409942746162415, 1.3153409957885742, 0.3213143050670624, 0.0722452849149704, 0.034190740436315536, 0.012781215831637383, 0.5323957800865173, 8.800522804260254, 21.25228500366211, 25.805633544921875, 36.803466796875, 37.00555419921875, 30.314315795898438, 28.94614601135254, 27.07881736755371, 31.5259952545166, 35.27154541015625, 35.00810241699219, 38.27370834350586, 36.843997955322266, 32.60700225830078, 34.06625747680664, 31.465984344482422], "PM10": [0.017993085086345673, 0.34890216588974, 0.22429457306861877, 0.142004132270813, 0.2790396213531494, 0.2683899402618408, 0.38418394327163696, 0.25622403621673584, 0.12291131913661957, 0.23603259027004242, 0.35948100686073303, 0.25854986906051636, 0.401734322309494, 0.3085382282733917, 0.34005871415138245, 0.3794419765472412, 0.2076546549797058, 0.2912895977497101, 0.3503864109516144, 0.23919568955898285, 0.2737240791320801, 0.32721570134162903, 0.43232694268226624, 0.33960482478141785], "PM25": [0.007921227253973484, 0.1754634827375412, 0.10264621675014496, 0.06230317801237106, 0.13682162761688232, 0.12798912823200226, 0.1817028671503067, 0.12212153524160385, 0.01876756176352501, 0.01869427040219307, 0.04503951966762543, 0.02717951498925686, 0.08017409592866898, 0.06623532623052597, 0.07017504423856735, 0.09657488018274307, 0.012601117603480816, 0.0406351163983345, 0.051000311970710754, 0.004644912667572498, 0.032609470188617706, 0.05623086541891098, 0.05441278591752052, 0.026011455804109573]}