{"CO": [0.000220249654375948, 0.01398672629147768, 0.005654613487422466, 0.0006284337723627687, 0.007009555585682392, 0.009177830070257187, 0.008140210062265396, 0.1410568356513977, 0.4102238118648529, 1.481387972831726, 3.564725399017334, 5.687495231628418, 5.74512243270874, 4.596038818359375, 4.551497936248779, 4.656269073486328, 4.4548187255859375, 4.653600692749023, 5.751634120941162, 5.715407848358154, 5.602514266967773, 5.917965412139893, 6.630357265472412, 6.815511226654053], "NO2": [0.005720172543078661, 0.06006171181797981, 0.033891577273607254, 0.0028168426360934973, 0.24754874408245087, 0.3517236113548279, 0.14214211702346802, 0.5154095888137817, 0.11565803736448288, 0.1574542224407196, 0.15652969479560852, 0.6007957458496094, 0.7751043438911438, 1.4597282409667969, 1.826634168624878, 1.2611863613128662, 0.3559459149837494, 0.15776076912879944, 0.146710604429245, 0.4908268451690674, 0.9851558208465576, 1.7624893188476562, 1.457411766052246, 1.2790913581848145], "SO2": [3.816685465937719e-13, 3.815642192397245e-13, 3.8163290344735146e-13, 6.148396902716513e-09, 2.2599776912102243e-06, 1.2260242328920867e-05, 6.007664342178032e-05, 0.00600972818210721, 0.017671870067715645, 0.0528813861310482, 0.03570681810379028, 0.0024170398246496916, 0.054994527250528336, 0.07603733986616135, 0.11377143114805222, 0.15171809494495392, 0.15243877470493317, 0.15008273720741272, 0.07201220840215683, 0.00014101875422056764, 0.011674047447741032, 0.07607804983854294, 0.1780105084180832, 0.2733483612537384], "O3": [0.03824682533740997, 1.2684071063995361, 0.45717382431030273, 0.03126698359847069, 0.0665683001279831, 0.02197876200079918, 0.006412382237613201, 0.3212692439556122, 2.5599966049194336, 12.070072174072266, 29.9084415435791, 35.91401290893555, 32.86378860473633, 27.654294967651367, 26.30239486694336, 26.06061363220215, 24.789968490600586, 28.76020050048828, 38.23966979980469, 36.72835159301758, 32.064517974853516, 31.12468147277832, 33.27537155151367, 33.955970764160156], "PM10": [1.3576167821884155, 0.7983960509300232, 0.17209267616271973, 0.06489138305187225, 2.2452309131622314, 5.074824810028076, 3.1470041275024414, 0.7341213226318359, 0.6646521091461182, 1.3819440603256226, 0.5415608882904053, 0.2567831575870514, 3.2172577381134033, 5.00324821472168, 3.1259820461273193, 1.2705861330032349, 0.5723537802696228, 1.6819851398468018, 0.41735121607780457, 0.24595163762569427, 1.7536360025405884, 5.241520881652832, 1.0275309085845947, 0.8210092186927795], "PM25": [0.6848049759864807, 0.40895479917526245, 0.08333513885736465, 0.03148369491100311, 1.1438555717468262, 2.566218137741089, 1.5813279151916504, 0.3577042520046234, 0.30994024872779846, 0.5560813546180725, 0.20106369256973267, 0.020801804959774017, 1.4521995782852173, 2.3538362979888916, 1.4068031311035156, 0.4963271915912628, 0.18029339611530304, 0.7209723591804504, 0.0866784080862999, 0.02379307523369789, 0.7694410681724548, 2.318903684616089, 0.31833475828170776, 0.2553291618824005]}