{"CO": [2.6535765300650382e-06, 0.01084662601351738, 0.03536437451839447, 0.0010393736883997917, 0.0053175087086856365, 0.007809113711118698, 0.015762580558657646, 0.4647656977176666, 1.8437832593917847, 3.087686777114868, 2.73287034034729, 5.433038234710693, 6.058142185211182, 5.4549407958984375, 4.696808338165283, 4.865859508514404, 5.943393230438232, 6.033578395843506, 5.444209098815918, 5.786266326904297, 5.863483428955078, 6.371409893035889, 6.630276679992676, 6.8546528816223145], "NO2": [4.61894778709393e-05, 0.02075670287013054, 0.04112178087234497, 0.0158531591296196, 0.17084534466266632, 0.2398664355278015, 0.15421918034553528, 0.35204222798347473, 0.1267620474100113, 0.11400153487920761, 0.12242075055837631, 0.28921911120414734, 0.46560195088386536, 0.3679071366786957, 0.38841116428375244, 0.41756266355514526, 0.1865304857492447, 0.09264205396175385, 0.11239521950483322, 0.26705893874168396, 0.4942949116230011, 0.3820536136627197, 0.4651601314544678, 0.5209464430809021], "SO2": [3.816729918226791e-13, 1.4270991072901085e-12, 4.833559767714046e-13, 7.480523145364515e-11, 1.2859148910138174e-06, 4.408468521432951e-05, 8.48928393679671e-05, 0.02198697067797184, 0.08324256539344788, 0.12847900390625, 0.05024901032447815, 0.022942062467336655, 0.07614921033382416, 0.1764729768037796, 0.1582973450422287, 0.18963995575904846, 0.25089240074157715, 0.24909719824790955, 0.14780442416667938, 0.00434384448453784, 0.012217233888804913, 0.18248510360717773, 0.13910773396492004, 0.28208062052726746], "O3": [0.00027448119362816215, 0.7021427154541016, 1.572855830192566, 0.18913523852825165, 0.10308727622032166, 0.06827636808156967, 0.031143859028816223, 2.330579996109009, 10.622472763061523, 19.931015014648438, 22.43268585205078, 36.54606246948242, 37.32015609741211, 31.69695281982422, 27.566852569580078, 27.036699295043945, 32.525230407714844, 35.52133560180664, 33.571006774902344, 39.057735443115234, 36.871788024902344, 35.60600280761719, 34.909271240234375, 35.454708099365234], "PM10": [0.07558214664459229, 0.4351280629634857, 0.18953964114189148, 0.15930303931236267, 0.26944902539253235, 0.21005387604236603, 0.21570385992527008, 0.20901824533939362, 0.2586410343647003, 0.5200901031494141, 0.29747527837753296, 0.25691553950309753, 0.3478218913078308, 0.2489968091249466, 0.2126644253730774, 0.345706582069397, 0.25380510091781616, 0.43913066387176514, 0.30639779567718506, 0.20973247289657593, 0.4161889851093292, 0.30743566155433655, 0.34470251202583313, 0.5604047179222107], "PM25": [0.037702079862356186, 0.21445460617542267, 0.08979590982198715, 0.07494361698627472, 0.13278530538082123, 0.09868019819259644, 0.09810633212327957, 0.09493570029735565, 0.042635612189769745, 0.06639691442251205, 0.033498119562864304, 0.024131348356604576, 0.0643007680773735, 0.043337997049093246, 0.024299029260873795, 0.08081812411546707, 0.03134810924530029, 0.10183624923229218, 0.031190577894449234, 2.537226646381896e-05, 0.1020791158080101, 0.02995303086936474, 0.023759527131915092, 0.07061892002820969]}