{"CO": [2.9891834856243804e-06, 0.00026037750649265945, 0.009004766121506691, 0.0033657688181847334, 0.004163960460573435, 0.0027987980283796787, 0.0019321179715916514, 0.0021995187271386385, 0.003895754460245371, 0.4039618968963623, 1.2836806774139404, 4.464757442474365, 5.06186580657959, 5.383130073547363, 5.257023334503174, 5.42307186126709, 6.145199298858643, 6.546323776245117, 6.367416858673096, 6.304779529571533, 6.064535617828369, 6.696133613586426, 6.850626468658447, 6.509520530700684], "NO2": [3.6041987186763436e-05, 0.001784361433237791, 0.010202443227171898, 0.014292316511273384, 0.12698088586330414, 0.11903773993253708, 0.08888869732618332, 0.0846703052520752, 0.0029163388535380363, 0.02274690940976143, 0.07370537519454956, 0.2582026720046997, 0.3369274437427521, 0.2895934581756592, 0.32248252630233765, 0.48505982756614685, 0.14498524367809296, 0.060586441308259964, 0.09378277510404587, 0.14704817533493042, 0.35896310210227966, 0.2796460688114166, 0.5893189907073975, 0.9926705360412598], "SO2": [8.303688082378358e-05, 5.539408931554135e-10, 3.29781360051129e-05, 0.00012245344987604767, 0.00012522601173259318, 8.786028956819791e-06, 0.00039134552935138345, 0.005795175675302744, 0.00221007177606225, 0.015483025461435318, 0.03942064195871353, 0.00997855793684721, 0.052051059901714325, 0.20369283854961395, 0.2337387353181839, 0.25286152958869934, 0.2673722207546234, 0.2717517018318176, 0.19911368191242218, 0.006655398290604353, 0.013157711364328861, 0.25530892610549927, 0.35383400321006775, 0.8418793082237244], "O3": [0.0003724365960806608, 0.03943503275513649, 0.43294858932495117, 0.15890461206436157, 0.11222483217716217, 0.059453610330820084, 0.03192896395921707, 0.02908904291689396, 0.0863204151391983, 2.9710352420806885, 10.289525032043457, 37.981056213378906, 45.353477478027344, 37.786521911621094, 31.61264991760254, 30.90120506286621, 34.27543640136719, 37.558536529541016, 36.705101013183594, 55.738224029541016, 50.548824310302734, 40.624778747558594, 37.88502502441406, 42.64756774902344], "PM10": [0.0030994361732155085, 0.003053379012271762, 0.008941484615206718, 0.012323143891990185, 0.012946275062859058, 0.009281271137297153, 0.008795148693025112, 0.02580205351114273, 0.014293303713202477, 0.013484325259923935, 0.043322257697582245, 0.163112074136734, 0.19017450511455536, 0.14916867017745972, 0.16335010528564453, 0.21678975224494934, 0.1773393303155899, 0.197501078248024, 0.20416034758090973, 0.2716600000858307, 0.2648545205593109, 0.19452165067195892, 0.4113880693912506, 2.1162850856781006], "PM25": [0.0002053720090771094, 2.905375939832311e-09, 1.0116888006450608e-05, 6.959928577998653e-05, 0.00011961029667872936, 8.24062772153411e-06, 0.00036110435030423105, 0.005577274598181248, 0.000866894144564867, 8.659723493842364e-10, 5.944800068391487e-05, 1.277642258656897e-08, 0.00051043153507635, 0.0001326217461610213, 0.006907431408762932, 0.02707110345363617, 0.0018234401941299438, 1.142677865573205e-05, 0.0001709709467831999, 0.00010726516484282911, 0.0004725484177470207, 0.00045601706369780004, 0.07156234234571457, 0.7020662426948547]}