{"CO": [2.2441704459197354e-06, 0.0032610855996608734, 0.007573758717626333, 0.0011881354730576277, 0.005475134588778019, 0.007710606791079044, 0.029413359239697456, 0.8387551307678223, 2.4514219760894775, 3.271808385848999, 3.0932908058166504, 5.487556457519531, 6.035842418670654, 5.274048328399658, 4.6268720626831055, 4.852819442749023, 5.730615615844727, 5.685819625854492, 5.3343825340271, 5.890390396118164, 5.809662818908691, 6.5201568603515625, 6.676909446716309, 6.797919750213623], "NO2": [3.633190499385819e-05, 0.007126983255147934, 0.01453313510864973, 0.012663564644753933, 0.12210708856582642, 0.19169160723686218, 0.1305720955133438, 0.21858227252960205, 0.07409822195768356, 0.0931391790509224, 0.11151794344186783, 0.21528390049934387, 0.29714059829711914, 0.20729157328605652, 0.19271311163902283, 0.22813668847084045, 0.1470988392829895, 0.10685358941555023, 0.09458388388156891, 0.16779722273349762, 0.40030089020729065, 0.20798690617084503, 0.2971481382846832, 0.3707280457019806], "SO2": [3.816727749822446e-13, 4.172128679862108e-13, 3.8154310440241535e-13, 5.651663581573985e-10, 3.47579543813481e-06, 4.106151027372107e-05, 0.0001941967784659937, 0.03818172961473465, 0.11092298477888107, 0.13479773700237274, 0.05500911921262741, 0.051233261823654175, 0.10330218076705933, 0.17543962597846985, 0.16938284039497375, 0.1991916447877884, 0.24068263173103333, 0.21705330908298492, 0.14211121201515198, 0.0030502749141305685, 0.014033951796591282, 0.19249184429645538, 0.2033175379037857, 0.27818596363067627], "O3": [0.0003237964119762182, 0.25112292170524597, 0.43688637018203735, 0.17236632108688354, 0.13688328862190247, 0.08714690059423447, 0.08699896931648254, 4.619515895843506, 13.7091064453125, 20.452110290527344, 24.845319747924805, 35.98061752319336, 38.16352462768555, 30.728513717651367, 26.93511199951172, 26.367584228515625, 30.439678192138672, 32.87895202636719, 33.493099212646484, 37.15998458862305, 35.32664108276367, 36.30376052856445, 35.08248519897461, 35.58135223388672], "PM10": [0.003912771586328745, 0.042245447635650635, 0.019187355414032936, 0.0175041351467371, 0.04630766063928604, 0.038180094212293625, 0.03832157328724861, 0.0547601543366909, 0.12974636256694794, 0.3078122138977051, 0.13029327988624573, 0.23863086104393005, 0.2290010005235672, 0.17284315824508667, 0.16792763769626617, 0.18276473879814148, 0.33628880977630615, 0.5018969774246216, 0.21004991233348846, 0.22906075417995453, 0.510818362236023, 0.22200821340084076, 0.2539042830467224, 0.26937273144721985], "PM25": [0.0005716014420613647, 0.0080889156088233, 0.002645998727530241, 0.0021810426842421293, 0.014361890964210033, 0.009937984868884087, 0.010404842905700207, 0.009926879778504372, 0.02511017769575119, 0.03483444079756737, 0.003102144692093134, 0.0017855665646493435, 0.014719517901539803, 0.008214586414396763, 0.006069268099963665, 0.009675350971519947, 0.06349898129701614, 0.10361728072166443, 0.00595264183357358, 0.007509281858801842, 0.15090236067771912, 0.008975944481790066, 0.010945693589746952, 0.011154203675687313]}