{"CO": [2.219150701421313e-06, 0.004912479780614376, 0.009821515530347824, 0.009107363410294056, 0.0054868231527507305, 0.00629121158272028, 0.0058311219327151775, 0.005000127479434013, 0.01170249842107296, 1.1381151676177979, 5.570310592651367, 4.31799840927124, 5.195338726043701, 4.243562698364258, 2.9308128356933594, 1.9056224822998047, 1.4568215608596802, 2.5704312324523926, 6.271324634552002, 5.644332408905029, 5.919077396392822, 6.245082378387451, 6.35130500793457, 6.46702766418457], "NO2": [6.301971734501421e-05, 0.08636834472417831, 0.03491280972957611, 0.6193332672119141, 0.39942359924316406, 0.43159711360931396, 0.4019447863101959, 0.3310234844684601, 0.26924803853034973, 1.0590273141860962, 0.527480959892273, 4.658817768096924, 5.11217737197876, 4.441465854644775, 4.471231460571289, 4.572973251342773, 1.2759002447128296, 1.1082494258880615, 0.33231988549232483, 1.976295828819275, 3.8026487827301025, 5.062182903289795, 3.525777578353882, 3.9661824703216553], "SO2": [3.816733712934395e-13, 3.816680587027943e-13, 3.8165789430742725e-13, 3.9344534032668965e-13, 1.3907295454140822e-12, 2.3640325808038654e-12, 1.112770570133037e-10, 4.985140300561852e-09, 7.543256401731924e-07, 0.03381047397851944, 0.08485601097345352, 0.017985889688134193, 0.00750430254265666, 0.06252335011959076, 0.05298617109656334, 0.03249920904636383, 0.017568141222000122, 0.00020648962527047843, 0.017624547705054283, 0.11901021003723145, 0.08677571266889572, 0.18750597536563873, 0.20215490460395813, 0.23457404971122742], "O3": [0.0003731104952748865, 0.36753731966018677, 0.49418163299560547, 0.052636370062828064, 2.387289896432776e-05, 0.00026587097090668976, 0.005202390253543854, 0.002072167582809925, 1.0826592445373535, 30.943626403808594, 44.45695114135742, 26.601192474365234, 33.70501708984375, 36.380069732666016, 29.37360954284668, 17.361520767211914, 13.892877578735352, 32.46871566772461, 50.738304138183594, 45.42718505859375, 45.43364334106445, 41.55401611328125, 39.41743850708008, 36.17510986328125], "PM10": [0.0024153785780072212, 0.01144928578287363, 0.00629804702475667, 0.011364174075424671, 0.009306279011070728, 0.009697508066892624, 0.010020151734352112, 0.00930444709956646, 0.011322492733597755, 0.02282636985182762, 0.5237385034561157, 0.13863712549209595, 0.4695604145526886, 0.24244582653045654, 0.12289431691169739, 0.07229440659284592, 0.06225370243191719, 0.12126986682415009, 0.5174741148948669, 0.5976664423942566, 0.5074928998947144, 0.32952895760536194, 0.2861698269844055, 0.24589188396930695], "PM25": [1.0019361488913496e-16, 1.7327946231372314e-16, 2.6706538545344263e-16, 1.5779278836215835e-16, 1.9217991727073919e-16, 1.6560958333855513e-12, 2.5412125528867513e-11, 4.109657059103711e-11, 2.481191467562649e-11, 9.035456302423917e-14, 1.827939981217735e-16, 9.464701683389821e-16, 7.720381324120623e-16, 1.9035365070898787e-15, 2.039055976474878e-14, 7.004678954924959e-13, 3.513080126284207e-13, 1.0000000168623835e-16, 9.999999506879345e-17, 2.701348740356146e-16, 1.1145127171074075e-15, 1.5327708991364625e-13, 9.40948382578688e-13, 4.731279170527847e-12]}