{"CO": [1.786373786671902e-06, 0.0007439390174113214, 0.0056915730237960815, 0.0018726583803072572, 0.001508851652033627, 0.010394720360636711, 0.010277203284204006, 0.012682574801146984, 0.571768581867218, 1.9014134407043457, 2.3640990257263184, 3.2083494663238525, 4.924998760223389, 4.103190898895264, 4.493846416473389, 4.533935546875, 4.525243759155273, 5.416461944580078, 5.641311168670654, 5.635565757751465, 5.166835784912109, 4.859723091125488, 5.215848445892334, 6.085625171661377], "NO2": [3.279973316239193e-05, 0.0027756388299167156, 0.0022227971348911524, 0.007518297992646694, 0.07930223643779755, 0.43170055747032166, 0.38749316334724426, 0.2800825834274292, 0.17874464392662048, 0.11133382469415665, 0.05784015730023384, 0.09833921492099762, 1.2930102348327637, 2.599480628967285, 2.0983784198760986, 1.3608580827713013, 0.5474439263343811, 0.135109543800354, 0.0821734294295311, 0.08363894373178482, 1.2588874101638794, 3.3940589427948, 3.0999388694763184, 1.4940028190612793], "SO2": [1.0895627733376045e-09, 1.3426526379589632e-07, 2.7424235327089264e-07, 3.869575664339209e-07, 3.5969330838270253e-06, 7.120498253243568e-07, 4.479000926949084e-05, 0.0010328146163374186, 0.025193041190505028, 0.07316189259290695, 0.08198197931051254, 0.12257497012615204, 0.12438035756349564, 0.05954089015722275, 0.08182607591152191, 0.0980694517493248, 0.1363116353750229, 0.189118430018425, 0.19243985414505005, 0.17329341173171997, 0.04019423946738243, 0.027758395299315453, 0.013079575262963772, 0.023676052689552307], "O3": [0.00028156733606010675, 0.08924227952957153, 0.25102922320365906, 0.09011097997426987, 0.003058713860809803, 0.003838822478428483, 0.0011816658079624176, 0.0003812414361163974, 3.2663304805755615, 13.61423397064209, 17.222352981567383, 20.369977951049805, 25.569828033447266, 21.34037971496582, 23.54633331298828, 24.220121383666992, 24.517183303833008, 33.33228302001953, 33.98529815673828, 31.66412925720215, 43.59392547607422, 25.21929359436035, 25.735788345336914, 27.61419677734375], "PM10": [0.0024330602027475834, 0.0038638892583549023, 0.00883561372756958, 0.009871267713606358, 0.010543042793869972, 0.011642009019851685, 0.0119759701192379, 0.02759452536702156, 0.05470464378595352, 0.0938008576631546, 0.1332414746284485, 0.2012363225221634, 0.1427527666091919, 0.12877313792705536, 0.14071683585643768, 0.15390315651893616, 0.16446760296821594, 0.1913975328207016, 0.21935556828975677, 0.22499653697013855, 0.20762035250663757, 0.16847506165504456, 0.19276322424411774, 0.230243980884552], "PM25": [1.4988444929642242e-09, 2.3180975858849706e-06, 9.333992238680366e-06, 1.8419290199744864e-06, 1.3181894246372394e-05, 5.946257442701608e-05, 3.4932731978187803e-06, 0.004429078195244074, 0.011858493089675903, 0.00928305834531784, 0.011036721058189869, 0.012711640447378159, 0.0001737452403176576, 5.775660611107014e-06, 0.00038720719749107957, 0.0015121583128347993, 0.0028662735130637884, 0.001098031410947442, 0.003541464451700449, 0.004099354613572359, 0.00016228527238126844, 0.00012149102985858917, 0.0003499434678815305, 0.00022139321663416922]}