{"CO": [0.0006512518739327788, 0.062144968658685684, 0.013275186531245708, 0.025944679975509644, 0.024063827469944954, 0.015675310045480728, 0.009169480763375759, 0.0073607685044407845, 0.024145668372511864, 0.5848897695541382, 2.460427761077881, 3.776787757873535, 4.601419925689697, 4.187203884124756, 3.6156723499298096, 3.195146083831787, 2.9899699687957764, 3.364562749862671, 5.734038352966309, 5.459426403045654, 6.003357410430908, 6.142142295837402, 6.2652435302734375, 6.345057487487793], "NO2": [0.055357664823532104, 0.2895931005477905, 0.2631622552871704, 1.8419991731643677, 1.8735859394073486, 1.2048498392105103, 0.7191838026046753, 0.5476253628730774, 1.0054128170013428, 0.7180472016334534, 0.5424738526344299, 4.959359645843506, 11.868456840515137, 12.021808624267578, 8.416803359985352, 7.380614757537842, 2.996873140335083, 0.6414028406143188, 0.6704354286193848, 5.4719038009643555, 6.512283802032471, 13.203014373779297, 9.994119644165039, 9.049325942993164], "SO2": [3.8166862790893485e-13, 3.816229287873646e-13, 3.8166727265621925e-13, 6.136203741305413e-13, 1.4966044896425057e-12, 1.1367795593741903e-10, 1.148468056766383e-10, 4.820253085568993e-09, 3.217445865288937e-08, 0.0001906121033243835, 0.06314122676849365, 0.11224010586738586, 0.010530566796660423, 0.045429784804582596, 0.04919981583952904, 0.04136473312973976, 0.03760290890932083, 0.035108961164951324, 0.168447807431221, 0.16163349151611328, 0.0094802500680089, 0.11786051839590073, 0.15878596901893616, 0.1847374439239502], "O3": [0.19628514349460602, 4.7917680740356445, 0.6986950635910034, 0.5571178197860718, 0.0484134741127491, 3.3924817444130895e-07, 0.000399661686969921, 0.0005798297352157533, 3.0352699756622314, 24.55862808227539, 41.27263259887695, 34.39258575439453, 23.81886863708496, 25.227909088134766, 27.502370834350586, 24.656272888183594, 25.015050888061523, 39.419776916503906, 46.9422607421875, 41.68944549560547, 34.501304626464844, 32.550724029541016, 34.687931060791016, 33.031009674072266], "PM10": [0.004425008315593004, 0.008465653285384178, 0.008382630534470081, 0.008919790387153625, 0.012207671999931335, 0.011899732984602451, 0.012824912555515766, 0.012395242229104042, 0.01231694407761097, 0.010423969477415085, 0.03273099660873413, 0.0837843269109726, 0.3954693675041199, 0.26134076714515686, 0.2217937707901001, 0.18878325819969177, 0.15960067510604858, 0.14885178208351135, 0.10977619886398315, 0.2597197890281677, 0.4316059947013855, 0.4815278649330139, 0.3371507525444031, 0.3163844645023346], "PM25": [1.0000000830368325e-16, 1.0000000168623835e-16, 1.0348616430401044e-16, 1.0259144604880368e-16, 1.2988282775700254e-16, 1.375353146258404e-13, 1.3828269085358613e-10, 9.833872605113925e-10, 5.580926346060444e-11, 7.020642747712635e-13, 5.653710400675184e-16, 7.003856566401305e-16, 2.4732847487310113e-15, 8.31100867380169e-14, 5.262941775094343e-13, 3.5654699678810964e-12, 1.6184829084581187e-12, 1.2850355545282466e-12, 3.4694787156891362e-15, 3.8122094219719075e-15, 1.3635476211679154e-12, 1.8614491892332552e-11, 1.556990300577432e-11, 2.1122088453284782e-11]}