{"CO": [5.099041118228342e-06, 0.0014285687357187271, 0.011521879583597183, 0.0025427299551665783, 0.010078838095068932, 0.012416967190802097, 0.019100232049822807, 0.07242660224437714, 0.8256122469902039, 2.157557249069214, 3.7220144271850586, 5.7574005126953125, 5.746053695678711, 4.176701068878174, 3.532097578048706, 3.6123623847961426, 4.0274882316589355, 4.648265838623047, 4.829094409942627, 5.764113903045654, 4.869590759277344, 5.633946418762207, 6.265018939971924, 6.445102214813232], "NO2": [0.00014824866957496852, 0.0067995875142514706, 0.01783469319343567, 0.01910504698753357, 0.2427869290113449, 0.44780343770980835, 0.27148300409317017, 0.39269182085990906, 0.16403837502002716, 0.16792301833629608, 0.1764172613620758, 0.32418134808540344, 0.6391186118125916, 1.0617890357971191, 0.9247294068336487, 1.006757140159607, 0.4227089583873749, 0.18035079538822174, 0.1341458261013031, 0.33230283856391907, 0.6076353192329407, 1.0985653400421143, 0.8303619623184204, 0.9051644206047058], "SO2": [3.8167236840642993e-13, 3.8161089414325e-13, 3.815334278980259e-13, 3.7390260332337277e-10, 6.033114459569333e-06, 2.055708500847686e-05, 2.3819613488740288e-05, 0.002257693326100707, 0.035391222685575485, 0.08039189875125885, 0.09724388271570206, 0.05820879340171814, 0.0871642529964447, 0.054717957973480225, 0.0486336313188076, 0.09769264608621597, 0.1304469108581543, 0.15023121237754822, 0.09185132384300232, 0.00399352703243494, 0.003383314935490489, 0.014955392107367516, 0.086729995906353, 0.17672520875930786], "O3": [0.0011638248106464744, 0.13780458271503448, 0.4785875082015991, 0.18903906643390656, 0.18995468318462372, 0.04036973789334297, 0.012208097614347935, 0.21345096826553345, 4.7597246170043945, 15.571130752563477, 27.891414642333984, 37.95457458496094, 34.26210403442383, 25.450618743896484, 23.80311393737793, 22.054590225219727, 22.71719741821289, 29.30126953125, 33.043731689453125, 36.62935256958008, 30.782869338989258, 29.236602783203125, 32.77147674560547, 34.0220832824707], "PM10": [0.0026055602356791496, 0.005833492148667574, 0.009269197471439838, 0.014300777576863766, 0.01690238155424595, 0.11844553798437119, 0.3375444710254669, 0.31373515725135803, 0.20437681674957275, 0.08873051404953003, 0.12281491607427597, 0.2676955461502075, 0.19245359301567078, 0.44337019324302673, 0.43642285466194153, 0.4657082259654999, 0.5018818378448486, 0.18679389357566833, 0.1980474591255188, 0.20444133877754211, 0.18492655456066132, 0.46274736523628235, 0.7001684308052063, 0.33675745129585266], "PM25": [9.700548980617896e-05, 1.9514862287906e-05, 2.031772783084307e-05, 0.0001683387963566929, 0.0008747979300096631, 0.050433073192834854, 0.1589081734418869, 0.14435039460659027, 0.03774974122643471, 0.003421433735638857, 3.0591061658924446e-05, 0.0004010267148260027, 0.002015519654378295, 0.03403846174478531, 0.11649810522794724, 0.03574062138795853, 0.11025141179561615, 0.0033354219049215317, 4.051323048770428e-05, 0.001384697388857603, 0.0006066415226086974, 0.0971357524394989, 0.18260610103607178, 0.035512808710336685]}