{"CO": [2.198985021095723e-05, 0.002283576177433133, 0.03492964804172516, 0.005067307967692614, 0.005673978477716446, 0.005190626718103886, 0.00513519486412406, 0.006216514855623245, 0.007099930662661791, 0.8922098875045776, 2.88637375831604, 5.0399699211120605, 5.857986927032471, 4.713502407073975, 4.0754008293151855, 3.906317949295044, 5.286276817321777, 6.254499912261963, 6.374653339385986, 5.894231796264648, 5.752342700958252, 6.2813239097595215, 6.686035633087158, 6.654917240142822], "NO2": [0.00028712183120660484, 0.008362600579857826, 0.036942578852176666, 0.015515509992837906, 0.2498803436756134, 0.2495841532945633, 0.27671095728874207, 0.26208528876304626, 0.019889723509550095, 0.0611831359565258, 0.19508400559425354, 0.23683711886405945, 0.4426369369029999, 0.5174928903579712, 0.700850784778595, 0.7877089977264404, 0.27112117409706116, 0.06420917063951492, 0.09285078942775726, 0.10533546656370163, 0.5193153619766235, 0.8687846660614014, 1.0259555578231812, 0.815254807472229], "SO2": [4.0735242869821553e-13, 4.0244114464516034e-12, 1.4841956830213832e-10, 1.391701944658541e-11, 3.711883067580857e-08, 3.4088247957697604e-06, 7.1905096774571575e-06, 9.0652538347058e-05, 0.013941071927547455, 0.040615737438201904, 0.02877352386713028, 0.029289280995726585, 0.05993681773543358, 0.14330202341079712, 0.14236268401145935, 0.1496960073709488, 0.1928129643201828, 0.234385684132576, 0.1357397586107254, 0.004017280880361795, 0.032260145992040634, 0.06888487935066223, 0.20972494781017303, 0.2060176581144333], "O3": [0.003709458978846669, 0.24353255331516266, 1.4946955442428589, 0.21659991145133972, 0.04168987646698952, 0.015354171395301819, 0.030509861186146736, 0.005462322384119034, 0.3662254214286804, 7.011143684387207, 24.6173152923584, 35.26966094970703, 35.99639892578125, 27.004409790039062, 22.838308334350586, 20.142597198486328, 29.22225570678711, 38.349876403808594, 40.5429573059082, 43.65302658081055, 37.90742492675781, 34.63277816772461, 34.00068283081055, 35.75664520263672], "PM10": [0.002589674200862646, 0.007594151888042688, 0.009263178333640099, 0.014667252078652382, 0.014133491553366184, 0.012618876993656158, 0.011442556045949459, 0.012371779419481754, 0.044665805995464325, 0.0474444255232811, 0.10283666104078293, 0.13791364431381226, 0.2096213847398758, 0.13770213723182678, 0.11558834463357925, 0.11671920120716095, 0.15230149030685425, 0.19176222383975983, 0.2166336625814438, 0.22759000957012177, 0.2218780666589737, 0.24487267434597015, 0.1959763765335083, 0.19982609152793884], "PM25": [6.612907270386881e-12, 4.626918848060768e-09, 1.304135821555974e-07, 2.2265643551122594e-08, 1.2347133804269106e-07, 7.108640147635015e-07, 1.6677597614034312e-06, 3.926822955691023e-06, 0.001285269157961011, 0.001298608840443194, 0.0005024534184485674, 1.3237331586424261e-07, 2.7991970341645356e-07, 9.929259476848529e-07, 1.7875345292850398e-05, 5.672514816978946e-05, 2.3127859094529413e-06, 1.0846210898307618e-05, 2.4010838387766853e-05, 8.655459460271686e-09, 3.863682991323003e-07, 5.2536101975420024e-06, 2.84761845250614e-05, 5.1143579185009e-05]}