{"CO": [1.295871811635152e-06, 0.005385216325521469, 0.00824796687811613, 0.0074923355132341385, 0.01049918495118618, 0.008735337294638157, 0.007158791180700064, 0.0061869132332503796, 0.01672937534749508, 0.5037999749183655, 4.982917785644531, 4.923625469207764, 4.649703502655029, 3.7162036895751953, 3.0779874324798584, 2.714784622192383, 2.4295437335968018, 3.0846214294433594, 6.307435512542725, 5.648195743560791, 5.982272148132324, 6.333460807800293, 6.373899459838867, 6.435801982879639], "NO2": [2.614901495689992e-05, 0.04912174493074417, 0.034314002841711044, 0.6422756314277649, 0.9400453567504883, 0.6710388660430908, 0.49958309531211853, 0.42085525393486023, 0.3233613073825836, 0.2775256931781769, 0.17236804962158203, 0.8903528451919556, 3.3159282207489014, 2.403731346130371, 2.301389217376709, 2.196162700653076, 0.7345853447914124, 0.4500297009944916, 0.14076265692710876, 0.2696520984172821, 2.3829312324523926, 3.159562587738037, 2.267498254776001, 1.7515270709991455], "SO2": [3.8167331708333085e-13, 3.816713655194204e-13, 3.816606861280214e-13, 3.8167291050751617e-13, 2.7204633944871714e-12, 2.8901872214937008e-12, 2.4256660569044186e-10, 8.553656449805658e-09, 2.679767341362549e-08, 0.09031940251588821, 0.06447838246822357, 0.004179724957793951, 0.012760843150317669, 0.054785069078207016, 0.04802814871072769, 0.0383651927113533, 0.03599630296230316, 0.0036210513208061457, 0.008702640421688557, 0.007956307381391525, 0.06678783893585205, 0.1858334094285965, 0.19516827166080475, 0.22335177659988403], "O3": [0.00013390538515523076, 0.4427720904350281, 0.5129420161247253, 0.17089562118053436, 0.053940821439027786, 0.004153192508965731, 0.032293953001499176, 0.023297367617487907, 1.760848045349121, 38.571449279785156, 40.74406433105469, 38.878211975097656, 33.6905632019043, 36.02399826049805, 31.38973617553711, 26.159231185913086, 22.586544036865234, 35.75685119628906, 49.73802947998047, 52.17741775512695, 44.34370040893555, 41.821414947509766, 40.68783950805664, 38.53691101074219], "PM10": [0.0024312997702509165, 0.012030706740915775, 0.0068643526174128056, 0.010007690638303757, 0.011442335322499275, 0.012406808324158192, 0.012212772853672504, 0.01131401676684618, 0.011951901018619537, 0.0655367374420166, 0.30303022265434265, 0.45107707381248474, 0.370862752199173, 0.20603999495506287, 0.15200896561145782, 0.1338758021593094, 0.10734564810991287, 0.1348029226064682, 0.2869248688220978, 0.43128517270088196, 0.4288640320301056, 0.284699946641922, 0.26572221517562866, 0.2429841160774231], "PM25": [1.0238596776720061e-16, 1.5132399774397726e-16, 2.4413538300810107e-16, 1.289120221203307e-16, 3.4711198420244414e-16, 3.5097289657892716e-12, 2.1792380400231792e-10, 9.908608378239592e-10, 3.7082632103890845e-11, 1.1969900981859127e-12, 2.0415203976590908e-16, 3.385398784273326e-16, 1.1235204889849834e-15, 1.0077375267808844e-13, 8.731828736625868e-13, 6.44999028145965e-12, 1.8627533543424946e-11, 2.202662097855468e-12, 5.115683542908725e-16, 1.545505712331955e-16, 7.586745359548785e-13, 6.118113828057492e-12, 7.185150911748206e-12, 1.4970311448814222e-11]}