{"CO": [1.5738089587102877e-07, 3.478377402643673e-05, 2.900815161410719e-05, 0.002538034226745367, 0.002666427753865719, 0.0012540348106995225, 0.04760413244366646, 0.32856467366218567, 2.638306140899658, 3.686264753341675, 4.868902683258057, 5.888920783996582, 5.5753560066223145, 5.265679359436035, 4.251776695251465, 5.493165016174316, 6.076186180114746, 6.258902072906494, 5.938952922821045, 5.646332263946533, 6.686180591583252, 6.830661773681641, 6.91383695602417, 7.004401683807373], "NO2": [2.282821469634655e-06, 0.00016807092470116913, 0.00011499343236209825, 0.007509310729801655, 0.05035672336816788, 0.02054636925458908, 0.025091057643294334, 0.20706118643283844, 0.17062687873840332, 0.3576512336730957, 0.2820945084095001, 0.5840567350387573, 0.553994357585907, 0.5237599611282349, 0.7517060041427612, 0.7903644442558289, 0.28506970405578613, 0.22399206459522247, 0.1969817578792572, 0.5013558268547058, 0.5438910722732544, 0.4986727237701416, 0.7628574371337891, 0.8054314851760864], "SO2": [3.816733983984938e-13, 3.8167128420425744e-13, 3.816713655194204e-13, 5.03478592150941e-09, 1.3448992831399664e-05, 9.798641258385032e-06, 0.002421782584860921, 0.014923096634447575, 0.1196880042552948, 0.0678873062133789, 0.019832659512758255, 0.004607654642313719, 0.1758093535900116, 0.18189646303653717, 0.17143158614635468, 0.23729132115840912, 0.2575308382511139, 0.25812581181526184, 0.02725960873067379, 1.2733812582155224e-05, 0.14319482445716858, 0.24950100481510162, 0.21878953278064728, 0.3417728841304779], "O3": [2.009868239838397e-06, 0.0029802429489791393, 0.0027927905321121216, 0.11493758857250214, 0.07613936811685562, 0.022779937833547592, 0.24412761628627777, 1.7425079345703125, 14.559170722961426, 22.826101303100586, 38.07495880126953, 38.211517333984375, 33.12166213989258, 31.589879989624023, 22.842809677124023, 28.51258087158203, 32.133487701416016, 35.74326705932617, 39.43914031982422, 38.27451705932617, 38.36626052856445, 37.14704895019531, 36.527809143066406, 37.72711944580078], "PM10": [0.0039440025575459, 0.002747457241639495, 0.00468490831553936, 0.004987664055079222, 0.006123369559645653, 0.051249053329229355, 0.033990561962127686, 0.014723263680934906, 0.07874823361635208, 0.10522010922431946, 0.19670642912387848, 0.21697941422462463, 0.16766013205051422, 0.21069419384002686, 0.13746516406536102, 0.14513368904590607, 0.17815086245536804, 0.17671208083629608, 0.2279728353023529, 0.1967136710882187, 0.19886143505573273, 0.24678750336170197, 0.18074336647987366, 0.161065012216568], "PM25": [0.0010376176796853542, 0.00019198238442186266, 3.879228461300954e-05, 1.9123824586131377e-06, 6.1176579357891114e-09, 0.008367490954697132, 0.006823923904448748, 0.0018193779978901148, 1.7136913754711713e-07, 1.2550823157653213e-05, 2.0082923583686352e-05, 4.4770684382022807e-10, 0.002244531875476241, 0.0267326682806015, 0.008369829505681992, 1.3032374290844473e-08, 0.008023531176149845, 1.0030176781583577e-05, 2.554836100898683e-05, 1.845267320277344e-06, 0.0008707222295925021, 0.004671510774642229, 0.0022103653755038977, 1.8534880297238487e-08]}