{"CO": [7.9978141002357e-05, 0.005177969578653574, 0.011447975412011147, 0.0030256372410804033, 0.0017931500915437937, 0.0035080942325294018, 0.003918884322047234, 0.003575849812477827, 0.010478335432708263, 0.5719883441925049, 3.9956398010253906, 3.8415307998657227, 5.620607852935791, 5.524211883544922, 5.229461193084717, 4.57307243347168, 5.06966495513916, 5.868159770965576, 6.240748882293701, 5.991357326507568, 5.593296527862549, 6.178429126739502, 6.3948564529418945, 6.360058784484863], "NO2": [0.001830440596677363, 0.01106615737080574, 0.011017377488315105, 0.012053336016833782, 0.06161164492368698, 0.12957371771335602, 0.1454189121723175, 0.18696509301662445, 0.03832539543509483, 0.05764029175043106, 0.10738962143659592, 0.25879189372062683, 0.6230108141899109, 0.6353409886360168, 0.7185490131378174, 1.0882072448730469, 0.3027383089065552, 0.10543647408485413, 0.0863061249256134, 0.2939898371696472, 0.5633274912834167, 0.6472105979919434, 1.1055916547775269, 1.3001230955123901], "SO2": [0.003230431117117405, 8.092662028502673e-06, 4.548907917012457e-09, 2.032832346898772e-09, 4.5058906835038215e-05, 0.007196254096925259, 0.0005856037605553865, 0.05040949210524559, 1.195444474433316e-05, 0.03455271199345589, 0.13428860902786255, 0.0014687343500554562, 0.015241535380482674, 0.10237091779708862, 0.15950509905815125, 0.3421279489994049, 0.24652154743671417, 0.2630567252635956, 0.2338126003742218, 0.012546257115900517, 0.0038967416621744633, 0.1077512577176094, 0.1671399474143982, 4.4145307540893555], "O3": [0.016068359836935997, 0.357408732175827, 0.4861697554588318, 0.19326932728290558, 0.07542295753955841, 0.019863739609718323, 0.007144187577068806, 0.005263860337436199, 0.504968523979187, 4.865988731384277, 26.464557647705078, 32.385215759277344, 35.13869094848633, 36.10941696166992, 29.33147430419922, 21.611648559570312, 27.08780288696289, 35.56276321411133, 35.955413818359375, 46.2638053894043, 34.772735595703125, 35.50230026245117, 31.16716766357422, 35.44839859008789], "PM10": [0.02356930822134018, 0.0260865930467844, 0.07122860848903656, 0.040218744426965714, 0.012845003046095371, 0.0919392928481102, 0.24650366604328156, 0.1377880722284317, 0.011413256637752056, 0.062007561326026917, 0.22491511702537537, 0.13621565699577332, 0.20354129374027252, 0.2407355159521103, 0.3347570300102234, 0.7594870924949646, 0.33705398440361023, 0.3258446156978607, 0.3764297366142273, 0.2262270152568817, 0.19351951777935028, 0.24726442992687225, 0.4379820227622986, 13.104036331176758], "PM25": [0.003919345326721668, 0.0019479031907394528, 0.023676414042711258, 0.009331114590168, 0.001390649820677936, 0.040620602667331696, 0.11708269268274307, 0.0429503470659256, 1.85009764663846e-06, 0.005127790849655867, 0.013521342538297176, 0.0004219423863105476, 0.0022631720639765263, 0.022041093558073044, 0.045758530497550964, 0.20492702722549438, 0.07618016749620438, 0.05528577044606209, 0.052028559148311615, 4.5403005060506985e-05, 4.915611029332467e-09, 0.017120229080319405, 0.06532546877861023, 3.3829145431518555]}