{"CO": [0.00014481128891929984, 0.0021212741266936064, 0.01539835799485445, 0.0039069755002856255, 0.001691059092991054, 0.003919715993106365, 0.005901010241359472, 0.004882990848273039, 0.09069813042879105, 1.0018635988235474, 3.948953866958618, 4.130581855773926, 6.014579772949219, 5.885791778564453, 5.164787769317627, 4.456823825836182, 4.820273399353027, 5.954063415527344, 6.218297481536865, 5.587428092956543, 5.567866802215576, 6.182187557220459, 6.323099613189697, 6.49051570892334], "NO2": [0.004239140078425407, 0.0038835860323160887, 0.00922815315425396, 0.012519058771431446, 0.061760734766721725, 0.14120995998382568, 0.2124599814414978, 0.18050439655780792, 0.06468815356492996, 0.07208140194416046, 0.08021435141563416, 0.3102935254573822, 0.558941662311554, 0.6243271827697754, 0.7554363012313843, 1.0999634265899658, 0.39033663272857666, 0.09767021238803864, 0.056895505636930466, 0.37880775332450867, 0.6408118009567261, 0.7196111083030701, 0.8713268041610718, 1.6929852962493896], "SO2": [2.731762194230214e-08, 3.364921852266889e-08, 9.971800945737797e-13, 5.728672202408303e-13, 4.754459951072931e-06, 2.1370155423028336e-07, 3.3701991242196527e-07, 2.4659055270603858e-05, 0.004677636083215475, 0.04545306786894798, 0.13098415732383728, 0.007650909945368767, 0.03125084191560745, 0.12214299291372299, 0.12725642323493958, 0.19842976331710815, 0.21961167454719543, 0.23868834972381592, 0.23957398533821106, 0.041074227541685104, 0.004047362133860588, 0.12459347397089005, 0.14142805337905884, 2.9021382331848145], "O3": [0.03835993632674217, 0.15274356305599213, 0.6270681619644165, 0.26639071106910706, 0.06519318372011185, 0.018444905057549477, 0.010849974118173122, 0.0037575385067611933, 0.9623562693595886, 7.649856090545654, 26.45711898803711, 33.54005432128906, 36.50738525390625, 33.75676727294922, 28.330154418945312, 21.6198787689209, 26.45645523071289, 36.817928314208984, 36.27751922607422, 49.94193649291992, 33.64927673339844, 32.5115852355957, 30.045513153076172, 31.11895751953125], "PM10": [0.00304061989299953, 0.08434392511844635, 0.10763495415449142, 0.0586211234331131, 0.014772528782486916, 0.1838676631450653, 0.5471544861793518, 0.07735540717840195, 0.01047469861805439, 0.06829909980297089, 0.2702311873435974, 0.17527581751346588, 0.2646866738796234, 0.48808714747428894, 0.4865264594554901, 0.3066342771053314, 0.29385167360305786, 0.24347993731498718, 0.4132920205593109, 0.23730899393558502, 0.19440995156764984, 0.3669283986091614, 0.6603304147720337, 8.314520835876465], "PM25": [1.9657576899589913e-08, 0.01713375560939312, 0.04482629522681236, 0.01646295003592968, 0.0019418856827542186, 0.08501715958118439, 0.26278653740882874, 0.02753358893096447, 3.146633753203787e-05, 0.005462516099214554, 0.02007097564637661, 0.004964168183505535, 0.022201629355549812, 0.1298968344926834, 0.12125250697135925, 0.0417989119887352, 0.06373568624258041, 0.016403362154960632, 0.06087584048509598, 0.000264685892034322, 0.0007055775495246053, 0.07219357043504715, 0.08191008120775223, 1.7595252990722656]}