{"CO": [3.810479029198177e-05, 0.001704474096186459, 0.024638867005705833, 0.0048764594830572605, 0.003720317268744111, 0.005050147883594036, 0.004747133236378431, 0.005479371640831232, 0.00908680446445942, 1.0119351148605347, 3.9636993408203125, 5.145015239715576, 5.952864646911621, 4.4682841300964355, 3.761117696762085, 3.952699899673462, 5.381552696228027, 6.5304036140441895, 6.455978870391846, 5.785708427429199, 5.923359394073486, 6.562066078186035, 6.728580951690674, 6.764765739440918], "NO2": [0.0011739940382540226, 0.006059650797396898, 0.03098859079182148, 0.018702270463109016, 0.14019989967346191, 0.21258899569511414, 0.24588873982429504, 0.2286836951971054, 0.020150309428572655, 0.048954520374536514, 0.10347118973731995, 0.30307814478874207, 0.39280638098716736, 0.5414702892303467, 0.7378211617469788, 0.8399807214736938, 0.2665277421474457, 0.06081332638859749, 0.06042398139834404, 0.12996691465377808, 0.39303523302078247, 0.6350141763687134, 0.8037799596786499, 0.7823716402053833], "SO2": [3.8167128420425744e-13, 3.8636888827214833e-13, 1.786317066487797e-10, 5.628032415105899e-11, 4.0618968455419235e-07, 6.508198566734791e-06, 7.99690587882651e-06, 5.287653402774595e-05, 0.003694886574521661, 0.041048046201467514, 0.05019836127758026, 0.023141387850046158, 0.09936101734638214, 0.15600144863128662, 0.13856546580791473, 0.15357232093811035, 0.2153744399547577, 0.26084771752357483, 0.09111034870147705, 0.005339377094060183, 0.0787268877029419, 0.16580532491207123, 0.21370550990104675, 0.22679264843463898], "O3": [0.009813780896365643, 0.18515434861183167, 1.1685763597488403, 0.23968712985515594, 0.05225013941526413, 0.03336852416396141, 0.03168482333421707, 0.020278969779610634, 0.3575744330883026, 7.446473598480225, 32.897674560546875, 36.421119689941406, 39.41381072998047, 26.547334671020508, 20.4617977142334, 19.88290786743164, 28.25190544128418, 37.90206527709961, 41.269840240478516, 43.617469787597656, 39.03136444091797, 34.036476135253906, 32.84968185424805, 33.88566589355469], "PM10": [0.0032662570010870695, 0.005727422423660755, 0.009261713363230228, 0.015763312578201294, 0.00997845083475113, 0.011715993285179138, 0.011203525587916374, 0.010647312738001347, 0.019837360829114914, 0.031101970002055168, 0.12713374197483063, 0.1370602697134018, 0.2341870367527008, 0.12979204952716827, 0.11563825607299805, 0.11714266985654831, 0.15292870998382568, 0.1960214078426361, 0.23537112772464752, 0.22664466500282288, 0.22333595156669617, 0.2186708152294159, 0.19466565549373627, 0.19487345218658447], "PM25": [8.997463825420951e-14, 1.4373922885280166e-10, 8.761406178336983e-08, 2.2437067315195236e-08, 1.3447254865184277e-08, 1.3657961517310468e-07, 6.325589083644445e-07, 9.64642254075443e-07, 0.0002963996084872633, 2.545914685470052e-05, 2.403591133770533e-05, 3.0669120576476416e-08, 2.8648801109198985e-09, 2.1201485012056764e-08, 5.673993655364029e-06, 3.086382639594376e-05, 3.267737838541507e-06, 8.142770298036339e-07, 7.612377999066666e-07, 4.2971151081871994e-09, 4.029736899724412e-08, 8.442831926913641e-07, 2.4253944502561353e-05, 2.5161434678011574e-05]}