{"t2m": [21.08856201171875, 24.791961669921875, 23.40447998046875, 16.8204345703125, 16.5616455078125, 16.403472900390625, 14.170013427734375, 13.741363525390625, 18.632110595703125, 21.57293701171875, 21.08599853515625, 18.91448974609375, 16.976959228515625, 16.04541015625, 15.647247314453125, 15.5833740234375, 18.93121337890625, 21.061492919921875, 21.64990234375, 16.90728759765625, 16.198150634765625, 15.567047119140625, 14.752227783203125, 14.80987548828125], "wnd": [21.425533294677734, 3.7487242221832275, 8.741658210754395, 6.085028648376465, 1.4113050699234009, 5.118596076965332, 6.008593559265137, 6.960085391998291, 7.569386959075928, 10.397269248962402, 13.831972122192383, 8.685609817504883, 11.775310516357422, 5.895239353179932, 10.277525901794434, 2.019658088684082, 1.234976887702942, 13.687906265258789, 16.291101455688477, 20.7112979888916, 14.334559440612793, 10.733977317810059, 9.1056547164917, 3.998626470565796], "dir": [18.40813446044922, 115.06088256835938, 203.44561767578125, 86.29204559326172, 94.45325469970703, 241.08734130859375, 16.938575744628906, 331.3459167480469, 210.11502075195312, 189.43914794921875, 196.1203155517578, 350.6178283691406, 6.502189636230469, 148.28111267089844, 227.66452026367188, 67.06671142578125, 147.96490478515625, 192.01950073242188, 191.17433166503906, 191.88800048828125, 240.87559509277344, 263.8219909667969, 152.00643920898438, 314.6588134765625], "psl": [816.0914916992188, 814.7113037109375, 812.9834594726562, 814.3781127929688, 815.2129516601562, 815.641357421875, 813.9854736328125, 813.6591186523438, 814.628173828125, 813.7146606445312, 812.0867919921875, 812.38134765625, 813.8171997070312, 815.0635986328125, 814.0532836914062, 813.9978637695312, 814.8406372070312, 814.2656860351562, 812.5904541015625, 813.4686889648438, 815.3783569335938, 815.8790893554688, 814.992919921875, 815.4554443359375], "pre": [0.0, 6.644957317828283e-38, 2.2944445610046387, 10.767765045166016, 2.7182798385620117, 0.0, 0.0, 0.0, 0.0, 0.8408174514770508, 4.087970733642578, 3.8931188583374023, 17.426015853881836, 3.9470672607421875, 4.356233596801758, 0.41110801696777344, 0.08306884765625, 1.1180648803710938, 2.988798141479492, 9.307737350463867, 9.913291931152344, 6.52178955078125, 5.473766326904297, 2.109272003173828], "sw": [591.9284057617188, 1009.2153930664062, 769.0853881835938, 2.723405361175537, 0.0, 0.0, 0.0, 0.0, 410.6151123046875, 1017.1951293945312, 435.97564697265625, 55.37543487548828, 0.0, 0.0, 0.0, 0.0, 591.4829711914062, 824.5452880859375, 689.0813598632812, 9.059588432312012, 0.0, 0.0, 0.0, 0.0], "rh": [56.349517822265625, 43.479652404785156, 57.89704895019531, 94.44066619873047, 96.27008056640625, 98.2589340209961, 95.96595764160156, 85.86917877197266, 75.19349670410156, 69.01414489746094, 75.10673522949219, 81.16310119628906, 91.23051452636719, 96.53775024414062, 96.13204956054688, 91.58470153808594, 72.65327453613281, 68.87300872802734, 68.90353393554688, 97.50070190429688, 95.82352447509766, 92.63727569580078, 95.38816833496094, 90.87123107910156]}