{"t2m": [18.2681884765625, 22.71539306640625, 20.87908935546875, 16.805999755859375, 17.220367431640625, 16.244964599609375, 15.352996826171875, 14.313323974609375, 17.708221435546875, 20.288330078125, 17.613861083984375, 16.111358642578125, 16.071685791015625, 16.0855712890625, 14.762237548828125, 14.378509521484375, 16.700958251953125, 20.01983642578125, 19.805023193359375, 17.216583251953125, 15.2672119140625, 14.951171875, 14.374176025390625, 14.470916748046875], "wnd": [12.993704795837402, 3.0625600814819336, 6.003861904144287, 1.9738444089889526, 7.379171371459961, 5.851583003997803, 5.9877424240112305, 10.425400733947754, 10.087514877319336, 4.825356483459473, 2.2456488609313965, 9.851675987243652, 3.180060863494873, 5.181118965148926, 7.18023157119751, 7.4117045402526855, 6.948580265045166, 17.058080673217773, 15.534112930297852, 6.617564678192139, 14.808613777160645, 11.172786712646484, 16.848342895507812, 10.900753021240234], "dir": [328.5992431640625, 251.65011596679688, 278.4888000488281, 272.7747802734375, 217.4619140625, 325.89044189453125, 2.3420867919921875, 340.55908203125, 330.2523498535156, 38.2487907409668, 149.52285766601562, 3.094818115234375, 50.91957473754883, 140.0862274169922, 180.78201293945312, 213.59335327148438, 148.12489318847656, 174.37704467773438, 194.4324493408203, 208.25204467773438, 218.55162048339844, 177.91009521484375, 152.81521606445312, 136.91976928710938], "psl": [787.803955078125, 786.5158081054688, 785.1102294921875, 785.9201049804688, 786.6825561523438, 786.9525756835938, 785.45947265625, 785.2178955078125, 786.105224609375, 785.339599609375, 784.1880493164062, 784.199462890625, 785.5296630859375, 786.2139892578125, 785.343017578125, 785.4341430664062, 786.3798217773438, 785.6685791015625, 784.3026733398438, 784.8563842773438, 786.6475219726562, 787.171875, 786.146484375, 786.6226806640625], "pre": [0.0, 0.0, 0.83295738697052, 5.0862507820129395, 1.967284083366394, 0.0, 0.0, 0.0, 0.0, 0.026092529296875, 5.980370044708252, 19.71698570251465, 11.973607063293457, 2.42236328125, 6.072929382324219, 2.847148895263672, 0.03397178649902344, 0.7825584411621094, 1.8580894470214844, 8.136669158935547, 4.251430511474609, 5.808002471923828, 1.9452896118164062, 2.6210861206054688], "sw": [605.575439453125, 829.2610473632812, 138.18478393554688, 9.999999717180685e-10, 0.0, 0.0, 0.0, 0.0, 407.4422302246094, 316.4732971191406, 34.48786163330078, 3.7735958099365234, 0.0, 0.0, 0.0, 0.0, 614.7352294921875, 763.51953125, 227.38465881347656, 72.23301696777344, 0.0, 0.0, 0.0, 0.0], "rh": [60.37985610961914, 43.64322280883789, 54.791038513183594, 82.32183837890625, 78.0438232421875, 73.5225601196289, 79.00431060791016, 77.45108795166016, 65.39337158203125, 53.964839935302734, 79.3764419555664, 87.46533203125, 86.23729705810547, 82.42504119873047, 90.19620513916016, 91.30461883544922, 74.98808288574219, 60.07330322265625, 63.09326171875, 77.3611068725586, 91.1434097290039, 91.6946792602539, 89.5511474609375, 81.66908264160156]}