{"t2m": [18.40838623046875, 22.880523681640625, 21.4642333984375, 17.61541748046875, 16.99298095703125, 16.31036376953125, 15.399749755859375, 14.755645751953125, 17.681549072265625, 20.90618896484375, 18.441192626953125, 16.65997314453125, 16.5596923828125, 16.1505126953125, 14.863861083984375, 14.545562744140625, 16.896697998046875, 20.14654541015625, 20.133087158203125, 17.579803466796875, 15.463409423828125, 15.168487548828125, 14.529083251953125, 14.572723388671875], "wnd": [12.13156795501709, 2.1056530475616455, 7.651912212371826, 2.193528890609741, 7.524327278137207, 3.8139188289642334, 1.9073824882507324, 10.600847244262695, 8.53746509552002, 5.505861759185791, 2.949807643890381, 8.799838066101074, 7.823032855987549, 9.855807304382324, 6.9395527839660645, 6.926944255828857, 5.060953140258789, 16.187143325805664, 15.420747756958008, 7.940768241882324, 14.460765838623047, 10.84615421295166, 16.408794403076172, 9.324378967285156], "dir": [330.3443298339844, 272.1732482910156, 292.6846923828125, 170.1976318359375, 203.80201721191406, 217.67556762695312, 46.48415756225586, 342.6888427734375, 332.1983947753906, 116.33568572998047, 190.78033447265625, 14.00665283203125, 51.66427230834961, 145.2739715576172, 186.27877807617188, 223.5844268798828, 138.8541717529297, 172.99066162109375, 196.85256958007812, 208.92300415039062, 220.2938690185547, 175.90740966796875, 151.06756591796875, 131.75778198242188], "psl": [790.8446044921875, 789.5292358398438, 787.9964599609375, 788.813720703125, 789.7227172851562, 790.0380249023438, 788.482421875, 788.2273559570312, 789.140869140625, 788.2828979492188, 787.1227416992188, 787.2587280273438, 788.490478515625, 789.2540893554688, 788.3888549804688, 788.4684448242188, 789.4161987304688, 788.7259521484375, 787.304443359375, 787.844970703125, 789.6868896484375, 790.22412109375, 789.2197875976562, 789.6734619140625], "pre": [0.0, 0.0, 1.508741021156311, 5.637899875640869, 4.1419267654418945, 0.19983693957328796, 6.705522537231445e-07, 0.0, 0.0, 0.08731898665428162, 5.586155891418457, 13.78052043914795, 11.477311134338379, 2.242807388305664, 6.752466201782227, 3.2508316040039062, 0.04931640625, 0.5598907470703125, 1.7355270385742188, 8.915138244628906, 5.146308898925781, 5.719333648681641, 1.5887794494628906, 2.7332420349121094], "sw": [608.1013793945312, 1002.2821655273438, 69.8622817993164, 2.227604866027832, 0.0, 0.0, 0.0, 0.0, 270.2164306640625, 751.8884887695312, 41.11176300048828, 25.109943389892578, 0.0, 0.0, 0.0, 0.0, 611.3269653320312, 723.4863891601562, 254.51641845703125, 67.81092071533203, 0.0, 0.0, 0.0, 0.0], "rh": [59.930240631103516, 42.55437469482422, 53.85126495361328, 78.35149383544922, 84.93047332763672, 79.44279479980469, 83.78228759765625, 76.37532043457031, 65.13227081298828, 53.12781524658203, 75.81940460205078, 84.56743621826172, 82.71096801757812, 85.40706634521484, 90.32717895507812, 90.90454864501953, 75.34234619140625, 60.432010650634766, 62.57003402709961, 76.46296691894531, 90.73582458496094, 90.7072525024414, 89.53050994873047, 83.29324340820312]}