{"CO": [0.0038962597027420998, 0.014130176045000553, 0.00616607628762722, 0.0039024462457746267, 0.006145565304905176, 0.0182887464761734, 0.02002745121717453, 0.01546154823154211, 0.05086479336023331, 0.18482112884521484, 0.4144550859928131, 0.46083393692970276, 1.413527250289917, 1.9026107788085938, 4.705347061157227, 5.424374103546143, 6.08755350112915, 6.060149192810059, 6.448480606079102, 5.8295793533325195, 6.3520355224609375, 6.71102237701416, 6.647343158721924, 6.7967529296875], "NO2": [0.013072791509330273, 0.03875608369708061, 0.03179642930626869, 0.03874726966023445, 0.08688376843929291, 0.5880048871040344, 0.7202627062797546, 0.3520168364048004, 0.1853986233472824, 0.21894896030426025, 0.07500552386045456, 0.24683302640914917, 0.8178244233131409, 1.2156903743743896, 0.2284993678331375, 0.41121962666511536, 0.4484071731567383, 0.2048037350177765, 0.15877379477024078, 0.2570854723453522, 0.42413604259490967, 0.24598388373851776, 0.48620712757110596, 0.4531552791595459], "SO2": [2.1101813316345215, 1.5318247079849243, 1.0160502195358276, 0.04376932606101036, 0.39029648900032043, 6.219455718994141, 5.542973518371582, 6.370786190032959, 3.543456554412842, 0.9209140539169312, 0.4977816939353943, 2.056206464767456, 1.8706166883930564e-05, 0.0005001059616915882, 1.2738192081451416, 3.9387614727020264, 4.3667980207828805e-05, 0.00015853150398470461, 0.21092529594898224, 3.1783082485198975, 1.9282424449920654, 0.44825121760368347, 0.00017155871319118887, 0.00025972924777306616], "O3": [0.0789506584405899, 1.1120738983154297, 0.23828808963298798, 0.2059575468301773, 0.2594325542449951, 0.08780084550380707, 0.03688551113009453, 0.006001716945320368, 1.531197428703308, 4.318959712982178, 4.429478168487549, 4.318905353546143, 9.566873550415039, 11.13624095916748, 29.10260772705078, 31.511920928955078, 33.187255859375, 35.45355987548828, 37.91649627685547, 34.17631530761719, 33.94758605957031, 37.24199295043945, 31.685590744018555, 33.469482421875], "PM10": [11.701730728149414, 10.445672988891602, 7.998783588409424, 10.394147872924805, 11.99937915802002, 32.389129638671875, 54.046871185302734, 37.89099884033203, 18.36941146850586, 13.370726585388184, 8.784005165100098, 23.702037811279297, 8.741451263427734, 8.671480178833008, 26.107418060302734, 40.54230499267578, 11.66126537322998, 4.313485145568848, 4.846981048583984, 15.589836120605469, 21.24966049194336, 12.0476713180542, 6.9101243019104, 8.69511890411377], "PM25": [6.325113296508789, 5.673232078552246, 4.329334735870361, 5.6009697914123535, 6.4872941970825195, 15.015634536743164, 22.125646591186523, 19.765602111816406, 9.804149627685547, 6.196479320526123, 5.51585578918457, 12.547098159790039, 4.721016883850098, 4.651582717895508, 11.658157348632812, 11.866929054260254, 5.391142845153809, 2.224877119064331, 2.507874011993408, 8.229851722717285, 8.150601387023926, 6.648746967315674, 3.4818780422210693, 4.428596496582031]}