{"CO": [0.024390818551182747, 0.026554372161626816, 0.03167575225234032, 0.08958730101585388, 0.1609724909067154, 0.0966520756483078, 0.18869595229625702, 0.12090977281332016, 0.1006878986954689, 0.19651833176612854, 0.3951224982738495, 0.6808440685272217, 0.8732120394706726, 1.5238510370254517, 3.501065492630005, 5.97499942779541, 6.681735515594482, 6.4223313331604, 4.618350505828857, 5.57372522354126, 6.5753302574157715, 6.940730571746826, 6.835053443908691, 7.067790508270264], "NO2": [0.0879306048154831, 0.06020866334438324, 0.1822613924741745, 0.6790074706077576, 1.223787784576416, 0.871921956539154, 2.020735740661621, 1.3830422163009644, 0.43584948778152466, 0.40211984515190125, 0.2313542664051056, 0.5840442180633545, 1.1584981679916382, 2.110236644744873, 0.842930257320404, 1.87265145778656, 0.5639276504516602, 0.3282718062400818, 0.23449952900409698, 0.6999350190162659, 0.6161279678344727, 0.7562173008918762, 1.0097367763519287, 1.6517618894577026], "SO2": [10.11816692352295, 10.219061851501465, 9.595440864562988, 31.723026275634766, 56.08572006225586, 34.63377380371094, 68.08771514892578, 45.720462799072266, 29.810142517089844, 9.302106857299805, 7.928109169006348, 26.1236572265625, 32.69160461425781, 50.94850158691406, 31.75786590576172, 64.71037292480469, 26.622020721435547, 8.452545166015625, 7.471153736114502, 16.50971031188965, 17.68408966064453, 25.26493263244629, 22.638442993164062, 71.58708953857422], "O3": [0.08648402988910675, 0.33118996024131775, 0.2948968708515167, 0.11216975748538971, 0.1275394856929779, 0.06882822513580322, 0.046298522502183914, 0.02685043215751648, 2.8951222896575928, 3.351609230041504, 3.6755216121673584, 4.463167667388916, 5.730713367462158, 7.032538890838623, 20.14114761352539, 31.06541633605957, 38.584938049316406, 36.20448303222656, 38.020233154296875, 32.4699592590332, 33.956573486328125, 34.15437316894531, 31.674396514892578, 33.77131271362305], "PM10": [28.215181350708008, 27.01944351196289, 27.89191436767578, 96.20767211914062, 173.21047973632812, 99.65606689453125, 195.97686767578125, 124.91378021240234, 83.59538269042969, 27.987186431884766, 22.71065330505371, 59.47405242919922, 103.93971252441406, 159.52444458007812, 102.20116424560547, 194.9222412109375, 74.58281707763672, 24.405738830566406, 21.439498901367188, 52.506103515625, 64.056640625, 91.24510192871094, 94.88755798339844, 223.67433166503906], "PM25": [14.75223159790039, 14.270140647888184, 13.281856536865234, 49.175453186035156, 84.9173583984375, 49.672767639160156, 82.23023986816406, 59.40449142456055, 37.09054183959961, 13.255406379699707, 11.997978210449219, 30.8799991607666, 52.10076141357422, 76.58051300048828, 51.438167572021484, 92.66067504882812, 36.17488479614258, 12.755287170410156, 11.141687393188477, 26.74256134033203, 31.252708435058594, 44.831275939941406, 44.27421951293945, 104.46234130859375]}