{"CO": [0.01696285791695118, 0.02650310844182968, 0.02410961501300335, 0.023100556805729866, 0.01754731684923172, 0.05009398236870766, 0.08610431104898453, 0.04798717424273491, 0.06217306852340698, 0.23752334713935852, 0.4426746666431427, 0.5171621441841125, 1.3108501434326172, 1.9326528310775757, 4.38895845413208, 5.6899518966674805, 6.277627944946289, 6.467463970184326, 6.539290428161621, 5.811441421508789, 6.364080905914307, 6.727749824523926, 6.720936298370361, 6.778306007385254], "NO2": [0.10825047641992569, 0.1206204742193222, 0.22968710958957672, 0.25520116090774536, 0.22339676320552826, 0.9742559790611267, 1.5901157855987549, 0.8294318318367004, 0.27507370710372925, 0.3004244863986969, 0.3007064461708069, 0.6522986888885498, 1.1649471521377563, 1.44189453125, 0.7456820607185364, 0.8450064659118652, 0.6449565887451172, 0.31223541498184204, 0.3151068091392517, 0.5746617913246155, 0.7688732147216797, 0.7018548250198364, 0.6830444931983948, 0.8140581250190735], "SO2": [9.765788078308105, 9.680707931518555, 10.569907188415527, 11.03358268737793, 8.460204124450684, 25.259233474731445, 45.59817123413086, 24.941133499145508, 13.086196899414062, 10.324089050292969, 14.93402099609375, 20.34100914001465, 20.39426040649414, 16.818140029907227, 20.702730178833008, 20.756540298461914, 16.859472274780273, 5.846837520599365, 7.936151504516602, 17.390954971313477, 13.85055160522461, 17.517349243164062, 9.64053726196289, 16.040616989135742], "O3": [0.18719206750392914, 1.3500826358795166, 0.37897032499313354, 0.24507497251033783, 0.16968174278736115, 0.12039529532194138, 0.0461248904466629, 0.009508340619504452, 1.1423916816711426, 4.099137783050537, 4.444249153137207, 4.522922992706299, 8.755587577819824, 11.504209518432617, 27.32217025756836, 33.05864715576172, 35.902400970458984, 37.55021667480469, 37.34603500366211, 35.497127532958984, 33.9181022644043, 34.44708251953125, 33.444313049316406, 32.50813293457031], "PM10": [19.75069236755371, 19.823389053344727, 20.748964309692383, 22.145660400390625, 17.081111907958984, 50.1829948425293, 102.16464233398438, 51.09647750854492, 27.342906951904297, 24.75099754333496, 31.880708694458008, 45.00747299194336, 49.9827766418457, 41.91423797607422, 50.84086608886719, 60.146385192871094, 42.169830322265625, 12.549583435058594, 15.997901916503906, 33.0026741027832, 36.10122299194336, 38.09796142578125, 25.85791778564453, 40.103843688964844], "PM25": [10.609599113464355, 10.738587379455566, 10.560176849365234, 12.719489097595215, 9.186720848083496, 25.37314796447754, 48.463863372802734, 26.738611221313477, 14.56065559387207, 12.747881889343262, 16.950864791870117, 23.5561466217041, 26.541677474975586, 21.74536895751953, 22.475170135498047, 19.272733688354492, 21.3010311126709, 6.703756332397461, 8.538071632385254, 17.490957260131836, 15.175882339477539, 19.530467987060547, 13.405359268188477, 20.93639373779297]}