{"CO": [8.671022442285903e-07, 5.264174615149386e-05, 0.0014918403467163444, 0.004584249574691057, 0.01531346794217825, 0.014055666513741016, 0.008329753763973713, 0.003559096949175, 0.04232921823859215, 0.8055098056793213, 0.8224053382873535, 0.7213899493217468, 0.8742061853408813, 1.0117636919021606, 3.9791629314422607, 6.613985538482666, 6.677403450012207, 6.620265007019043, 6.112796783447266, 5.468459129333496, 6.615602493286133, 6.865293025970459, 6.827216148376465, 6.882880210876465], "NO2": [2.3765727746649645e-05, 0.0005122290458530188, 0.009748248383402824, 0.012779684737324715, 0.6497756242752075, 0.598877489566803, 0.38211455941200256, 0.174873486161232, 0.03154700994491577, 0.1002458855509758, 0.1177777647972107, 0.18594039976596832, 0.4077918529510498, 0.4930138885974884, 0.46151456236839294, 0.07218781858682632, 0.14748980104923248, 0.19508591294288635, 0.04061662405729294, 0.12492816150188446, 0.3361537754535675, 0.3625541627407074, 0.15966184437274933, 0.1386876255273819], "SO2": [5.6244117002668403e-11, 7.788769096350734e-08, 2.6440186502441065e-06, 1.995484490180388e-05, 0.0002869597519747913, 4.1532084651407786e-06, 4.850720936033781e-10, 6.485093422270438e-07, 1.1257994003699423e-07, 0.0011641616001725197, 9.653919050833792e-07, 0.015591053292155266, 0.003668438643217087, 0.0005387462442740798, 0.0021800133399665356, 0.009426572360098362, 0.18662895262241364, 0.14314904808998108, 0.07374101877212524, 0.0849987119436264, 0.0007827371009625494, 0.00015953273396007717, 0.02568131685256958, 0.03944622725248337], "O3": [7.228584581753239e-05, 0.009894131682813168, 0.1048470214009285, 0.2539297044277191, 1.1956766843795776, 0.6127333045005798, 0.32027074694633484, 0.016906054690480232, 0.3284546732902527, 4.196046829223633, 6.3577470779418945, 5.642237663269043, 5.864074230194092, 5.520345211029053, 21.569263458251953, 36.02299118041992, 36.51962661743164, 35.90926742553711, 38.99319076538086, 35.903282165527344, 34.89798355102539, 34.52363586425781, 34.66565704345703, 33.453121185302734], "PM10": [10.450243949890137, 6.982574939727783, 9.16051197052002, 14.46406364440918, 45.26435089111328, 34.13405227661133, 22.32758140563965, 19.34430503845215, 17.61416244506836, 7.675469875335693, 18.609731674194336, 40.916526794433594, 32.79840087890625, 61.06056594848633, 24.69074058532715, 24.923486709594727, 11.139296531677246, 8.034748077392578, 5.666623115539551, 12.11719799041748, 18.50736427307129, 20.483739852905273, 14.36606502532959, 20.915569305419922], "PM25": [5.678602695465088, 3.8558270931243896, 5.045557022094727, 7.883135795593262, 24.163997650146484, 18.330862045288086, 12.043761253356934, 10.381792068481445, 9.515114784240723, 4.209294319152832, 10.101750373840332, 20.69157600402832, 16.719709396362305, 31.401193618774414, 10.266888618469238, 12.787349700927734, 5.061148166656494, 3.6318631172180176, 2.9468977451324463, 6.0535173416137695, 9.71475601196289, 10.787405967712402, 7.121821880340576, 9.954672813415527]}