{"CO": [8.251383405877277e-06, 0.007340386509895325, 0.007625097408890724, 0.006396476645022631, 0.011641423217952251, 0.00833806861191988, 0.009975139051675797, 0.0017781878123059869, 0.04561763256788254, 0.31173235177993774, 0.4205751419067383, 0.5384932160377502, 1.1664949655532837, 2.453622341156006, 4.561803340911865, 5.598999977111816, 6.285616397857666, 6.463559150695801, 6.571359157562256, 5.451440334320068, 6.383242607116699, 6.758945465087891, 6.71735143661499, 6.786890983581543], "NO2": [0.00020903930999338627, 0.03364039584994316, 0.031950730830430984, 0.08574838936328888, 0.1870499551296234, 0.45541518926620483, 0.4867886006832123, 0.05448663607239723, 0.08954767137765884, 0.11731775104999542, 0.18299642205238342, 0.08015239983797073, 0.4852377772331238, 0.7027614712715149, 0.5121623277664185, 0.5244300365447998, 0.5718641877174377, 0.24516412615776062, 0.2104097157716751, 0.4001176655292511, 0.5521676540374756, 0.6894946694374084, 0.543798565864563, 0.5062282681465149], "SO2": [0.0005576868425123394, 0.4241270124912262, 1.1155246496200562, 3.440890312194824, 1.76446533203125, 2.091782569885254, 2.033018112182617, 0.0023462579119950533, 0.001316231326200068, 0.022792566567659378, 3.816636562347412, 0.0004077652411069721, 0.1698698252439499, 4.397465229034424, 7.475081443786621, 5.357760429382324, 8.508686065673828, 2.0836002826690674, 3.6957011222839355, 8.68405532836914, 1.814301609992981, 11.01682186126709, 3.2671163082122803, 4.456421375274658], "O3": [0.000140120173455216, 0.7347632646560669, 0.4131447672843933, 0.2136421501636505, 0.41132980585098267, 0.10902053117752075, 0.037248507142066956, 0.00936008058488369, 0.8980218172073364, 3.68509840965271, 4.295010566711426, 4.8917646408081055, 8.317648887634277, 15.932479858398438, 28.212968826293945, 32.62847137451172, 35.66213607788086, 37.488494873046875, 37.25136947631836, 31.95893096923828, 34.24250793457031, 33.51343536376953, 33.39040756225586, 33.72461700439453], "PM10": [0.003988222684711218, 0.8497688174247742, 1.8984363079071045, 6.919990539550781, 3.447336196899414, 4.186196804046631, 6.888025283813477, 0.01998922787606716, 0.010561183094978333, 0.43938446044921875, 8.192853927612305, 0.12707063555717468, 0.9038923978805542, 12.632244110107422, 32.624534606933594, 30.503557205200195, 26.66919708251953, 5.903153419494629, 7.5638508796691895, 15.953082084655762, 18.233135223388672, 33.3560676574707, 13.664867401123047, 14.078367233276367], "PM25": [0.0006620330386795104, 0.425801157951355, 1.1781563758850098, 4.542613983154297, 1.8517248630523682, 2.078571319580078, 1.5537810325622559, 0.0027241739444434643, 0.0020138544496148825, 0.15883246064186096, 4.043835163116455, 0.00045988193596713245, 0.3247564136981964, 6.5394287109375, 7.172521114349365, 4.56374979019165, 12.291454315185547, 3.0032739639282227, 3.9642581939697266, 8.241357803344727, 3.782994031906128, 11.468592643737793, 6.57239294052124, 7.061792373657227]}